August_3,November,November_3,March_3,April_2,July,August_2,October,April_10,September_5,May_2,June,April,October_2,February_2,August_5,May_8,September_4,April_8,November_5,April_5,July_2,January,November_7,May_3,April_3,February_3,April_7,May_7,May_5,April_4,March_6,July_4,January_3,December,March,June_2,May_4,August_4,September,December_2,December_4,January_2,November_2,November_4,February,March_4,September_3,November_6,May,December_3,May_6,April_6,January_4,March_2,February_4,June_3,April_11,March_5,July_5,September_2,February_5,July_3,April_9,August
-0.18469322420820394,-1.2148920606282974,-0.13617318110020626,0.014884793765673601,-0.6530074580956294,-0.16421812794145033,0.12930377927600953,0.9010293143577517,-0.69232887345672,0.8513913449417693,-0.26298337856304116,-0.1483206698101962,-0.03333981260277296,-0.9062168917105171,-0.08150119664838848,0.4423656336260582,-0.5674643125847189,0.09645101026151054,0.6636752759637774,-0.05244392490600418,0.2010698262227078,-0.10415101221118682,-0.2318165064658752,0.4929846789691353,-0.02311900746028569,0.2565372005624841,-0.37775596077542817,-0.4911061399348332,0.7789981184668409,-0.15277549720281,0.30840185071113585,0.29389476070190634,0.029167483824991736,0.12901370621423264,-0.11425744848052559,0.7891475646199293,0.16772864206950194,1.1094764903934247,0.008776135829118084,-0.5027031623087848,-0.27445642679902743,0.4626715356003372,-0.1647634598278142,-0.9962287894765407,0.6614089092309907,0.5914531500749493,-0.7391842520743982,-0.2231994007464691,0.07321900492786124,-0.29314569828781034,-0.6108410229098594,0.810538071563521,-0.4993582347623375,0.25931540121147967,-0.12850699840337063,-0.15869079511981038,-0.1317332493684558,0.85949728223721,-1.2252514967710093,0.03918690390529593,-0.34733161438494964,-0.08009682117683145,0.260713582532129,0.5503755664351104,0.07042055957561738
-0.18469322420820394,-1.2148920606282974,-0.13617318110020626,-0.009168003628475932,-0.9078665354302777,-0.16421812794145033,0.12930377927600953,0.9010293143577517,-1.0012610900526642,0.8513913449417693,-0.43741643737155494,-0.1483206698101962,-0.12847728828733151,-0.9062168917105171,0.07363791343670484,0.4423656336260582,-0.663306497213826,0.09645101026151054,0.611218838599097,-0.05244392490600418,0.24229040129812013,-0.10415101221118682,0.04989664756691541,0.4929846789691353,-0.1515441433626708,0.13181105319110892,0.23045273303442115,-0.511808967786862,0.6447258353896018,-0.010871939482448592,-0.021058815477526804,-0.7332241337811233,0.029167483824991736,-0.4833355275422161,-0.11425744848052559,0.3033407952300649,0.16772864206950194,1.282505309497115,0.008776135829118084,-0.5027031623087848,-0.27445642679902743,0.4626715356003372,-0.17233747551439949,-0.9962287894765407,0.6614089092309907,0.2286467869676029,-0.5146333268285045,-0.2231994007464691,0.07321900492786124,-0.6890484920951504,-0.6108410229098594,1.0355420087333116,-0.4505004908812648,-0.0006518998836219231,-0.47171778652983704,-0.5319043969287957,-0.1317332493684558,0.6357255716148589,-0.8326637078580109,0.03918690390529593,-0.34733161438494964,-0.5403104414085133,0.260713582532129,-0.10948864224507918,0.07042055957561738
-0.8686228066052555,-1.081002846393112,0.10833097456759891,0.11346475481006808,-0.791323736702906,0.08012055855427892,0.26364598360525915,-0.18895345533436791,-0.03139194746451111,0.6060658607538845,-0.3885553570486146,-0.24098344763161167,-0.3676151387056364,-1.0882441418719058,-0.17344521450978145,0.15147110157754592,-0.43110934399629836,0.16547102501341435,-0.17414794245765397,-0.03303226859747956,0.2723096154092459,0.4307002197958575,-0.4945818068611884,0.3080788376494619,-0.6117742965791,-0.25298961376433693,-0.32484962803513384,-0.5881823660079588,0.20890624106652805,0.13888104124668701,0.4707554175030894,-0.5951111067564868,0.19714174150496272,-0.22204378644409054,-0.03136744914079801,-0.34845267600937163,0.3082147261134298,0.9438609191660586,-0.03485340321872044,-0.28766127347352255,-0.08210506037962825,0.9675011106046322,-0.11814105448412324,-0.39512258357566105,0.7994550861065977,0.24527392598495387,0.2686016112723932,-0.3512232906263418,0.42020422434362137,-1.3161063197961107,-0.24783943018920893,0.8895686059889019,-0.09962956194549585,0.07659673568410996,0.01912431526113509,-0.2761504109010022,-0.39832710998849924,0.39732026027340955,-1.1932805385667324,-0.1684349175483662,-0.09188971176416116,-0.23439701091572224,0.09899051263606962,0.43487395857192906,-0.09401643808463922
-0.6388029132703084,-0.6358895231252875,-0.12237981894959045,-0.5174309209185953,-1.4137347788139176,-0.3092529127295555,0.09385765743146253,0.5247513783193444,-0.971643454326299,1.034078713732759,-0.3118112259515654,-0.05570526993801671,0.07052049466721537,-1.0795865757036947,0.2620105303673116,0.30289874693544605,-0.6277145553470765,0.4957356880731201,0.7215119267404686,-0.1929110781523169,0.33508755010082986,0.4075549865046887,-0.2875459095997142,0.16946924175927405,-0.3670253776615934,0.09017344243466888,0.16884663536335406,-0.24657053477389862,0.7528206475732182,-0.3386658930608454,0.73403447121032,-0.47283318548087006,0.04521963946385546,0.160126428300342,-0.038570978733447184,-0.10436811779487136,-0.0799662276153642,1.5440482834518188,-0.09913782335192103,0.044145599002132295,-0.2823029678953735,0.7910370417079748,-0.040957422586533114,-0.6655797053165908,0.5450498445004573,0.6244042367406654,-1.1384239555381392,-0.147985449356956,0.20825644471938076,-0.49682513854703514,-0.302869969485667,0.9986112072412873,-0.16375615359141268,0.13604535283863586,-0.8796608235977281,-0.3097586816099138,-0.6306497995165385,0.38472901169726104,-1.0296214794382652,0.3695797530326581,-0.15364871233793845,0.0176941997951656,-0.36062993265273113,0.1534891466860065,0.303863869192618
-0.6075224263547093,-1.0051378896359098,-0.6114269238157204,-0.35611698810343,-0.5806859161691781,-0.06957265868863133,0.6767637619750089,0.12919643475105852,-0.009375973877887703,0.4265571686687586,-0.3711687707053282,-0.2606061200170197,-0.15251961330337888,-0.8807064140196835,-0.08438152480963129,0.04764972037316004,-0.9063949669581528,0.1597186315220808,-0.0016726122407850971,-0.25973818756322437,0.3259914171611117,0.05075854580910878,0.004655160476620478,0.574533263488735,-0.15490213029163657,-0.11571289619209596,-0.2876324290485899,-0.5342970976565158,0.40516332850084263,0.22529048591977385,0.008854473151180098,-0.2506697141004574,0.6973496897909498,-0.886279208757798,-0.1395453001953247,0.3332924124593295,0.7191213164920586,0.6813978011732607,-0.17707143882435178,-0.03803488111444634,-0.07348534294451434,0.39026793171218005,0.024570608556581098,-0.6688264086084803,0.5813042776753521,0.4914041958152098,-0.6807899329997561,-0.5574886521248094,0.17837567449790975,-0.7589776969058203,-0.005418326884623181,0.8904606083279022,-0.43585777253807384,0.3114207443368843,-0.08204398750623246,-0.2894393781552349,-0.2600963897507526,0.12291034228973424,-0.6868741726295199,-0.3260294563267204,-0.35189803526709695,-0.12895638126729814,-0.6645674718554623,-0.09896619494887862,0.1732611666968085
-0.0542058887742356,-1.0683045191190388,-0.27752336573632763,-0.35779367606444956,-0.6351262239604144,-0.15813402274984395,0.5488752126180554,0.832679837151517,-0.5088836941828062,0.6173387301504126,-0.25910208837066345,-0.31695318718531823,-0.013483285695178218,-1.500815249995087,-0.19463209191667957,0.18485828746638194,-0.3835923317442482,0.37556200649785193,0.25879868395826877,-0.11691533598702,0.38238766566922666,0.15109722728755598,-0.2810858280835424,0.48287193243989085,-0.4730561969941615,-0.04118075261955943,0.019840836419990442,-0.6074096244972539,0.41481470195203407,0.18012309382102826,0.3521352024795088,-0.8412199875188358,0.501590050439294,-0.41366909663573115,0.1016081053755775,0.020283429511728228,0.704109946123268,1.3006941954938473,-0.13143663506663306,-0.06163094073035552,0.32579799667035947,0.1372054258157721,0.010872049187170482,-0.4666280087949533,0.7791273989718928,0.22742202267861308,0.046503305142056445,-0.20574921367858862,-0.11712516557451125,-0.9438099772569932,-0.5193785904682574,0.9849045782939947,-0.39319029326672095,0.15163698895650152,-0.15821362818789705,-0.2403139839748589,-0.4093541994043044,0.6085711849561216,-1.1127675905264338,-0.30673689845770424,-0.07122574156832734,0.07667834060211054,-0.6049259804480789,0.4796333776701927,0.07698561075263302
-0.5083155568512923,-0.7313369043658591,-0.6282754081367276,-0.021922809780946236,-0.9316043811463278,0.11381875825897536,0.6922668224040154,-0.5442566487750221,-0.13500925511458944,0.8565990268509371,-0.10528991080717079,0.23347423378881654,0.30846675332212775,-0.8340788091115757,0.5414499610949053,-0.31857666848711574,-0.6632600750016825,0.4314736849893086,0.560893722988097,0.17451452110079307,-0.1208497228838552,0.1179042281023332,-0.555172472254875,0.7023089759470289,-0.7142795503603873,0.16438478569084827,0.2777617601538124,-0.9653528295280158,0.7303567821080071,-0.10252721020653978,0.9238481945244589,-0.5929511574033062,0.1964788863077355,-0.27480372057380764,0.13548440931753222,0.36171138489212445,0.31401307540062257,1.5051937640640474,-0.2156539935559612,-0.2792000117769524,-0.15133388652214888,0.44339083638319254,0.0007521112465104403,-0.8009455644901272,0.45019010169907153,0.3158361370250138,-0.6749470192343603,-0.2016278773938733,0.03245138669791154,-0.5135172914744369,0.10867682421002511,0.9504906252684366,-0.3299277684859113,0.4292404676106215,-0.11485942678734334,-0.5301975844944204,-0.5154012131148566,0.1870374627078218,-1.067583286972132,0.16852146426475847,-0.3539399297902567,-0.04362169804844167,0.2934305368561848,0.1303558247325401,0.22403997898552896
-0.21074936470497985,-1.3873611670820492,-0.11497263245765202,-0.21395010812878085,-0.5765097134110444,-0.4108080250960911,-0.09906379691948514,0.8269204210427813,0.11528145773250585,0.6077910632745015,-0.13061081028723248,-0.14099861344547154,-0.3537084082708436,-0.9475565801127486,-0.31546454841575794,0.7061545302418248,-0.32477120594954983,0.01998192748797456,-0.06742066931368997,0.03538404821044578,0.23685374184344513,0.10743921046642196,0.08488497693730429,0.8045226797611496,-0.34512715939758787,-0.2816471633217358,-0.7461893518585591,-0.2754386844434119,0.37272943049316937,-0.1541885489585936,-0.0028587707442102595,-0.5058793144752394,0.5912087433545872,0.2301553740732123,0.42337962857473505,0.28371952715261073,0.9181138723582177,0.6242429810332388,-0.6451978116293136,-0.3113586403252754,0.23287309015678614,0.40985408480380947,-0.08031410284480402,-0.02548439513038442,0.5469915842441854,0.007844769353547464,-0.9591269710518261,-0.4168548232588217,-0.19897684709013883,-0.8190375708983415,-0.5784251933500236,1.0203223897212397,-0.43542706439894674,-0.0987211198887436,-0.1250895891899007,-0.44577797711691375,-0.19648043957764916,0.12850549064562666,-0.42743136253241304,-0.5414038040867073,0.23635852361252357,-0.267839344645685,-0.4930608899635906,0.05773619428874754,-0.15909514647419792
-0.14342740731819686,-0.7266420002433668,0.2935010132274914,-0.8464346754443383,-0.2515447385073962,-0.247025368300193,0.2161958685892928,0.5478364193543793,-0.9129394181861888,0.39229557422378036,-0.04444733253224499,0.3207086298305184,-0.12937815652903487,-0.8261659203907782,-0.053290441278507725,-0.1447625270854947,-0.6117742725639869,0.003851804642744587,0.6542918639448084,-0.46033950301467275,0.3979287340732038,0.23417788168833303,-0.5072417559095365,0.04619851915376612,-0.22895186971288442,0.07897554082730897,-0.5260482745819167,-0.4489477567508644,0.4257564324728225,0.00945388358974817,0.2787655448896102,-0.6974039459229877,0.15566163869906444,-0.15692246042234095,0.6042148603445213,0.5097801305488874,0.6998530257005096,1.1926042282612994,-0.3206363590712552,-0.4906965976348618,0.18428880533263955,0.432249156747864,-0.20804325754263153,-0.4979942131451599,0.6994001756890081,0.09159893829369994,-1.105737691704483,-0.7006468089675837,-0.015243319352985923,-0.8468698041942693,-0.5019094454032955,0.7847393803751114,-0.07794653266482568,0.19764862652381104,-0.32616517545081947,-0.1972782235396418,-0.14889704941594856,0.5587430881313833,-0.4486098451061544,-0.6012145576083,-0.4092236954820735,-0.07499163215894208,-0.11937113101494005,0.5528450947249187,0.29234548859146275
-0.23800236837940633,-1.1744473430909503,-0.018843331084361776,-0.5324041881073152,-0.9338437630374952,-0.025459806128039893,0.4633305552270163,0.5530116177267907,0.3594834239053869,1.0056383910928843,-0.5591825829990406,-0.0661251443449287,0.011125861716388286,-0.9198503316417711,0.20924152582958094,0.1993136210788411,-0.3294147694304037,0.2758199033823025,-0.12376143918836147,-0.46569529089217665,0.045043459093991385,0.5625029361629613,-0.732908936078263,0.19725745490256857,-0.5300789101801743,0.07103837215183476,0.12959923243449128,-0.2661664038070726,0.6797502312458359,-0.02892344343501816,0.5185141016466837,-0.49314356701961876,0.1708605003194109,-0.16024788712667817,0.10495989782882452,-0.04816263804196596,0.603025670279714,1.3259743695501078,-0.1214870319408366,-0.17086693843519832,-0.20783198657963645,0.7590050838289463,-0.10082869317275521,-0.19276554227456325,0.7747690499729742,0.1975504336034018,0.12210696738841201,-0.5255837357472674,0.03968229152707928,-1.4119719848498422,-0.5384733980356573,0.9625893440250347,-0.47394778423035994,0.4407527662072808,-0.06844098778192727,-0.20847919630882805,-0.4971059552901852,0.5570919897326424,-0.9558085152403363,0.07892028920940719,0.11629566615913055,-0.14440744495115962,-0.3039796539998423,0.4181838329153209,0.121619833602717
-0.42999050362665553,-0.6702705652323766,0.1980772240682806,-0.3345203678106729,-0.6417961683647353,-0.14425832380398598,0.6923588329391392,1.0295046374034627,-0.39587102399439544,0.17128033238435864,-0.2232062031540088,-0.01451484761951928,-0.1455756769452981,-1.030289729699562,-0.06782684264757924,0.35419278300944307,-0.3799370654223197,0.5465248647230656,-0.08386713572242792,-0.13717296676713148,-0.2622223169495603,-0.39521192652456183,-0.018024352624844198,0.8165197461889245,-0.5952337600695314,0.033612243237793056,-0.7754200011287964,-0.15189739544515246,0.2562288015518657,-0.1620342033256233,0.08001688297980665,-0.39437764105474,0.18886516420223098,-0.1170204019507802,0.20706708872868454,0.088860500779885,0.5950368663324098,0.9296320016588975,-0.16614470975306922,-0.3281839129676596,-0.00976686867615064,0.3548872148900112,-0.21498299726321646,0.06710761839841958,0.5915967411934638,0.5847474614639647,-0.7225224712115697,-0.698539003726475,0.28047795075824833,-1.042981030513129,-0.4850712539236335,0.7108917881457965,-0.41074419897580194,0.08733785337728113,-0.40849585607653455,-0.315989510203024,-0.37540230996246293,0.2742173299266084,-0.772608015105605,-0.299102822183633,-0.14309826961516633,-0.11647503418731744,-0.5544186050398776,0.2949489596653757,0.2694492175526354
-0.6102447579980589,-1.0697817273559072,-0.012158980179011014,0.2042336561528061,-0.6712892223137645,-0.2991838498539027,-0.0029772082220704127,0.5827229034198856,-0.6494250341100144,0.64976629801211,-0.4309272683877433,0.11537427741146133,0.008201538372322285,-0.6378661691845587,-0.008288585126763219,0.2619087841259484,-0.11501106892821752,0.39562684985669755,0.5377301437479368,0.29783911148006414,0.24544150816900748,0.3539362290670942,-0.15372840688052933,0.46474373564650134,-0.48626483054046415,-0.09700975487552124,-0.2026412102125352,-0.7035132953834989,0.7965008590641016,-0.07301223242642796,0.5046732710554422,-0.21061033511716643,0.10318003932798492,-0.11670969275219847,0.2209947447164646,0.3846730959342593,0.6341741100818811,0.7576746437624529,0.3746922635876525,-0.2698275620091084,0.32687261932713857,0.9315511721516725,-0.12714461927556997,-0.7164640795162499,0.5297650747492445,0.05586081306316931,-0.8186047471653324,-0.6918001699548724,-0.1859717359768068,-0.3204617168860365,-0.2443822651136791,0.8041815205543549,-0.6352638010074405,-0.4137543282564334,-0.5908163083121063,-0.41257709415926297,-0.24658113221171213,0.8687504790743473,-1.1784185428492286,0.5766069751695063,-0.09568065308646176,-0.3718448432856506,0.45209189490245927,0.12088549857017843,0.13392346164693808
-0.700055543485194,-1.1168786007700677,-0.35443464183512485,-0.010904333554180398,-0.6626112575783131,-0.23559833927621066,0.7188641950459419,-0.33211035807047073,-0.37499767902998365,1.1044922168409228,-0.31618540765499914,0.25473100173315333,0.31230449573499086,-0.5701118850261138,0.025043395371716463,0.1472432053451885,-0.48323835623376776,0.4390673633732879,0.7387143466842756,-0.2896327864764351,-0.2305465066015457,0.3148467788412946,-0.3386314731387957,0.4159661312570839,-0.007246290546570389,0.35625336314232586,-0.2931829873144554,-0.9663223824646925,0.4797977587264322,0.13969092574935255,0.6705882965344606,0.054298414597106576,0.14411908322032446,-0.4212144873136468,-0.20641922679367736,0.7766131125271619,0.16528276712716997,1.1736969871417369,0.10393136175337923,-0.1405286729231795,-0.24315219825967208,0.8986788442395882,-0.05691400875439881,-0.43602916030284905,0.7292961521420612,0.13256071378003434,-0.9644801207495285,-0.3466370882144809,0.09198857010730006,-0.5026625027387905,-0.20252432383992502,0.8817390519136201,-0.251383782382258,-0.12097698775080117,-0.2819826867976958,-0.3061668955893626,-0.20212491782566508,0.6490068845711888,-0.5816776147180217,-0.07892902234701518,0.0060345906470259045,-0.05969876247879795,-0.7671739931992568,0.5186944109690148,0.16144407268098612
-0.34716494488135596,-1.4458669838922247,-0.08496064818436744,0.013960689215646777,-1.5223521271626856,-0.17629763629435463,0.6720981227971384,0.5183332770399423,-0.6840952443307475,1.0278713780708075,-0.35233589442732444,0.19619938867563583,0.38108283177726265,-0.4546626738449976,0.07460330386151436,0.20882414334851682,-0.219924669135371,-0.01445591039436557,-0.1618135047120255,-0.633357447939258,0.2560941416515233,0.3126263537167816,-0.32189027300387413,0.21296842597472787,-0.2691733204558752,-0.18195248420048002,-0.1557137853650172,-0.7095747882933939,0.8731839074709418,0.17298184534778774,0.35897884080743775,0.06382208166886892,0.0862681464636123,-0.3757020193873616,0.1654336515866265,0.21757826605510883,0.2109594240386249,1.1630704002049246,-0.0009050227887876724,0.014698894229334139,0.09142134766255638,0.09611795134692572,-0.27440979391829856,-0.7650864407736513,0.674477634408611,0.5688004543194131,-0.7021909799251816,-0.42268121239113354,-0.030042710850982125,-1.3269635998221698,-0.35863434568330277,0.8407718967427911,-0.22256337699784143,0.19228765595130312,-0.3812745513220622,-0.28412102936451683,-0.6585292878213568,0.45445054599600315,-1.0523495471570066,0.6016647439246885,0.18790976667334136,-0.3921030615869071,-0.01060441499420374,0.4587045878726935,0.11165283753328645
-0.29176459450489345,-0.8027696375040875,-0.25209158410291566,-0.09450556129633847,-0.8767059066747009,-0.07270530200771484,0.3709186242198995,1.1705689769715797,-0.4641341433397919,0.35981805126633704,-0.14975111302197863,-0.15957459755555667,0.1081568645363729,-1.0592275373939681,-0.14738518927719496,0.28595125617755973,-0.2418148255063179,0.1676928436194648,0.01869742235086434,-0.2913899816726762,0.6646331713868378,-0.08439087294518817,0.01981542415201418,0.8061391197533418,-0.7293621132438612,-0.02112460597583498,0.12822385349657658,-0.4170210898708628,0.48909080851302833,0.21686266286415715,-0.08866555432400589,-0.09628739190627554,0.3208436933341089,0.09145424405554749,0.40408502550832504,0.04749315873448262,0.3961411731704696,1.0628991726418653,-0.31711341587879804,-0.40468556762851654,0.19964752949726322,0.21122154512379626,0.03737510806911605,0.1460424690167911,0.3878543135476111,-0.1835978112551975,-0.38927384096778056,-0.35993476670717384,-0.11113528596470115,-0.8685366078945871,-0.527424563021222,0.9098826798274878,-0.3715968459076165,0.00847926762618309,-0.2823704250779043,0.0450537644635637,-0.02465730440410046,0.5819086546550096,-0.6700666805249863,-0.24730287559241373,0.05224876541010576,0.13544493873179841,0.10895957768776687,0.14606635674486723,0.09829723486194115
-0.2500561713505663,-1.5714871660124372,-0.3507023642773425,0.0750482800170448,-0.8402408666110415,0.09804724263481371,0.5517277174779484,0.2057119220516399,-0.5589601554111991,0.557514110959277,-0.2100557009977633,0.2774085675351668,-0.3138001656726854,-0.6414843051409406,0.3156035258029221,-0.1362346592788111,-0.6331826506393408,0.43907274634740695,0.856959493430153,0.5084266508685742,-0.30780169130227913,0.7170955307250102,-0.4342611316135207,0.21831374112518104,-0.07541270199950706,0.2718657113631036,0.08049535801953261,-0.8852801764894346,0.8680647239006968,0.3974915641955752,0.21348171641594932,-0.19609146394212798,-0.3507265868717011,-0.1632183073093384,0.002724951353198883,0.4066542445938238,0.1227109581056749,1.1657066101613767,0.1872421473438036,-0.5514468311059408,-0.1281969518599376,1.2756255446727593,0.005272836018919848,-0.7140133727436795,0.5465277386257384,0.4934010420921163,-0.6921251730279776,-0.739234747869065,-0.20432708708748087,-0.5428262020806088,-0.5163273287985063,1.0661012798565097,-0.23711237450612632,0.41035025072723075,-0.6475521453260177,-0.21469426377430256,-0.3432919719971059,0.6401889036144377,-1.061970228213432,0.22831097435215483,-0.35196129927793324,-0.18597673780883772,0.1742493594641936,0.22375573977552815,0.37609343810359497
-0.7668818413537629,-1.2633773617372013,-0.0837026151359826,0.1345614088857291,-0.8614212385493137,-0.11609260855639394,0.5474457186032117,0.5812251519534022,-0.5434433095216279,0.5837654726504122,-0.6080850662470785,0.21320831830569315,-0.07181655532909943,-0.7886868098595994,0.3260212551566543,0.15688181896544126,-0.3400157453683589,0.518765907413245,0.21002518402688095,-0.08438868052586293,-0.006487229396760975,-0.015990998096742065,0.021754487916625986,0.5665902228909843,-0.5505940351640153,-0.2787620623410449,0.21666020382829504,-0.8111636791170228,0.3961952592756711,0.30539531970341327,0.3863290168772503,-0.3066670264751568,0.3434740544246765,-0.08290639534085562,0.27816826270689854,-0.2466667854600942,0.6349266727407666,0.9857612173525725,0.1582830484680754,-0.13527723119157667,0.20131014498427158,-0.25022508695101653,-0.11485053931682586,-0.40370286239076836,0.7880949864364268,0.5391866570857694,-0.020875518014153483,-0.2311657668156317,0.33083796891444966,-1.1067135385960194,-0.38615887634939383,0.9480563242859231,-0.27955099027727054,-0.2409880967542254,-0.3108082504303714,-0.07490487894921934,-0.41208116688957475,0.1666608612682235,-0.6446025748673803,-0.5001307738031264,-0.25811721643748003,-0.09044094797812563,-0.6333728005347783,0.12772759113675927,0.2578797939951919
-0.44283885316964955,-1.3238654627515878,-0.3708857623864707,0.03701086468671131,-1.2613907947298524,0.10384182333332008,0.04386066110282698,0.10194616644785641,-0.4855848088998804,0.38358104544828187,-0.0673626161096951,0.04181684814278759,0.29659719324908035,-0.6078463800490044,0.25018287000196315,0.26605222804074974,-0.4162053052762702,0.50526492314307,0.3985487843737584,-0.022247995148923214,0.09386915833154554,0.1665963464018091,-0.034414574252292406,0.576513467259709,-0.31470432695194955,0.13237537106171482,-0.24196785675686344,-1.0782600808105676,0.41014998138164155,-0.2242626320925116,0.15029912176690816,0.10856072033335121,0.631258503075017,-0.3861944001292411,0.2370959433561763,0.44545363452810305,0.5484520913699793,1.2666134049733297,-0.21714374537128828,-0.35798008542954335,0.2948663570625938,0.9119467673516213,-0.20829425243480393,-0.40632908656334576,0.6064862487896431,0.33204285462601935,-0.7568250294120313,-0.3816674615212548,-0.023111715686844475,-1.0713936924327883,-0.04812355088474074,0.9209556488419263,-0.16753832324324905,0.13427988532676496,-0.38638295764044844,-0.24212149316359255,-0.46615748362980985,0.7081504186916203,-0.8662924403023591,0.016194110380433453,-0.040194237440065714,-0.28636034710420855,-0.21140639050220505,0.33192484563220087,0.23378935439109555
-0.5683562403554655,-0.6119491464960184,-0.4565285900475736,-0.36319295530400053,-1.3303792848936853,-0.09538057278011694,0.5793109376961278,1.3028661880559933,0.23752701905867363,0.4866746666250517,-0.12802352510448028,-0.08966514967807618,-0.07780187677086647,-0.7893606626102183,-0.16768616172155967,0.20965143329051744,-0.3579063829236018,0.629388708950533,-0.02713511303200651,-0.2305200526086516,0.09944178914857922,-0.08283878602117634,-0.06823711912449908,0.7218926927953219,-0.39649011960960867,-0.2853214961896431,-0.34782507091294024,-0.5603751116014459,0.4640056869197018,0.13157944459061338,0.13104405581285716,-0.15895508949923293,0.7302722935062814,0.13359960353487,0.2517485436353127,-0.06045871578286138,0.5159113697558421,0.5129549990730349,-0.12439246675027996,-0.16515810527033722,0.4074053283451137,-0.9824907390311077,-0.12853093312023786,-0.6140990238121441,0.6268076303537952,-0.05387183021634834,-0.30587584720557853,-0.33909904293525106,0.06172029009671198,-0.700083086110455,0.040534751582000234,1.2823925496102881,-0.4232271704772194,0.5505628464221396,-0.3366243113401295,-0.23935668199625423,-0.021608822578029298,0.6818152221610222,-0.6788237119002606,-0.15999362535813785,0.19994715945539493,-0.039389744256391995,-0.34006853420575994,0.2310309060688961,-0.26940508904591653
-0.01268817952580982,-0.7284836744421813,0.015564611722546952,-0.15248962790824755,-0.6098501532498748,0.14942911021929434,0.4377682704443533,0.3724314271926142,0.325501875639,0.9177417598885147,-0.0640329728998544,-0.10433333113487507,0.14413261080008072,-0.769808487040807,0.31186342592271044,0.6492490355725233,-0.5576331748343053,0.22444588476648425,0.4746920209739136,0.13127005759811722,0.15111116269144098,0.12398276938914515,-0.4391334793803856,0.6641946728041016,-0.04687541471810288,0.0072420311884158,-0.22881005678194982,-0.5669878398487798,0.39060778654965805,-0.027491522966323845,-0.16773670716344663,-0.25625846337626207,0.28665339320863703,0.6635939623726597,0.4441677982581659,0.42578218303673243,0.5085141150216785,0.8599277669444816,0.05131723501734828,-0.4367695173220413,0.570783687718142,1.057314389590505,0.19113224439213025,-0.6856525112707323,0.6530623117798082,0.16163711709097545,-0.7218655712534432,-0.8060225559332058,0.1224888418798932,-0.3847799803625138,-0.3177688288736382,1.0828343209109947,-0.27240112727420496,-0.05210192323575623,-0.5447355745308907,-0.3951716927610279,-0.08662793251108251,0.7827738932242257,-1.0865455276949216,0.13718870613134335,0.11894095882572642,-0.17891702877863722,0.08604539838877237,0.13880281515281212,0.09812533981537913
-0.3703673737253256,-0.33507391195803743,-0.3328576558890763,-0.1492100599283897,-1.1863821901916678,0.26647114998114213,0.015488124936989166,-0.1638894193978402,-0.886402645347096,0.9426783352049412,-0.3929593354639952,0.02948158440641111,0.005773840481646343,-0.650512511393146,-0.1678928758094325,-0.13838734121590848,-0.6253940255486127,0.4893848860832758,0.12104201120098246,0.1240428754642545,0.0144441905501266,-0.05360033399512198,-0.11858009386093415,0.5616499427493582,-0.3221637185578201,0.018270055912598726,-0.5978966581655496,-0.44741964831409337,0.7052638585297784,0.3090561023258455,0.807599255123415,-0.3615627690970319,-0.20616628579548407,-0.4011508539125727,0.017845575380205154,0.014135730122622647,0.34614619284910514,0.8522328935101381,0.03674958736130618,-0.04302843007742284,0.06976706606715147,0.8678536177875517,-0.05608474812937636,-0.8190871009920122,0.659028991856128,0.6515454072206918,-0.5062733144916591,-0.5660733268359891,-0.08380726411101655,-1.0909740302095714,-0.14043027730842336,1.0696818814813793,-0.3218234006328875,0.5922390924273241,-0.8463400710927038,-0.21978124493863313,-0.18662875577707577,0.7003611015982611,-0.9276236448758776,0.042493213559572,-0.3638281232423442,-0.1251480710172002,0.5323365522289427,0.7487937940813731,0.22292458361491446
-0.313084036972434,-0.898584581951098,0.25655232528490146,0.12526349015105706,-0.7570738470463128,-0.0960518036454324,0.11325144616285021,0.9628970762456657,-0.6232930881619122,0.5340382252498277,-0.035784073448198596,0.11062370155645254,-0.0013178459364459744,-0.9213570491833818,0.03829170737189955,0.6757359988532334,-0.7723034963952979,-0.07637720934190673,0.5659665299344087,-0.05538950024945501,0.014307251630282548,-0.27106937716056423,0.037309683087538834,0.518989611810979,0.19352633414978723,0.16482369766154267,-0.2740790739459068,-0.1560718679225422,0.7839122047437956,0.23470086139158935,0.4651932683350174,-0.3447214989821741,0.42614650497784234,0.15665752786458548,0.4243633005094959,0.45053424573379014,0.23163103584822428,0.6105855214963538,-0.2698497752435484,-0.47036156259241346,-0.19360473272278125,0.7213093766375339,-0.13898854664924365,-0.5626556080748744,0.6754181045245053,0.10107764783295534,0.03171353880124368,-0.3253058337194912,0.12143617903290907,-0.43161919942602406,-0.37734022320421734,0.6928682750615545,-0.35450249786939136,0.043522253348596496,-0.37456471766802146,-0.3649490936249489,-0.09490642950179728,0.5090432954254483,-0.7027463406331299,-0.33227798734160746,0.190433064249942,0.044092294560529315,0.05901505228939055,0.4073279216215556,0.08776211680441873
0.035354036444645055,-0.6711491644469176,0.16859845944468385,-0.24493913897821207,-0.929178735697437,-0.09816475603125399,-0.13516682642869576,-0.07076310962900953,-0.12106518683838677,0.7943482941272128,-0.379232186180543,0.12249261396707398,-0.13158351896293063,-1.15654530372319,-0.006540621572805903,0.201217399227569,-0.35041604699050577,0.3700689319702651,0.08937307146178156,0.08417757997561975,0.24626356309065328,0.15860684648402285,-0.30579312900563066,0.32692666177172275,-0.053940625496684796,0.06292409236308383,-0.7337712590317066,-0.18273884056290454,0.9783112300778791,0.08506877158136839,0.08101641655346611,-0.3045802132441848,0.3542976968220535,0.05565156700524065,0.08643917333372966,0.6512828606895043,0.2277141318103619,0.7279332793469546,-0.23910663098191703,-0.3635838902075639,0.41216323980435515,1.0135800946064963,0.01800820672498419,-0.7451141143845229,0.8951857738107303,0.5873236152019162,-0.8183765132065604,-0.3050803478280185,0.021908806550960776,-0.6244298216036795,-0.3909958869771961,1.0735266955404794,-0.2001618858521479,-0.017601307829989525,-0.3018307104393955,-0.514772348733779,-0.09925199674249141,0.7897773030444332,-1.0570029982176394,0.11990737612699419,0.024570369037924332,-0.1739190971231872,-1.136193042135069,0.23675312083664174,0.47716129701013593
-0.6413264572515022,-0.788097838963592,-0.18051380750818977,-0.04271152837213619,-1.1210826455278953,-0.1377156196205194,1.1023149876623652,0.28432933209479133,-0.709472271112398,0.14702982406193424,-0.07814052188878798,0.5065013141497801,-0.14050190522553505,-1.0317353845269015,0.1106333732911787,-0.07624542842854032,-0.14417413716005,0.2906785379857509,0.3817844811193356,0.40296277359011395,-0.01645603060266223,-0.6003002277393428,-0.49278292140187824,0.4813329798621937,-0.5958503070927444,0.27350775433627494,-0.4212389200825548,-0.35749450850106745,0.6633070953558975,-0.1529453853172409,0.22860216020423116,-0.35057904400114526,0.041555051446095094,0.035027301782034795,-0.10086971128539704,0.5158666917835016,0.04189081616068081,1.0507972994603698,0.053499191100008885,-0.23558234281459525,0.3491925644403094,-0.07454174539639338,-0.18307763180118497,-0.5795561251441665,0.49081520826221064,0.2900910860052482,-1.5592633041932258,-0.4793738700446347,-0.32344539493432317,-0.5507996386520666,-0.33458562859773905,0.9784068405197929,-0.8937851099742389,0.3004760622352873,-0.5553465410940184,-0.24097171866336212,0.06029795158996505,1.0199881316983497,-0.6917864125193889,-0.07465537163899554,-0.4909392614673208,-0.10408500322204269,0.14164726772340225,-0.00963956288482018,0.2267000053924795
-0.10996709859555798,-1.021460772810095,0.2568740505564071,-0.20103582864013197,-0.6419587535033583,-0.17069868250247544,0.051115444016763545,-0.6747949637594318,0.08114671869391776,0.5718550203171973,-0.028424524091368454,0.02444062348211351,-0.4762484812860044,-0.6297539812570837,0.08690803587630179,0.6136928573058985,-0.34311895375063456,0.2862522189998389,0.15448559177166232,-0.2823786351760298,0.13188324718400513,-0.5117597132953114,-0.09876874369897098,0.7765160777846343,-0.08064305648189696,-0.039426279894869416,-0.649787621051804,-0.7538255385205301,0.4419576939119189,-0.00952199105896057,0.3435731139815936,-0.29921874539616344,0.43763472778949636,-0.23298052309640385,0.32143977520029116,0.11681151595620926,0.9043194469990374,0.49090570928238186,-0.14549576888692872,-0.008840718109135878,0.28650619245269543,-0.07351446917158677,0.12026497672458049,-0.5937846379984835,0.6686112202648179,0.21283334328462727,0.1619760592661844,-0.5963099302262351,0.3624700915999832,-0.4140341418514674,-0.17793671586537382,0.9798602162584101,-0.7255825199827095,0.10969846499680821,-0.1771405798594096,-0.14809675441898987,-0.035154874780951646,0.40908805078940313,-1.1419920296722266,-0.20009297859846284,-0.254667235075341,0.24928865638225112,-0.49294567727470195,0.4781488075454365,0.3065799237936534
-0.2819196304526435,-1.5835314668785356,0.26452231546525456,0.122253387726532,-0.7830359453678765,-0.007070702420552785,0.2925733259538946,-0.22744764534779155,-0.13523415411628698,0.3313802670652937,-0.4282099141913344,0.4144934424246457,0.39631401277820333,-0.821542583938369,-0.14437065478965677,-0.06652529763174692,-0.4789915151107236,0.2623804210454204,0.6011146624506888,0.08604561074264974,0.14351279703493977,-0.06372281628631532,-0.060132397935003024,0.1915342803104521,-0.1500237600228068,0.3181453149313423,-0.8129301689668861,-0.2692428145562846,0.7788077405344196,0.31553111304848264,0.2710859926726046,-0.07932625119280648,-0.18309706282619342,-0.2591653805312731,0.3129320060034442,0.493594349261536,-0.02815616594644783,1.1829040559803539,-0.1717295788900569,-0.5206153319942832,0.07049194150200687,0.6186110631959857,-0.1116338034027699,-0.257879637104388,0.4350618566193045,0.6921218773584736,-0.6648405923526097,-0.407838046790515,-0.08850945400314854,-1.1724144192335983,-0.566958050317006,0.9502985991079613,-0.5401230552464049,0.08606895182694436,-1.0461496735183675,-0.41094854768629474,-0.010401789411812808,0.12268666353713852,-1.0338679433672069,0.12094129274545769,-0.06688365773026853,-0.2268252145556989,-0.11272436986944412,0.13926155334767712,0.3482935499413522
-0.5263677032172658,-0.7662903515608113,-0.0731001489708942,0.3719275656288533,-0.6936480119439021,0.2576319923542618,0.6022767301753078,0.8000299721979683,-0.9477596751007913,0.43995989220904036,-0.2859972898018542,0.028722264274516858,0.24878898628323282,-0.9384515892032995,0.0791308501211222,0.28048699446460124,-0.7061026072888053,0.009357239733463085,0.23761733680967195,0.29063161459059594,0.09437538159802548,0.5422994523658711,-0.017224818997207684,0.5044459348953201,-0.19192225332863153,0.3126877943865253,0.07761190224458815,-1.15550864675169,1.142600585397462,0.10034718462829245,0.2407391761183344,0.09727867072666098,-0.3651577055911004,-0.11084582535081869,-0.043428809285263575,0.6101408606463156,0.1257040870167923,1.5498842183084385,0.446224456482622,-0.15810192437832407,-0.0402992964797401,0.23899373237666033,0.10899857398303259,-1.2844215968422081,0.4941213777233718,0.1624062280547696,-1.1574857800314258,-0.2942179999962404,0.055999226598647006,-1.898552066261841,-0.49839849638224243,1.1962680507402161,-0.3955963178554779,0.15986442933375575,-0.4489627304127553,-0.35594587003147393,-0.2009738698773446,0.17814710586854843,-0.8975058297128842,0.4581660633896018,-0.3146626065847271,-0.4004514413673159,-0.349127322876997,0.4192559519393293,0.49422358644035574
-0.322027798988544,-1.3623631236558094,0.07562606553972306,-0.38224535060396503,-1.2004000951839815,-0.09954481754544152,0.1059724175528721,-0.061445907281828624,-0.1376859493855349,0.6012850851268043,-0.14264776902060297,-0.015212466516361364,-0.09580075260846177,-0.5899081234776675,0.4400592782078313,0.09526783434125465,-0.5062420487937326,0.13457692446853947,0.04283191122112317,-0.015667198838262876,0.14026149773861146,-0.5206648890012973,-0.5454584476067732,0.28599619620328015,-0.43834741285787354,-0.12338706588046605,0.2747032621685609,-0.5353670160129308,0.6950142694400054,0.14989812703038002,0.2911060171795855,-0.11929803081079199,0.5051666117788475,0.9158052807894699,-0.004557459129378438,0.4261817384585369,0.38433170201035743,0.7119659872945464,-0.005089051132947366,-0.49993071879968937,0.0978729952091909,0.8175585820965131,0.21485243144873237,-0.9186940746056956,0.33550906872785397,0.21642800961115383,-0.49938074052403414,-0.3487881965278673,-0.10140638085484058,-0.8175685480739012,-0.6344672880454175,0.881201652140635,-0.4250140754626409,-0.09261844998204896,-0.3144306499149652,-0.4454929296648618,-0.14478721993494237,0.04891320699159159,-0.8242030881533328,-0.015962578351460505,-0.10115743385566286,-0.3815167589777369,-0.8525294581225225,-0.2965027769572553,0.2457563279220223
-0.6531808857223351,-0.8905085088702449,0.0555251898210357,-0.35856431770401104,-0.9089199200527085,-0.15942792459554045,0.2269194724432048,0.5471912304598222,-0.13979230947358906,0.45942710096201655,-0.30602237453163594,0.3123335271015793,0.31981978626293667,-1.2219741873258836,-0.04213273998322507,0.41245257909833444,-0.2548988912254199,0.10130745269600594,0.2950160379540042,-0.22691351233456514,0.2966952519476333,-0.0843926225704945,0.09482396602664964,0.33961974165420017,-0.46414621311800613,0.01645495038114475,-0.7859252879503175,-0.8590819256723403,0.5679445963435458,0.11153571454288198,0.014662970668849258,-0.7031594841502008,0.4813976680582156,0.16386424222720844,-0.16214985027430046,0.25293094688096673,0.37111761682227373,1.0661260312409686,-0.4617122362427894,-0.18542267777902788,-0.4118037063787922,0.059998126208385426,0.07223884656833403,-1.127513158863562,0.9688774116461452,0.22417468672712723,-0.2452537876754287,-0.7796728445481567,0.2761611205504394,-0.831174769782087,-0.7456244440847647,1.039264054165443,-0.6195264446948071,0.3476972394715153,-0.4490401187518458,-0.05015813944866714,-0.04789456779609068,0.6536577819744258,-0.7866709910925592,0.1876078071409896,0.1797013232102997,-0.04311693955199447,-0.7245408049607612,0.021009783057734637,0.19129853410513184
0.5147672423618931,-0.30635344556011634,0.4115340239322348,-0.2169059424859237,-0.9741408342517126,-0.2679920255370025,0.2722242713657036,0.3897368070104311,-0.40671453195913354,0.6916752852322157,-0.16330590300638176,-0.057902380596982675,0.09117916523067152,-1.3754188698048064,-0.1493143959204624,0.40079895368503327,-0.410457640423048,0.14806502193852056,0.07729139662008938,-0.2811154556719978,0.4693427444411861,-0.3633206190043361,-0.4237106210329395,0.6598813620827123,-0.3363472733179377,0.23687925637433144,-0.5874969785557773,-0.5284818263608705,0.1830455468069252,-0.04880883525677267,0.2966974330412835,-0.1722585182092126,0.610405584774873,0.4959671907393095,0.02564379675996961,0.4174093198285041,0.28410912238071073,0.7093673443891844,-0.3438540307202827,-0.3692649239059333,0.10333006853985663,0.3057955609590734,-0.014600347731293657,-0.26928991710217853,0.7143620069680687,0.4191676601219604,-0.6055404812559312,-0.6512621063910388,0.15391042014306877,-0.8585101237067467,-0.4314581629418238,0.9089649753609564,-0.38806904749460824,0.1868073173892421,-0.12429204630018496,-0.38412788261064934,-0.3227269486786512,0.809403887884831,-0.9953798088715979,0.3893257257632308,0.008228872542660267,-0.3769809718825347,-0.7749592101185004,0.1526204123986732,0.2311101631796977
-0.5291464850379303,-1.0828454310154914,-0.18148525217637257,-0.3140452051896525,-1.192851138871586,0.23138322872810757,0.7443167737840817,0.05805894304111489,-0.31761921428345297,1.1290011745711532,-0.5607728698827755,0.37295849601188247,0.5003749981605429,-1.4686225618557034,-0.19099681758089448,-0.3900251339528071,-0.9430480906338268,0.5092211590921654,0.5641153411574591,0.35801381528976806,-0.05687433434517812,-0.11190272610530042,-0.22658154062688785,0.3378695846960772,0.010863023464813264,0.34800245126231205,-0.27004071148486514,-0.40042509143879096,0.9960963656394729,0.2984176907373422,0.8406462894524369,-0.2888652408543879,-0.4707299577536021,-0.7678905824108803,-0.44056077236601593,0.9776977608722777,0.4593974563503883,0.9700670876556231,0.7264443014868718,0.047771592138520266,-0.44123154449704594,0.5425694243913801,-0.21383909652269203,-1.5843161399158108,0.6797915759086777,0.16946054724044557,-1.1478192513377496,-0.32666272385878237,0.17944557732281205,-1.3345884170621238,-0.3146629931237725,1.0853850274714565,-0.5744437914279007,0.1847700249884959,-1.0018748019411912,-0.5033747906569107,0.09777222539738267,0.38410184118801316,-0.8544801857318951,0.17321114530003978,-0.28188599642239603,-0.1571149075672359,0.30621501553287045,0.5152243796293354,0.28201060459973193
-0.46398860589714824,-1.493174849950664,-0.11600172593658636,-0.12600909034513008,-1.2813335745834071,0.41862348890696366,1.175176595971121,1.2213892220511708,-0.5298357458555337,0.8567416043799544,-0.3327776141036328,0.1758694015998139,0.7740529638056493,-1.4345919551400614,0.05915409562814899,0.25567894535552915,-0.4665523251539063,0.2957347006810823,0.2091364482090028,0.15980419780953967,0.31682377692270747,-0.13103144750430376,-0.19893943266183534,0.6846092428520936,0.07855339183182333,0.15513582995800188,-0.26450117859934075,-0.7758389612247816,0.9040125154957489,0.18722120922680713,0.06219794728547527,-0.6422107111922325,-0.25209403290667093,-0.19191673149023092,-0.21055325046617812,0.007028938663341332,0.26935217969663455,0.7959091196286414,-0.18668475291677322,-0.25960404904974765,0.2644121986011668,-0.05400923983995163,-0.10456277288863824,-1.0385730377934657,0.33470375009168646,0.07483500324261394,0.2088609455857355,-0.47701004319400525,0.13721012854752807,-0.3196427084079265,-0.1377801542319234,1.2810001523423133,-0.13456278612917916,0.535110712469873,-0.6679432746161397,0.04524318721291516,-0.33154357590608347,0.023091344185504844,-0.7889518382565595,0.3366745510583794,-0.18596590097776095,0.061946746174865445,-0.08299289114613259,0.5347400641989974,0.23169254420851185
-0.2993236851188799,-1.0065220489870912,-0.13240526103139294,-0.5134342655250884,-0.3868192458189486,-0.03596362361199411,0.31415960428397055,0.7725851777923919,0.9294914288135272,0.2724416133023222,-0.12582457747536915,-0.05285403717133015,-0.07531071577905733,-1.3495851477069838,-0.04136749179299411,0.03765761690839715,-0.6461160753539997,0.048835787955749624,0.06300962568097641,0.16773310370932681,0.041335887833254065,0.009489776637577049,-0.10656309751244107,0.4679076765387793,-0.5660464885043208,0.08967253703686401,0.20572069448665006,0.06047788181062666,1.1843772015113148,0.3913889652191733,-0.0909226552324908,-0.7183778336260589,0.3941227901140822,-0.5269542552364677,0.31215228626488134,0.240495788214244,0.5894855403717172,1.3333762553795774,0.5328372636480391,-0.3346078960435703,0.13257833542831216,0.1074329887059206,-0.04896717803745998,-1.238308226386107,0.39529545948605005,0.14982266145124523,-0.46002134480653833,-0.6762400211673762,-0.4042573454045779,-0.03111656866991045,-0.027942812551759157,0.590414123662002,-0.331770068328647,0.22796076120745445,-0.9459417458460906,-0.1000004345411109,-0.20905399747265768,0.26080282436309143,-1.047112893366362,-0.0015364441087303699,-0.36351280561954613,0.049565393874627085,-0.9063581716680983,0.20287767093672074,0.6876447432668581
0.03122282344797256,-0.651608382568603,-0.3555208356363668,-0.21168690585919359,-0.6495958947320196,-0.2078013461486885,-0.2268391566373119,0.3364101535548933,0.07925061289121485,0.43388345764936387,-0.10669513905293929,0.047710452553103015,-0.06297070475642888,-1.0654827334183559,-0.03303063103632673,0.6382885348001752,-0.5541290242490218,0.23259192543563134,0.25038301878789715,-0.2604578986567724,0.23468146769901982,-0.4542532782668472,-0.11563715746518777,0.1618227025696253,-0.125572389961491,0.2014365482628465,-0.8746200557786448,-0.4425659941900829,0.8100084198297328,-0.03290484275127493,-0.1361572248706115,-0.2592438738323441,0.18826119965024224,-0.5328458608028159,0.047276677275956115,0.5895163004405956,0.2354580302006256,1.1405961022511688,-0.07038122200129736,-0.48290076631277223,0.39776079130318964,0.34586189313568205,0.03730355949119067,-0.9978801655339007,0.4763263226934819,-0.039341902767245876,-0.27459365994967255,-0.6198121885813697,-0.07537137002721372,-0.06738561022958064,-0.7771357052867125,0.7910249185465855,-0.4423659333220653,0.19784033751432906,0.08410033607764027,-0.2044021452990316,-0.05302435015626518,0.5979199379366134,-1.2218844627489496,0.06593553749710063,0.04790667425322453,0.016011791702136024,-0.5973159585011635,-0.01892245200418874,0.5021771244728888
-0.3978220275916308,-0.33627650863749675,0.016237866552421154,-0.21698129124782503,-0.5239595939296156,0.1370226687225192,0.3663089303506196,0.9541622488076213,-0.5517515078099364,0.31653393084069975,-0.056641138256178905,0.4191104304081962,-0.03472746014059281,-1.1361625644334181,-0.244148401899327,0.6848151734546765,-0.11115267042600002,-0.08862872247459895,0.03656235511396372,0.12888245476986768,0.16776761669181875,-0.5958787718940655,0.10627459826547228,0.6730873639387239,-0.7826162119501979,0.09040641220957464,-0.3061068677974553,-0.09597365871828958,0.6086398958395522,0.4587825618612757,-0.16410898924877818,0.2114995518988083,0.07633034754642484,0.11975986397129465,0.41077747233604245,0.3173804627842689,0.7279657988760146,1.1806423569957534,0.02113944718538056,-0.5486137659998088,0.3518665648456728,0.6978225235467445,-0.04027133108024844,-0.6672874537706072,0.7703733489926463,0.35239265341200066,-0.5700959112285071,-0.39371951440528047,0.05540251257583168,-1.078239689547097,-0.3432571452734191,1.1213562888294326,-0.3890266077523493,-0.21256348504084074,-0.48588440326010474,-0.1810159724966097,0.13820680164198748,0.41164227488731403,-1.130519667377548,0.5853386594897079,-0.12073584017838429,-0.34980395082295357,0.30014681602843823,-0.22818913129986745,0.22302109621769228
0.0034208993279742222,-0.9423773118477433,0.2651221368628954,-0.21690236022546525,-0.7198645587054988,-0.2954043901297384,0.5779174771270448,0.9820331587160119,-0.8045497275247382,0.5079771492145821,-0.024947267121340887,0.2852581654286112,-0.3354715802935835,-0.900395225237762,-0.2902498076411606,0.35567629873762907,-0.1582016944378764,0.37918840197325515,-0.07561342952625268,-0.02600607794622,0.4820063584640136,-0.450209577581603,-0.26398378160970987,0.40418386421953634,-0.46019177125275057,-0.021931071284037526,-0.05771935125623018,-0.2106456007052827,0.3100408624404297,0.03860822228244562,0.07500186583788554,-0.3210556725182169,-0.04774806692988653,-0.6636925894198862,0.24369462473946255,-0.042890005402060324,-0.22122778728989867,0.9232509632888782,-0.4338123831272381,-0.48505198769038244,0.09006747096984781,0.6062788520723644,-0.22832598276838947,-0.5596958531003359,0.7371274491481054,0.35275694142474606,-0.782781958215797,-0.8013651169592035,0.07871918692297826,-0.23811487061906017,-0.2092501511386527,0.6838888095627423,-0.46146070041745274,-0.12535182351114424,-0.25719685997662556,-0.11109055038344334,-0.44310918466493643,0.9210093819944443,-0.7987390591044042,-0.5367146399669768,0.20756828058814092,-0.44834152368076696,-0.372253738727101,0.03550110623078468,0.20932068043077673
0.021890301251475355,-0.9243650935568767,0.19598339164847262,-0.35129122327368084,-0.7557166266590198,0.22977231632100842,0.15857228989541983,0.43632153381828,-0.1665769883955421,0.4549361295086614,-0.25969097413881853,-0.20294000920611355,0.16885412377407286,-0.9462938022646438,0.19244871635326463,-0.12831822394212883,-0.37687409381740133,0.09807017575525523,0.4091601759022913,-0.17135888189411402,0.28882541805673423,-0.26345231473243047,0.18802729062411955,0.43162988900676774,-0.39862888582360884,0.040244331043494175,0.1317766084341322,-0.9467344124825569,0.6941893445215956,-0.14350927130376406,-0.04884700122548727,-0.614675412460839,0.05207188051200444,-0.3669353147345019,0.00035295583730458185,-0.21695607318767116,0.7596232209274818,0.7393916604060116,-0.25639174850234014,-0.3342965315685118,0.24235377956706433,0.1426401285339736,-0.011708018964110473,-1.1808882531998917,0.6955292616655364,0.07092625315780801,-0.3610816698472202,-0.7424796894810874,0.25774988857543246,-0.21688927369358876,-0.5551265212841962,0.978292235342183,-0.10221056857920542,0.08874797715506134,-0.2873423038918759,-0.27866875199558916,0.05644395274917359,0.8031656793710437,-0.7251933994493222,-0.5355764292532965,-0.13319934037630088,-0.08109222757826798,-0.5943687728317477,0.4332240446401026,0.3118758141930149
-0.3833110643074534,-0.8214786986417915,-0.039876996361192345,-0.49875638318568943,-1.264500429090806,0.028153576267120436,0.4753743446716292,0.22022289652484844,-0.4470503000995983,0.8303941036287438,-0.2185454944771069,0.017035825594226506,-0.03163226746938627,-1.3159346555546425,0.07557538553143772,0.30340941154326656,-0.7166221379100477,0.4766939466824689,0.04966560450558014,-0.04154673864529625,0.3031562641740612,-0.2564422445636647,-0.036140582163416785,0.45084591317760125,-0.25033113302197796,-0.02448563915023591,-0.029893393108425363,-0.030832265468776765,0.5139916259410083,0.040263712771145786,-0.03477901868542532,-0.23324554072569587,0.38838990282011115,-0.31268920083928775,0.2030497517658214,0.35429162801495306,0.49731613240844097,0.3856917240257917,0.2292395924558697,-0.14346539525554744,-0.15067519373878696,0.3742620983569356,-0.04284812188763129,-1.0807038615991573,0.7161583040374556,0.5843992887995095,-0.685055305229292,-0.39877606847196173,-0.07810549256433796,-0.1966425960548214,-0.05962304547782795,0.9217939696681404,-0.03267951543384177,0.10002553733674543,-0.4570286847983877,-0.29728201546157024,-0.14297561875979445,0.7713306760812138,-0.8011425277239307,-0.07024418938521781,-0.31884853636559507,-0.0882844427641741,-0.24184303534605187,-0.0615036325364972,0.25909992515166624
-0.3165593003661945,-1.1273306421880527,-0.21496756672683262,-0.17772687434833312,-1.0818000285512053,0.30590801471437395,0.9068599181387967,0.9490006348638965,-0.9800428350170713,0.5950537534811324,-0.2420941605776421,-0.05407869833139741,0.25394064323038695,-1.0225149148636143,-0.07356646955675875,0.4561487993793394,-0.7020147803601849,0.512928275737485,0.29668079362704547,-0.161723559744542,0.13254944257230586,-0.18941699837990533,0.06315216918227054,0.4048774789259296,-0.3610783027104772,0.13684453651559175,-0.06699999920347705,-0.5931720869377413,0.9136383682645642,-0.006041072327279552,0.10439142063088519,0.18619018103961762,-0.20391456253149587,-0.00411159088872691,-0.17955940473602466,0.5549935355249492,0.3434196389565417,1.0850084859239932,0.38930490445924454,-0.5540691155309844,-0.0024942292870052743,0.20140329882103053,0.026600966622580817,-0.9773994653759828,0.5760290751825226,0.4008189500412317,-0.35928663294169594,-0.6944834246003797,-0.11415564606212329,-0.5852028265918889,0.001397716842223739,1.0262971631413076,-0.2895259483779568,0.17922296586505015,-0.16989019868710276,-0.5171592270596619,-0.38228788202038183,0.25473053514600213,-1.0671614762979535,0.5979111036302353,-0.16811994821910348,-0.23352064838037817,0.9009967760391108,-0.14816107042220658,0.10781243395289024
-0.23781267316260454,-0.27963257424614846,0.39420488349396365,-0.5449925257250683,-0.6456672078330004,-0.5865663980629311,0.7054975389101429,0.5349602846920501,-0.1263177734928112,0.021480569300124257,-0.24522222055036597,-0.17502951718883,-0.7149787260727085,-0.8243780889272043,0.35237278304166403,0.018114184449543852,-0.07556298033151206,0.2284394644627318,-0.03758851734701641,-0.32010499043411245,0.2624734926423283,-0.7310802120212425,-0.23590021053810215,0.7510156437804402,-0.4084663760677806,-0.04824067526179174,-0.2843536274301739,0.13069463284079458,0.39095027767166374,-0.14832131676679006,0.21665479835031054,-0.8990745149567336,0.4715261770414648,0.16013246153697588,0.22007732734988766,-0.235659334990853,0.8595066343982114,0.6612615289382,0.04503560090708172,-0.5561151887060765,-0.05596503151208864,0.04349532458693425,-0.08653850965294968,0.04140236405950211,1.033348690864994,0.6584658950063269,-0.4033561434042021,-0.4701222214684165,0.15765730437419534,-0.3059590801705542,-0.5456670793023526,0.5990853997041578,-0.3294839067197206,0.014875047197075913,-0.3665750838305282,-0.27312946676354066,-0.3812014526566888,0.8947222889994597,-1.3045495146155892,-0.08698734512449016,-0.485461747437515,-0.035799840040067775,-0.7797159045043269,-0.45730059150989455,0.14586227706675745
-0.31566571917511377,-1.0146207055592478,-0.36213301031613776,0.27330437259294826,-1.0731005154433524,0.18426380461723185,0.7740741266726892,-0.39876515045943994,-1.0497057783249046,1.1552815808673769,-0.36488702315095345,0.31977674847899984,0.3105621583069477,-0.5284148882745452,0.5263626360565923,0.2554706599029039,-0.7016545901865948,0.15923222717285415,1.070446541590524,0.7077213646054754,-0.07308185815645434,0.27820524081982,0.0624830738958874,0.09170150454711151,0.17502868300135674,0.3028358291446691,-0.18743456529088975,-0.8727817656230253,1.2051778630986905,0.4067218992025581,0.8847478851557364,0.15421590498683274,0.2595762958691564,-0.5122129967434736,0.19552855974746236,0.68447550720764,0.7511469162009392,2.01083629042917,0.08341196206850171,-0.0014913022144817795,0.3133529710276626,0.8639013047797994,-0.007781525550016405,-1.228712417543763,0.46912173724808254,0.7804229793166438,-0.24438627423515735,-0.9999970932293342,-0.33076979775002124,-0.11490508776760286,-0.17939018885097047,0.5299065442966344,-0.7012293742541147,-0.15739601070195228,-0.8785010345841807,-0.3810017245224079,-0.19887966312974698,0.5284363952998794,-0.94062778971082,0.7590298492988105,-0.229258757465441,-0.33950238883292755,-0.3907353151377412,0.15056751975963772,0.48189871622768604
-0.5089749266779167,-1.9266292315731004,-0.005037645419843313,-0.048786442008387464,-1.4111709918460966,-0.021340340693561388,0.573103766034104,-0.23058607341618614,-0.9036205419582385,0.9562040449337447,-0.5145690079409196,0.2555791845195192,0.22051813184500735,-0.8576759848790471,0.18742522474768977,0.8730803756116386,-0.28940661684745445,0.539657847211547,0.7760981862059102,0.053928873670099506,0.14659177822294828,-0.3955278837997718,0.02669625196982397,0.49727767304376774,-0.19511086989265072,0.24097408314747765,-0.32249444061756694,-1.3502547056541347,0.18933998256026974,0.2808004855702242,0.18291271290522565,-0.05006268707540752,-0.18198378516968292,-0.03132440032249781,-0.2625863455261538,0.6133239508255016,0.3040638578686849,0.7116339059051148,-0.2100795197268362,-0.16803340583147613,0.06915053607240251,0.0031393362280187076,-0.28841192096796575,-1.1770893941609466,0.7112118897070673,0.8455942369855812,-0.32141575297144687,-0.6042644940964187,0.029630272340557498,-0.9219923220509216,-0.590404988839862,0.9290593597684126,-0.42511731640959155,0.2323286255875838,-0.30729437894871847,-0.44981649321064515,-0.39107220963538397,0.50273824384105,-0.5517912001841533,0.8028599617648492,-0.23341528257738403,-0.3342102457824288,-0.6300511639113328,0.3076453956327508,0.2899316433535505
0.26066843053306554,-1.4818411492657424,0.11801000883181556,-0.15815972096099162,-1.2285922857425113,-0.11646149967202231,-0.38714658519184375,0.3586219831314638,-0.8937114723627025,0.3250734529223488,-0.3283395769338814,0.16174387765178638,0.3660185523970231,-1.4077716078467166,0.1679226703600562,0.30702513778416207,-0.6049913502592991,0.5657804427317884,0.42765408702447427,0.1651581893894714,0.1732243824281399,-0.503730658173697,-0.012135371291695597,0.6006982589094161,-0.28250767029873297,0.03658204376869641,-0.11313391187993306,-0.9301520681154146,0.7748092259050271,0.16829268937235858,0.1648037591072784,-0.26369655267604525,0.4323990812848936,0.0034331929627047925,-0.26572252448614164,0.28324592393362924,0.5462369816677124,0.9895302034015202,0.06441574021862882,-0.23233396586751637,0.1393121300745493,-0.1660343274672878,-0.19551585383066603,-0.6969941569705419,0.5920122999502342,0.8298654387983678,-0.8593456895803185,-0.9372025650979284,-0.07153585975479262,-1.110398786722431,-0.5150161522505818,1.0986441467477568,-0.3604244200139734,0.3476913590954667,-1.2851475533922174,-0.4696938979652942,-0.5784986595372462,0.26168464093785576,-0.4575146618918241,-0.08705520982062966,-0.2674310415706006,-0.40419318318844144,-0.0482424081745403,0.14889121831958144,0.26388600331117756
-0.2307964903060913,-0.9509488425905361,-0.007947324560389525,-0.11233126603337587,-1.127126152897563,0.23063707421777546,0.38900536718333145,0.1493428065548077,-0.1552799471112038,0.3290854627848382,-0.3497057020609724,0.10930097109667937,0.06909367769178114,-0.9811708368516081,0.10294270927878274,0.3707835059736646,-0.7061243349006492,0.45132868401156256,0.7210487644687013,0.2770420341760865,0.059343604057092485,-0.6042909615686933,0.06259665796686845,0.7526481945412287,0.08819489965150101,0.24469780708222583,-0.6015869627523165,-1.1145392687508102,0.696792955571148,0.2340055148855331,0.5576804427000902,0.022531765792351013,0.3913000347771782,0.13183246076710953,-0.20553950262807497,0.290157044524467,0.3153835991739143,1.1929397067940666,-0.06442914260460082,-0.13564457585612194,0.04609409791310158,0.719795267813533,-0.22971085205322667,-1.1385540174543836,0.7365416408363831,0.23354645210671157,-0.5808163053900122,-0.7040403791411709,0.038690648180364356,-1.1632566215667868,-0.2526571016755803,0.9864142604167848,-0.7711879857175514,0.24451756875619546,-0.6080167337737266,-0.1983148182131106,-0.07973526777035572,0.5336738245129649,-0.43287432096634104,-0.7784579730880323,-0.5057591926823839,-0.6647729655968514,-0.23521262454047862,0.47873884322347743,-0.11820090917629503
0.1164782851979399,-0.7939453520067944,-0.018966865628735348,-0.364338315362543,-0.6752295239998416,-0.050802294859116755,-0.05490645453986328,0.9226592076410053,-0.045429563249980154,0.784532271866152,-0.5319418674349747,-0.22828916933892035,-0.3437877061756315,-1.302241373074489,0.1872366069310953,0.8094452345635246,-0.19660162601500406,0.15296461938269687,0.11996409079487451,0.10292810175073268,0.28010058960295636,-0.8171862108958772,0.2488572501788805,1.0889156198730945,-0.703630171443937,0.3382868793366814,-0.5886269229516654,-0.4537458930679907,1.1295758501746513,0.10017828812865949,0.20104029623329991,-0.4807366413325445,0.3251151801693139,-0.09869460747095332,-0.4271999739631249,0.4055952677003943,0.4633797847843208,2.188985627827608,0.17362939136200678,-0.2677948207320009,-0.1324525845753775,0.4191830490700735,-0.0031066053497389307,-0.7103086048719375,0.7863308017144911,0.4647498799753481,-0.3963154289428177,-0.8968092185048366,0.22184289341052751,-1.204252496688633,-0.1189247033675581,0.7892359068173881,-0.832656478601623,0.1059426023757083,-0.9404617196848786,-0.41076444788477295,-0.07882818212900802,0.17712980033127212,-1.1717994528486295,-0.3452319090515416,0.07114865039899465,-0.0322278461321331,-0.2868519517930883,-0.07688418320005642,0.17477629421090526
0.026353880696668774,-0.5374653101290244,0.04152273347162748,-0.0004027879643967447,-0.9021374982170473,0.09613516160165209,0.23597722506146873,-0.9332751956377427,-0.480647970744293,0.5408862435049177,-0.4248623733876283,-0.04725722740216115,0.16850543001597795,-1.0426268548818596,-0.14395066208022508,0.5999373987131402,-0.7377573241838422,0.6161753906219174,0.8249580020820607,0.19167488359719767,0.0918552521315899,-0.5935712713860885,-0.3302568982916448,0.48316451931527116,-0.2888481823982145,0.30159003841481014,-0.7221573531729817,-0.8296550876605928,0.6891570072628477,0.15517358054742225,0.2658485212700977,-0.6098667485382109,-0.378173677044329,0.007861893021937107,-0.09230946471212034,0.519619739143296,0.24036955309963084,1.2972002214023672,-0.021444678410163148,-0.3527889840738006,-0.25754005384585976,0.6780613974476719,-0.1601605133350722,-1.2330440510784035,0.6349069740290116,0.27863546923577925,-0.8316515782728672,-0.860872459318655,0.09707552381542847,-0.8407574133828546,-0.3002447718188062,0.8297958768107249,-0.8188991560180967,0.32494657297904006,-0.737007829005107,-0.39277909621416707,-0.28178764555961155,0.3830448592882979,-1.1968081053958364,0.11224148547877619,-0.5097450750799848,-0.25549437523844154,-0.3578674806267173,0.11047416598031817,0.20511912390601197
-0.17285175967995253,-0.683439532064016,0.3697695613473626,-0.33014040455444305,-1.2613256949995602,0.01512889374092799,0.009864737907071527,0.08021775676785703,-0.8282731992282021,0.5578549585346746,-0.4973204940262695,-0.14985787691119662,-0.014283689798116075,-0.8094331909762897,-0.23682063831972325,0.16421434393897438,-0.8250363109830735,0.34881866647365384,0.42881561338197505,-0.008296325187130228,-0.05602572752880989,-0.4599938359182912,0.036863435312075025,0.2175635750775103,0.030802200517502612,-0.05328407566210853,-0.9222514702212425,-0.5972362637301698,0.7622478739012514,0.013190059494102055,0.00714351229211644,-0.4789803494286366,0.04641488161907596,0.3480502871293364,-0.22552955199310493,0.39249554907029244,0.4474957002417223,1.001315592749896,0.30752377259741065,-0.5322099563720499,0.016089610208721655,-0.1055544589405627,-0.03281924524680297,-0.8742862313776492,0.7833506085600327,0.5243880107322793,0.10921962552587156,-0.5830195970936681,0.013976515779017075,-0.7274440487729872,-0.18894101273652675,1.0157949592794753,-0.5786154733918445,-0.15722672897198103,-0.5497335937661356,-0.15506201563033872,-0.3785639170380956,0.6321003655161843,-1.044006549950577,0.329173017690662,-0.3457809501765045,-0.4198182300345883,-0.25901635917384613,0.0126312538049091,0.46829910500961625
0.1788871357872162,-0.8532548007837005,0.039463589895309674,-0.1691496640356989,-0.8385922725135158,-0.05722779170447277,-0.2718265661188982,-0.09306438192607455,-0.9047772233123745,0.4815420987618644,-0.1201609073199875,0.179878091955381,0.10295516601984721,-1.0417731959074061,-0.04879792006408529,0.4467527686749884,-0.27680449871365176,0.6504092682768798,0.7177423195698235,0.3481222626091936,0.2441755700922193,-0.06066025485570165,-0.14564166843249404,0.6420544858855203,-0.0407001257644806,0.24536963304361878,-0.601178419218711,-0.5692685778785369,0.3279820779746992,-0.23960391095770853,0.728914560463177,-0.15197670465793273,0.1105421815660565,-0.39529360018906723,0.3005755962504591,1.0325492174322748,0.7527522110603131,1.0450709600889836,0.19673668633993996,-0.24760272691765797,-0.18636309254874045,0.32925904893197333,-0.1262020683585363,-1.3330946101097905,0.831078654720089,0.4841274189863498,-1.1825963955246401,-0.9199807831249841,-0.17123573332687114,-0.3857217998835395,-0.6264750363162781,0.8427958969508365,-0.6744325368052021,0.20280275969076422,-0.9997009090961869,-0.6269997858054797,-0.11948366306855271,1.0991627539868067,-0.9032541348626085,0.026391789211540784,-0.4865925936228934,-0.37571735632220804,-1.019466378291231,0.46055127937116586,0.14209901190870045
-0.304468740549356,-0.886211930738265,-0.3405454274191567,-0.5545320295247123,-1.2068187386353162,0.024224577729829125,0.12236121068476759,0.4276592875129057,-0.14091935572431902,0.3111674339209301,-0.15737304405974697,0.297980048523809,-0.07803102192735271,-1.6641095101867378,-0.24303979046760993,0.43435138040111887,-0.7327389441733948,0.2351947923550262,-0.23207229031406829,0.08504088896452969,0.19782814060455894,-0.5904732322067464,0.11602387096913191,0.6399364171666798,-0.11989990016806708,0.023141615101887572,-0.47552894607562335,-0.8897641753053264,0.3935372877239999,0.08449002764879204,-0.0811781803600471,0.010846848963699238,-0.056169651297000786,0.2750169588133747,-0.3493593268629477,0.8807574375881226,0.6098760927365294,1.3040556979114997,0.35740601918696124,-0.3892508992352833,0.32303548077625027,0.32856608599929227,-0.1644846053143972,-1.1146682938766028,0.7631439779930493,0.06866474370595066,-0.7070384465637248,-0.6280060113976432,0.009041346225921718,0.07205050045297437,-0.5598340707530443,0.649619521001998,-0.20573110589431343,0.10885868009435067,-0.7821897799185678,-0.18687013274929176,-0.2074390526094182,0.5234094647657926,-0.8268229743479251,0.09387212431727945,-0.2943026987209736,-0.47457635368958023,0.14226071361759118,0.2378031315449683,0.43428507998435306
-0.46858620655900673,-1.02462369422135,0.05792524473503608,-0.170933050845142,-0.9457421627299977,0.16505604988261866,0.9790227094657709,0.15124603052338298,-0.47936049608567427,1.2889937210712856,-0.38289993975657277,-0.2940540327917206,-0.0468710562468463,-0.9098113867912339,-0.2818321921126558,0.01614840983348023,-0.4943627272810635,0.5041564332801719,0.6901051882580782,0.09142405431704367,0.3302787456893957,-0.12894778041134192,-0.23517454689006484,0.5374849332630589,0.04095179976587201,0.3159619231369945,-0.702157118342436,-0.02952907253686169,0.8986799037931908,0.31419618746021155,0.34867735592010174,0.037586994742783236,0.014904108150873462,-0.9062052685356213,-0.139615265973481,0.5486464066231458,0.560800755942599,1.5381710595510651,0.638401811955366,-0.3029014743910933,-0.01699785292786367,0.6537866873611978,-0.21420782013773138,-0.612452667520348,0.8871226146262354,0.4473405094021062,-0.07933934407877118,-0.6087114106924459,-0.0017512458855627987,-1.1073498241249262,-0.16004958411111442,1.0659024004498694,-0.4585556820450899,0.5241396552289995,-0.6450405675155314,-0.26252192446574885,-0.2528262148724415,0.5383374122372566,-1.301522190589184,0.47133071763084977,-0.21847179487110152,0.05544244170015656,-0.377990009395696,-0.3614522199209298,0.12769710506801166
-0.7062360375707513,-1.178582162290707,-0.09223886606474785,-0.1922381581923509,-1.1553388240437248,0.2986599090621371,0.15019650512398458,0.0941612197626566,-1.0106485336528876,0.4000481057547648,-0.13459141671168548,0.06595582395252211,0.42210539514412854,-1.0553840774802083,0.11612185489916277,0.5766333778938392,-0.5052214784024209,0.22092399051635364,0.4341844035458468,0.3012602914972349,-0.20247117910421766,-0.6960646875195735,0.19423653694900483,0.397079528199194,-0.15510794105928372,0.12781199564448562,-0.2291424341418908,-0.7791297461662201,0.7443586148479933,0.042668038394951174,0.4386182637328227,-0.47851852758122315,-0.2175795382891199,-0.2751917759610929,-0.19786575462276662,0.39298283207616,0.6881181238765409,1.1800242780116805,0.33705303763385147,-0.3577410395378739,0.17499911791249856,0.5706698698629401,-0.1874675045656249,-0.6697745000212163,0.633247749193746,0.6061879842667994,-0.41253863451166545,-0.4861218516413824,0.09990401092126086,-0.9965131561811711,-0.6824362474537744,0.9445995382800075,-0.2310254141971304,0.35599080491581964,-0.6278938128330994,-0.4822767384049669,0.1345331911290177,0.264296813596981,-1.0499876848233496,-0.00530347404165929,-0.2927235398079891,-0.08557287214813432,0.25506434719136717,0.317050453915279,0.29717864374443903
-0.16074858786067353,-0.7744749603339365,-0.1767679574239622,-0.5200160672830966,-1.0998254404602057,0.12163684551574197,-0.06591048935582061,0.5821680386815609,0.016941110450145375,0.3886252045453243,-0.3241001476834767,-0.17426213676102342,0.5024291904972542,-1.144926704401691,0.11838530477352995,0.42314262296762417,-0.38935625795765944,0.3149847234426364,0.5166530991169781,0.28583612872014025,0.15332963030025942,-0.603104592683623,0.20487687826601705,0.5167938265956874,-0.5903014712840478,0.46957157923946874,-0.39629298606361385,-0.46307514576749775,0.6762691236580628,-0.11554828088762657,1.0296376998937433,-0.37133938320701104,0.06321979774590518,0.10546419831882452,-0.04654203857885163,0.6012668562166018,0.6779063538911567,1.2204096294602638,-0.23014617886409786,-0.5057516113899436,0.23630574644558744,0.28447042021482877,-0.15142377436489624,-1.0440908162563942,0.9313831905718037,0.5225494521919092,-0.298188087344059,-0.6152412369424063,0.2992379462409592,-1.0333804988218769,-0.7325318894690346,0.7584875485449355,-0.5375979951457224,0.2147839668841771,-0.32507995223267805,-0.17686646033863243,0.0978183145319415,0.2898295475085738,-0.8545730447816384,0.22956638572970417,-0.3946042177421468,-0.3476333116627183,-0.14773587642997868,0.6193175733710654,0.01722551979352315
-0.3814663988024504,-0.18289205223886087,-0.09213496987748865,-0.10279854300404859,-1.3131346343220627,0.39368135806190235,0.5636996485322954,-0.5303158323151006,-0.3563917422466346,0.3068466341259266,-0.5393471657524435,0.17888785260013595,0.12669645570387672,-0.9174690772563525,0.005421433017404095,-0.08370383761825542,-0.5407011024126218,0.5244168078776034,0.6363126965098698,0.2738622551394339,0.15852777426687636,-0.9020780257287452,-0.42287966682899575,0.25860685483525336,0.3996963909642076,0.40074690968602444,-0.9075467937847885,-0.47534961318301655,1.2101895335273276,-0.18113620801899383,0.7425475972677884,-0.22891214147223835,-0.49381543233159414,0.6256379224685243,-0.20037515106361947,0.8875545911103854,0.3886646743099773,1.3248013319425784,0.21495394792205724,-0.2940790914797843,0.13375482005338984,0.4521301799994014,-0.12348820692636073,-1.0925504997348199,0.48302035090951484,0.1683076874038582,-0.7653453670347851,-0.21486520995422614,-0.12437998910395545,-0.6898423361575441,-0.6076768336584669,1.3619632380235782,-0.26331559085068257,0.49740253722481204,-1.0997406748487673,-0.17448906275821624,-0.022618923669615064,0.7330960626756897,-0.8305119931095372,-0.2988346362777708,-0.3191226987451048,-0.3411159604414087,0.17172763533126145,0.32897902470625323,0.6078413944151296
-0.8259983291234765,-0.8282606453902372,-0.2581883499970527,-0.4379433797656771,-1.0553187516480915,0.27463000584233765,0.555709393884594,0.14061583762654467,-0.5206755377043566,1.3664807742580365,-0.12654617234072973,0.2967963629380736,-0.005861550910447266,-1.0506701781708663,0.24105083585680687,0.06362365566680932,-0.3876065750189224,0.5740471353677374,-0.06431179932235256,-0.5736171677086817,0.26394887905410247,-0.43129345230974364,-0.21612118921237378,0.19751648034475566,0.03202035352561058,0.17083853778770353,-0.33582882032221806,-0.9246845119916177,0.6512515719073503,0.3074401359914145,0.4754579667336884,-0.5339988869703267,-0.14643726924204425,0.3284766766264839,-0.3063496354009691,0.49188857383606066,1.0374015892008974,0.7449710839144245,0.7445257817895521,-0.505372128436352,0.8509004804729493,-0.437342147608084,-0.33820328686118506,-1.2712023897166906,0.8188830753801025,0.1503616789517101,-0.7558694016111759,-0.6585506280487037,0.049386212309246835,-0.7392590830045834,-0.40892146150753894,1.0221020197480264,-0.2850203013258429,0.30725882793740716,-1.0870997694662123,-0.6686289626822857,-0.1233752879311148,0.47261846648213046,-0.8092042485704276,0.6330201848128486,-0.28867821993697695,-0.24424015387010362,-0.5306716346378978,0.14861798316501756,0.6584524653337215
-0.26992737905363307,-0.9950363238728269,0.1811695611638102,-0.2813094046537792,-1.731269995112557,0.0005485254224361774,0.30381851893120826,0.4703819740113021,-0.3507241826529758,0.6913481809676612,-0.08285813828287367,0.017718167269626717,0.12945543982346225,-1.2580438066077422,-0.017344409167080896,0.04611623032187959,-0.5750111393478273,0.334514418693022,0.1398652779702935,-0.5165354726634591,0.21570442988738153,-1.0094268436292608,0.07211530797283756,0.6192211336604848,-0.21716120992638777,0.07234317453407624,-0.4801104036320696,-0.29901816336824816,0.31933455951804846,0.2689628916043289,0.40234469305041387,-0.35799799674894217,-0.27751582882530296,-0.04484472166543893,-0.014007888514735237,0.4751437447282204,0.4606440455279993,1.1377914267404747,-0.22864472433822325,0.24371517753070265,0.05242527274652328,0.4185874524453784,-0.15263603957863697,-1.2639972411178273,0.6030428490868166,0.21117427612729098,-0.39773162083574143,-0.44978428520205904,0.07145886498101632,-1.0395181125969968,-0.5598618507184688,0.7788175972053623,-0.5977292422646103,0.5081756644104757,-0.6858003197510739,-0.4729342141714219,-0.10369710795959743,0.4656485034587804,-1.0231316835377424,0.3251473550619477,-0.26035188851322894,-0.5720386168703717,0.4441779043794932,0.21971800581055756,0.43637782514432927
-0.10498681204525528,-1.0013127403240605,0.16394305942959903,0.14755167231007504,-0.758871446883503,0.35800449235522297,0.2878320770257924,-0.4966556281919342,-0.44849195277664866,0.6150194265600987,-0.25552556116431796,-0.685809247595477,-0.19589487514638368,-1.0722150020165153,-0.08351510534509868,0.15118390973908455,-0.6061858752357231,0.44382120173239004,0.2910454611456676,-0.03840527522237151,0.09227968680282443,-0.4403897724382149,-0.09375184461217419,0.16849962095295992,-0.09133540596012768,0.3039974846571927,-0.21224774499228,-0.44875102483601553,1.3021970600019381,0.3119918482269524,-0.2697053307037256,0.0359096008500436,-0.17669254984752503,-0.08721602680463086,0.3101926751969253,0.6708151660611683,0.6721851336975123,1.3248763034777378,0.18901016112360314,-0.2541757646456383,0.27110939794643935,0.3047500646646782,-0.25380656121120554,-1.119591225705519,0.9267520563411563,0.6371887910931096,-0.4353532415652403,-0.503451044535935,0.07525663059009163,-1.1526217939646615,-0.6350732901778212,1.3198490668615708,-0.31976453672034905,0.23510511178027402,-0.54582149636263,-0.4493270117074561,0.15007286798955277,0.570984815880363,-1.1213518703418512,0.14706093241067872,-0.3119431187915163,-0.3849517707248118,-0.09349416376438674,-0.10332971757707317,0.3788090072831599
-0.3535544550657288,-0.5481502935684176,0.000917727081244088,-0.3204800600475637,-0.8704283961475192,-0.10257172218795305,0.25481698351428755,0.7830896384634002,-0.4335890622615116,0.6498643219502581,-0.2153181525664589,-0.28686700172405494,-0.16870817335365404,-1.3299854991215738,0.09110462536859729,0.22767372688368961,-0.5937959338745779,0.08859990724770081,0.028544331364302934,-0.26557359056495,-0.0942883618024338,-0.7622787398660654,0.2621202417316841,0.6244060274426506,-0.2690364013672973,0.149174129859497,-0.5818601600465514,-0.3328709649060465,0.9316341395046914,0.013939463157288223,0.7393664274139182,-0.33797140297876416,-0.1885434960703297,-0.05787134633025527,-0.06291852559048842,-0.19195285780567498,0.41846838590511953,1.1804076208909682,0.42301024231831574,0.13246773552800944,0.5198331176435633,0.38948820875370765,0.005858526006404324,-0.44841434786887907,0.6979221540002704,0.10898338584620312,-0.20940125073813798,-0.5839196073868372,0.10829122797254251,-1.2868738884483981,-0.7779549007517994,1.1069562694920236,-0.8360644571541516,0.4392451608763831,-1.0112046105675416,-0.008426596268167517,-0.46392713236888034,0.720554983368166,-1.3093549182235868,0.22196062189915,-0.34498972244517034,0.061549383130646125,-0.4405344093985383,-0.12700660466964744,0.4664827675560855
0.18215526295610274,-0.41343982523323136,0.35627461778251357,-0.27558176523340955,-1.1026851416168584,0.0982590430847903,0.2514063005522684,-0.35142818792028463,0.0903630239798416,0.2718447574304248,-0.12788407386066458,0.193641119162636,-0.0059258730201057555,-1.4459046083485232,-0.09280086189328202,0.14419929904610523,-0.44755920955275685,0.403963388242128,0.5976471488630791,-0.1293933578935133,-0.017661474887905232,-0.17814865512262745,0.08412793376648606,0.2068450977893791,-0.23385249951868986,0.13449102574070998,-0.28033447692541796,-0.9422729966459416,0.990573452662185,-0.04458341213916464,0.5135353112354946,-0.15324469301165758,-0.264364482214303,-0.350623368191333,-0.23289952123989408,0.283703935596577,0.7905533733843556,0.6541797015992598,0.28689688763426335,-0.49859794978003047,0.17797716770130262,0.10260567867774117,-0.016896155378302198,-0.9077075241208266,0.8937555424729636,0.33339383192409144,-0.07373412754187633,-0.768207177342238,0.2518679418842836,-0.2944161235355696,-0.727108055508137,1.4415902000949807,-0.20456634418038627,0.5776904714659642,-0.6844264350247818,-0.36380342112871344,-0.13009506328211634,0.7280745286847958,-1.1518086804185497,0.8143355101736404,-0.2991108159546497,0.1815249804133075,-0.2527172247788205,0.04273077814562924,0.4532902759875688
-0.1851806876638183,-1.0141586309108894,-0.1924080895869842,0.2797720200200938,-0.8348206571351084,0.42833659597182094,0.7176909835096001,-0.6787117441083743,-0.5601799712327213,1.246154859290846,-0.4309291176473839,-0.18960945329112003,0.07517542501064982,-0.6082979847647637,0.6304111417110423,0.6989579878748438,-0.6497310685720992,0.7681192617840515,0.8809962567857446,0.20241014171129212,-0.14048748053117965,-0.4426240277453566,-0.14683056677786208,0.26395055157836245,0.036519677306509804,0.2528571346895292,-0.10080619112096474,-0.57752351264303,1.0758197606678395,-0.33329538795301084,0.7817559142424246,0.3410882338663518,-0.42336413358165154,-0.3811966833503678,-0.36236094452780687,0.8411986706100584,0.7808588613341401,1.5124592575881877,0.03147860488785417,-0.31733114150259867,-0.10819340210848397,0.9941581593686126,-0.03082546978495345,-1.0919809945695398,0.7245663639562964,0.2731284887886931,-0.00525498175051279,-0.7825284574759872,0.1646777549887608,-0.4579692424826752,-0.4768460839841682,0.6475051246301513,-0.43308372764151754,0.5492170615388217,-1.2093333488871358,-0.28946308192887626,0.15463004411537545,1.1536491290945974,-1.1652115415960869,1.032651137749026,-0.36127265201599507,0.31374800536216363,0.1478417498869198,0.17678077386092644,0.45836198346265833
