July_4,May_5,July,April_8,April_2,October_5,April_3,June_3,November_4,September_2,October_3,March_3,September_3,May_3,June_2,June,January_2,November,May_4,April_6,October_2,May,July_5,October_4,May_6,January,December,November_2,July_3,April,May_2,June_4,December_2,March_2,July_2,April_5,April_7,October,April_4,November_3,February,March,August,September,February_2
-0.03564637818086586,-0.29725408918668556,0.11687675578002171,-0.7522319368920098,0.4675791515789281,0.015343881156559568,-0.12840940562140316,-0.04174801974477339,0.49429870919770874,-0.31394087797848563,0.0576880643381198,0.592321730026447,0.2969682552420946,0.5603120658870102,0.17229929591545776,0.07808843022399642,-0.4171569216557717,-0.518085175494069,-0.27114170391644504,0.3557187731859316,-0.672753667985605,0.22955649558918625,-0.14461547282617304,0.16518241094632835,0.1546378370064579,-0.5212211282839684,-0.042286655681832416,0.24884989834914095,0.677031232527379,-0.11206684886593561,-0.14334258131620775,-0.25943284772627273,0.3589491915334807,-0.26553520717508405,-0.42981009292528,-0.4710399575996013,-0.7406674482420357,-0.4688941849207465,0.7474322296777712,0.7536457788218512,-0.5241070777320044,-0.535242742302008,-0.23352215270860402,-0.7192408676462297,0.45434637113849674
-0.03564637818086586,0.2892946679281583,0.11687675578002171,-0.5071753115757942,0.7754964901613621,0.015343881156559568,0.07655643989840868,-0.04174801974477339,0.49429870919770874,-0.31394087797848563,0.0576880643381198,0.5121523739744546,0.2969682552420946,1.0677998426720252,0.17229929591545776,0.07808843022399642,-0.39925935435906595,-0.518085175494069,0.11652181641940897,0.30283197778666254,-0.672753667985605,0.1025149119721772,-0.14461547282617304,0.16518241094632835,-0.28432583934611627,-0.5925526431373631,-0.042286655681832416,0.24884989834914095,0.677031232527379,0.0013479859894287016,0.5010637921912657,-0.25943284772627273,0.3589491915334807,-0.6074366452005525,-0.42981009292528,-0.3394687968788952,-0.34434813272164555,-0.4688941849207465,0.9174078897735278,0.7536457788218512,-0.03459413949881136,0.1428290817429237,-0.23352215270860402,-0.7192408676462297,-0.26512956110110497
-0.02660945104087204,0.33281548385611776,-0.5259547336055139,-0.5386915599088065,0.330256765531884,0.08445980689153933,-0.179883745909946,-0.03651038333123548,0.540118693108634,-0.41089099984567273,-0.16607498646359858,0.4055066592313599,0.8189217998794083,0.5468534433643818,0.18370784504845666,0.2395985378928736,-0.5799614170718738,-0.10650022928272028,-0.1284311555016756,0.5023988702964886,-0.524452121159731,0.36768557855313344,0.18236274496481106,0.011641261737048526,0.015082983891862342,-0.31059110251614763,-0.2550076100296593,0.5662059706911258,0.6517198332099587,0.12839017971960814,0.4230623495683491,-0.3029312231461456,-0.18162361195835358,-0.09522624079342218,-0.10778704001466859,-0.7086040250456306,-0.3896126833105277,-0.07056064193306134,0.7936624821215204,0.6329085213306371,-0.7347754673208129,0.0608652448584968,-0.3939115863449024,-0.30476651553635853,0.21767086788035114
-0.05029387054372126,-0.07242237801549645,-0.27680108056858604,-0.37553922944028656,0.4995155719120828,0.10701637275157405,-0.0944892246856111,0.20041014730621126,0.4703855101490457,-0.3069937044368448,-0.07280847143024329,-0.02454820689138458,0.6228594898025738,0.6095036524722686,0.4113617823447782,-0.28453450384411644,0.09234036242767174,-0.041864481759221604,0.2652495946207817,0.2651897453298674,-1.0451203919308893,0.38530834785611,-0.2147441959061483,-0.44008015652156873,0.14540602547286763,-0.7511455117040471,-0.11618778250175019,0.11461633076597261,0.49632796645321103,0.2736736396422895,0.6201118721225357,-0.19585144035838792,0.3542581768324408,-0.22271970602558802,-0.32201325448222506,-0.46845488536698227,-0.150195144819757,-0.4507855177606158,1.3173362967674225,0.6351443624809047,-0.339572587178706,-0.1304243484203241,-0.229268686735846,-0.4583747628655426,0.087787380253561
-0.2409371230263308,0.3928984899828612,-0.01714082377740954,-0.5319188167920766,-0.011843312296483777,-0.32409481446338717,0.0356874856943807,0.17182899629939222,0.652327240273104,-0.4684448447359405,-0.20709194720110152,0.5871607228643415,0.3934993405565247,0.6162026646287455,0.22910162265416167,-0.3100069276817999,0.4948134283821884,0.31872089744084603,-0.1125918717222778,0.3845516262961113,-0.620593558117487,0.24266021730444348,-0.015433398201384618,0.21727690043128323,0.35334509086763766,-0.4760159103772494,-0.06281333501091116,0.20508933630429155,0.4292560273578838,-0.14843431594726564,0.8024526192386807,-0.43840122143734744,-0.057301773757734153,0.10034114522955247,-0.28026618009915977,-0.19568973348629576,-0.33566807631865764,-0.6602103185834515,0.6625000802953355,0.5840827290060085,-0.3697438806510036,-0.09989361742717195,-0.6950591644352817,-0.2805988658588966,0.15115789994492979
-0.6739671836728682,-0.03244707624473956,0.5840254449150426,-0.546058157549239,-0.0340512716887445,0.11525164752866796,-0.17355652122280976,0.2806575342280501,0.5865729433541363,-0.12042029865006951,-0.08249968691176227,0.5073083013593344,0.40227895745702774,0.4098100005077551,0.3823428214904739,0.0004933116168915203,-0.09171786701461114,-0.2005876245301615,0.3635396367806122,0.34774012116442066,-0.5900225037158615,0.12507217617734498,-0.12520832596383064,-0.23396956158855547,0.3344207437341915,-0.3444757720953087,-0.12247001172190763,0.18109379003299753,0.1144949682183716,-0.06445533370393589,0.3465010064249606,-0.7077712878676379,0.1424906701837751,-0.43669309769092324,0.09078433613956871,-0.21783315325021846,-0.798252594726778,-0.7214181941257612,1.0702597266671148,0.16786394377524835,-0.5501175483635866,-0.18215166163375268,-0.489440846663328,-0.31348601809059584,0.1461337210380074
-0.10128596667765749,0.3029824640933515,0.39309836232435547,-0.5966413521135872,-0.17036740428698605,0.17599379801415224,0.0036937969004235405,0.24433253857551798,0.7766532489564311,-0.20948481716180922,0.06160417387124764,0.4403112051098558,0.5937277027515251,0.5551304704379112,0.29647266514134246,-0.06330695495239409,-0.08175295504429123,-0.05453753003670575,0.19648657486022914,-0.008111392111754087,-0.37552702067298216,0.11878267366360015,0.08438944081048735,-0.04763318654192601,0.03440703493638782,-0.562442962476928,-0.14079470254261406,0.15482259071568996,0.3174632002544477,-0.26988998423420946,0.4808507755925633,-0.5414543293973029,0.28251284638819063,-0.35299608527398296,-0.42647588871286174,-0.46769499810998366,-0.333763625566267,-0.41851856114476044,1.3236565757174057,0.4018711236888084,-0.823181597085374,-0.029437837726114253,-0.1534441933949191,-0.8401372949859323,-0.43585332029528434
0.11392934468007268,-0.08162937375956456,0.23444760052231245,-0.1258648082388694,0.0071137771629210395,0.07938280810335317,-0.08209528357214207,0.10226677747622659,0.5257155610910191,0.07906144643149,0.13763216196107733,0.21273407562990693,0.5481734380585169,0.7071425782824339,0.30563649404352433,0.12430855634481036,0.3218582007824511,-0.06150251273181262,0.1949969781397764,0.34415877077323764,-0.526431061456002,0.7786947490333568,0.7936249844074401,0.22657824428391926,-0.005120113608142407,-0.6486570973422492,-0.28302930163952644,-0.12753090677909376,0.8272869322004176,-0.0985760666902271,0.24804673057501747,-0.4568272294247946,-0.39850018315583785,-0.5357711461192014,-1.1718677171334462,-0.09178546869720125,-0.7432147127059123,-0.3378446235819975,0.816911969992697,0.7668472352840917,-0.40649368259919694,0.3990400383051374,-0.24839554823900878,-0.19448525005111472,-0.41115449815934935
0.007671400895654129,0.3292872744780131,0.08868343317426682,-0.2444209999960163,0.7477847553448046,-0.11481468923739518,-0.06037697570183574,0.20496441299773416,0.9051534639211343,-0.0757624300912141,0.050839009129976354,-0.05602559544965563,0.5757343556265028,0.8126575771886184,-0.0605262005330454,-0.6922916746977552,-0.6167273072754655,-0.10196391966189006,0.825946365955057,0.32922957573277917,-0.1287096458071973,0.5508988969437524,-0.5362051836559705,-0.06197505082552651,-0.3423457649720516,-0.7121167725301768,-0.03929143568385696,0.24466432948831765,0.18630674082985038,0.015472949005659722,0.33137411626754754,-0.6056122765789707,-0.7169199492518697,-0.16515007171059834,-0.27205419547829623,0.06227948935014119,-0.5849383869441331,-0.515346999969615,0.3554618404165357,0.5789458851502308,-0.4963900716196885,-0.09666101049069442,-0.3293694154020159,-0.44261224129685256,-0.18178004109475018
-0.07541728778490067,0.35318080078664327,0.031045386032289374,-0.4297411975074766,0.263943974285223,-0.07463605112380997,-0.19387605910344652,-0.43741016009806716,0.36304397519361054,-0.20957113497217583,-0.20925953247777493,0.02625565268194016,0.3908215023370463,0.8405389690861573,0.3720861198593025,-0.6665967934312009,0.4062616855101859,-0.12162120431080294,0.43303897061116403,0.34584479327929196,-0.7314574738161735,-0.3212980766790573,-0.024824404663772878,-0.22730338601111288,-0.060083643069489184,-0.5863761319977653,-0.5034314360879253,0.520107364228843,-0.14898511205367204,-0.21415380362958608,0.2506200362049429,-0.5703984516721236,-0.40614601802907413,-0.5819661157728432,-0.40585146969669644,-0.06603486762210542,-0.8469646624666503,-0.4229127516407184,0.865205072719171,0.30183118978707396,-0.39523150430245607,-0.17391767844999778,-0.5169843152302269,-0.14770508062534132,0.040095395458154076
-0.4140093348122521,0.4223123543414124,0.5204580201809716,-0.49889957351318176,0.1359673645320471,0.48842392259436795,0.032416012266887534,-0.2546656849374571,0.48074542172390133,0.2579252201907125,0.23850528932569798,0.2135890231021069,0.2930631891226067,0.8428334298646621,0.37530232659653895,-0.14028454875465884,0.41976753616115675,-0.012299061062114952,0.033636207195959944,0.49302001542514357,-0.5272458383672043,0.6222853982326118,0.36024151109639135,-0.0847398945794606,-0.5495926410580181,-0.5020417580380014,0.13038704002524304,0.25381644647785445,0.24968121938145071,0.11569905779866442,0.7375586286675494,-0.445007336870185,-0.12065711717885333,-0.43749495982763853,-0.44716313806436847,0.10764219293791005,-0.5784160064011735,-0.3147288016115611,0.7973527872606461,0.46314528782637354,-0.6911784180815946,-0.2859099812063523,-0.49730228110009006,-0.15596212230576242,0.17506903618058317
-0.4769312731034572,-0.23634087872723278,0.6457587345154917,-0.4144609348751137,0.16093494457568475,0.07817658597607828,-0.022096228927707795,-0.41233543484494667,0.34229713942521894,0.3782110355223911,-0.2858458855226979,0.6278416146422959,0.1971163813302078,0.5674923032496489,0.5725991347363273,-0.4558087377790803,0.25580820099605395,0.028609354326061195,0.0134911210414555,0.35270993624855895,-0.6304277510321916,-0.11252332780458035,-0.25803077289448223,-0.298685424391237,-0.1852620006850437,-0.7756398084957854,0.1618365700992439,0.3213835398822672,0.022349557527250867,0.08261525427639797,-0.22872157148314598,-0.3966601826473069,-0.2110758055408169,-0.13029484556147125,-0.19368066103769954,-0.36470986581097414,-0.7264460371121131,-0.05944219611025843,0.757408767631768,0.6912175627947575,-0.2523032509506559,-0.26523066399624895,-0.25244025982156676,-0.032144216917852464,-0.42830559858532097
-0.14129168796071254,0.15614135875600219,0.2681688972448929,-0.3925992974674839,0.216077828572462,0.19945017992306419,0.1428405245107637,-0.3661881730477602,-0.18097183685082854,0.09257792860413015,-0.10284704688733116,0.3409683266963697,0.5263170053513551,0.44875954616527786,0.1408719381054878,-0.15958471028597931,-0.6353125835597404,-0.015059899230532199,-0.21180099264197816,0.039963237068642604,-0.27192979313546606,-0.07547960171573675,0.7335389532072915,0.049755924607758115,-0.011738311372443494,-0.6509272791903573,0.05269087972876467,0.0730965550270748,-0.47310243824212217,-0.17193581960446086,0.4455815848210768,-0.5584727395130685,-0.13360065970181287,0.1232427521747589,-0.2503217425991039,-0.44187011766220374,-0.4977056093308329,-0.5080185976141982,0.4149474385954391,0.5114003405344699,-0.577917082721541,-0.013467668275647417,-0.6382704679101838,-0.7578813784354972,0.41310829585836367
0.009308707322632219,0.28742080387678676,0.3960110513209385,0.024898395195082378,-0.16733632590831296,0.19950312834406198,-0.35117488867849495,-0.1794498186591186,0.07318370850583178,0.21396001454001684,-0.14713121794975076,0.3475881034896796,0.5852772967972992,0.2634548098715431,0.5551181695425538,-0.9307281771564557,-0.05898566304375183,-0.06927268926500682,-0.1631050531405555,0.18499832740470157,-0.2849590534174149,0.2191577368630439,0.1436007772475415,-0.025911176315499107,-0.19194076748539501,-0.197313267418198,-0.1587495668337838,-0.1557772601577953,-0.14969857963597072,-0.06664154751425928,0.6442505410045432,-0.3682997054448802,-0.6588694304028826,-0.28413204146612636,-0.11180360067843947,-0.39191863572237484,-0.2503422464760836,-0.7343106376985968,0.6691235234615309,0.8747712504226397,-0.48163906435970527,0.16024116922600423,-0.7440142567357528,-0.17143657465627965,0.13875906779078082
0.0157649623037577,0.06510225436259519,0.49218482190926793,-0.49102996099225915,0.4032095443358723,0.5578987443495816,-0.18370056207386787,0.4044692306156147,-0.01944483204506458,0.3509276372087187,0.18921437835489957,-0.1953277786237519,0.6765685751814063,0.5667586052461919,0.4975929183449339,-0.5592995248174172,0.4819003898488061,0.09995981931073417,0.3440596414132209,0.39380542643584815,-0.9041860425149055,0.05302056222570954,-0.08258444525208061,-0.12021447618237285,-0.1070816856267149,-0.6862823456784442,-0.18768312972216442,-0.3992944850969942,0.36066021205285587,-0.10495294378681264,-0.10030118539071677,-0.29184554323473394,-0.5533234776318845,-0.8177773796954125,-0.31716624527976045,-0.2700146385399468,-0.7500413085018167,-0.5950620605060499,0.7898337211644657,0.8554304929308445,-0.08514937480218092,0.10955496093458883,-0.27759745205148006,-0.15732650308621537,0.2010688973270029
-0.25337849691063347,-0.12572427373063044,0.2658565449479522,0.03997150207616533,0.7262640859717302,0.4268277237897622,0.10678155913845946,-0.0895200953504696,0.6389470302308788,0.13160599571805243,0.10059986015757631,0.42744842066806216,0.5550687306755203,0.4450688086949539,0.4143229858467644,0.4068983644391387,-0.01793912046771512,-0.11013341927014356,0.05290992086391355,0.2448722653067099,-0.3346980942483983,0.43466822350542167,-0.004818111977509566,0.25686532348377855,0.1245085760421098,-0.6170267609384562,-0.02824435580261314,-0.040817299277751844,0.17855348473409793,0.17845087157765593,0.39511900327837096,-0.6657438743264231,-0.13337274569437063,-0.12394143554355769,-0.1962637871276397,-0.4691070398171677,-0.5586437883335922,-0.7384229884620672,0.20956614839544602,0.22219083883461663,-0.34359246757429573,0.28748613626831554,-0.33834846311201966,-0.4883857145152057,0.40157950211087257
-0.039817491375639655,0.1675634161741561,-0.14835232992500522,0.05622845611741835,0.11116372419131214,0.11090511444520024,-0.10995907394274335,-0.035274336657832646,0.326731760646672,0.4942193428993712,-0.2911513015406771,0.4930505964141272,0.5673385050164647,0.6416782110744585,0.4534251370425966,-0.18994789728949196,0.5382102734634686,0.021607431229461342,-0.1886762629814973,0.7345673369485506,-0.4489780267794988,0.11035551055688633,0.7303723754350415,-0.40751097127514674,-0.03975278404540289,-0.32500176051479623,-0.146837378622451,-0.23807333200471736,-0.3011494608339842,0.2856062761112706,0.6047860753452875,-0.3129087624524732,0.09847557673892873,-0.6888558985873715,-0.6386301066296837,-0.21877357058241265,-0.34594943269697465,-0.8951111904581087,0.8452287055871305,0.7303588369149471,-0.526934497671289,0.7119387531209749,-0.4571572626225014,0.20808442049589704,0.22535340053494396
-0.1410783411450386,0.1395395303616287,0.5140824213312918,-0.04101650397072749,0.0013925332923789002,0.5700947585796756,-0.1516869104954727,-0.18789736093091403,0.21899691591174794,0.4142930840508486,0.11087732436533937,0.36140771297396135,0.08404661065111728,0.6303770087158254,0.25035433835300025,0.16063418513168265,0.5544148032033632,0.13008935155281165,-0.7398960305127337,0.3568488585319767,-0.5209349996503669,0.3605100092277419,0.1440331084126941,-0.33525905694419045,0.03541547411881775,-0.4485241951176685,-0.20189026046880737,-0.10345633825163668,0.038356706757863214,0.07092502601975965,0.5621858517787194,-0.2517332364992623,-0.3765550282913154,-0.3556291880560275,-0.6343145154491335,-0.4936851259405456,-0.5012602061170122,-0.8811517627496875,0.19276499784211756,0.5280397793021692,0.0742168889515997,-0.1073974605873759,-0.08065505769235749,-0.2273160983777473,0.3057265674133855
0.3013975978497299,0.028531856754538204,0.1426077740952511,-0.1779788478103317,0.14232604636302448,-0.07785488302972728,-0.04350895844971617,0.0460116320574875,0.35064079727459274,0.21941647646059587,-0.0040479404144991085,0.1805718074831011,0.36542749761191506,0.39259483888930635,0.3950435957890042,0.23506290756797837,0.499780377701457,-0.08377243960808517,0.010281375063420063,0.1800634054378959,-1.050700159295807,-0.06895061188386237,0.2987399233749526,-0.30086708204044477,0.2251831412800529,-0.1960785092485371,-0.2939223730152081,-0.43956277515679676,0.1849389326759639,0.06741191156472133,0.05534252492140092,-0.6612285133984095,-0.43328663853456184,-0.45735336250943937,-0.47056713545381673,-0.12395967250617798,-0.5889693843566282,-0.43011980450199067,0.11236082640599405,1.0369756946818418,-0.18097480767806962,-0.05919931360494016,-0.3921022933349567,-0.35084334049387134,0.3135845805609745
0.12300910836935747,0.1517257501566111,0.6035380115993848,-0.34788441699400025,0.17941324859302915,0.101712079174108,-0.04135498537171613,-0.35479392989960834,0.23196215951584237,0.23633692841684753,0.015962971618777348,-0.39788022763152986,0.17265684497417752,0.6708932987751889,0.4042484320604087,0.24524875557249207,-0.1417492490196779,-0.43449042676345906,-0.37393064886808025,0.5882851492687364,-0.5593374839268387,0.091936268826108,0.13202968824616562,-0.20006719990998773,-0.41133881479114254,-0.47340550668656917,0.15060234847128592,-0.5441421815606788,-0.35632788412129046,-0.02026708571857161,0.044860771725219496,-0.13145488838346261,-0.4279315865114131,-0.48054012467536017,-0.07893969978649401,-0.3043596881515316,-0.7794418677758442,-0.08608832118749743,0.46023439812061623,0.8239787795142092,-0.5518535191291608,-0.34799010117428436,-0.17405775590173375,-0.22214582022533252,0.6062967978763901
-0.5370364717076066,0.212023385390269,0.35453403072359935,-0.21127624903614256,0.418707130963326,0.4737495272921303,-0.20864738437509894,-0.20965919137051087,-0.01591885779052591,0.493722417804603,0.0011305759262474069,0.09589411735747978,-0.003178509276962862,0.21420139231045643,0.22120076519100498,0.08366900764241375,-0.26590368822987026,-0.20844671292319475,-0.38107517094759497,0.19972956611049242,-1.168442097036718,-0.19304750365917073,-0.035914360607671524,-0.3686380219594648,-0.4433566318198232,-0.5364976984604212,0.10643964938623057,-0.19883696691905275,-0.026346696547914494,0.0002447802022284701,0.29398427487003664,-0.5387996485973514,-0.14214158226303938,-0.18724825075343363,-0.21822640448242694,0.11595734769171817,-0.5953430751420318,-0.3502335019204159,0.486454387455728,0.6860698931754248,-0.7318711383159353,0.013926622331324787,-0.4973443218658719,-0.5597271867961084,0.27674336695393403
0.10402450998935342,-0.08916392419145872,0.22282338609383748,-0.1235769953222387,0.9863536199307429,0.6305194533421072,0.3153027680044784,0.02270965768174721,-0.08206667891776252,0.6598423415556717,0.2655560433027932,0.1338458743685409,0.24230013282869098,0.3914066241694656,0.5329850308459059,-0.46648360346716716,-0.5764429920753726,-0.14263905495181162,-0.34087668461234893,0.20642484706885364,-0.6183883848949713,0.00825372447951768,0.07717617672882167,0.13420683649372742,-0.5020980646047946,-0.5952166420049487,-0.011539824878796498,-0.5076913435211474,0.004470013195625802,0.010891593751289688,-0.2978314744148662,-0.41835938996357985,0.16483312271279663,-0.034566155576502666,-0.633635324136635,-0.2330156828398489,-0.6436698634058393,-0.6867352655460158,-0.28185318282870736,1.0555452792927114,-0.17231406325150112,0.31238051517658433,-0.5514998315630144,0.02244632752326607,0.46543719817430207
-0.07438815303158146,-0.01061073634686105,0.23311856890150412,-0.6127216279648346,0.3830874140533751,0.7410228233953637,-0.185728491673393,-0.06248244772307588,0.11320666932804802,0.723978113030936,0.07045280659359608,-0.2769064774264822,0.21111384506013273,0.49264461414526334,0.7432714029911155,-0.2731845972330251,-0.21267882489655435,-0.3110949125187945,0.018889292043726982,0.4477716764205919,-0.7446444504939815,-0.2667468506464392,0.09440888574707589,-0.7524477483171528,-0.7288499380301856,-0.49944015599446595,0.07779224484362705,-0.10611256416201949,-1.2262380996542395,-0.05426571718339457,-0.2095090846444877,-0.37611222101519837,-0.06096235645962792,-0.09459829386840543,-0.145761241068541,-0.4921284804833618,-0.63949755420433,-0.06661769166157354,0.5556349031489998,0.44474349609798947,-0.28944418086201396,0.0885243618473622,-0.7550139646168774,-0.47536210700624687,0.026136018800497568
-0.0535407569012377,0.302234115912308,-0.18040436835385237,-0.6975129166302898,0.26472344331435527,0.9620036524032204,-0.15511748043196263,0.2198044598437134,0.29189841169296227,1.025465098041362,0.37734442902796783,-0.4050394837069075,0.5018142756612292,0.23597888577984197,0.6798986965131261,-0.8461867253552121,0.42030504694379134,-0.06365541961239625,-0.15001458375067953,0.49636180761796067,-0.7803446423407234,-0.24630181601286935,-0.07309648370877064,-0.5329584970470534,-0.43004287339541186,-0.20809858979289683,0.06815759362943519,-0.20743197668752675,0.10641905264484307,0.15929473775544906,0.15192119372413793,-0.21883654874318453,-0.2358050983796568,-0.22089350283857276,-0.5473014012696792,-0.17194630657648718,-0.29818901952864985,-0.4248909516385711,0.7272594845893143,0.5802285893214137,-0.5766849315852448,-0.14380143518150967,0.07220141972620438,-0.2423915048023813,0.33895341471557
0.07445205361591536,0.08709096237754183,0.4191125166585381,-0.4417585742150819,0.7144878184019909,0.2930781011012877,0.13861556102588948,-0.3188328264373923,0.18381810367378154,0.6269532983666063,-0.3062850159621924,-0.06506352596596554,0.46992390767213693,0.7916482966297519,0.7826576156205965,0.04386667684097414,-0.14327550311651466,0.11122531679803539,-0.011715062008829692,0.5553895290196139,-0.955933942719239,-0.028347205868431563,0.6672548028875704,-0.5413390470274424,-0.2435492919342077,-0.6907385961441866,-0.21541798395750728,0.03914010220766376,-0.2880192821608078,0.11093808571841576,-0.09654631938738809,-0.5447423413115666,0.14160665217772278,-0.5459336667041343,-0.6648604482255471,0.06305571435653588,-0.7454040080642534,-0.9200138083992988,0.08325164185105946,0.2960219605920972,-0.3412002749914531,0.06236874412846373,-0.32669610030213403,0.002653680835271205,0.5986418915211762
-0.027404821946349543,-0.2722048966109133,-0.04539592900859372,-0.03538717659103291,0.5035808015783148,-0.013222301244231537,-0.10896464988363994,-0.07754543999515863,0.24406951701520055,0.5195651820020868,-0.062219287255473425,0.3535525719219671,0.28702510371174744,0.26176439318737443,0.5884095668112269,0.0028793029860257197,-0.5350596808786405,-0.6153935393291823,-0.3114072537211582,0.09476404537258111,-0.44752613334730923,-0.5101866673905936,0.17767871638730118,0.25342843418112826,-0.5281881309145043,-0.911668541709439,0.1927162680613564,-0.0823081691723496,-0.2595984887524879,-0.09326712160542366,-0.5182257600655491,-0.5193764925919901,-0.28176619493795335,-0.2598184951186921,-0.13823872852364502,-0.03959104447505847,-0.30745037247861007,-0.46723434836366184,0.263030613882067,0.4615984310093044,-0.3459479515623423,-0.4977299154610001,-0.29192184273263055,-0.5898874890675244,0.42494386477120544
0.023710505630494517,0.24623233939872133,0.12176971798703694,0.01549636487145957,0.3434403678797584,0.9225026026283324,-0.09592165170790097,-0.8403875873818907,0.011473181445651362,0.4814356105026938,0.284145013197595,0.394729791040016,0.41767991662909926,0.30004481684095224,0.5162446531061812,0.04933156561874118,0.6652543789061403,-0.011079480416408272,-0.3795954384185865,0.5791107951321527,-1.0767620174117931,-0.41106979630545154,0.41602203358299683,-0.17559106748300402,-0.29290009565279473,-0.6997562006594136,0.20821443739555356,-0.2572291592027792,-0.5430138175481365,-0.1403368567665244,-0.27313741924248947,-0.05862610163121247,0.07644743808914534,-0.35436577744772274,-0.5557444769208341,-0.47975632029442145,-0.46368567621225054,-0.6707746098133848,0.5495504261346812,1.309192978892497,-0.1651939767949352,0.2737505888739194,-0.2101916724760296,-0.15551500876110969,0.09775999410164965
-0.019547272217574754,0.25518581769440596,-0.07671278288298361,-0.06982203957676235,0.4006640185405711,0.18685035486417328,-0.03859899973365496,-0.14952601063130888,0.1913400640029434,0.4558058657082579,0.04360444604129628,-0.02481057966262748,0.9666016137372243,0.41522619134592537,0.5171702043887139,0.06270120588269507,-0.2308595380944178,0.04118302576073634,-0.30873687892099094,0.3966850767995349,-0.8696143395276438,-0.1652342555813755,0.15049296277888133,-0.010271755239602755,-0.5570793605973352,-0.353643447199204,0.047943225325128694,0.09843705194030467,-0.18420475700939443,0.08201086776163083,-0.04273548163050899,-0.529946554881969,-0.7162663857261822,-0.2887042169846521,-0.3470193770895398,-0.38454104157960906,0.1801523001448831,-0.5017700372079346,0.6245487213783681,0.7034802250458061,-0.12226332327469046,-0.4375443229279426,-0.16184100724895778,-0.46538755176890545,0.7046480866480734
-0.3474542835643399,0.12219784147130144,0.11381207887370336,-0.3862884318246352,0.656566451182961,0.5896636483316781,0.0458175991741521,0.07502735297918378,-0.022639042153016542,0.4629758873974643,0.14903621802870973,-0.07950867690918291,0.42616916034202734,0.2614826151441898,0.5929958749121296,0.11888818949140126,0.06521734877780208,-0.1852134995530155,0.006697221272017967,0.21735107605114892,-0.8246699500856208,0.0998497041273809,-0.2860248953772479,0.0435803734203502,-0.2564046881324723,-0.6429218649834046,-0.18803536401418003,-0.0928453988099171,-0.594080091845027,-0.1702030270631003,-0.1538117744474392,0.014391344294574199,0.25737371855137736,-0.7252135790203474,0.07737632751349094,0.16544325289507794,-0.5493148967483743,-0.5261211995159125,0.047324751971265164,0.7065509821264464,-0.22843070585891267,0.2548790350304826,-0.34440877605869835,-0.2250147062927075,0.10068423164519494
-0.2962429596103286,0.02086347349774111,0.4479969790020013,-0.3636066722293902,0.7027942765151809,1.0887889928580081,0.048446270425689685,-0.747904682283372,0.09945305115065856,1.020378022377937,0.31250557440182397,0.4239787392762101,0.13041890469824485,0.3229712913307004,0.11218550704890343,-0.3928767507545464,-0.3136626162534832,-0.35974718632051383,0.06460163365076466,0.46883749248679824,-0.7297739216687229,-0.2963549731942139,0.09366649308958187,-0.012032319312551831,-0.5462270049107399,-0.4656698785801774,-0.17872316261905385,-0.16048937028569712,-0.4430726433781119,-0.09482583084951275,-0.6547236400965151,-0.38515041806953904,0.07438280609723673,0.1572989702273183,-0.20696234299313648,-0.257959157414278,-0.34818304057661525,-0.28146063831772866,0.6131562128704539,0.5700252940879083,-0.4224052472076685,-0.13891103455117187,-0.6365332564407157,-0.05903247423549334,0.35810106721650525
-0.004430436379665975,0.11568389550093212,-0.19610318486719663,0.08911014299021917,0.1721642393838025,0.6642658806545895,-0.08702741529460602,-0.24132114439817803,0.07356668770353977,0.44618044947439045,0.3234273070254385,0.3507215200160805,0.7168599673430512,0.43188889233218497,0.49386246526561667,0.18087657115738087,0.3461424089507357,-0.3019723280854705,-0.5310220298815269,0.2545476478445646,-0.2314313328367229,-0.05905634616836632,-0.2129430518193401,-0.2730990639021572,-0.04933512683120573,-0.6499646636058496,0.13160900016230975,0.20370424140107435,-0.33423679085293706,-0.09232670076988983,0.051565018197292395,-0.8128618233707218,-0.3643117558671516,0.17776697689277565,-0.5831348586324216,-0.007613724536903177,-0.23504689040622626,-0.44794558104609,0.6493890171214388,0.2701674056515615,-0.5590217971655422,-0.1529913564264276,-0.7615802000895104,-0.37380517446411815,0.3729606669725606
-0.4159826725730435,0.11783969393693676,-0.09591324820901304,0.10005771252648066,0.43727161957416316,0.4751581565251895,-0.2560015632712468,-0.08201760818051115,0.03646143794839262,0.1681816490789544,0.4600028074218092,0.24960331454195686,0.8299140289183944,0.1855638780837386,0.615897118218113,-0.37025357067941334,0.6764536679213177,0.11616591665328307,-0.39744078534544164,0.22906004937277447,0.41403146419334413,-0.4719617206067909,0.020940430511790876,-0.09242117526609935,-0.041481232180425084,-0.621529311633809,-0.4414936680745977,-0.2873269078278623,-0.22246055648598628,-0.13898932849039008,0.37848626836348226,-0.5288240924711121,0.026760348905004998,-0.673155094816751,-0.17876391672009662,-0.26899485842263493,-0.20512940222020198,-0.8272505491205121,0.530560023901298,0.5379708945644903,-0.022533102847921045,0.21700483972171192,-0.568544871548825,-0.2202480988981942,0.8467478538639209
-0.33728449551588735,-0.3124722948908146,0.5415388002174057,-0.28040890009738106,0.2579343759606676,0.5611260305435721,-0.003995317800689416,-0.49949867397144104,-0.0944650078571912,0.544529602153511,0.2257747237559825,-0.14558749443481672,0.46588076672295675,0.058814717631484714,0.32231107632715655,-0.621225642641562,0.16522532409977198,-0.3386524384842613,-0.13853916216724543,0.5875781042277299,-0.9971557705564906,0.035263754086894084,1.019466216440824,0.038233308497149864,-0.32933678841917857,-0.724553758079197,-0.009362054442841418,-0.28483365746934397,-1.1156410597656063,-0.41656599311608994,-0.1888367024011145,-0.08477527802275979,0.10267797006747165,-0.8479092543204935,-0.4624091650921975,-0.09300726777544983,-0.48442996768966595,-0.44514843310700136,0.766142705286935,0.6301137644554397,0.0243325532166828,0.04791042926751591,-0.28076594653547154,-0.7681043653589771,0.843721811506157
-0.2779678483753043,-0.2799606439588286,0.2624253577547144,-0.4498112982003113,0.3076767575821967,0.1182060110705211,0.26649714217993087,-0.42550501936534607,0.010543496781520723,0.5979171031876981,-0.020830209996805363,0.3192022532721316,0.2685686170296214,0.6974545664380867,0.4566505035524525,-0.3908999606961613,0.026330352460368904,-0.09544235137757806,0.0061226014361598635,0.37911952409927835,-0.6233859251100745,-0.25048864456267306,0.5061418815811232,-0.20652906459318413,-0.14462933314514498,-0.8834416421663078,-0.07067135241746146,-0.1567898951695234,0.006566977005980891,0.003183765399648056,-0.611811288299328,-0.36211535302859255,-0.3092514377992376,-0.20665255332572224,-0.6016066690553884,-0.28370332633330314,-0.7078190864595062,-0.4569034549747793,0.22590248014065348,0.8110095443811064,-0.3071764640374903,-0.24487892199482295,-0.6831898845674786,-0.3292130690126789,0.22122044722041065
-0.4926805247515222,-0.05642355968915021,0.30364697256824347,-0.259469425934699,1.107241408590588,0.49509082822820344,-6.677310478167553e-06,0.10817486117961309,-0.0969734167635837,0.907524233566014,0.2529305029629704,0.0932524168540122,0.47193546726915525,0.19695811639341582,0.41533753177307997,0.037004721479520226,-0.42276321594446625,-0.3111539974849431,0.1276190114036038,0.03929786304685506,-0.6194827216746157,-0.6786118891141331,0.04946558329784384,0.295454739233166,-0.35353411760003706,-0.4350666252806551,-0.012792909774562239,-0.27215494068770113,0.23488382575380437,-0.06379542716530905,-0.5115098320015483,-0.4885083688118079,-0.48731105159355137,-0.34812617852240324,-0.3800181408659515,0.2787627306672393,-0.11746385352005828,-0.2729344636917759,0.39466186740162124,0.5753903953204375,-0.1428979517127047,-0.4162714413430608,-0.14024472968677468,-0.2856453136689954,0.662478961636949
-0.6846819082182202,0.09543869358776128,0.206132782853615,-0.031489567958080264,0.6350848004950567,0.5543834549552413,0.07635444219032717,-0.31000812666140143,-0.04550909680219749,0.8783578682892498,0.38246242433567923,-0.05873561293673145,0.3414698292061941,0.6887565739240676,0.37819256401631335,0.24014403660618813,0.35044035812181634,-0.388709482648018,-0.20393561419592596,0.5740213159690635,-0.7129044757071658,-0.16760130331979106,0.33970438740166187,-0.05775917364459276,-0.7191862048847754,-0.5024163751452704,0.06234645483709914,-0.4084453994050634,-0.6437661147095035,0.04527034649802944,-0.33076980312235577,0.03291316140067489,-0.2950074670752946,-0.36603972841330534,-0.4285593649000853,-0.06718605726563634,-0.6378297097920397,-0.5893016613392482,0.052234686437428686,0.6263111465653751,-0.15005776532043355,-0.12152842152047008,-0.3001470631453854,-0.4669077392303889,0.7067899615810269
-0.7665782895360378,-0.08203201934363719,0.47462744260509404,-0.395774830552996,0.7016316019936015,0.4526233104755394,0.17698528722342186,-0.4283492061758899,-0.05933398290316047,0.3318960740533598,0.07144642409978087,0.16539052103114413,0.30897819459762677,0.7027121651612599,0.41239069432994135,0.23180781772585365,-0.2152506039436598,-0.09895149814903581,0.27990097663622776,0.09593637752024062,-0.8065492164831938,0.022466826543271243,0.0682788229782727,-0.3396674705598011,-0.37865986629869675,-0.8338745800670697,-0.1503517504163127,-0.39451074251058876,-0.9954295725195987,-0.10535895490704635,-0.4609524747669205,-0.10198697677600368,-0.07659452499322611,-0.34620821601637,-0.4233041943183272,-0.06851202040954377,-0.5602174287678303,-0.49802004053258225,0.49167746525735107,0.1796957566412792,-0.21290350487523274,-0.02889291592489609,-0.6176062426729491,-0.31067121676953957,0.7611179039049368
-0.3799829949226953,0.016871544586467863,-0.05831099446479916,-0.22854441459443134,0.490318700992446,0.20279789380583108,0.10742904851066279,-0.4807396100346412,0.41468404498247896,0.6042685566341315,0.029846572999808054,-0.01702405811439249,0.6824173859685079,0.42218225934424103,0.6831071318467716,-0.3856416195988165,-0.500550344799849,-0.05597463070184775,-0.11026597442152224,0.23824533058994973,-0.3199732117448541,-0.18615580897019496,0.5083378952989135,0.1781296987227888,-0.3824748451944343,-0.5906513225731977,-0.21695774371383894,-0.48305087605673996,-0.4224104756516829,0.15426452949140396,-0.18610086652450117,-0.22284683902639474,-0.1236950221342375,-0.4374373324746144,-0.07453890554156446,0.049788652048858545,-0.41271604353746494,0.07163735432637916,0.040658668546056376,0.7304340061929327,-0.33207638531001726,-0.1742546141000243,-0.7131446170052549,-0.11329294798614166,0.9219331301881406
-0.2665142629584688,0.30142223771435905,-0.0007719345022426521,0.19254223088349504,0.09962652102739933,0.4230653519803625,0.09167996144285752,-0.23822957085617302,-0.019269339474327168,0.6193738856861973,0.021077006604302354,0.4611845173502964,0.1321225669694135,0.47290318264599873,0.4127771270361317,0.13397422449380345,0.9454904041658801,0.019291544708215765,-0.04200760958731796,0.35429755344788344,-0.7495660364668514,-0.18233414235103954,-0.1497055837561223,-0.3978216422654016,-0.4246639620048255,-0.4931616934700177,0.09208937344625218,-0.03036554072736574,0.4292652818922602,0.17741817044974253,0.17158168242448524,-0.48515083519767227,0.41233753552519187,-0.35482316666558333,-0.3436886782490538,0.08345106555148196,-0.19215276213798616,-0.45541940752185184,0.5434761296135314,0.6129530464889165,-0.41881220086799364,0.10873325821848115,-0.3679749652740979,0.09012889970765611,-0.17935056730401314
-0.3905874711317553,0.006721314502753047,0.28371952553091717,-0.1970859722732169,0.5945296245696999,0.4271090597624577,0.19312706044270034,-0.22392004893938394,-0.4020320390690262,0.9647873539818381,0.14817421716028997,-0.28030061849997345,1.0913508396925207,0.5121289280826358,0.7306297275045968,-0.09048713271883677,0.4163218835672838,-0.21367379298021374,0.043134911070577535,0.5568704181879027,-0.8478617255817008,-0.7426032411967939,0.6238279960786335,-0.25968080218841966,-0.6175298098226182,-0.3431696314730923,0.06381099439157317,-0.16616235566130083,-0.45790283015086963,0.22064823217200968,-0.19090437432229213,-0.42469045053750654,-0.3747196403064524,-0.41241554302322353,-0.7458375486690629,0.15985005648559059,-0.41865993478741664,-0.49347754148929174,0.5715116853403837,0.5015075926235805,-0.5966690267725538,-0.12683857292154047,-0.24246725773754305,-0.07174175830247495,0.32288816308254653
-0.18267815627853587,-0.4907551346143765,0.31277098485194227,-0.13096255993138417,0.34943715542551024,0.261970318669262,-0.1293644979973324,-0.2765695970055564,0.6570169548982474,0.5230305498383347,0.004997617570731118,0.3959409111576506,0.3228810032820164,0.13387894425422092,0.22985148759267207,0.6186417129386451,-0.8372124235638994,-0.11752402130927185,-0.2376056998300376,0.03656646598161568,-0.08895226543094227,-0.34975856909722947,-0.1439465130582987,-0.21023180950713197,-0.09227136795832117,-0.6220359835578937,-0.3411539391064069,-0.054718085929687355,-0.7656292746466299,0.026744072459633735,-0.6769443704805627,-0.6714505520046835,-0.2463682155894108,-0.30985514906713446,-0.40207453683009836,-0.18377655318213743,-0.44055511624504523,-0.7158766346454523,0.4741142952395965,0.3532057574848806,-0.406856735948015,0.10546714651407313,-0.5429476750631737,-0.6046140062066484,0.8851031878606735
-0.19959592690630942,0.21329547210296038,-0.03160672653404771,-0.04172686372992794,0.38463573309103993,0.28670783153747537,-0.035210480582351635,0.02116028459277308,0.38796740868981777,0.20365241976942022,0.027419138260946135,0.375251073237853,0.550282129205389,0.11924346329347561,0.9342903419680717,-0.15394101429280857,0.3930865397608795,-0.005485070801599476,-0.48978743672906,0.16443095384708611,-0.8480817206368937,-0.28197678389425884,0.011324910891782308,-0.3684327347544957,0.00870323581031883,-0.5047573018032849,-0.39263959521298114,-0.04091797849879717,-0.6173624937830053,0.04111069895448501,0.3115692304538976,-0.04628794025167937,-0.09925625687091126,0.2669929052448115,-0.3431588996656687,-0.4051760023387473,-0.11276184523559425,-0.8716668399090752,0.1664912485669225,0.1674483035121775,-0.5092071806458663,-0.05431265293678414,-0.8185711276077074,0.17526335652629818,0.5501319584581316
-0.1286059786291875,0.3254792277386518,0.263674135241087,0.21327791554185083,0.4280251374108631,0.475872264088803,-0.24966479219676116,-0.13082316945587902,0.013241016978384132,0.11566455943340308,0.030540848007935408,0.07335201567630742,0.5744942197690839,0.17315885697605543,0.2717981441090127,-0.21146636105701255,0.6029378328323688,-0.04866834653903316,-0.43764987185667414,0.1950680829157074,-1.1926937515612515,-0.4202005887635088,0.0610710861889271,-0.388541655826756,0.008629244509184522,-0.5013080088961536,-0.26028426751574557,-0.1867359801488731,-0.15832416462825516,-0.0257073602532535,0.09773173815201125,-0.6745973684107457,0.08286905807483289,-0.18528449367000388,-0.11408862430930056,-0.21244941076614052,-0.13112976403697824,-0.5907972061980404,0.7305995962708548,0.4102737778597168,-0.2954941943274584,0.2658601408052327,-0.717674262528254,-0.17047374981552704,0.876054350149398
-0.16693705236406398,0.11337301131884439,0.09769969998584435,-0.2802960681367645,0.47674756349606806,0.40287877448342196,0.08116344530810209,-0.17399828050845306,0.38388386209084113,0.7490682852885,0.028796943970658614,0.31581889837745136,0.7371480088901168,0.26401339662132217,0.26471362552356725,-0.35871526054048514,0.2502514717995947,-0.4567104477375369,-0.49316806562472004,0.25596563377511,-1.1971877964953836,-0.3180290994370343,0.12267880541703742,-0.1222304354458903,-0.3365617960843537,-0.1915745751572849,0.27362202951807524,-0.03277703876371495,-0.11180136858596605,-0.1952950907192595,0.08371224284312948,-0.44450481279676424,-0.13486204672874033,0.23235155473863134,-0.8300510508539755,-0.2684098247188895,-0.5167461079971057,-0.40011579727691776,0.3567242148172601,0.02232626683446122,-0.6953510242768568,-0.1459113511925621,-0.3425523194938603,-0.09623432210771589,0.31826369340675636
-0.3384313435652672,-0.12453356334006077,0.4185166874845191,-0.4439914193512786,0.633440600060769,0.7295119902549865,0.08578209862171035,-0.1635405529935101,-0.24177121587912204,0.4068449544688071,0.1932986255764055,-0.1374252091970245,0.636234023308305,0.3559482179569159,0.4613893416938402,-0.014487223983520606,0.08921214268948426,0.15396210135965505,-0.1051365312879606,0.3149845362292142,-1.341282296473246,-0.20283346006684463,-0.05520952659167103,0.23087095785403983,-0.24140584739833054,-0.6170439643386062,-0.3693334848173707,0.0018161186180925062,-0.10179923069688991,-0.4468491603775719,-0.2795446854112575,-0.2771034683345259,-0.05171629786890894,-0.28415942526059246,-0.62978285767153,0.18997633929418892,-0.5544952737086011,-0.4221285864091168,0.3984302303255601,0.4271517268315078,-0.2963274614335306,-0.46026375739626524,-0.2534552878812662,-0.15713897173663469,0.4010960281564693
-0.045586010452917776,-0.03836284304517882,0.495520351247974,-0.456805600723956,0.5361046049002086,0.3401524531088026,0.02633833222658425,-0.2156550128439835,0.24817533694679172,0.8713998757877185,0.038468336459259386,0.38680877866939223,0.43229622605236295,0.3359552239116336,0.5358541808945045,-0.5662116095565823,0.05994847822650427,-0.33680303320763205,-0.2828364256394169,0.19060163198831587,-0.3208209665852775,-0.6047002400952595,0.38509558213483264,-0.14501865884471332,-0.33891910769373496,-0.7002238176024318,-0.044737556827869576,-0.10870399256928205,-0.42801785801440245,0.1027676210728212,-0.24188242012771213,-0.5228960671734508,0.26765272978489124,-0.6733257386997082,-0.7761009757272873,-0.05617170175563993,-0.680183222171624,-0.3960568006674072,0.5488523750604983,0.28836514984308265,-0.16929227729272955,-0.12262401387432482,-0.5295167447509711,0.34704830546304616,0.0924006907342356
-0.25656391903486975,0.2772217939362205,0.26143515033112824,-0.38724993047824546,0.8836452808820313,0.3004411070057862,0.04267219209738375,-0.08840299063106942,0.34670890596469023,0.9950585230384082,0.015666946383046592,0.04319250079425942,-0.06477494349895921,0.35414229569455186,0.4466694248405512,0.23207311243623768,-0.17561363740923003,-0.36754390666648795,-0.448096390043429,0.38790862756261013,-0.8266080666270486,-0.3354691097797772,0.4380561654678353,-0.19475885646064306,-0.5286604451345102,-0.8873360068829942,-0.022407234623503358,-0.1025869862038585,-0.7795556148215114,-0.02457853495318424,-0.011233575132266901,-0.6237957524990511,-0.25113087123456646,-0.1848209246461063,-0.5995165406210685,-0.06440296487103452,-0.06642085338683434,-0.6212847457593291,0.520184406337326,0.16658217993425384,-0.4338160934810113,-0.4736902979319857,-0.6700437095381899,-0.23312704119730399,0.671522823877396
-0.14273539203972269,-0.14697569586192966,0.06737733506206557,-0.30203334926027936,0.897409021731685,0.2540452845334564,0.24467239552806774,0.04942370573698197,0.3383710704634847,0.6332831107458049,-0.11404722351448865,0.6387294391697387,0.02520885618677574,0.4716597589393381,0.6378301562517115,-0.34368102657310495,0.8290180668298747,-0.31568413472415624,-0.5262647950375691,0.2685859228385292,-1.0181375316590398,-0.4803780672925714,0.10321922976980297,-0.35471678986594896,-0.1351987805411078,-0.7365185177777352,-0.01919323156936291,-0.0668735110461807,-0.9444419991752685,-0.1260959683300636,-0.26506378548959386,-0.37481080349774437,-0.409096973643295,-0.10665887968972106,-0.3040269226791917,0.23530057446245164,-0.567398392847326,-0.40590538608430515,0.16837006676134067,0.619749462684329,-0.41022667944820973,-0.1428759183613263,-0.38555662772502713,-0.42883067289960425,0.7652585948726638
-0.22156798289190208,0.10910064769557716,0.12613936491550726,-0.30820123330974847,0.20173855445318042,0.7302955834001797,0.026296630389617104,0.07361997995406953,-0.10957479927795503,0.5667282839940484,0.21709332445001203,0.23712512694090038,-0.016565626790259774,0.30829337752557345,0.3107077068489831,0.3463760330108771,0.5859016743673144,-0.15507859419026845,-0.5935555772253092,0.668052132921523,-1.2194748870884589,-0.15047122460858267,0.3069934184169869,-0.33965531874367144,-0.45914202012092675,-0.7484648239093369,0.10515569792176027,-0.07621651359392626,-0.5167827342185234,-0.03479612020005893,0.11044082561567115,-0.6470636659720903,-0.18879730046537052,-0.16791862684501235,-0.46754856734339595,-0.3575358449179978,-0.5068832350503408,-0.23626861026973567,0.4214509062220985,0.11077686006585073,-0.4171089313684979,-0.38695993984126625,-0.597126592450257,-0.21061260372182675,0.7625687738081358
-0.28551298687599874,0.1827606251822958,0.33947699826069944,-0.20709615482513827,0.10553934889363,-0.047438211941970475,-0.10317383600229765,-0.3214491006337321,0.16032669670096414,0.18624909185536567,-0.3052779576303724,0.006606940949016468,0.22749319036881277,0.18005576261238182,0.7002683273891016,-0.340902596859968,0.3045428562663165,-0.030861889756240456,-0.5655772703077027,0.3910803160240829,-1.237986384826564,-0.12280012572909219,0.13391025147732324,-0.4533972094009817,-0.06780193851638955,-0.7058001092933802,-0.27457505309755004,0.15942226939218346,-0.5233553466206319,0.0053591260661246115,-0.21267409311876612,-0.37077604021440136,-0.034235519987806745,-0.5241209556358865,-0.16573486170888901,0.12431157785117072,-0.19164683627269385,-0.7577697356810678,1.2350742099249163,0.08321045276838608,-0.4411150799608232,-0.04464016708364559,-0.2150539246940273,0.07839560394714348,0.3921254193806075
-0.13372257285900988,0.0577003033725305,0.09700036860204009,0.1198600945939599,0.39051518660139756,0.41725891811848514,-0.20038447989745667,0.03807298771206704,0.3228103308452918,0.40241580838234703,0.21139159867959065,0.26358191705974904,0.4034653992075271,0.4272474055674541,0.4285648752695807,0.29841771046663884,0.8000644556434124,-0.17945950802989244,-0.6483510385535025,0.09537839712922996,-0.7734019434159931,0.29143048840593305,-0.23721327210011606,-0.40487331542031835,-0.23133151107609115,-0.49942712684886736,-0.2476958180723874,-0.22336810582630823,0.8456722486455293,-0.024687312019211836,0.3953440447263472,-0.564123454722469,-0.11027324515488487,-0.13363282381380254,-0.6802293679403184,-0.22126157512453137,-0.2928617033144343,-0.4115922360136085,0.776592592302775,0.11713960137709586,-0.31891028009247185,0.1583274769041441,-0.6301232384976296,-0.014193641458411066,0.8088567712760935
0.14402998330680505,0.3897442915698363,0.4940375605329327,-0.3625867652650373,0.5527829257292726,0.4488695621510722,0.008755162745248998,0.061023572138171424,-0.020464510956196794,0.6124997755833248,0.14021135210031282,0.04034327359842768,0.5258677898602456,0.48105907162139777,0.3905837193900108,-0.14769840582262614,0.36249263400801596,0.034389346457938605,-0.3534447735734044,0.3769885370721377,-0.8518427334744587,-0.2702492138430575,0.08154581348294501,-0.1078173535555343,-0.03902500579168967,-0.9210773147369956,-0.109272664142293,-0.16190410793529791,-0.3937473846319656,-0.048584248778221276,0.10704705831897503,-0.3831296560672861,-0.011800562371577731,-0.1389152468147748,-0.57228105588534,-0.10540258837379729,-0.252114306013609,-0.8843953583707056,1.0041413068492424,0.22475486270640105,-0.36513677488836754,-0.08228657475946179,-0.8395491930877882,-0.3137749714884289,0.5475963297775535
-0.21677979611570752,0.2316982707021164,0.3401142751447489,-0.23938204717242562,0.014815947508690017,0.3415929973879933,-0.0011688099009672034,-0.2916203674469753,0.5340058753938057,0.6672696968175492,-0.1954964514456713,0.20036224221377735,-0.07254293928091697,0.41940197405756796,0.41206272997797816,0.2726025330964451,0.3708977327225631,-0.31944229755924947,-1.0747648836069839,0.21453978802566467,-1.1549389255724278,-0.3611703576990837,-0.6117508247973824,-0.08520862816353454,-0.09209154883763103,-0.768488166755346,0.07527494348385468,-0.21711130974642767,0.11269650824685681,-0.30824920105990444,0.2554725381242056,-0.6393465218468749,-0.09407793248723832,0.09092681924900516,-0.2887535907717069,0.11399202102556308,-0.5373416408578291,-0.5625799952010486,0.6223306870388771,-0.3524580672619728,-0.49882574252053236,-0.35386841175006195,-0.5515089505404539,-0.4621300932328338,0.3308069415338962
-0.17546380945493473,0.3898631733177255,0.3671576815808774,-0.27905127032903077,-0.20355258366377948,0.3942423007834759,-0.16166249286741008,0.16281696456343464,0.11002353813957874,0.28754066426015673,-0.24613671353352692,0.26560055287595496,0.8994565515387745,0.2952361369932764,0.6696754838285268,-0.6201138132178841,0.7456965700858132,0.09628063809403989,-1.151114992397601,0.9542407559939197,-1.3597113782386183,-0.1906745814939373,0.5720411332056591,-0.7976286200164894,-0.185255765591293,-0.3112363596503319,-0.20881869937834988,-0.14450774645201697,-1.2201704639116357,0.01925465967920169,0.4407450220115134,-0.5757030997807493,-0.543072101746765,-0.5114580508287495,-0.35058808654567375,-0.2300354028634206,-0.3045533253688629,-0.6980877303114429,1.2858754056320711,0.43458237514191544,-0.31434589777205163,0.11321979963520958,-0.7536290585724544,0.23560650140512596,0.18974355645472493
0.40091003921480384,-0.005092574004343195,0.20201765283589296,-0.44442119289684057,0.4192846516425089,0.38711201549509594,-0.06619973024910711,0.30027365796886346,0.4163421495057231,0.8687176707533913,-0.20431969753985404,-0.005004586621703722,0.36980388402401965,0.40549336330452507,0.5788083793364935,0.2112714372973415,0.3305983261743334,-0.06348275458162728,-0.5628640619571847,0.2442282242590716,-0.9015595686733414,-0.3434079134437659,-0.07507012318304777,-0.5398133560337806,-0.2976065068816327,-0.6426685589347031,-0.3772788016445975,-0.3807460324546509,-0.03593249656935962,0.015472174653453297,-0.04550408286747,-0.5358518590886711,-0.23659243167810323,-0.39801545742955036,-0.5964422959899748,0.06731187459915115,-0.1838838788110628,-0.6746608734365305,1.0126501599696238,0.20883380167124788,-0.2192201268618276,-0.5059861772769032,-0.585669344897101,0.1544257072491295,0.19242536820524686
-0.015595530226434277,0.3292306392276578,0.5692952820465755,-0.3263037143181773,0.7849892623958578,0.05872665474184052,0.28822387884753187,-0.4601061148142773,0.0832979797231847,0.6734945307426345,-0.13546010560097108,0.44074938435602873,0.03263289093146625,0.29963733809933724,0.17199994427023574,0.07314556429314703,-0.14411804376297294,-0.12871213148370192,-0.24301142985020652,0.493836326483494,-0.8059438272387308,-0.5152273507527215,0.19433611626888717,-0.08087137232948079,-0.20545743130453822,-0.5814731730236904,-0.0757740312165352,-0.019557218514686295,-0.6352737519429775,0.13372986277118787,-0.1453673119636586,-0.16257018373366414,-0.37400808507954986,-0.14944134178310628,-0.18732346364706254,0.20956859673314782,-0.07460600094629616,-0.2461414339768649,0.4235436113835107,-0.2888322829304677,-0.2739492483311559,-0.3695049389793882,-0.449491165972535,-0.21428040800332396,0.7229080704719306
-0.4291179229032869,0.3429886127967334,0.35081365853791313,-0.5773243456378372,0.3135370574589468,0.48585231161528547,0.35217714331747696,-0.47898872078383037,-0.12035100149293598,0.6292506182808211,0.24136017905200435,0.13482985342828316,0.5034098253725707,0.530010907750335,0.5536092706846508,-0.20317179612104536,0.34120773076838506,-0.07284534206934051,-0.23815354245461617,0.3051705234775089,-1.0532130514307017,-0.45250886895864173,0.3095413486036028,-0.03631405106651914,-0.24051329333386762,-0.5317778124776316,-0.2934778462917087,-0.16770368222472787,-0.035191243022704446,-0.003417257924206746,0.01197201650124606,-0.00031206740351646944,-0.17236822639955238,-0.6452593686563347,-0.2991847955973136,0.16689575875169438,-0.17684711811697665,-0.3349994462157564,0.8651962005143323,0.0879084610042433,-0.15677412717721464,-0.17193965115927518,-0.4471240656856075,-0.3988120731605977,0.3518965769056907
-0.15454195359837883,0.062249378682085,0.5692868659121098,-0.7692779209737304,0.9288247366483882,0.3287916541856583,0.5249599502658461,-0.5101228669392295,0.11166955046818697,0.6850738420257165,-0.01913374380165142,0.15200219993472722,0.5842798196555172,0.4405123847085893,0.31682660875038726,0.350124696842175,0.24325225694933172,-0.2159079327738529,0.4302400389935168,0.304979413829241,-1.2636591267726802,-0.6778233186397717,-0.10021545674378678,-0.6945581634273261,-0.14486465867907025,-0.8888332131175357,-0.10241580940782824,0.20193748511608828,-0.38593561657845343,-0.13609154645416988,-0.5247911431038759,-0.03386927920614246,0.2324361721568931,-0.8109290107925635,-0.4358769851797217,-0.28269785027742383,-0.2821976440128628,-0.2923526431679702,0.31964969160024104,0.3996127495187116,-0.4575786246103888,-0.058653491041674846,-0.4984331943352321,-0.10726334964717356,0.44914028100719683
-0.06446492611056531,-0.11945427602150266,0.8328974990142962,-0.8022536781469021,1.2900168380626185,0.8766140756493361,0.09788729535508188,-0.4707916441331055,0.4301299166322591,0.12365294810891356,0.029014575121285358,0.5172612251350851,0.35696747561246067,0.29050027606269613,0.43797890110380655,-0.18690668431682006,-0.3934482576636197,-0.018946040487480692,-0.2553149449776518,0.45693618032298056,-0.5164783724857048,-0.5066513517591126,-0.5024343370792584,-0.38838264969471653,-0.5993581334806303,-0.6309288483653914,-0.2341103855255874,0.12455401965160534,-0.9362071119032197,-0.01102870871064741,-0.4665567534782025,-0.1767675181587655,-0.10658914020833363,-0.6449654238645518,-0.36658549119502754,0.03864564777526834,0.19010442297154267,-0.04262558142403786,0.5755651759942576,-0.226675107511678,-0.6347017917864592,-0.15422200333606903,-0.8682096321917855,-0.8759085990491718,0.6029353415406382
