August_4,July,March_4,June_3,April_3,March,November_6,May_4,July_8,July_13,April,June_5,July_12,June_2,July_2,March_2,March_5,November_3,August_3,April_5,August_7,July_7,April_6,January_2,November_5,August_8,July_10,October_3,May_3,September,August_5,May_6,November_10,June_6,May_5,November_7,August_2,April_4,November_9,August,November_4,March_3,June_4,April_2,July_11,February_2,May,July_5,November_2,July_9,October,November,July_6,February,August_6,January,July_4,June,October_4,July_3,October_2,November_8,May_2,April_7,August_9
2.650954637864981,2.5524633022644845,3.1096097744288422,3.166249275971575,2.916663334892716,1.6692809101170796,2.5864959956833453,2.6029514620641274,2.311247784759154,3.6094801606525904,2.165498904433739,2.4165454443708643,3.020354379020185,2.8073785605478685,2.378240002233781,3.2785928210986253,3.2502476270870395,2.7353344989755213,2.768242425433605,2.3373373366197066,2.3251542893414925,2.076705931073013,2.576843348766139,3.0678006023928632,2.8081641710490275,2.744016521419841,2.3931393833305084,2.4159627766321425,3.0076511088310802,2.660332732815789,2.908985262322687,2.6680958701984867,2.475289139579422,3.2922962741638604,2.7950271745052957,2.2781511263179373,2.633553193564041,2.8988649167348415,2.4054373969045963,2.6295194234408803,2.870698135443206,2.5298831938470685,3.312093265115732,2.6149627737161727,1.9670654952163842,2.790861013888834,2.4609046215084356,2.308049872753643,2.406649660293168,2.7103196674250145,3.2003557660030375,2.4436487090524834,3.0789360862854087,2.4584494322379205,2.2211405609518944,2.3030330134930463,2.5554067058582106,2.77557686880109,2.0177548545672197,2.6671610237264876,2.42180550478363,2.6672167905673385,2.393628769366117,2.1763311247295074,2.742514345077867
2.650954637864981,2.5524633022644845,2.608186940952197,3.166249275971575,2.8439248031579525,2.1377236084984474,2.5864959956833453,2.6333191185768348,2.311247784759154,3.6094801606525904,2.2894772617789725,2.4165454443708643,3.020354379020185,2.8073785605478685,2.378240002233781,3.009358231855382,2.8077019250224886,2.7353344989755213,2.768242425433605,2.2332549712097185,2.3251542893414925,2.076705931073013,2.463965471830758,3.096515136584175,2.8081641710490275,2.744016521419841,2.3931393833305084,2.4159627766321425,3.0309287942012504,2.660332732815789,2.908985262322687,3.1187760684657917,2.475289139579422,3.2922962741638604,2.6689454819388767,2.2781511263179373,2.633553193564041,2.7132337805222186,2.4054373969045963,2.6295194234408803,2.870698135443206,2.8776423072886925,3.312093265115732,2.9601437864041813,1.9670654952163842,2.7780625385125233,2.512203726818199,2.308049872753643,2.406649660293168,2.7103196674250145,3.2003557660030375,2.4436487090524834,3.0789360862854087,2.365216092299445,2.2211405609518944,2.269234913574162,2.5554067058582106,2.77557686880109,2.0177548545672197,2.6671610237264876,2.42180550478363,2.6672167905673385,2.1183969562173184,2.4170560043837535,2.742514345077867
2.6534453606640827,2.2054925605744446,2.9087706324745417,3.0115513246329484,3.284522939731363,1.9099730439847933,2.3655329117324317,2.4529082474563153,2.400160799848624,2.9982288481482176,2.4369511067784093,2.1643694111530696,2.8949611424968626,3.047705445257811,2.234930406128532,3.0593244399437407,2.8768576516611306,2.4391929567752544,2.8653541217950287,2.410960067396549,2.2379303863072084,2.292623109563664,2.637391013315303,2.9994270379089047,3.0080078618933572,2.449446436439904,2.1549896661347745,2.52012145250466,2.921058937206648,2.3848652387593616,3.2058422024859916,2.546127134319071,2.3336564300079172,3.246810269019021,2.7390670272284976,2.3490838278757877,2.8153382892219416,2.689711436508684,2.0487188645809686,2.861034676385884,2.9870610631169736,2.680350072816342,3.138220789338238,2.7506915019222027,2.2730861539359233,2.7547866619669916,2.206781533566146,2.5269962824081373,2.2071398290931192,2.548031298933475,2.869973078372851,2.215448252085413,3.140206660976722,2.3505386613194137,2.5851157484228713,2.10708847146743,2.6216532847825333,2.272378588463473,2.2416482016506563,2.677351245306163,2.656036424968954,2.5962538683737657,2.389597283588467,2.301423784451016,2.612092256997976
2.7448573800590492,2.1794902525091007,2.522528224594471,3.0441314344612262,2.8335150253483823,1.9556918829790242,2.620194482457347,2.658144864625724,2.4029132454700095,3.2803639556568096,2.2326053022812236,2.43308909232922,3.222430445602168,3.2266692383052242,2.25720906986743,2.76581940889987,2.9107285760387,3.0489695989267056,2.8602351527022,2.3193068802311423,2.4371327993939755,2.3068449725755524,2.3986993728274584,3.122186167187703,3.046035523837201,2.671363926793748,2.239139845728543,2.620660959977229,3.0372848179111047,2.5690834057872887,3.2832144573098345,2.8913760615483355,2.576603535495487,3.214846489696921,2.767318469850813,2.395810881642963,2.5708718200628753,2.7943868293080487,2.5785787422394337,2.732801897210134,2.915287840630473,2.435292100667211,3.0996496622079333,2.8626972605909913,2.3367780413366406,3.0611840636595753,2.518702519149042,2.2922985468693406,2.6685483786688002,2.5207072317889616,2.5945969645450315,2.755719816789001,2.8778187530310593,2.3849888764339227,2.5826902897308424,1.868556475264194,2.6830905627394257,2.669801783523023,2.227463219411521,2.8702581518392987,2.6428382480036303,2.5741390790727037,2.310322703507659,2.039433071757196,2.615818596589733
2.489657391935737,2.5872023106263056,2.796447663433259,3.042462348028186,2.8452453981364387,1.6090873534835686,2.241811411322312,2.3915829173428156,2.86102394012453,3.5911976763819413,2.1918486828907935,2.286398468502135,2.9777623988159667,2.9969368016407336,2.523768275037873,3.1044400384682342,2.808517011598978,3.02605675753947,2.8793423811186023,2.5906555238132336,2.2352481635206956,2.254570238537426,2.4365588550343587,2.936474664238742,2.9504449085726265,2.6687338970472227,2.2977279176871224,2.419470740390269,2.86152930854628,2.6314533004243517,3.2324369807260394,2.803486181391183,2.562341355091622,3.0271293073399375,2.752580696160172,2.4093731354631895,2.667912774324067,2.8750234335679195,2.591453001776885,3.037517781249474,3.140527145126274,2.3665663446443923,3.2448324775483717,2.8315952742798234,2.5018060267089965,2.7190228363358955,2.341678921004273,2.69523664158693,2.53852817837911,2.752857423778758,2.9117661766814247,2.3288133306467635,2.789016916868357,2.3279861718548625,2.4383102019308995,1.9140462484973768,3.006349007165169,2.5819131788396623,2.113240780216136,3.0775072396273933,2.711774887251454,2.770417775554957,2.2550657505484044,2.5291831481198717,2.5759282793919596
2.4296113412941813,3.0320660339911707,2.814778202022107,2.6609319283154047,3.1255690788338075,2.12824181444302,2.205657622366087,2.8674905543579574,2.5612865572189825,3.5648902200255383,1.8801128015957236,2.3464166359998466,3.2000162402395103,2.9550747015285475,2.4968667963905866,3.264441038263598,3.1754020335730555,2.545345489915815,2.8552890703206546,2.3820487444580336,2.323149532371676,2.372106649514487,2.590494542209347,2.914848341462,2.8986610557600936,2.5879523010296976,2.4101179435486255,2.181581792064632,3.0074347605747285,2.889575469268618,3.0516921715509535,2.6835066239416117,2.191317178521962,3.047931208944703,2.5398308850616687,2.4954168454799306,2.4919561766232037,2.690600417996102,2.1979967357994292,3.0351183207792727,2.936066786993118,2.767853439787607,3.038070545079327,2.8880388380897246,2.21952308611124,2.851090217363603,2.786343377237468,2.9926562625557787,2.393093521843883,2.9336840555883494,3.0107334666643353,2.403571439328501,3.049918755413479,2.5069111175084275,2.252226667758553,2.0425656935769294,2.837805854382372,2.25511796300682,2.088408841411392,2.951655238403262,2.1857129789223677,2.7569522953962378,2.40991116630595,2.400374805061846,2.81695994732801
2.770037190704249,2.6048381407568386,2.702318546996427,2.8381767361668437,3.3125408602623434,2.0861794862466603,2.4236651756083996,2.6946540928098344,2.4026567796067804,3.3338446467660168,2.662896610550594,2.3312645108266836,3.043198777848283,2.9517987781908723,2.340268083158003,3.0416511874278265,2.9884820883933996,2.9754110245067085,2.6552184308607405,2.3973149231049455,2.2279630468923157,2.239915349074035,2.63670934321684,2.984775072766406,3.1291135157136027,2.461246269238693,2.541822923258367,2.6358681686184715,2.715205630269199,2.599501146629174,3.0496641781978053,3.0398391389259243,2.512523176680127,3.112088060899491,2.560825709663587,2.6738574249210387,2.7676954866044223,2.975357788354873,2.1950507371677066,3.215073333670036,2.9962751796914904,2.7196189401178623,3.099464656788205,2.992328374415269,2.2227536705783306,3.0804690750847725,2.628318885986251,2.447019412032498,2.5392941889628897,2.5888371722934065,2.950349564564815,2.3189175338429724,2.8764825780748264,2.8556231440446327,2.5634712915858056,2.1823430744305967,2.7603202706149763,2.512826201597587,2.601726192436329,2.520791054162499,2.5302762645967007,2.8024433271818032,2.4858468284206663,2.4857870685620678,2.7128553143996332
3.0637571338651672,3.0685033661472016,2.704377391398606,2.748772294702414,2.8819926044948465,1.975986028749409,2.3731355634550546,2.875048036439497,3.063963010112517,3.287053293660803,2.3470229082891345,2.693610229550379,3.289351340217248,2.9116150147650903,2.5061603952067038,2.746182826927366,2.6783899124957755,3.079930549158673,2.9775310248861926,2.418750352782965,2.537686261954622,2.265560663620725,2.618704369363705,3.1574650524355845,3.134729152934539,2.6624779423260314,2.8786102284556403,2.2837470460682012,2.851353022855861,2.7096027599826047,2.644970393165555,2.7672164117101383,2.161436105307487,3.372764168797287,2.508425050704786,2.470409378110272,2.6303444720349107,2.932727329150305,2.072281863654436,3.4386254995233605,2.8459436440033286,2.458690587398255,3.109716061489123,2.9601686436028447,2.3802286679962257,3.252486769706176,2.2464008538197042,2.467482353560602,2.5044191918316,2.8061400767463835,3.0348300930677503,2.5895846330338657,3.019997652868797,2.6052657016625096,2.753930101521476,2.068525306509118,3.168028616726117,2.416806285812537,2.1864020085501146,2.938685773061544,2.315732977668177,2.7045214060435865,2.280638027017475,2.586857119979079,3.1901873568946715
2.2450137489804147,2.2453692150473388,2.8333618729985877,2.9807110849137852,2.9776933812420547,2.089845268335269,2.160848097570648,2.74216679164835,2.553548663900338,3.0230033663976843,2.6558350477193047,2.4525232334743685,3.0054091619501353,2.864815234340825,2.3674994928388595,2.843201128776552,3.223547433393317,2.4415232028782587,2.7568974513229056,2.405214581847515,2.3533565575916153,2.2767311685550577,2.697732234170714,3.069792855056937,3.0115950118539616,2.326542705110613,2.4081222863489278,2.3899115443926124,3.1631562391599584,2.48416450391925,2.8756405883526206,3.187971354994659,2.3967752259121538,3.252298986987631,2.984851436106008,2.4543772116874805,2.758546946491986,2.8063992496963026,2.435612059180797,2.8561451262104156,2.7620069964313534,2.7310397152147647,3.0726159970107774,2.6003298989235404,1.9590041866120187,2.7633768658653706,2.9217927818482785,2.5824629733859106,2.8159088100010874,2.8572622334451334,2.945260082648729,2.6368064090972188,2.963868298477373,2.4913952220718216,2.630112287632331,2.2716672335182797,3.0713390445331896,2.5061516005023674,2.2371975607928776,2.7234703034921064,2.5719875771064826,2.695671505604168,2.448216302777758,2.131183442827918,2.508858644268676
2.5935843964964906,2.5309549180167488,2.943441368876627,3.116871776574547,3.0724744477365453,2.059265613821322,2.407991511586257,2.6101605239428745,2.6588814689588314,3.623794725413059,1.8142740610839707,2.7273331210547576,3.0447686872315503,3.275425643829627,2.3946753487576786,2.9325338155385414,3.3076560551441627,2.5502966449932662,2.828621484319476,2.5601841924788884,2.396690979561482,2.4305896803008027,2.65010549633781,3.1508625687416614,3.0966576480477768,2.93860595308896,2.4560059538105965,2.544850353555585,2.6967546862749447,2.6817878279415663,3.060798957469446,2.8911091193382377,2.393560190293341,3.176227201844207,2.948810831997285,2.240256806527895,3.071575021223652,2.762140732300941,2.176471420609878,3.404198907227486,2.7979825491970467,2.79798719573247,3.2173138758342987,2.9924247699119326,2.278558127042482,3.0341919842275034,2.6617669019122707,2.6643079341919442,2.664612006314469,2.6193739852548337,2.7358174614953024,2.6789656689580177,3.1891480157144874,2.5877322647075065,2.590235199283375,2.239887770565071,3.0330894414769887,2.7937914228553464,2.3132578188376867,2.9142656183463616,2.5553720553256274,2.9521053445888454,2.3738855309749316,3.0423772324245353,2.3891700744345576
2.626064562445449,2.8679928391676834,2.68389673445524,2.9755771729958593,2.9354437985871136,2.0191300375364922,2.556468806888521,2.514763556750274,2.882033792266432,3.296743530956264,2.277429082377236,2.481946781248182,3.185576103626944,3.1451996366480306,2.6692530109071564,3.162804069856787,3.0779744605231754,2.614570101613553,2.8693572415640354,2.582529116387054,2.7080925518370815,2.2826503253250214,2.722539154281719,3.0041601542479777,3.1962846314786186,2.773506117944941,2.596167352288897,2.5389450227439987,2.851212429034043,2.6703758464166407,3.1569469781572925,2.920364823162798,2.163623995782778,3.3249592023885026,2.7913284386363872,2.3622165989175556,2.8739715131222296,2.8345380919068095,2.2351906984671364,3.2929591183472007,2.949204044082202,3.055508322089075,3.0873505519849727,2.786863733322954,2.1469309170693065,3.039950667984013,2.3774343831587657,2.6780890637465724,2.8072767961365566,2.6096833307688856,2.805518142212997,2.8447457579699815,3.1249685654301884,2.6540356234301017,2.76283354165206,2.481121930229628,3.085547263999731,2.657121886555239,2.3187872589006515,2.9407240809010733,2.4561636118908194,2.783031068931825,2.238085300897885,2.724102944313793,2.2992357276652178
2.7742781421605747,2.7415052448193893,2.9097974824770656,2.8767354324176178,2.906051402619296,1.9482710018682634,2.9824782277302027,2.6603124152801496,2.425809236682504,3.0525863091227725,2.502951662720066,2.5895822494753036,3.3351844265982056,2.8319808955703083,2.4666518859806175,3.198609730414457,3.0352937703370926,2.9962713022413654,2.8872416939741803,2.2850949163799226,2.6133432314150054,2.738341356465149,2.5679970947908575,2.9776480484807,2.9004434149199634,2.129185657839727,2.1850816371852817,2.2986538120083635,2.791151737604083,2.2371313425719093,2.8490893672964286,2.63059234506175,2.283637139863288,2.977645693293247,2.821008633832699,2.8259746421450456,2.3407488853347176,2.7312795699468624,2.1894360587208688,3.10302630130203,3.0472188339857595,2.7128440552813693,3.0538725997841123,2.6148305521916475,2.035095640569333,2.9291239703526863,2.3032512450426528,2.486622255089941,2.6608851322525915,2.5338379966835505,2.6421564799680706,2.6027783840293344,2.744011869698529,2.5836856304362583,2.8289921680095733,2.4678331939489886,2.596342707429989,2.4684608823790426,2.1548903951426754,2.689949543230989,2.6498550830429406,2.492468095272824,2.3787618286765064,2.359602072886544,2.627639369027535
2.499430711292935,2.994352214739217,2.4840001034565096,3.2056698258536116,2.926099016159139,2.0916015072179945,2.5682680653176138,2.475603440817558,3.172075518391112,3.0145425003750166,2.3611699715811247,2.426723044411393,3.174366394877498,2.9207967189779565,2.3384987036367244,2.6417407828213815,2.6099331729892326,2.6745491633187988,2.758238100441417,2.345667113962838,2.4490655648685333,2.1407424579483996,2.7292349586037075,2.905340165082473,3.3525220699089155,2.4621297968116087,2.4786938378801646,2.259452518679913,3.0065751417756608,2.564877110297498,2.975635097808944,2.821748670732196,2.3519755950411376,3.246092110404597,2.7676066790759353,2.2407295657772393,2.426931254208793,2.6014978376188296,1.9968015501355094,2.8430688853803363,2.954491163229438,2.4370741692392874,3.32878890192868,2.7522538229737723,2.2694727694159824,2.749851345575654,2.748824033882813,2.589836247277787,2.324690092215811,2.889004539026642,2.816381642606709,2.727999561522987,3.1091467740480305,2.3611765994566527,2.510541135563041,2.138964381139234,3.4911753018911282,2.7416126534596605,2.3390130322364797,3.0922945420248853,2.4851919028381513,2.7198203418230307,2.4844358536004503,2.454535527015172,2.474675827813757
2.622355217600832,2.4959623564820896,2.4873422283671376,3.114917939467316,3.197463118933094,2.2073633912969854,2.366544543234487,2.44256816558548,2.48920422047519,3.1968426735369393,2.523286747955773,2.354069441103476,3.1634455814691553,3.034078842035491,2.3054142001581064,2.8519126318215884,2.894167050419227,2.890138415833585,2.9451139942780133,2.5420067326917977,2.5181278139970478,2.1703653625449197,2.5973692503293693,3.0142474392609304,2.9233000221839434,2.6991503833622428,2.49626661280778,2.4842187928582753,2.9866416239387004,2.679179565883838,2.964801737203249,2.6782828833938055,2.478256714261973,3.1252503279204977,3.2234977250184156,2.306203068021742,2.5041028415162714,2.639095579670022,2.522355375565333,3.0247742186239375,2.604225658072386,2.570699951913298,3.1226070175271516,2.769797706883276,2.1236868798811326,3.056716539761318,2.472182658964685,2.690331773242722,2.402279074071389,2.5881065233148064,2.801817238118355,2.1519469418808517,2.8445644421052654,2.380546277199557,2.370075341656151,2.281906619146862,2.766211124130716,2.5734087891110047,2.2931850602341095,2.7820666979518043,2.3897764124946317,3.0438776757921215,2.4129186067429127,2.313504871677717,2.267062404232565
2.6009067675515385,2.8705277289018434,2.9812341229587678,2.8324232564303826,2.840210014982991,2.076201909793769,2.335205756300834,2.7004558703491215,2.490351606624362,3.141107670874931,2.17415984747487,2.1954648517368303,2.9862452992179764,2.741874114391918,2.337755237068183,3.0018651766478843,2.830051396936412,2.6533282833920047,2.777022930937462,2.7221258717250256,2.626926071187436,2.3556050984057597,2.9283123803615383,2.9198691351113917,3.1980649389560973,2.734878153324645,2.538260893463532,2.091323792743468,2.711962104049171,2.7004269920503776,2.896331175252684,2.959996230671966,2.2613491826425713,3.0116929520265425,2.5857146941355285,2.2324539115075694,2.682195086533867,2.743939145215534,2.4790634858603817,3.2755420063461393,2.9394298447840304,2.841351312142046,2.815479025997111,2.548164337721087,2.1468914598820015,3.0811982142279315,2.4718093001961754,2.6016623059629755,2.7397598635573663,2.5213327063144373,2.6369953020633887,2.6389446697913486,2.869155399743815,2.673897933675262,2.5110157686964953,2.1059513211523595,2.8967071821928925,2.2596499408122024,2.1832804015205136,2.9200197378441737,2.2649409853281877,2.7590852320221475,2.1607530460893782,2.6108288196151612,2.703597424189424
2.5398781707012286,2.429005051670822,2.4223749171203,2.8931739886993144,2.9867878502945655,2.0776450650357856,2.198305928727971,2.4000724375059477,2.8553761172096053,3.2566307970836945,2.314296465239468,2.1850233251566027,3.086472477134222,3.1072420792320137,2.4322841203993706,2.973441706301789,2.6360724942958047,2.895258228056339,2.637969986487221,2.169826776883214,2.18498422025214,2.297583038528525,2.6088334325406755,3.190735357303302,2.7739138866529007,2.2062454457473333,2.428157183851592,2.3614180180115336,3.248907295263863,2.3854191374752824,2.964442841266966,2.7704863311597743,2.104849153195206,3.11939881125931,2.950198952520611,2.7568001884377207,2.5803273228124013,2.3568419902477826,1.8644605239454615,2.9800353527165697,2.907586649140439,2.750799468084212,3.0604286369969467,2.6763049854323215,2.0997540191736586,2.8870591725828336,2.6989695184758684,2.57646233570334,2.369043047938688,2.371496063432249,2.9485165055516367,2.137657551795642,2.7851219655568538,2.612255056085346,2.3979813704988793,2.207532552550831,3.048078824159424,2.54209778009954,2.2639667583461955,2.7368869363888426,2.685012020305456,2.4616005595918553,2.4886981839774482,2.4479235435983946,2.331166734822217
2.4541861042395277,2.6641492603515995,2.5331205569309625,2.775996273369541,3.1400859585071346,2.4365262386343662,2.653738333331885,2.6172772486858467,2.820657173131209,3.442626626283992,2.4960470898997604,2.401178004138985,3.1819712310871173,2.9850012379189113,2.482080829920834,2.819343699113474,2.6956602731675687,2.718340016854372,2.707707711404346,2.437427922715982,2.2363086376812595,2.2862956619970776,2.6098641482621145,2.9480555354384657,3.2295284959916226,2.4028508338726704,2.704641165103977,2.189169562801415,2.6774546671679227,2.239515260524758,3.1072190209342607,2.7157090151752348,2.301054099432977,2.834318314278342,2.9731667713499466,2.1999289406723013,2.642289739839215,2.621815671655851,2.3878334968701527,2.915869481784007,2.66783904196256,2.996457869453678,2.901305950322978,2.6281921356510027,2.2162115521973726,2.699022663775383,2.480755610535672,2.7142191007710754,2.8294728240288394,2.498979945799146,2.7765677962352746,2.785180722837769,2.9972546888683937,2.5257482312749704,2.350668751593488,2.3612991335559563,3.0773646163087123,2.364161109944712,2.222293887050052,3.17256580541994,2.4013409946906332,2.657287600834431,2.325557219003922,2.45207014290392,2.4869435662454205
2.6035553602302843,2.543806135112438,2.3262737586282065,2.9465930825936235,3.0547114515976084,2.2441635930398958,2.3420429014590436,2.4535830505651606,2.6226456755796455,3.2839950831523788,2.1087628033223735,2.0457288794036588,3.11880682985483,2.95857806136843,2.30639105110138,3.073693624787284,2.862940426308848,2.6899870509338055,2.642296887854339,2.281268178451736,2.0734049442404063,2.4649853419945003,2.464493292764029,3.070969971659783,2.8838069821494345,2.542986443117977,2.4524267983337467,2.7154122533925977,3.0506328904578983,2.4301227475840363,2.8983978552932843,2.700729611680785,2.4036446058154692,3.0574530489235454,2.6008715121453148,2.5035769060222686,2.7710160793703085,2.520823373111757,2.138553563667295,3.067748089914759,2.922953582203561,2.6663128298410013,2.8611366807795697,2.759175951932961,2.179914124117804,3.0978194683487645,2.1848471781793286,2.6440984742651015,2.6330781107705934,2.390828810531056,3.0025781823993283,2.4234209581401913,2.753240776119667,2.3918845601860577,2.4128160634904674,2.5195623234935804,2.823496766590085,2.4181515721255717,2.2806781430095397,2.7080082780978896,2.3133680230772393,2.6785766058267337,2.3213246857730394,2.28804266584854,2.604854413539918
2.7168651848871734,2.574818292737516,2.803581112822876,2.9264491631475513,2.997020235972817,2.134491347474428,2.7414496979163037,2.658991557096448,2.6635608365073478,3.504776939507253,2.1834053414252095,1.9855041870388965,3.3051429917148547,3.0117225233861884,2.2572755555952866,2.9729266452154786,2.817928774201185,2.849966611590792,2.8074216307991113,2.326753714777589,2.2992603054352854,2.3153162811565275,2.6584031968859136,2.989830218184593,2.9120008121786216,2.362402096235039,2.545364986142884,2.2700595589965444,2.6490236407546464,2.6931656226600564,2.7274766628478693,2.651792169129966,2.315636734157936,2.921343329637907,2.3911061908970677,2.385153471112902,2.3669828125861154,2.739737038010779,2.5358136247928904,3.191692198825229,2.8630674862336987,3.0280277989346183,2.7914870158172045,2.699911217886006,2.174887609428505,3.1122966363509583,2.4135757446349473,2.383246436393082,2.592482960614473,2.436434364595185,2.667705876381178,2.593341875433118,2.835129543396192,2.5155876199612948,2.7064602955717385,2.2821858274055016,2.828570006741268,2.7629630143450923,2.191902871057497,2.7031545190347845,2.3947404323658557,2.810535629308778,2.3163817449258457,2.667949389720145,2.5136973943907535
2.8940930418265896,2.676459892521404,2.5922242514445397,2.82966205852047,2.8822056945525842,1.8967037317588018,2.575564075712384,2.395666443626684,2.6856850711976903,3.5432890977650624,2.1209647368621396,2.220270146882683,3.4919065270021257,2.784707138490378,2.4749720125555656,3.0176630280356918,2.78440760661061,2.784288291162488,2.7915709044838066,2.714963843777594,2.4947409615297667,2.5555771487281858,2.6791291207522074,2.7546120756703374,3.204999710382005,2.532425733921276,2.419809812843328,1.9864234632895836,3.1984977335003753,2.3358026700999615,2.8040329332761966,2.786406843537672,2.1582187235417187,3.353555518841813,2.609478583534088,2.251245003821859,2.788701007550326,2.8674976489178445,2.3306087711575807,2.9186667991554747,2.5130540473826573,2.764188955950507,2.8383321826323002,2.7073801900374272,2.26957211721699,2.8311200554376965,2.2749607846402697,2.7966738594586125,2.7509143803813116,2.6072479829679254,2.644719898138132,2.3612802888138678,3.036789050583986,2.1946180613489723,2.7292294436421223,1.9876968490926405,2.927675054284066,2.5845835666874764,2.0661806087089953,2.9042988243551378,2.1898126632447603,2.627365350263141,2.158231561293562,2.547445164988654,2.7938400379475814
2.471970313019871,2.267742188666175,2.833102679772793,2.9884624554064807,3.1808901490928045,2.1988338117245165,2.793295572904133,2.3464053209727753,2.365230909049024,3.1149786281095415,2.604542368186349,2.4103939701951447,2.925911971325971,2.973048971128226,2.2018662208515565,2.904695742256664,2.73548451259791,2.723069553930967,2.7022859716807193,2.5736439202011216,2.2018601546751757,2.3265165587642933,2.7564061705438996,3.1175119147686194,2.9446990840535894,2.3318946262025992,2.4040476899731686,2.294459609576746,3.0643898037422805,2.425169852415245,2.873002952360051,2.7674183122197564,2.013071742982693,3.09798877675182,2.859572543277896,2.4344423891553415,2.6745684566584744,2.5370775297735064,2.240363144846291,2.976172266899059,2.8046934548611664,2.741913611685927,3.0533946665689786,2.909312255800722,2.0941499997007362,2.7637204041514685,2.3942033633626227,2.505539719549191,2.5665603656617426,2.594299247993641,2.630950402302818,2.7522128364416782,2.9319052196086077,2.507629586523807,2.6678287979585584,2.308504127983137,2.616884833147985,2.519910704512728,2.1300712120631173,2.8266955886212424,2.4001245290390947,2.644046921248304,2.378044465589465,2.465754450446486,2.3018349041816557
2.816320585874919,2.6979733594409048,3.1071880263402507,3.1119049650849804,2.7853861934354613,1.9487664243727736,2.852985921251986,2.5457564807680977,2.744858655627039,3.2245513372451624,2.2885481885602115,2.21641864204564,2.910315851226348,2.867968447210364,2.1813304959773485,2.8998358892778637,2.624363249616267,2.911060179794942,2.739453585655999,2.2855951974656277,2.5164363925131474,2.182481202836472,2.5277357026061433,2.787639809294072,3.0783738044345563,2.517550044525827,2.5789509269480155,2.4120157509293825,2.5569233545143057,2.7282404398399613,2.6677967543619285,2.9439037021917227,2.327135424902057,2.8794852872826042,2.626949737599033,2.5637666417543916,2.769715320564835,2.702588968211465,2.738023267748154,3.119086690252856,2.8434304656801555,2.82355804502231,2.9479444885279293,2.459379810409051,1.9230816302281737,3.1140540892084365,2.3238746385700373,2.4064890758808657,2.647046052279642,2.259235600434208,2.59697896719883,2.6450667013024556,2.8678893301141306,2.5112626303200267,2.7425040058974646,2.4375025185454664,2.5367308780704847,2.560046710784925,2.4603344188612906,2.581877794173352,2.252617698794228,2.8029741263930137,2.2310758593721776,2.551222684141069,2.486713265625999
2.6383250420405924,2.626993869642468,2.8354431198652175,2.6507894484619525,2.9533567874798083,1.7437295093122862,2.6309941217202772,2.547944763422933,2.9962335843683268,3.2496081088345643,2.39544046061685,2.3879296533525487,3.184762311739257,3.1592449422387565,2.331927108128545,3.036449968494559,2.8539422879371474,2.7055176872132267,2.7340777555105706,2.5884419978761124,2.5490719375319437,2.209542998985711,2.771833148474735,2.9374175993685263,3.0978752009438564,2.388912629782539,2.552059186190195,2.446763794678584,2.961247397956714,2.4392431669155767,2.8282765659175007,2.770361414672161,2.265148404204035,3.2969243222459226,3.1610061102919853,2.727117769279827,2.907524906423318,2.691493513299852,2.2007181080426594,3.001394985966076,2.5697057182851784,2.617249812057459,2.765572572592938,2.670831860566542,2.115630528763498,2.866995671934224,2.284887898291994,2.5632370206020414,2.72551221164365,2.6228171160930787,2.490773558637775,2.3894167483798783,3.0002543364302365,2.4319983910148517,2.410407739883092,2.0462748592529527,2.7120813357911553,2.280752302691557,2.1933370243688017,2.9980539455773676,2.12308126280068,2.686423763958844,2.2170891814564975,2.4683268032057497,2.3597105153820572
2.8974884578684548,2.7012486703706573,2.9041221451408017,2.9890410367241933,2.8825502376433847,1.7912080847454805,2.4630889913410017,2.39445876156663,2.6231283760203583,3.227907865384146,2.330094103667249,2.2504305371867224,3.1341376630922273,3.135100156282282,2.4928707411743956,3.0005933544317647,2.985245186709347,2.633801615505808,2.6280317895634715,2.6188571054208993,2.0588110209285073,2.316771843178878,2.5291332624724374,3.262402215121953,3.0537491854148544,2.429183890737606,2.3261448575828645,2.328228222254034,3.087442759196474,2.338286885921082,2.8842200384011356,2.8766820347138204,2.205431900727139,3.136694619806674,3.0278488609814502,2.1472719122509982,2.640810876128794,2.525840251957757,2.1178872603337204,3.2575919189597204,2.7572621013996907,2.678153550322911,3.2986462654589355,2.5900814592779207,2.1034988340272407,2.674769835238097,2.498817123363684,2.5774212484886005,2.7167391139997865,2.457996641617567,2.6040082241366553,2.6584176103458614,2.7759784961703673,2.4496791001615557,2.7571390171256334,2.6347595526987235,3.0280715725274145,2.4379416943015486,2.1655774393878193,2.7029832997212817,2.102619576086762,2.4684628051703132,2.445870747507207,2.615189940596653,2.6778786658281613
3.042951285331729,2.9479452867947864,2.9112507147582822,2.9709589186502465,2.6817147427276153,1.9611851116977272,2.552299074776836,2.362225289374278,2.911930077899592,3.5537389493914184,2.3816396719429216,2.2813765177829484,3.3562581648913614,2.9081107134048336,2.5358633271371556,3.104691700184877,3.230901722626972,2.60767179603888,2.9016750178582593,2.5842701516010607,2.3522537630792084,2.447077593718119,2.9712219505578594,2.802275606104683,3.0153450596777267,2.6773884771996133,2.5353337857813605,2.569287866600251,2.7551972163224336,2.064515596162877,2.69721730602355,2.746172710215745,2.2069466890542992,3.1073451674559536,2.882718123898185,2.2915701158580606,3.041508435935752,2.813855571705549,2.392246933421708,3.4160233191694944,2.8088628931574258,2.9705047169084744,2.976982868445428,2.88930047345587,2.46328662871553,3.0767198369830457,2.2661453591593927,2.792682955342089,2.768013415344552,2.661928023473318,2.4408977291743144,2.3582589325321925,3.117572219449,2.5565493275484155,2.6047650474378137,2.2020019425991646,3.1096238483864704,2.3551405034487463,2.0112555781576553,2.869672611135631,2.0438535825469724,2.6238975904214645,2.2802336996365984,3.0817262487441757,2.9050486026922737
2.773676246001382,2.4660177005270656,2.919437094450739,2.9050619310692927,3.1109858253202325,2.0651821226312674,2.347342362189681,2.382246317047945,2.783051204368285,3.3016708190629824,2.3878274106025588,1.976783526684438,3.641991718096934,3.180345447619298,2.4596758235746607,2.8232017092835138,2.7947289269655387,2.46642290133241,2.5619551311187148,2.159325965945479,2.3303542393722383,2.6197516048993075,2.4548854015373305,2.7167971946285934,2.984444547483039,2.257409861158342,2.427434447916499,2.433293268090042,3.056384604907438,2.4215869932686624,2.8650316515135725,2.997407596697157,2.364467425458481,3.327164997523379,2.8875624439066017,2.456394900262437,2.630861271991496,2.692363749297706,1.7206832233924192,3.0865204939667588,2.983004171296185,2.546751447640998,3.038830018241529,2.586914287015446,2.2967810891928684,3.231571957449168,2.3770219611216055,2.992273423058599,2.5098717871761633,2.790996552832607,2.4516259900099153,2.5291415505546633,3.1242762796753922,2.506981202445846,2.588002911326273,1.7077939299353087,3.1059009563235893,2.5792881457147963,2.3306099496699884,2.9030144247744616,2.3923514608700582,2.750037015182704,2.187018321032353,2.4794444663763175,2.4721224277013363
2.725948361210789,2.440470666357477,2.587560544770858,3.0102126122262702,3.316011216376154,2.196511954431013,2.6009541278952475,2.502725225324253,2.56844449441555,3.2726639642182853,2.8075815255421523,2.47135926016261,3.411145083264812,3.028448435241621,2.4188005581889556,2.7985596505654136,2.4804155265865098,3.164847515568212,2.8798649891637504,2.3471586681051395,2.3189895181675317,2.415516060497127,2.675855072310444,3.113743096733425,3.0284297089782592,2.4132286081336307,2.3138270312908333,2.3279127188666258,3.1946177888945417,2.40687982677641,3.305057782219638,2.983798555981145,1.9888132609290539,3.1323909985169567,2.8388784785105603,2.711482637882325,2.868842296100723,2.7259657284157868,2.4996929056168216,3.1190825532931683,2.7198953313575776,2.6087242013172074,2.9163063503895437,2.620092108065761,2.165274433864812,3.1173172983599464,2.4260667697034273,2.4486826855267916,2.8217296650064747,2.5125830698982408,3.05128441078046,2.2884130077891625,3.1844908953376017,2.4441370125177335,2.4791502138529555,2.143418377989925,2.5536821857805374,2.605998323328404,2.3341100505488557,2.4540641397220857,2.127843393898877,2.8704345155975597,2.4424658295488677,2.667731521529276,2.706913393926368
2.635073138962851,2.5643533303088195,2.446166766478322,3.129979308535856,2.9122507977843344,2.174674807802019,2.5864639487216867,2.3747384921099814,2.630137867439776,3.358870941680907,2.6517374526022826,2.214077140919788,3.3301596490336265,3.101681496763052,2.3942565218736838,2.865708322162457,2.6492792145672857,2.8446042208482734,2.621120315195493,2.350519944058613,2.31051024528343,2.233761495282676,2.363906684738809,2.760238679355639,2.7662728712317817,2.27884317191306,2.4043316485098427,2.6666822776621,2.765073437080263,2.6772413190940654,3.1454799746439224,2.5681248977750584,2.498634619957687,2.9118310803766385,2.800275455728291,2.666095126078218,2.6104771639198563,2.592170781258956,2.2965060698310316,3.202299321988612,2.8612999348268398,2.826264823169544,2.8510452424127384,2.5576585918342354,2.404734962109697,3.0875093834545475,2.0809310518877977,2.7022989488085702,2.441247149801558,2.579446001686897,2.2443219939163943,2.1495796810336967,2.7516960684370204,2.2360855941224136,2.657452514633228,1.9560233557103208,2.7323032971597128,2.318383733837289,2.485137225063877,2.582999650397781,2.237477700613545,2.7411203050355786,2.1416818013043284,2.751679222477019,2.719732532788853
2.656011391323076,2.262567585751898,2.8459423296793593,2.8693335569546723,3.067867587596117,2.3561611470381267,2.77625302219396,2.877861734523238,2.807870880111123,3.067329699650417,2.3225451021405616,2.1622811265440878,2.911132052565119,3.1395505416866833,2.1448273242252562,3.0339244905166507,2.9666545522911583,2.5455426637093144,2.665576597508468,2.461228436287244,2.378931142461624,1.8991210843432464,2.3655310310797253,3.0895748440718163,2.599427263972158,2.6778130181795,2.245227336640271,2.3332499052600992,2.6541868328344593,2.877286445578119,2.959505173489359,3.091622809642429,1.9562175664839851,3.1871604450888706,2.548582504866269,2.363170793686797,2.807992085604316,2.515358282456955,2.2911732559767284,3.056451590176611,2.433464735312817,3.1408313060036295,2.7898564238230423,2.691871082616596,2.2264362581456387,3.1382215678710286,2.374990752365985,2.260705841755647,2.4456763899016645,2.2935997507452215,2.8491750549103894,1.7831563741203433,2.2940747284545955,2.5467358479116573,2.644933573290981,1.8584541895680866,2.476362568969658,2.305390553475023,2.493597100177947,2.61311530198298,2.258046569407191,2.530390800426601,2.5247157661118327,3.012536821317495,2.4273350791894424
2.9658673649306837,2.5576326768487037,2.9043369292487564,3.14397045374392,2.8781991727181864,1.8018064519857748,2.684536139497129,2.4750202318078305,2.986795462079305,3.5242257795845786,2.817215505037383,2.565525994986864,3.411870318084316,3.088898384379283,2.4784610008591854,2.999576609198764,2.9816125103604723,2.3169101150577616,2.726184643838941,2.5573967425390443,2.4360619715468528,2.5612962916889623,2.9337007341051065,3.0331740566867396,3.096341608932749,2.59539327392066,2.480936712461373,2.38504835510628,2.858817361589886,2.5143840213355064,2.767757000161125,3.0949183582414674,2.1870006665847184,3.5609617134855607,2.719768530996681,2.200624684606791,2.7564533020907644,2.623570688653792,2.2736912222498047,3.359705517653484,2.746302533734309,2.5597889512391423,2.991234497112468,2.4697726526149575,2.378192355370976,2.9887426191094772,2.186950040009943,2.7633785332570766,2.330572284929331,2.5191189836478403,2.834364107227176,2.355956030719026,2.9520684643638946,2.58531442944,2.6680331361602883,2.2466860613986395,3.116651349016074,2.682278378499761,2.455017025973387,2.5603555353899488,2.073818451681919,2.578944602317405,2.5260875571112233,2.3827627743726216,2.4283066770367534
2.380710912139375,2.284277396333498,2.4255922460428105,3.076969594222842,3.0514836215147185,2.256370806341103,2.7326789874368886,2.417829127757334,2.2538179467345265,2.980595474023634,2.417957205513127,2.2371987345447844,3.1561140716293643,3.115638202767572,2.297381032725684,2.66131142720256,2.594478103868791,2.7931959226597276,2.5050148601937248,2.0632720999479575,2.161904143316551,2.169106418424209,2.480423233044496,3.051033806355425,3.1176333345381875,2.1440274673571054,2.321302496148615,2.2637343906595513,3.0063456474451065,2.034610754915974,2.9407922569645613,2.4277593441553225,2.3304465187608088,3.0270726619468378,2.509507362340198,2.3730288213637576,2.32403874785415,2.670912155288483,2.2235599611922843,2.7952874746513126,2.938615624612004,2.6592222299920785,2.9844540364792014,2.758030320430945,2.1782482886953805,2.858293704996848,2.3818415935360457,2.649821897027355,2.707691018356831,2.7108739441458343,2.896471968668269,2.577292647340249,2.5701652209741295,2.7748047456139346,2.4659744850847076,2.2886080761718848,2.9739408748112144,2.612601441395135,2.0699876339193475,2.44909586013488,2.1577284018622684,2.554329024984694,2.3042367974669378,3.240873899427742,2.273565543701473
2.739485169739981,2.3172013432809906,2.8210183888586515,3.208624387319196,3.1324784300938067,2.4079654900033276,2.7705331486613236,2.1391065115816685,2.5195688526625406,3.271522115355403,2.601917311175229,2.153340915150848,3.2667131525203597,3.1670665834102802,2.2641988635070778,2.9216195449625717,3.108469938392083,2.912748370133764,2.680143352992469,2.323632493152298,2.2225377346129482,2.2067821604763758,2.5867403916973712,2.7904066222945905,3.0063987254509437,2.726963353500002,2.463809635613384,2.380633069995542,2.9682020098470367,2.4529144765392994,2.866979579766391,2.8302589090617656,2.0341371498119085,3.171915896680262,2.6546837662718383,2.6370156476384987,2.729792587971651,2.7753046305221503,2.222529532248007,2.9768863538481423,3.001090998070843,2.9778163215907187,2.7843266963410254,2.7551892854390037,2.2385986550038592,3.0330528972245214,2.6006198995732857,2.5060428504366303,2.6096028522055623,2.529657715398623,2.4782489051386367,2.458098423726309,3.093343228071824,2.7252447767082257,2.4997709017937493,2.5238186211069498,2.6500341162132903,2.5172108059431664,2.2468205767028273,3.096439523632482,2.1906635316800434,2.5885662165228482,2.5524008776918774,2.657070838302793,2.8280639348382435
2.629387045843757,2.99357686332117,2.7466277824632837,3.1995501657345424,3.163038376633912,2.302304608524497,2.7624283767500324,2.3959891462975795,2.8963397795158197,3.7029710391045105,2.4346571568640254,2.5914216406835964,3.530602339346918,2.975847448879964,2.500649227186827,2.9865423110932836,3.033509005222963,3.1904255965295785,2.752219392685583,2.7979396669206587,2.2585931454873553,2.4554799953581306,2.448785216568056,2.8175309030193687,2.9492925930207843,2.441474546981275,2.7020426552919217,2.455098395375083,3.590149150617193,2.808169844079171,3.0943413866151053,3.388468473302782,2.188153147723432,2.9496224861827063,3.2715439940732516,2.359606208759288,3.103560424245346,2.7404645827994973,2.3927190096309547,2.986684429865192,2.7460514787471206,2.694030945261872,2.888415086532303,2.95419800933693,2.3073914240593965,3.0366405193417587,2.580993860833279,3.019837345174255,2.815015109958446,2.6329445964286746,2.436346629018249,2.5368159905217693,3.0180813222053904,2.551028062053575,2.604073147417911,2.2262535891425155,2.689894771114078,2.8916161778128004,2.2555370175993996,2.6459643423026056,2.2742328225149384,2.7587044963304925,2.4511876089589015,3.2158293306441217,2.375095940263198
2.800238789005235,2.7343543996941215,2.898524947201186,2.8523221949406783,2.9891501702000993,1.9812701206030146,2.7730913462881266,2.584434879971781,3.4070681674742316,3.436170461740489,2.1679780706191734,2.46806651587634,3.4166901393220974,2.873308677441455,2.3175604605174955,3.270599084351213,3.0904509930087616,2.7508988464540858,2.621766694102863,2.557533916790039,2.3854383242942023,2.12160261796633,2.4765488142496275,2.6428218045835217,3.0930764863197346,2.4595234747435297,2.778890392005236,2.391400152856056,2.9055624213619793,2.4982596097346392,2.7778336830427657,3.0489684160426656,2.459170476480495,3.420105543394607,2.736410098580346,2.1988631777056833,2.9672726324254417,2.854940896039806,2.5311440054053223,2.937312741835824,2.831970242442269,2.8214703524101137,2.907044153195171,2.6694991945833677,2.380977117617225,3.0840823788178207,2.578882039448972,2.6636275508866003,2.837229891448752,2.7593111828159573,2.4587644830024753,2.620625905285416,2.850798326675853,2.4769502342599523,2.559149177194865,2.175165996108639,2.9862200045173775,2.5936700675337225,2.324059122411514,2.6560401340244657,2.54082308297214,2.737776630749111,2.1575676676460414,2.7715539961446627,2.6418040153857203
3.073523575580766,2.5589215038895543,2.377063178197361,2.959867894660482,2.5056635071999627,2.1336740648275403,2.717071725384,2.672765229835456,2.7214331442465407,3.3662591008321097,2.4611210754327013,2.4921694327083177,3.3831343714900135,2.91024918936558,2.5337951874764055,2.9248843852485673,3.061612225743366,2.652504180141338,2.837218089255415,2.0721770572871905,2.758129049301061,2.5066130793715637,2.435824266883749,2.8487376942359566,2.9836747557791363,2.420545774702605,2.423441005195952,2.4805706014445845,2.982313879113522,2.7330039117919047,2.7951825798979173,3.6208431537038432,2.1556877622636783,3.308121974270681,2.792155032412834,2.2833434368109033,2.9463334715134635,2.709559074305902,2.3474504764997777,3.1977048904224183,2.8254673122967664,2.557699475968476,3.0281664874515384,2.455483161442343,2.2831377524579315,3.2019659624730212,2.503732156235149,2.72001292837346,2.561631253156862,2.962765827590516,2.2262554305717424,2.5165564017590403,2.8719441252348203,2.542864860194303,2.717240974329334,2.095425667094626,3.224173676974023,2.6989367707501897,2.3889085977966356,3.0117687847176593,2.479492479465063,2.7686613540840526,2.491358566442279,2.3242557870815146,2.8002829057868692
2.8199051342258183,2.9884017575549624,2.5641289966135408,2.9975808050798998,2.8908242671487803,1.910782839074567,2.7705571254758965,2.4707492639159736,2.7594424931516928,3.5097457803984877,2.23006436224496,2.425376772413498,3.2970850636351368,3.132300948645771,2.3191843083655086,3.198612546379086,2.7937273991178047,2.581120582576107,2.79304452858925,2.6880186773679915,2.1345560147630533,2.5713942413125004,2.6531098251460805,3.035755662064302,2.954350757143862,2.525939025563365,2.3963987029733027,2.8012328810074756,2.9732404800029677,2.6630649560999875,2.800982258855422,2.9265555173858435,2.2353007115351553,3.228430335478141,2.7527760512160016,2.5404244784751473,2.844952841718237,2.6766026938615384,2.3598837413654494,3.0480258949713437,2.845535990110683,2.608351212280826,3.0754554198814055,2.534064960302178,2.2639091365335653,3.0495480642065282,2.2679269552685306,2.8208112965080896,2.555304767422005,2.980963923345132,2.1938381384474455,2.3276436328520154,3.006553875647153,2.5853730024819876,2.2016657416303063,2.3156995679096415,3.0056105060845884,2.5966777228538085,2.2554490537738445,2.923140313786314,2.6263815097951144,2.4011952768403186,2.5691037289058793,2.803232953394026,2.7281812524071607
2.707717886560052,2.9295434929191178,2.6962812166554135,2.902330762223007,2.8496169237791156,2.0035942824829593,2.8621408353912674,2.5401615860679505,2.5909369238414603,3.5479256982327203,2.4242475073864513,2.6000332505876944,3.176701953421802,2.8947698724866893,2.287904242564597,2.732328951283404,2.721718533982406,2.776907441599478,2.3641316538916155,2.4687583030005977,2.0504370729924566,2.3523865634153878,2.8205904406400806,2.7024342538653445,2.6900598145348242,2.435269824958596,2.4522160668511144,2.4486788405273963,2.816199430192588,2.414810770501741,2.8577634974461317,2.6637218696237914,2.2182304578982266,3.2145802721263137,2.914609376028567,2.5718376081480403,2.702615877928036,2.7973964988956608,2.887222208932419,3.1209791226180466,2.7919633261745362,2.7804621213246783,2.711491251965209,2.8072616248386675,2.137322847941958,3.110427314515456,2.387276245419381,2.6393147562389956,2.4527205188244667,2.857083463745339,2.3736149025172564,2.3604559750214578,2.909640435593102,2.47325371266331,2.3745441464986388,2.0744822670114225,2.688355239614644,2.5043842971511334,2.2691844500671197,3.1072191529556124,2.52270956724291,2.608125116403446,2.23751923736379,2.9803086727103767,2.3551148885682682
2.608769024917733,2.3644113837971905,2.6255331402767688,3.0627046573472647,3.1131051678492883,2.001642803108837,2.7129103733997364,2.4379555366320864,3.2935367867476617,3.197303330760735,1.8018055059813773,2.380737583774873,3.3334684587033303,3.0254627173177613,2.469615444210963,2.90902644218593,2.9503665682351987,3.3671175741735526,2.738043375722441,2.2329625253385177,2.319244427938372,2.1387433264868085,2.4328041722403166,2.6929253355329443,2.9434705155696927,2.452956573794307,2.4770512372480558,2.3186843930456864,2.7092519058635713,2.3072424363311868,3.014371776180676,2.729611551139176,2.4040258690622984,3.1854048835133706,2.6535610003865178,2.6878086056265085,3.201264697998764,2.4135487287678266,2.873471970048735,3.0870478720686876,3.0369150665700624,2.5851653122582934,3.08650379785615,2.509460050128886,2.216278046870599,2.853801524287661,2.053907044580665,2.583497580503791,2.563955454513687,2.6347810538512837,2.308053588684109,2.620703335589096,2.76003443839739,2.58457520404204,2.7294379797946693,1.9656363141044695,3.035024733538638,2.822728180807952,2.4714547955990303,3.0464417680123304,2.3662184601327088,2.779955479655776,2.286959822044378,2.5574128921842205,2.274816232098217
2.7682420537406442,2.2780275470705864,2.823694921820098,3.2129157636597316,3.1005560474070792,2.0267129312762955,2.6637043535608713,2.3462871156646283,2.3064923341665398,3.311926073966271,2.624834046117757,2.491126961373101,3.225966276857382,3.140140544992386,2.2210729837284044,3.2989258808184774,2.9589699178059177,3.16958414822134,2.700523947576813,2.345751430750669,2.0701115601106492,2.362798056356251,2.590935612135921,2.919480134208167,3.0312499185620254,2.3819334287421543,2.348414657595274,2.1935135568533806,2.972214352034022,2.6226489122175503,2.9227551908647555,3.2942728028917223,2.335629270962547,3.1170534308602873,2.8308109757615174,2.154987531752502,2.6642815183830297,2.6891656278419602,2.396550803972436,3.1464148040787814,2.697064169610022,2.6557141616307245,2.9664673777437383,2.614844651056551,2.2292573279012413,3.4098490770415486,2.6376415781075147,2.302068157996599,2.4941996964892628,2.526008752335462,2.5526234232240643,2.2608725665446965,2.618868195320828,2.7579816601761946,2.675726670662708,2.2092413272418034,2.4400672501116807,2.9678191612912506,2.230079374419832,2.653031898000401,2.2799921567191745,2.6856469320733667,2.3697811115548904,2.4250968500042,2.9618146779857017
2.7379850668645314,2.8414387992972605,3.020254315234513,2.8649550222635662,2.6657990951651183,1.951434327502402,2.9011007279888035,2.6224635384263415,2.835419623957003,3.428938673510646,1.941072290329224,2.550947875027402,3.4451769420582106,2.8292200682272703,2.584733379432914,2.890968865819744,2.8583702378679496,2.0742887854631924,2.902708957856851,2.9300652060565326,2.332512838908632,2.6598364168304562,2.8271945041878284,2.725833853735328,3.262500072472705,2.6476633654105735,2.583522288733158,2.177904530852137,2.454286633153817,2.3263826101051066,2.8295641506134857,2.7065847147629554,2.147317904098988,3.209856509021352,2.489123978510898,2.0746324798831064,2.7636968326117026,2.5765528280531163,2.5242121317470865,3.2180964355489987,2.739027999035911,2.7341715194338083,2.8951983012030995,2.72727711811042,2.1459520158271235,3.1679870150455773,2.2291123945445395,2.9602095182154895,3.1773964195221156,2.663706524654054,2.496275937917717,2.8575473232527537,2.8933603579335005,2.1584008104073784,2.6007141452275335,2.255577156165065,3.0668502310768506,2.3819295671021585,2.3283691905662858,2.813984502768574,2.3737081444920203,2.529774364439105,2.137594854477915,3.181369898144722,2.7914377074990684
2.8228312805430096,2.40032307819337,2.478278927144449,3.0051970613321104,3.143414856685654,1.8556876193306602,2.4999773207457947,2.351779137622585,3.0498054328090123,3.368835525477489,2.7318044652996623,2.3513580839702155,3.259703042927961,3.0027737593399544,2.2265690557442546,2.691042736910912,2.848000420613271,3.0156237972246034,2.830035356550999,2.485141265318853,2.511038096365524,2.4509224148384927,2.3456941655590544,2.934626047140726,2.986155179667121,2.6892187486044943,2.279501840020773,2.6379070129286415,2.6080960723252185,2.218172586215549,2.773193022759516,2.5390179712268734,2.7531196441086507,2.9902723857359335,3.092827933681157,2.811360637374334,2.965271866933445,2.224593215106254,2.4432484870477573,3.16093933929053,2.9417979458551837,2.3907472398184852,2.9583403395173664,2.8164560342039873,2.0771520225326627,2.7639761491255683,2.5816586608186993,2.694319587200597,2.736123559585329,2.7868973574609783,2.4476796010609707,1.9520957409819346,3.040620391550881,2.5204641493238906,2.81650696574466,1.8715351548202661,3.1138704332731413,2.6221445732878137,2.5492401340056556,3.0284194589394713,2.593234678344755,3.057083659570622,2.069215989600923,2.5820051584005554,2.496781970097524
2.5705243421246218,2.491496254856571,2.7530577411543318,2.887242347533299,2.916124279114246,2.079387829856191,2.33787496162668,2.347522602722607,2.4395383457552193,3.4611707292113674,2.7003414120374623,2.312277329752001,3.0049270869812945,3.1606962030423618,2.3444235817966987,2.765420852550174,2.660515876297241,2.6667552320314414,2.753898945232857,2.2742671400121393,2.2529933606283095,2.4368316678986415,2.4310113355071357,2.9507032535406443,2.7111250308145585,2.6174947870372445,2.2777706843894014,2.5857392678239615,2.9677020183636778,2.269008834782963,2.4155887652088595,2.7580561851995546,2.174950255678119,3.0306467410599462,2.6439231661139764,2.265469443913409,2.561990807993466,2.729514844320434,2.1793108485829737,2.9592810545043307,3.061124384441397,2.799565098643859,2.8362177826775627,2.9496507559259606,2.2472871241068035,2.940223486656758,2.490721754202272,2.480087124527868,2.330812155681052,2.60427660570419,2.8715237208865343,2.013351496587858,2.9344077653128395,2.3368198210081634,2.4282716264190616,2.2143312585423387,2.126957954027192,2.2228799618116613,2.4146427633241183,2.597829369889792,2.3883812756806373,2.858916214250774,2.26459228588635,2.8733792382143397,2.6989147490309593
2.8103253973058613,3.2184973785026996,2.535445569986161,2.9007295666208504,3.071422319424372,2.2098660326186734,2.4006328611907426,2.4022175816047446,2.581512145984149,3.3229698688984524,2.4571698748930135,2.2360597784861476,3.418547263658471,3.055715558493498,2.4077861866333965,2.6818067365597704,2.606168634097228,2.691710540929078,2.810205338315253,2.63765573392803,2.1291469560146314,2.4699818678006427,2.5377599703873033,2.7484335110435287,3.01278869382049,2.7400452894810017,2.2446040795502467,2.469794979654007,2.8658569455723644,2.533631625264627,2.576306962233132,2.8474457110412366,2.4053342115389857,3.1631989675601706,2.9277883539196567,2.523524718380145,3.010992845671516,2.7800604122128374,2.2033612973731413,3.020484689694339,3.0180254846464645,2.7580492727730395,2.944900741005319,2.590227163656369,2.096223493295571,3.2216382353006177,2.4904008622683835,2.427283572026925,2.634782138456872,2.7597347262705347,2.6240325796002444,2.5360081859224746,2.82398117583002,2.405298006153401,2.5721311710520376,2.3101969618444023,2.4069843182680395,2.3947391982341895,2.4491085901371132,2.7338842157371483,2.349310688546266,2.8452765242477835,2.5371344019159925,2.932860270641231,2.6333805639717527
2.697852549402128,3.0446556731858894,2.654969112480836,2.9361902806232862,3.0976955115177645,2.1651751544321423,2.545524770587227,2.303916638034336,2.4654356093938765,3.5110800896095644,2.429708750254905,2.223119535854375,3.186201387037904,3.1227163058491456,2.273163326065278,2.993351332067409,2.832238102620389,2.891151201566376,2.7489532137682082,2.26351300993102,1.9407521648283361,2.516828362729504,2.4451052910509543,2.996508844014327,2.8348568903100047,2.5217481054163833,2.5464701424588783,2.484012582978463,3.1550616067413517,2.233990765124743,3.0308768229467984,3.239900774547442,2.465439208850582,2.79020468987437,2.727917193598452,2.211098728939296,2.892590520729431,3.0017944092115183,2.1595811340807884,3.0658853312758665,2.8104196661736314,2.68310743554122,2.8679996853299756,2.6636341423592844,2.087727304862562,3.0107459226595017,2.266171471682486,2.6982995861246932,2.619618708446874,2.7145885736080393,3.1095837059453215,1.9052560867424118,2.921387312808923,2.262464030932261,2.5933778411423853,2.169460285226856,2.654072669685661,2.578721674805424,2.3601263307048543,2.934827259169677,2.27617535596139,2.7113400081937744,2.3942319645513983,2.929353077002802,2.6712109013825027
2.739902858694877,2.4856991655418517,2.6881665723655046,2.952729339589738,3.0253624688767173,1.9675837959673002,2.788595294367682,2.839939087071134,2.7997187018478016,3.6006961622071123,2.5188092505257833,2.36004861757595,3.561011799867308,3.1506905360418664,2.3629011416271406,3.093176339413142,3.2224286886214535,2.4378677486905787,2.924238692411189,2.5124931273017888,2.6987354689130276,2.750813400484089,2.4614336503277885,2.7826381920821834,3.335278499626338,2.6224729211162447,2.377360998987386,2.3261838671164443,2.943504829934064,2.457489567530995,2.5307074823009295,3.2119528169133336,2.3956517870644434,3.025797260397892,2.989092510069422,2.2019170273728954,2.789672707644275,2.8057921869079037,2.6045997669694683,3.2496949828982693,2.990181693885653,2.63744985450349,2.813276938344638,2.428448092806088,2.285994664055975,2.79490892879408,2.701154113970903,2.824331627257493,2.984324842124948,2.8576722852666046,2.789856457033163,2.9053928430007923,3.1616068216768247,2.470154756865662,2.6348875638849267,2.168436386322312,3.0393165987133037,2.4935016585633307,2.517590081931717,3.008501651493916,2.3412580529399207,2.866127055220223,2.2712071955302227,2.8493025972356256,2.4012201943250258
2.9643925554921498,2.8194530187983955,2.3803472441718605,3.120508715304168,2.8803791343183143,1.964049470389117,2.7641883235221547,2.8056646885992866,2.7568383436157586,3.4833217147064883,2.3844677192403054,2.419219488137032,3.2056923146697796,2.867093343202734,2.296115878961951,2.7965386209309724,2.823956118160082,2.5819877798533724,2.8029164383641927,2.1464876835255544,1.7991942455244085,2.5637739422826122,2.4576093036421813,3.2915164761338858,3.009885646141314,2.616388526889569,2.795501774486981,2.692501233834653,3.078896198966122,2.3578213185844406,2.5797591996429583,3.083095974042266,2.478337234934961,3.1324648360474354,2.666572263318308,2.5997808096273194,2.554674435646276,2.8094773660129624,2.2258376921058436,3.153844338423623,2.854505970130263,2.6997983198154736,2.9890742917426856,2.6520337543039467,2.136263174820072,3.1191427038410056,2.593858667344884,2.910881837018745,2.625380733357528,2.859224645745116,2.498305858555593,2.0238174244561984,3.2405485218594277,2.5304005411669905,2.7075631097601627,1.9344503336866619,3.1435876727858547,2.700779138757415,2.334955866733409,3.0908257495671525,2.6076190211508576,2.5422437345880264,2.350249959292143,2.980502910613155,2.4069311207261013
2.709495384883553,2.89777797648791,2.9538289215524594,2.81384768230034,2.897549666596165,1.8977840883030885,2.586334056918008,2.4592560308373446,2.7988118621625113,4.05752631389016,2.6039707862029555,2.017053106037513,3.2428344298030365,2.7639137874889923,2.501005067038738,2.9724016597646306,2.83508389904223,2.6375296622279816,2.872282043918149,2.3799495080828468,2.410263799136513,2.4522381696120465,2.507322586880663,2.847875635805522,3.001732397577459,2.5686627774135427,2.6054073880496014,2.472712856369462,2.5160517861518827,2.876380464991853,2.7684657487497217,2.8365669161264955,2.5457224331187045,3.3068052961078025,2.5804322568125904,2.372573757950046,2.9367340221027316,2.769808887567466,2.380254733039606,3.411096509391571,2.803932513462441,3.000731922286681,2.7943787346724624,2.5926653904246493,2.4397394858746324,3.143785702725759,2.1674979628842532,2.596465867438609,2.547612961361964,2.9107904551213046,2.413279638638469,2.420663350381187,3.195540176173063,2.200247804050839,2.4581957719336476,2.0346468978115007,2.9638906215885976,2.44591313047307,2.385853521402103,3.4813954155299083,2.1928009053665956,2.6348096508097276,2.115727932467066,2.6347586490238486,2.372034437074926
2.707957404945827,2.4350335535016554,2.791608832669718,2.768098462343217,2.6231146730014236,1.9381652405004115,2.6583199952703263,2.4112850498278218,2.948183100251744,3.633204153436851,2.395025263898072,2.1440660305650536,3.1669188898900926,2.7918281052281517,2.313245734836754,3.0095917216576757,2.751120285706171,2.8764734838034305,2.665710910449687,2.280437349902607,2.2213847906821695,2.124513902120309,2.649427336409415,3.432807109734787,3.1179270452443086,2.615910410291189,2.597950450728262,2.5995206769849655,2.9955140008597367,2.6480172739128807,2.5616025537904212,3.1488665230524973,2.3225029687254617,2.9307392828634535,2.683605840636479,2.3813032685664925,2.9670464764833007,2.529386806111817,2.4472520255038783,3.0758396333043736,2.919348251431908,2.5070088994563937,2.8413225098640114,2.490399791466816,2.1855679174951135,2.745036748496227,2.476975184912578,2.4876307443871366,2.7302306341592426,2.356832430854277,2.596941347203287,2.4887657489789325,2.7248093174947328,2.73677469055449,2.337399525330489,2.488416748312782,2.448948546121216,2.3960130330296714,2.192636510710689,2.861460737926501,2.8112849772184676,2.7199035738170267,2.554929250473646,2.9924518093614614,2.576688062431089
2.7270734927560123,2.787242419447035,3.028002970275965,2.889817339014529,3.0606906893266137,1.9409305838919644,2.7807281947935945,2.0806861629307902,2.414925708688617,3.408875674349407,2.6834073864359556,2.5076517747178855,3.310906801972031,2.9553959325552226,2.3755425153122776,3.144748787255325,3.0958783876558287,2.8415765615988926,2.8413960679481916,2.0980454927118184,2.4431667344171446,2.4694897241949207,2.5343787870937766,3.089213738723813,3.1383817744280402,2.3935572968474883,2.485587246247502,2.3697428249942485,2.613606863697743,2.848629653594882,2.6596678002416474,2.814242352031862,2.2931178309282534,2.927565804445281,2.6398464565663446,2.1553055341809135,2.7942929091865074,2.4714751369751715,1.9646926572150472,2.866003712317058,2.87177359806359,2.7648760813221593,2.995689333398904,2.5482501348865916,2.265893057988301,2.858336291475705,2.311163159127231,2.476822549798779,2.2993321495130474,2.774011958665622,2.4249204018470927,2.586989804672023,3.1068535570764597,2.5166384940511413,2.63451630881881,2.4049153424896503,2.521565191914973,2.357781122946678,2.149175756727545,2.94801994945332,2.3512405310401148,2.699281426841531,2.1070522414052766,2.101168958928987,2.4764616758885305
3.060698481869388,2.4315662948803545,2.739043890945442,2.97359104490452,3.0270690547437047,2.282129796439845,2.3775318745487963,2.26778597894154,2.5871768715967494,3.2821176802602094,2.34872672120925,2.1916606609001343,3.3471100374012774,3.2733379190733003,2.375277428504886,3.0186255683627286,3.068398244767821,2.47010167425213,2.905268708682966,2.5092948871088594,1.9781762448449889,2.3804830548116183,2.384677149340214,3.1456194382061975,3.140484693224035,2.5007119144930425,2.1667483402250856,2.4981668627231692,3.107277660050315,2.2221932088475924,3.158934039098803,3.1182285077123364,2.6665946572674084,3.1311661384803053,2.9799015789781595,2.356043998537959,3.057756465009765,2.6048890472339132,2.121944942659072,3.4745360875535747,2.888471420886934,2.6819989990772997,2.882392198452882,2.7038906118364365,2.1629342611303115,2.8272102051588095,2.451908146395753,2.4390904127629143,2.459309610971413,2.70973372418025,2.283965418581769,2.77431899197517,3.0251640103008457,2.393926568789708,2.5894936274735008,2.1791502707325,2.728116904672743,2.8118305250372875,2.2636951263010188,2.839066258727081,2.489253103126843,2.820768168201343,2.30794637922208,2.854184933806971,2.8137459698760487
2.6515863554182864,2.5941069331456204,2.5797476324574293,2.951911512436073,2.7813692075983827,2.5193093834252624,2.346760002520073,2.3298807025547035,2.3551985515650253,3.4515898482470875,2.3113851401674617,2.426753170655132,2.939778046912211,2.661594294941209,2.2760935577690686,2.7325775888494346,2.8494542229744386,2.3864185357635015,2.6964556894142966,2.0684645342201553,2.295918346297737,2.2467912301955364,2.447177792350187,2.878334715250364,3.3366014773073975,2.48405421798246,2.84412317892522,2.56151625886623,2.831342695555795,2.9396267492467825,2.796604116326605,2.78368563683999,2.3974459081688813,2.9742664738344113,2.7791969889859254,2.125185764932278,2.6592761526812936,2.8541580217899605,1.829667602503022,3.114874862145737,2.9403112630118953,2.828411371098203,2.802906186946887,2.6702220000391197,2.24855745054365,2.9427817652103365,2.332630237456551,2.4096160235228865,2.5577268836027356,2.703366146666799,2.418160194755675,2.546518456830192,2.78460933315501,2.460562688066074,2.847582724212372,2.539876243277038,2.42626044216414,2.4814972574547247,2.530039515203873,3.051010814610758,2.2439850040775706,2.8203261253920164,2.2698366511192214,3.120213750444621,2.5395451429622162
2.7307594885017776,2.8217802711820603,2.50675189265333,2.8757777123897386,3.0486708204605413,2.2713555565936683,2.336971691098154,2.3009186058435636,2.5695499423377175,3.460734888643105,2.110452116733501,2.4897335803345486,3.1333717504300225,3.043835855988292,2.378783115129919,2.7423766002199668,2.9629269351813363,2.4728624654800098,2.6936316117445727,2.553973160239717,2.5783768856267653,2.2076785023905683,2.292137612180559,2.9343037943334895,3.095769166539248,2.7429282164222935,2.3948983804334603,2.6937829646037046,2.660809024875214,2.911661746319379,2.7911053317272727,2.940837404033142,2.4188725330931646,2.967707107596661,2.1553987392974023,2.2145268490975423,2.525059986197882,2.857805008241254,2.2094065548793758,2.931260510563908,2.5711979132950615,2.7594252678647853,2.9537509849504664,2.5965356995953797,2.043593091178614,2.937236127260107,2.364840156666496,2.3724993480426577,2.722026814537364,2.789077531347215,2.716198216719623,2.6167780435481776,2.7331044008157184,2.311246106314058,2.4056521281232603,2.0754914349448517,2.4672161014971277,2.463482915329889,2.4813137514789307,2.922551735771208,2.513759698828702,2.751156493912932,2.4631859361740873,2.9386888164565947,2.4069539373347495
2.44922375923031,2.7700537339938953,2.8988239270363936,3.028753262302429,3.1503581032714063,2.1561272642042333,2.543550205467283,2.1566873489801806,2.354700645157096,3.233361906971301,2.5804044754506044,2.0854082203730395,2.901486264286559,2.9918793679296924,2.2609428980399304,2.9231121533640607,3.047350652090849,2.7506449867712512,2.666935423192325,2.2684563952395487,2.494108348434758,2.187583330181294,2.4865288593399484,3.1223372428462124,2.963798816776807,2.396100855736113,2.3772426155095965,2.699251318255805,2.9273025873516003,2.8092532423870784,2.6415859206950527,2.6922799656496124,2.45402828428703,3.0668078447297455,2.843813792102804,2.5861367105352397,2.2541295551092357,2.6338229062069156,2.3025941817593405,2.8346818850574187,3.2043063059163654,2.498234490635971,3.1290933654551996,2.5664322523416687,1.7648060167103685,2.9281683260077656,2.34909827618813,2.1280978903041814,3.143959042862881,2.479824690690507,2.5195054725726456,2.388686038107723,2.7046787009590227,2.3591078349347026,2.388457474182936,2.274806322797131,2.3061985806145953,2.390537400516634,2.5809417990653047,2.643455788663829,2.8920665727603017,2.9646671861509946,2.389110187232867,2.7938652343431576,2.124934089638886
2.2225336830444338,2.75057923303239,2.701835843433325,3.0185825674907227,3.02295873743454,2.5643427748221077,2.814944947220247,2.3615714116075264,2.622892587656693,4.0072830029955595,2.6255873224393285,2.3009319475094454,3.329179410523168,2.7528139445421327,2.465571344466376,2.777187970294924,3.041076234509872,2.934545486116272,2.6595643859967626,2.6176938794679634,2.223105971981659,2.755816614636379,2.693679858688217,3.034688129497304,2.9794690666632686,2.3136393055456517,2.450099418620593,2.6127048765538134,2.842951266538302,2.4068813752233758,2.945583679090848,2.979084842386414,2.696486677053626,2.849136467979178,2.4877254890758147,1.9942739216320118,2.2789489566294625,2.9804947150774,2.7635042509381225,2.8941808425500044,2.75459495666421,2.8793703209582495,2.7241766781120154,2.9645717903999915,2.23654369024543,2.8552236932701587,2.449103537501052,2.371568712047154,2.621273494025046,2.421878232348843,2.742913810245926,2.279409633099691,3.06769016201165,2.4197109584378196,2.620822866692824,2.5360399350332057,2.478438131016822,2.241397893649894,2.1059620181213274,2.7267505899516173,2.347134814560821,2.861674093416529,2.5769923187340793,3.072272184654099,2.494842096717636
2.9872831108058926,2.6206838089286233,2.7151010678727294,2.8937822903996535,3.008185517564359,2.3667895742581053,2.768597168473216,2.1935574263893773,2.546762524055191,3.381380544273851,2.216617234646895,2.4697935995578866,3.1044867390152624,2.762361214533704,2.4633524269932408,2.938452253038153,2.965687409900514,2.677803784108728,2.737212592222337,2.2324337252106825,1.9736745252778474,2.6491751980396154,2.498524946638571,2.8447002333062414,3.3231751118782813,2.7378372521285845,2.3514389034327845,2.6798781018119886,2.7932346159904795,2.6105182283118413,3.0078625606606373,3.1143580955465096,2.729008326694347,3.008819572399432,2.511182436975689,2.4054503614898106,2.775405314321239,2.78508832319909,2.5850022127534156,2.709293319031517,3.1552196421834613,2.923618861039501,2.9003598426361816,2.8143543827758126,2.172497891786774,2.6057769398498025,2.578497306128304,2.684842307746362,2.7989516242658246,2.4213010728703246,2.8870730093197747,2.7766484242386804,2.81639037078853,2.568309728155155,2.425998369508452,2.107967321264065,2.5820752564294693,2.26431565016124,2.2536893959268594,2.8413812551751763,2.4609204176531425,3.3730472976473216,2.326299579775467,3.40085610164392,2.7037594825612867
3.007561314242089,2.74030287741241,2.911842494611451,3.404734667815383,3.165873327465634,1.872356341038081,2.50327703926974,2.3293086029472736,2.3359115089388163,3.515145260305539,2.3209155995559287,2.655182775211183,3.0512871479228347,2.8154294828774806,2.351027525533076,3.136050211502807,2.9414620875528814,2.743344541640434,3.123691502572731,2.6689636552778317,2.343632326418371,2.495261734923669,2.489675347477197,2.8046872243863024,3.02612609907318,2.6261547520386146,2.533979047617316,2.715933338082012,2.6809948782894253,2.710026711662857,2.7717260936895105,3.1848355477838903,2.6295193409095705,3.4054673428002653,2.6401624732358284,2.4051112188608115,2.7455942696582314,2.766822905767871,2.359758109902387,2.8735838087976338,3.283061450662903,2.647071610006148,2.9907377775939805,2.687054421865049,1.973339410645643,2.756293760698147,2.341131275412962,2.7019672393686043,2.625537859582428,2.881225575989999,2.366085454293466,2.490311840741777,3.1606145959031124,2.4823507914319367,2.4961125537068414,2.2666191984152215,2.238190715164932,2.6319174547432262,2.347654946764528,2.7650419458582105,2.7265108419285577,3.0212130010682174,2.4409010494375387,3.0307383558184937,2.5271111502781287
2.7774952407700795,2.6142732653624075,2.7452096430071293,2.965214624311091,3.2090122712301272,1.8910371943105215,2.6948722178865596,2.5711660047277536,2.759907631499645,3.363356274029143,2.2613613834281003,2.558422167931973,3.170544717239081,2.707621326101205,2.4382755287586577,3.0689383180196743,3.0305194787742753,2.7338554116242264,2.841677193788483,2.5989797777645967,2.276428923218693,2.3823072571966204,2.7842520761862954,2.915320765362932,3.1458197900800915,2.527858447742157,2.4734339941075687,2.4033541095114788,2.9111993320030503,2.4364956092621846,2.9155690948703894,3.3984668113430425,2.442483211034473,3.1839870643707933,2.604935556812273,2.3539999206939153,3.196873049417341,2.7263685027835107,2.7049967561240558,2.9547745958141864,3.125670378420027,2.7390349709032464,2.7874966710739226,2.8919257564769394,2.1730979999695843,3.0199860103550686,2.3299821468114432,2.2723210142702808,3.0659629947697975,2.6941959289018644,2.10332817998257,2.772151322329297,2.8836205400447588,2.4340075356949806,2.7558741509745808,2.0345381833433445,2.3910236671557668,2.8494609237104043,2.2054256060829958,2.981538276745651,2.698306125665713,3.061102084012876,2.267465512828728,3.165194107975504,2.388216893011446
2.990900917095552,2.5978146416308743,2.6095920372240045,2.9795694925941016,3.110671047068552,1.96039653325384,2.782698933350477,2.498582977194707,2.83649232083097,3.5184244715160555,2.2938754541086284,2.523486593665365,3.273524396842125,2.8742414756306855,2.2676945856376527,2.9115223292253227,3.0287948268203166,2.8512886482382447,2.7263463969996087,2.4197355650518744,2.0346199968085963,2.639042017012997,2.601422025099401,2.905519481578514,3.071965421200395,2.844549925078904,2.4343294577905183,2.362462677580946,2.819078833155543,2.5922455281725894,2.999138994197626,3.1095128879984473,2.576671410187498,3.2929198497005756,3.0003701220960672,2.473954356131485,3.0108010923899715,2.429988329950098,2.7348510952160106,2.963581080867044,2.81182008855325,2.8543385387241016,2.6745854056864666,2.6259013997504654,2.228578068850313,3.1762610290968314,2.640963278912893,2.4648512834386787,2.6831250625464746,2.531115714216467,2.2849842006666785,2.186410518124384,3.150829443244726,2.759524824242771,2.3864126662018483,2.038397110112358,2.8782679098158366,2.1458116437317125,2.2386975906645925,2.6589104027980968,2.4757408454213525,2.7958061314348117,2.3188800211799196,3.025455593278595,2.582798914686578
2.811022360250615,2.6739739465147565,2.6240745980201403,2.973807764454494,3.0488879199873864,2.1477572226434973,2.6336217365905847,2.322643511083405,2.4184269079753595,3.3794281710093808,1.9448170571353063,2.781743063840858,3.126590887643563,3.0126055592553964,2.0584935722958733,2.859232282831214,2.9430483165795027,2.8952593695914643,2.6964636418592796,2.373147610737875,2.4927257380730437,2.660100045878571,2.4190833341687976,2.7154160178113633,2.9326194122660243,2.6677762134491028,2.0213760814015944,2.63803544516726,2.4276606358792496,2.2788990214141713,2.6034258154190804,2.620473179893484,2.4964360725127417,3.398314085046034,2.770231537791449,2.5712472447457153,2.368421915639274,2.558824706063109,2.551185410634718,2.6558884545717336,3.307127688092794,2.682983808138977,2.8395572590208076,2.5433477012026233,1.8283119201151299,3.0591471561108614,2.182360914354722,2.290623964099556,2.8282193427465123,2.5252515659156214,2.758588892879162,2.6234229483371205,2.78130188695787,2.275428474194108,2.5278981091491257,2.1879468263786253,2.6790704130282657,2.791840686221561,2.66045606175611,2.5737175540751895,2.8094878150028038,2.8476074985610844,2.1860589654954636,2.9921811909584077,2.468002740531004
