April_6,November_4,March_3,July_3,December,December_6,September,May_6,November,October_8,December_9,March_6,June_2,October_5,April_4,March_2,January_4,December_7,March,January_6,August_2,November_2,June,February,May_5,December_3,November_3,November_9,October,October_6,October_4,March_4,August_4,May_2,January_5,December_2,July,August_3,January_2,November_8,October_7,May,July_4,July_2,April_5,January,April_3,November_6,April,July_5,October_3,August,October_2,August_5,May_3,December_4,November_5,December_5,March_5,December_8,November_7,May_7,May_4,April_2,January_3
0.6394331848952938,-0.43267219419177,0.6532344063450388,-1.2929799165493585,0.3733270764688274,1.2056854429161388,0.015219305674431055,0.16254956273169482,-0.011487074683682208,-0.09190028657881504,0.5089060378144876,-0.7354109477468062,1.3676813899766094,-0.14249062797159473,-1.0252200381989047,-0.47564708617294416,-1.923343566310419,-0.4981290776830617,-0.44161591743384193,-0.7580455187626678,-0.5030325057932596,-0.00414965570871665,-0.5538130291989856,-0.307010989333755,0.3622940158543117,1.4059464527886105,-0.5953293292534282,-1.300810671334249,-1.5465198399155513,-0.9064761953585604,-0.887345586112814,0.2031696403240587,1.1000019448688725,1.0493981194902862,0.2099556929893911,0.245821781272033,0.7900913119899607,0.17104496712281725,-0.21855436550406993,-1.1747719207866507,-0.21385294602496038,1.7067947496911686,1.1991655012946196,-1.8970099770221374,-1.2006019944447532,0.6412560619228922,0.04119710727113185,0.6344795940333366,1.356392997094244,-1.3135310762686894,-0.2504302784160566,0.27793782602644357,0.027989935442559746,1.57124136316132,-0.012338291564856628,-0.19145114615821363,1.460710283157895,0.5556677097077483,-0.0388892180245938,1.1721033267831582,0.30404490466610035,0.22983159277136112,-0.004035072605594492,1.8520552622209496,-0.047863971785195546
1.4570484078380272,-0.43267219419177,-1.2174244888795434,-1.2929799165493585,0.3733270764688274,1.2056854429161388,0.015219305674431055,-1.4736354558622435,-0.011487074683682208,-0.09190028657881504,0.5089060378144876,-2.861961911846641,1.3676813899766094,-0.14249062797159473,0.028868642886431706,-0.6478768614301761,-0.8058946056014467,-0.4981290776830617,-0.011719476565799726,-0.9185025022615081,-0.5030325057932596,-0.00414965570871665,-0.5538130291989856,-1.9109715735684722,0.7861954124686158,1.4059464527886105,-0.5953293292534282,-1.300810671334249,-1.5465198399155513,-0.9064761953585604,-0.887345586112814,-0.033112281895552084,1.1000019448688725,-0.45196394953720237,-0.49182799146178,0.245821781272033,0.7900913119899607,0.17104496712281725,0.4255697969028044,-1.1747719207866507,-0.21385294602496038,-1.8263869083237336,1.1991655012946196,-1.8970099770221374,0.9045584202731066,1.4457185297036905,0.368362411805892,0.6344795940333366,-0.6144092425987305,-1.3135310762686894,-0.2504302784160566,0.27793782602644357,0.027989935442559746,1.57124136316132,-0.9084948541266252,-0.19145114615821363,1.460710283157895,0.5556677097077483,-0.5872008686689129,1.1721033267831582,0.30404490466610035,-1.5111839898702548,0.862176046682137,-0.8367666834017173,-0.366361143102146
0.51831514202435,-1.1883085265786812,-0.720801632888599,-1.9166282665283614,0.6778207698961265,-1.7037147011164913,0.22588372158742898,0.44287386274174056,-0.011466202387138968,-0.3295654532542874,-0.5201949412610308,0.5555060039554938,-0.15760801374206485,0.007684801323495333,0.15288253890250947,-0.2846992347832877,-1.3284788245418582,0.09012283221482363,-1.5704690240840062,-2.3225652292249643,-0.28097176206432095,-0.6114040955677899,-1.5266172291276565,-0.5645217354299785,1.259511258489855,-0.3302089749488203,-0.39597333997097156,-0.45187592859094766,-0.04874177857185958,-0.9294694814835789,0.4592524064731841,-0.6672290783256337,3.3720169503308477,0.8724058758022561,0.8552257957916584,0.06765794884878962,-0.08539402442986152,0.6390957551392813,-0.1345817728636817,0.2564071002671119,-0.9575978567726048,-0.9124028063203119,-1.5125703183262469,0.2056198487806981,-1.0289724409472956,0.12428096416596093,0.4172767959908693,-1.4157040213360297,1.6181763230640622,-0.6516980385828547,-1.241759052890209,-0.7529068324527799,0.778639390295567,-0.6321161511214306,-0.6229842051527366,1.7216760720198832,-1.1168881977623586,0.09963247066780001,-0.8500099759567653,-1.0265539579089416,-0.1380326441160873,-1.0099539100817396,-0.171058570802498,0.2004355232719937,-0.3362222913182363
1.2164774385827333,-0.805610306933848,-0.44202646040141336,-1.198273209135405,-1.0035553284307217,-0.6865072797435404,0.535157975659166,-0.5048498917146613,-0.7297816953757668,-0.9404973801417582,0.1940329539972379,2.831267899073068,-0.47990586339502006,0.7438229122632765,2.2250001717543832,-0.12008731209336494,1.4227694123146999,-1.4305207447532031,-1.5550915569641632,0.539533578949656,-2.9419408100880906,0.8405725650537836,0.45124573415616015,-1.94518204977057,0.16496105136531397,0.40657583170892964,-0.36343295605824194,-1.657859181229864,0.06369890061456389,-0.4466628248134364,-2.2382526185769653,-0.5843865817208507,-1.3307062876349907,0.6837960301619666,2.399452165052854,-2.029538494056661,1.9636207323706572,1.537892711177105,-0.5136647736497841,0.35147145516532763,-0.6398229521467774,0.7276651199010482,-1.2274693326601063,1.540194668668468,-0.5345074758922459,0.9770830828974651,1.1314030536491093,-0.7908802630868547,-1.3282455030625162,-2.5270313836550375,0.43878056367214613,-3.201711833322696,1.0146109836264154,-0.7115374624502891,-0.7626127730709188,0.7417881310013068,0.20710213238744918,-0.42918830120569884,1.6761658815729856,3.0307103964941735,-0.33077149356009033,1.2458361459033445,-0.5729232946533008,1.5582308460166148,-0.26129150408807
1.0801654672501282,-0.9835186261191786,1.9130618697516673,0.9014565761176836,1.7809723952359426,-1.6721307804727057,0.342141515892649,-1.554761572037818,1.108935335406564,0.8626241947950967,0.06900151778863531,0.6746925893212292,-1.2778853629901554,-1.1059921909128743,-0.6930367528646453,0.8496337459741045,0.7055146537001663,-1.3980302359387984,0.5196829383046531,-0.7768983915850838,-1.3590479080390672,-0.029075843868776402,0.6467222214593354,-0.13404906097013836,0.9201469709985393,1.4684222474552766,1.8529425035033071,0.05316082201603442,0.2612473345093252,0.09930242724838181,-1.7022667024243272,-1.1427129214661003,-1.064944096731504,-0.12765162760622722,-0.7937808297458566,-1.699693262188431,-0.17040007816239508,0.8343056567977118,1.1720288039450957,-0.21241506177136896,-0.41311659741541223,0.004454225941188911,0.08227578427030449,0.5501139532590191,1.262686531963941,1.56827577827445,-0.45299636939639065,-1.8444739118450197,-0.00775171119123623,-0.8947887948791168,0.49183934860229217,1.6791793733463982,1.9888376563067829,-0.8589780736061935,2.1307176342970644,0.9722731006172867,-0.11901595211455576,-0.10870268778054948,1.1001264270525597,0.34647459752879045,-2.021553259418824,0.41785254373547936,0.804015463048531,-1.4361893469498421,1.7440557001933288
2.6276476431636673,0.6470814963041179,0.08908648475394769,-0.6294742875715325,2.1938963632007167,0.0296533257847805,1.1699032369693825,-1.7494438932927592,1.0886271415959894,0.6132441331395637,-0.2676957419088081,1.1183576227705174,-0.6399328795199863,0.989965608636166,0.42931952000493007,0.679397006532864,-0.5502383811489828,0.825291409659892,-0.5543625190771223,-0.6629462375099834,-1.3375174763356026,0.12872774753780844,0.6386042767372473,0.9873775596057146,-0.13458563118906042,1.4898801202007563,0.9649898509092293,0.8753280032491415,0.5008066879295898,-1.963427494424645,-0.44501612842551913,0.5131509104856048,-1.2218679203481226,0.6950714390157032,-1.490206274750191,-0.29627326515181185,0.5881400861612904,0.05448445498470064,1.9726858368101603,0.7443088085154905,0.7118323384875491,0.5778932515105629,-0.6581914758942045,0.33329848994541134,1.1085193281308658,1.5679522293767314,0.9054196282471516,-0.9573478507616635,0.25118010906121047,0.1406308046341644,1.2621364774106414,0.0706023564406423,0.9513634249436032,1.5140095660499044,1.215554739195678,-1.226336087135946,1.3178583968117588,-0.8339690353235227,0.1584641895902469,1.4673769395797271,-0.9286769861546254,-0.16021159455419826,0.49958860116665965,0.11919220644513148,0.17820563775048864
0.5055793530763297,-0.5240683976914036,-2.2845985952189007,0.7913611674422031,-1.1516529658104842,-0.010617864402099168,0.47755016639608316,0.6549191588372113,-0.5318419307139282,0.21039662974745246,0.8675413340583097,-0.3354582491930839,0.1672998615578348,-1.8300079096564594,0.5444713151563145,0.09901758255255803,-1.4185253312030588,-0.34529544834687026,0.2202043454955761,1.0601787779749166,-0.2935247394881023,2.2410252445945535,-0.996105399576868,0.9423369765486234,0.46064483705537373,2.2555505758399494,0.3501998932088263,0.3576344322822478,-0.09140401564113024,3.219488167943149,0.27952833592080184,-0.712636860442879,-0.06971315914373993,0.24097385708946717,-0.16415063985457354,-0.5569730757721939,-0.9116419442011496,0.8459766698285319,-0.5357019190135229,0.418707429366998,0.2986779483956626,1.055333427570908,-1.72319925827211,-0.8820013270913605,1.5130016587976267,-0.45063388819375794,-0.6424460564185066,-0.36806463099107145,0.5408667010921462,-0.7384019679430579,2.4248647955437628,-0.13230979863380918,0.5671926513773577,-2.499818813094957,1.016314443754173,-0.5395890300534715,-0.25381873162948093,1.9083630025886222,0.4066025999740473,1.1540928455417965,-0.8720169446887676,-0.5437758153132211,1.7551607007406607,0.501577850597794,0.9671421432853606
0.9009279597187138,-1.816304276223745,0.45752212568601225,-0.40508342226697097,1.041156391645035,0.9539921932978904,0.6680029040053124,-1.139760110201954,0.15963674267218286,-1.4827840599686135,-0.5373524111640168,-0.9771382740766875,-1.2318669486228557,-0.34572994267118934,0.2569655048064141,-1.3296145235489427,-0.08484243177785561,1.1627908712475152,-0.269139727506598,-0.5742486397173152,-1.5094069614615597,0.5008097773240284,1.5891524553182028,-2.9137839988300955,-0.30010196554886664,-0.4883508456640834,-0.47100165070710714,-1.04929358928292,0.21280172551873577,-0.37073955537805947,-0.6431712725200429,1.1443951132095713,0.2870287958540715,-0.1794048898557809,1.1966487579406877,-0.26705185362489026,-0.5994010070532478,-0.3435950374659721,0.8379270261579356,-0.5765146957154927,0.5213844042627963,1.2576223676213547,1.4238914950652244,0.813024831956594,-1.2452945408784883,-0.1920053163259326,-0.3147347218958336,-1.2436320571944264,-0.06651014849513975,0.18166854751879885,0.45637318163454926,-0.8693795843008968,1.3261435408565532,2.341041168723255,0.5545660147327957,-1.182470406831925,0.9818111115714903,-1.1888175135647485,0.04844860150249006,1.0794780763492764,2.627845482288889,1.1431476297165355,0.1465281521424156,-0.1890101598901925,0.9652271209418933
1.9359326631672757,0.10633291140873954,0.9527489414916209,0.5411559448090728,-0.6744202765343876,-0.7964753943022767,0.578190026371052,-1.2244307322903096,-0.3409182952575799,-0.4223165880573358,0.4613257182840943,-0.5720675316616561,0.47015809827396093,-0.5289203971416968,2.119710895373398,0.010374506206498546,-1.5885356536712218,0.7663130302875463,2.327288270107116,-1.8365424742540335,-1.564861434289082,0.35639939615317323,-0.22275072807309337,-1.2837320008556523,-0.37675935714779607,1.1813646567807385,1.267321445678706,0.8506020456042883,-0.8197448416677648,-0.6192433672254668,-0.2932737611445345,0.47924405136212267,1.088431221689238,1.5104620653641587,0.6738709421729435,-0.2920000162439703,1.7447637548834716,0.6966398598384264,0.17985012289583535,-0.6624532000457204,0.7934763613684083,-0.3971620911774397,0.10282565722511179,-0.8190692427291879,-2.5765293521492554,1.4104875898663005,1.4007699059961778,-1.2697117174252779,0.233226295373058,-1.317187220136336,-0.2674724859245178,-1.7741007029026108,0.5798790515813099,0.41979668812391885,-0.6852035124377351,2.1839585034939257,0.8326665040172609,-1.3476744604821516,-1.8436916718914385,1.5067392684376537,-1.273862126874958,-0.37609691697237113,0.8554522877570657,0.6104482883411537,0.47708484615130153
-1.3066304873525012,-1.4267035784010085,2.2052404299413353,0.40102490524839735,-0.4581409226112201,-1.3934561820276374,1.2281988363355705,-0.7440268882860386,0.3480352151641609,-0.8308607798029024,-0.3676621897517246,2.1551858151416186,-1.4560331241552793,0.8329305238514653,-1.5766731875294375,-1.5967212199593053,-1.3970428141422406,0.882907710713485,-0.1242119357476071,0.5330251749564281,-1.2898582183802023,-1.4737145755719032,-0.1749108534695527,0.5031542822590651,-1.1078418787478521,0.5423279603924318,1.8285892650992355,-1.0851601370770125,0.16177148107651348,-0.22504548451957973,-0.34833966742360556,-1.8050666332616159,1.7265892520935713,0.13012133362155753,-0.9426581213469744,0.9067371852577092,-1.3298676725225014,0.27676999031965194,2.35898460830103,0.18054772046469336,0.10737329950835486,1.3130102464836029,0.03182120526114571,-0.9431003433241308,0.49327288498587385,1.8517556325236846,-0.42773163433630146,-0.4545078802431782,0.9732579451146717,-1.5001908972960944,-0.31466821644626053,-1.0123702324541626,1.333655632578618,-0.28316934149979694,0.41521728484141446,0.7718717512854104,-1.1476827987920328,-0.914941923195993,0.23455505951342215,0.0729036545391715,-1.4066914164258588,-0.4573061499782556,1.4801805915990116,-0.6790939914606431,2.4163799020653447
0.7522738568018856,0.893275897473935,1.4638968334786995,1.7149548983646634,-0.053416717498230425,0.47135964820116116,0.7778774502049515,0.5090270188134871,0.7713313833751356,0.3982870399086071,0.3932893161273343,0.12808809137240662,0.4742382769463656,-1.1702709929188793,0.9761499867978337,-0.6654770725122338,-1.5986251744791546,0.2972678938305794,-0.42895488328270437,-0.14250158587192047,-2.011447374609668,-1.6527463934388371,0.9467065731262484,-0.18874951161095088,0.23804316675198994,1.7985468932319484,0.11211746771637768,1.4745740652263195,-0.0932781597959678,1.188597846548075,-1.6801967026667615,-0.62218796341043,-1.1998610515381192,1.339947826535212,-0.46585761436790535,1.4198787585842205,-0.14612078577080964,0.7369371561473186,2.0493311860298515,0.9262508003582874,-0.021979682755135913,-0.2055450327360124,0.9511852997864968,1.3021170855504622,1.7201721827423186,0.5815108640797173,0.1693565975146204,1.1921275576046193,-1.0470185688353633,-1.210342519025701,1.579374505029651,1.396037876850498,0.9355122527564784,-0.5959444333380056,-1.2408752446117604,-1.0550857220052219,0.03284459677869289,0.6914711027135089,0.4698159931630696,1.7088951529519067,-0.6633397742880695,-0.9566104560055982,-1.000548827607362,-0.38982349444322306,-0.4036345670982102
0.6416535635384626,0.13511081051819002,-0.185462543191453,-0.010829534973074963,0.17128749717607555,0.4254669856972038,-0.9433662064043694,-0.776897429649235,-1.0872710774078547,0.9540496388605502,0.7589279679035641,-0.7996562846531379,-0.1471027401652642,-0.6311098319241589,-0.34382616633128543,-0.40005176849961377,-0.8892515956439342,0.8481079689328728,-0.38220016580738786,-1.7775377696500712,-0.5707705677187187,-0.5888260653202334,0.23101936481552504,0.396362531047211,0.43443117474531256,2.3130492645816947,-2.5892026286953245,-0.7730513139189914,-1.4043539662013533,-1.5650499686756632,-1.5716535339687296,0.8038374185420327,1.5287493246252988,0.2959347923831104,-0.8514433686381827,0.2317313424239482,0.3577161984804999,-1.793822840466022,2.187373093933791,1.0065094351839643,0.04935211076700638,1.8209023457155995,-0.658964384187136,-1.7373396173117537,0.5829912593818939,1.1813588636527959,-0.13136275253109445,-0.8132603987777002,0.6973676577186244,0.5473432283050602,0.4237723524461318,-0.9456198859726471,0.8599746310156976,0.8327910585883372,0.16817353481209224,2.346752736596525,0.2645086069327979,-0.765215460548708,-1.6659298533101947,1.2819755083380242,2.212867683185068,1.6203885515525285,-0.3986982103976759,-0.8055461319546303,0.32085238903566426
1.0327831711496473,-0.6900944866968336,-0.7183980834415278,-0.5052919819823235,-0.4746803635221569,0.7475678716209775,-0.18603446457159584,0.16347789122155554,-0.6894289624533428,0.8292431068197963,-1.0768861775036225,-2.1329881455198296,0.08822253086403581,-1.7494560123923368,-0.24636876982683245,-0.532541066190113,-0.6075654159242023,0.8452727004937635,0.05837942538325322,-1.3739135081112193,0.20508036912775282,0.8341821506380285,0.8901278260644304,-0.7724548243346254,0.922397308997172,-1.2398993524699324,-0.2646938487308973,0.16924449378681122,0.11416688127448274,0.1755500445045935,1.2098197187652104,0.8827979004797338,0.11535626802766855,-0.3214028611249161,2.304703172728447,1.8132220161601145,0.7351337393791242,0.052036848504777314,0.7295108129760663,2.6622937435276963,0.08737632143762322,0.12669860565831062,0.9540540405913454,2.0936115120948897,0.98747534252608,0.44125421919813035,1.3296653966466276,-0.4549637326384487,0.2928282512659995,-0.40952618324028356,-0.14159515289016514,-0.15520153222451752,-0.9705222605271837,-0.6768355073176258,0.7439214671591039,0.5948938584987109,-0.34259921036784535,0.8588672106430856,-0.9465953899531513,1.0663513005636902,0.24125820925511365,-0.24046966776206394,-0.6063896929327198,2.233827223344253,0.15747412596644442
-0.41365004519071735,-1.9504773877357044,0.8685112389812708,0.1730225380183285,-0.22442295554669667,0.13876538542343037,0.8504374454921255,1.1188652861394361,1.0151057216917276,0.4712048614983907,0.43443828061108364,-0.1915355293485527,0.1412876512579043,-1.6074829240797917,0.7785126328294613,0.42367404072618076,0.17388617492255984,0.20558186409811016,1.658827786714952,-0.013325725621717202,-0.3056656783758981,0.7645108297812189,0.5703821527174175,0.836606993080761,-1.147008798494226,0.2847552186263893,-0.2789571057363934,-1.6902345268282237,0.7545698167298289,0.2311970573113477,0.5487100029169294,1.7658771814511778,0.19738017143968545,0.6060379494665422,0.8511751020285159,0.008323537723689906,-0.4099921139084399,-0.9739836958667032,2.640078856391688,-0.6607354805642764,-1.0706108394225549,0.6761300397441401,0.3204784143932851,0.03676891326338448,0.2618142983762155,1.2662279903508729,-0.67714288089081,-0.231127277707961,-1.5461224470303006,-1.8486302648988482,0.30837190434355755,1.4393363675218647,0.546800221322541,-0.2206427089594023,-0.9059348815363675,0.9804079542671728,0.24751477594309634,0.25190071587477725,-1.8076163930140532,0.22909480432435428,-1.5723394856585413,-0.044079340211036405,-0.5179676051181747,-0.772688756295377,0.5933496873325464
-0.4761173232455708,0.9366437897125968,0.6546147810921237,-0.26508208488637064,1.8215899665937783,0.38773496112647526,-0.13032235661515726,0.44698569078433237,0.7548201136195672,-2.0920485569493374,-1.4171994412653932,-0.2521770803666679,0.6068921967473191,1.323480774787404,-0.820071711241261,-1.6705152919923716,-0.9084797327727707,2.0030115348304345,-0.6987592170158536,0.7541436621671849,-0.3430654249226763,0.5996373119757307,0.3944484257255793,-0.10948169906173182,-1.077686366025244,-1.2734047950960288,-0.755196972834443,-0.8848348031396912,-0.010275287039150961,-0.103958206927184,0.6992154752107629,-0.9272782760917893,-1.1681353083346908,-0.08330292137679043,1.3759786499033395,0.0071227054603384965,-0.23465206617195877,-1.6428630854695814,1.0769103497415824,0.6655501196270878,0.8891769443130698,0.7393116508147444,-1.1846729227233626,-0.12018649724988009,0.18488827173994002,-0.9049514639239056,2.723266194401183,1.789443762508995,-0.7507930173704862,-0.14092561302669843,-0.16174709132729187,1.9206497368499875,1.4757822607683366,-1.6634876714634261,-0.5331966559461254,0.9605463181544567,1.086285986334855,-0.3574192369580983,0.38204724495889963,1.7680677569199186,-1.4932005014310203,0.4115786619074403,0.9300695268544326,0.22387210111193517,-0.20896476848442813
-1.0279415213128802,-0.6809847606734556,-0.8156259969287858,-0.48452074396595407,-1.8784716917158348,1.972558753919206,-0.9839460775728097,1.1752667187991621,-1.6300242237296327,0.03521785388358989,1.0437436517003684,1.4711194421714027,0.7105476676683186,0.9108279563734765,-0.16252127868187688,0.8953000730592892,-0.7875391557065028,0.03149632794757115,1.6073261877270002,0.3432576544124139,0.7113241909870487,0.25551149264483125,-0.7687664918586291,-0.6547675648608687,-0.888250471684178,0.9406461935085989,1.1494496599137327,0.7036648725381064,2.4059626466730584,-1.3107229818583712,1.7001564196545096,-1.2621499190058942,0.8035884907382432,1.0358876963132226,-0.26709902477977354,1.2046987678271923,-1.3235165589565119,-0.1425413537729144,1.2037871443783503,-2.313461293992929,-2.007941807158557,1.6703101660188149,0.660602491677299,-1.304629140662048,-0.004717205009729903,0.4249779844511251,1.6600788558521096,-1.587729048614,0.08936492010392968,-0.5730121467752508,0.737594156653759,1.3729321429713237,0.2514754132630106,-0.03364629087159435,-1.4789320645396478,0.6955356615296041,1.0330144158988463,1.5902029517099212,0.6976327484980229,-0.7930170812995558,0.6169482713291427,-0.25898291422885683,-1.955062230253302,1.6453465248658548,-0.7884388923326948
-0.25275408357438856,0.13012370961471534,-1.4101356507556497,-0.4116033123717729,-0.46013765968796483,-0.01327470828169084,1.3440984357366694,-1.4311114202502089,0.689384637272735,-1.2642021570500481,0.019786670322563045,0.5163103714557293,-0.1232842721599145,-1.3262743949614104,1.5764971416845643,0.46728211429612754,-0.7185662365048893,-0.45722194514461345,-0.3610987123736519,1.1152666243152447,1.6516150726790166,-1.146605553150374,0.32053142495769055,0.35441809376441813,-0.045328425134336985,-0.38022547065409773,-0.8653992166022365,-1.8412487239983544,0.5191101626554224,-2.0447911014519535,0.09593513956782132,0.13556005445618327,-0.5905283538342431,0.06744662501778473,-0.1034926335306917,0.04681999264191613,-0.33761444413800357,-1.3343839145701704,-0.04709058001191668,1.5090233740093324,-0.543014682474213,1.131748652696793,-0.3731889929319533,0.29953560373466426,0.7963712041472666,-0.19063433088204731,1.0054638550076598,-0.6599467506254765,-0.0631442849744968,-0.9933644207240206,1.4999388656206083,1.2997634014202786,0.4794314464612952,0.2513500375344007,-0.8119500019748574,1.6494905503857877,0.9586816375100174,-0.3750000665506323,1.627222231185745,1.1131139826251977,1.8414955732567697,0.5328509404228133,1.1913356303010878,-0.13402691503692293,-1.0663297067372932
0.534194573639224,-0.24002551367673136,-0.005956276542308944,0.6271974044751776,0.23648699668567663,-1.3567115712326205,-0.34430732177385276,0.49302343098864504,-0.8405801524766476,0.5674788767443787,-0.03613714358480952,0.6308741016199928,-0.3340420685788908,2.287484801055256,-0.3913544114483172,-1.2780078578983387,-1.5491229948397054,-0.14340336542383153,-0.2023724956716666,-0.17834010659665533,1.1587110681356163,0.8500500035620691,-0.910528035017021,0.2295180388670354,-1.164557037379367,-0.9045632097266005,-1.1498569347447747,-1.0961337938123472,-0.09463710116652253,0.4973680694290501,0.7820786812875603,1.1601677676960356,-0.478580853450713,-0.4739637837436695,-0.2441148640407172,1.8434766239887794,0.21570787158294313,-0.3610829486635708,0.9896346754244004,0.20096252898506167,0.30543661614831363,0.7649499283572375,-0.40234070128809946,-1.471284045176546,0.40575074280218715,1.0316624131557817,-0.2922879250752923,-2.807854199852126,-0.4559498448020573,-1.7194026064124177,0.18527215994431173,-1.177823925500453,0.5131093149657976,1.638251043780045,-0.819882153546331,1.7995698140314005,0.3641515131087364,-1.6867440700589273,0.2856774438512373,-1.033830364519464,0.47088008771684825,-0.797874152444294,-1.5761605032604875,2.3105073605905817,-0.654625580670543
0.3386944844739407,-1.4238754643090183,-0.8698609784411211,0.6186522241228803,-0.7189549198867249,-0.6395572545331494,0.259598226025707,1.1901485468743278,0.5330298032780055,-0.9035394654321256,0.5658886800758711,1.5060565944042508,1.951562406349388,0.8761366461020978,0.3921493029164222,0.24991041845870887,-0.6362000402910628,-0.8968241480345623,0.1956411798734811,0.859550595045301,-0.72222652092747,0.5480701521936291,-0.11775261696882586,0.5690671782119122,-0.6030300619099177,1.5155002050077864,0.059436215549716544,-0.8682622518677969,-1.552643260201082,-0.8694341318791283,-1.3224697151322786,1.04955895878245,-1.8975232309898573,-1.4906759623381132,-0.4348582881213632,-0.6391604677992346,-0.2675975581169311,-1.5600540740215925,-0.01358507727514846,-0.06938045683255224,0.23490568712673018,-0.15442756482549003,-1.9724120069211069,-0.5300545462241087,-0.23707973663339113,-0.3299966379430444,0.11385542440748743,-0.1911946964564939,-0.021846930458666175,-0.8438487277752201,1.90330559643415,1.201904324486794,1.3870147749521355,1.202412906102348,-0.2651698824807173,0.5351578855788468,0.3265365201743762,-0.7244066399593636,0.4534880960530666,1.0276942716074098,0.7146369218510917,1.2929454944972243,0.388256940982733,-0.7690283504710411,0.41443937452245416
-0.37578275363400715,-1.0732409258821263,-0.1757462882528906,1.452599423083919,-0.6069027889681096,-0.31576244095043937,0.1970424272150766,0.7757700446833131,0.6672248717818773,-0.35766808717561077,0.23307209064160028,0.5950432850279648,-0.9070193879643421,-1.1405557889313245,0.06080077644916006,0.04374667439572369,0.009259913403424622,-0.770063173105197,0.33463273869784704,-0.06672867104222907,1.825303058849823,-1.0689030679040914,-1.866740010250652,-0.9618018629084789,1.0959071377023892,-0.5923077259794354,-0.029099408992012632,0.0731839547391479,-1.1951152799576708,-1.6969195526614493,-0.8287396047964187,0.07055077730761042,0.20491276894687158,0.3728823136051126,0.030532255066102965,-0.7420764660437449,-1.0063803444810302,-0.6139450846457857,-1.854903757949402,0.3058823211738979,0.5145446889020586,-0.039139236942216146,0.8030255993499441,-0.7027924583732734,1.0346313459483893,-1.623669437058351,0.6658366695208255,1.3521291276857814,1.1178943353048998,-0.3013363210311518,-1.435720177581283,1.739248543503562,-0.13612213872199552,-0.021852287891355793,-1.8455486850401084,0.8255170594267646,-0.9453495633955424,0.1775000116941502,1.3091246345598153,-0.23382964859593486,0.80749249316373,-0.3182869484531708,-0.4535557448613281,-0.93167178881104,0.38826569888440055
1.4794795468856978,-0.3891855038410191,-0.5220295690054676,1.9157482175167029,0.443732943999125,-0.2773681476944485,-0.5346756905125268,1.3407248866205081,0.8498298151376061,1.865068014192862,0.9477967549347261,-0.5185285868728309,-1.5371533515768558,-0.027525376172865393,1.5316840753016998,-0.5527584181911286,1.3733834543421761,0.4506284268038794,0.6519972911744811,-0.7764211278863531,1.3130640269387432,-0.12270628262851177,-0.4333406713326713,0.5549465639611436,0.31292659860940253,1.3634538199961785,0.4118193353682845,-0.4179372955691838,-0.1821365404615083,1.3342700186691894,-1.555126316502135,1.4772774190681426,1.1766977381906427,-0.12144618741008789,-0.0363943258106211,1.3683939541367305,-0.3879247597695824,-0.03172500221699433,-0.9937660644882753,1.6403428338157005,1.1032318804002976,0.16944075949386833,0.9851483588086493,0.8512678131333993,-0.18336884403409126,0.23404257741540396,1.5360245253746647,1.3230270957149952,0.42993967695412605,0.7693929685044544,-0.4394401620681251,-1.4154757398074544,-0.01999201459109319,0.40620919526811833,0.491671204959249,0.42000815905807715,-0.28857929397503734,0.3986553345591518,-0.5548039294998026,-0.14565774235306617,1.5910067867481905,-0.15143605068777483,-0.5503626264454277,-1.1390867464737093,1.0694912409668538
-0.08532807143244914,-0.5758135085467787,-1.3152519453664715,-0.8503037340593387,0.10383618137166604,-0.5218023746311387,1.7417638303841105,2.592120768129133,-0.17559187311907715,0.24141473691574206,0.42865037243299386,0.7899020927908649,0.22939070767307396,-0.6371611298737834,-0.4341052522878973,-0.7622767490860682,-0.010078340000372346,0.8392547481463586,-1.3413293074297377,1.0771318555997624,-0.1025986505977238,-0.30070949750455583,-0.9789575458646091,1.0655401032685954,-0.21695047944342857,-1.226190812802041,1.76259768631765,1.0171007228933389,-0.7113019900142612,-0.6870683961662021,-0.6904344508330414,0.40279267271592956,-1.7136708858107803,0.7553307892589498,-0.5020801121777944,1.4528526144908,-0.006647559928325428,0.6788778238580077,-0.3164360916389856,-0.05275249872266181,-1.3962490079526724,-0.3970999675988343,-0.28948854407070107,-0.8540880659764709,-0.6832963531331835,-1.0929854038540325,0.3348914538335361,1.166043073293083,0.5260100849161687,-0.9047929468856484,-0.4645220259834366,-1.4735333410794396,-0.7029465654296788,0.2723103311799113,1.2202815143377261,1.0841278199032434,0.576003320052204,1.6306318327978957,0.3405155438127894,0.6738183466241031,0.40472034311365646,-0.8760240994706817,-0.8996068655726148,-1.0143313728511767,-1.7574119831911876
0.004143586529299324,-2.0627906744400906,-0.8098423576836047,-0.8682991227826402,-0.005138980181061514,1.590294435896827,-0.4417717259351103,0.08262212819581413,0.43668735417471644,-0.16096729822103364,-0.8022237475679382,-0.23933811820899775,-0.34448912970013057,1.3301135363091976,1.0696653279956534,1.2269004834238821,0.2773262933431162,0.4478781280346528,0.4175991000840264,-0.9126199574415946,0.3528204850587531,0.5896984764240031,0.8430561385553058,0.12046070810173752,-1.073412552911721,0.08274303801000599,-0.6007242208332886,0.9452986011180783,0.03497104574765136,1.8054540332186462,0.4567192231189628,0.9564896059447516,-0.9043763405198494,-0.9868982882867474,-0.5022737331405493,0.6636005823346048,1.4175055195759672,-0.7633559393150139,-1.0401021148611176,-0.919534939528719,0.4443364347954578,0.6926095862841156,-1.2457727564757426,0.6068080483272507,-0.9111938750179868,-0.007754281211060116,0.41133040984131897,1.517897129623626,1.1935556747029845,0.1685639988737997,-1.7676295604095202,0.13316254082413184,-1.083214088473846,1.9736117097779915,0.6544729540261486,-0.16339420587443976,0.15544206443421676,0.6256163821491443,-1.6951053510805179,0.2033291553615606,2.4822235453573493,-0.12162346294435411,1.5599941259038816,0.9273577800236463,-0.7984604515597024
-0.2094271599353222,2.339469980643644,-0.8093722228820956,1.9176780786400585,-1.7468764297694028,1.247678301990557,0.26971959975147863,0.7994302440761493,-1.8702277702733308,-0.6861554282750499,0.21740682294916686,1.0872824222849868,-0.9341577967178829,-0.12270517199006203,-1.0144142551606985,-0.5182790210729414,1.4546382329122378,-0.0003610018750484223,-0.10197311627786546,-0.7290276221212484,1.6965931595749812,0.33223383484208036,-1.2112608660221535,1.366027412659052,-0.5242753276464736,1.339473598388353,-1.7195275058415986,-0.23018420848915697,-0.807516847733569,-1.4017368508534662,0.5341665911039609,0.7462319040838427,-0.17619177718672274,-0.10922444572522372,0.6312275739703688,-1.194884022089032,0.5616069129317668,-0.3302741678507964,-1.3440442156578332,1.8785668132326676,0.11227513953236644,1.6413604629784229,1.0768911224911677,-0.6850430473606458,-0.5424931132226549,1.3890829860030591,0.35463005994745767,-1.2280341987549153,0.15164845851987438,0.7851738520637749,-1.1419943863248487,-2.3279119197211355,0.6862496228741615,0.021299548941481936,-0.4360808186327477,0.7025128373041194,-0.378561405753157,-1.0339147057520555,0.5269967876900292,0.14867488065168774,1.3113710770242344,0.9071369416634631,-0.06648128742603092,-1.4270290897578828,0.7876675072187576
-0.7050293927726781,1.0571720189295164,-1.295911447923853,-0.1670097644586388,0.34501493390595545,-0.7865473545659298,1.0135909230335027,-0.3203516707097011,-0.32637092301132103,1.7037979241157073,1.2524778606069296,1.1386904324328375,2.069119301016944,-1.6226815587589627,-0.14358207228488432,1.0069065740498644,-0.6241981352436557,0.7977111130061357,0.7887075182205713,1.3951872200780446,1.250444966915974,0.5049564075017181,1.0842033221112621,-0.3967368031789855,-0.565056661430547,0.8914892822205444,-0.11805917274059236,0.9433021768603707,0.6663551653602127,1.658756784459885,0.9515459129399209,-1.6834103773593507,-0.24572764008857195,-0.85218658720581,0.27478796817623596,-0.49306088245820245,-0.22124749682254485,0.0915111945989446,-0.3335121565504956,0.2752329358223362,-0.47482443974277294,0.5797637535952823,-0.3656957092726279,0.8848785985364371,-0.0576405909484665,-0.6245434524631641,1.0950026429100421,0.997696506019559,0.4494565206098601,0.7853666280857702,0.19718681031110374,0.4331843611847213,1.445898012547612,-0.7884596338747833,-0.1633200464362096,1.470326219974361,-0.3106395784891115,1.2962630404962578,0.44314114490413486,-1.0136579671175736,-1.641769144022892,0.8741555813866537,1.5958968353739684,0.015148503197868382,1.7053190486476644
0.47841139437124164,-0.7075987886195206,-0.9526658465592569,0.6631743778037824,-0.8639207655353864,2.04786470351768,-0.6704721483172462,-1.496320033676087,-0.3684907852034479,-0.1891523158977793,0.6377282074207534,-0.531250538764363,0.5726354089798036,-1.417573637848855,-1.2667208883582148,1.1034209572619567,0.532208375124114,-0.46194390277326147,-1.16360124357963,-1.8161312802207252,-0.3188663018577944,-0.5149638418196247,0.9509468049226774,-1.4487572686927535,-0.6198268895222343,0.15821396066665844,0.6072381417059568,0.4383501171999135,-0.41037043997682465,1.4144471524410642,0.5951378257277637,-0.7300140629341964,0.6005159338632989,0.5833003329493354,-1.410500295091673,1.8568193667892445,-0.9468007053026402,-0.2829732451679121,-1.009296241217754,-0.691506690616663,-0.026497712495691966,0.9769374285677571,0.3375301922565209,-1.5122375892910644,1.4430129009735702,-2.8225592879614725,-1.5184300415286596,0.660534167693269,0.43384735474520814,1.4271932260901392,0.886957924652866,-1.040438473184171,-1.2028603869905767,-1.0126341549433133,0.40639101988619014,-0.0022462766092578995,-0.10318281060653611,1.0355188573856453,1.827622927782068,-0.5683007239900574,1.0667201844427583,0.0004772306048251851,0.26353401009166216,-0.8185348068742347,-0.28058012549840283
0.06822048299021019,0.3379474114621511,-0.8467130662351459,-0.40814077321492204,-1.0120102957233479,2.0812708613675097,-0.5882732915095356,1.3469766047142349,0.8101007730401979,0.49696537645312355,0.9157560030726839,-3.2077313250278294,0.07072556997868394,-0.3955678211778906,-0.926303295255507,-0.7236391736582994,1.0227739461454757,-0.6620867210452321,-0.5311427154062722,-0.6339736454766951,1.7698524806916751,1.0635275360827439,0.13621271749440916,0.8048995880734642,0.06090644453693619,-0.032940777427381225,-0.5018981545458763,-2.3019573445910146,0.3974897670875343,1.1058332309580812,0.20201820893241412,0.04257213740466455,2.1936985652167067,0.22734999356314584,-0.4126782560554961,1.0647162763845086,-1.489602906155581,-0.3258179384986021,-0.3947695633942101,1.5330528488660893,-0.987652413562169,-0.36852056398201327,0.12927156374830395,-0.6194005567429011,-1.287759975791629,-0.020327245906127493,1.8590585637325276,2.4080951910367414,-0.6272811922622314,1.430273292241201,1.2854638575130943,-0.12657321689930467,-0.5553451721761036,-2.4814991168279676,0.6045490264318912,-1.7435644871810376,1.3828059658602625,1.7217498132919244,-1.6387434068862388,-0.23801460589035303,-0.6971832638569775,-0.6438138557003197,-0.9251631151131631,-0.47296352121580676,0.6359917742542346
-1.4011925898387396,-0.2506295296091223,1.5194044695765287,-0.24867698305252023,0.30371745823967305,0.8334324645666544,0.6398520510871601,1.1404558920060106,1.0398578447977023,1.1303392071616334,0.17650818668073698,-0.5303116795590221,-0.1532560898681629,-0.202396507954511,1.4686482621767099,1.3165395842168301,0.5729118702656568,0.9956644185930257,0.7646368247291849,-0.007673572117444266,1.638526873793133,0.988447074779983,-0.4211271410654272,0.8610092415924446,0.776009276844312,-1.303066753577331,-1.2939347154564433,0.05229971917803855,0.8469787263013702,1.3771304320769158,1.46944833251834,-0.1809186558819196,-0.28804081541966325,0.4565694357047776,1.82337521669613,0.6861927818999983,1.9026120185850217,0.35184645864819253,-0.7966591565200436,-0.5598120403693897,0.28838688100189136,0.9171144291681442,-3.9227351536610207,1.4171551759061003,0.44521979600263517,-0.9341200011758078,0.7041145282167129,-1.6441989470857419,-2.1229316389373207,1.1013891849534574,1.4399119495327442,0.6297368776796018,0.16452943474255455,0.4540885657015805,-0.48255917320691605,-0.31133319925521996,0.35198377149522264,-1.6535809714503538,-2.1090417143756928,-0.4173906947272247,-0.26557135585852987,2.0297040282374157,0.7874626761741768,-1.2606131919422572,1.5663896960688553
0.7537015202839293,-1.2655548149039804,-0.9799415345413655,0.2753457299558055,0.19579748408251696,0.4642137783597421,-1.6416246361759026,1.123613589245334,0.5918909319066623,-0.5848168748605009,-0.28378468086552494,-0.3091128465217362,-1.4107731569984907,0.08230972305201029,-0.5035425121039062,0.4239617673125643,2.524030304416057,-0.31555240774158727,-0.9598457655627118,1.328410180899164,-0.2789668923285197,-0.1894459673388441,-2.0793514028485705,0.05118569624090686,-0.4065111631899965,-1.8273407116896614,1.2017745310032628,0.7379350997983485,0.502172928084806,0.42709616581928805,0.713804348347017,-0.9261980063510616,0.13485324928970635,1.1178931272620398,0.6044765919648408,0.6396429169671206,0.013059696885503388,-1.4395826041998516,-1.521269531483097,-1.0815822389915333,-0.9108712768864731,0.4584598635242224,-0.9654240900778075,0.337346180683163,1.8026726430614681,0.032242352357297,-0.4442738970037184,2.0248642810721345,-0.748032665170296,-1.28230413115846,0.16206177517703213,-0.6940982766149446,-0.9177119509103719,-1.6297631760252176,0.19851011768399748,0.6278621548938977,-1.4099705804763085,-0.8242995257539565,0.1262660509166038,-0.8287237457846157,-0.3169309584854929,-0.9461922126194017,0.5065104090315881,0.038703085602809606,0.3848186285024227
-1.2508441997429347,1.2484975696200067,0.23789504757159177,-1.141028958651621,1.5224089823707914,-1.3860296677838388,-1.4188130042148683,-0.6199746621097626,-0.8047280353022912,-0.13850472503985214,-0.38663720455973477,0.15158511080657439,-0.2020498975214519,-0.5923609028986603,0.7026348864829801,0.15215679948801356,0.5318717083501889,0.29777674758718087,-0.5644125184626714,-0.6420883748556993,0.36306917610868994,-0.050531727099108636,-1.3965587767947099,-1.6410025404944557,2.1084719083898373,-1.7268610669005944,-0.02797698840994898,1.5316882985566072,0.2649473206200993,-0.575899238882276,0.5261490686009669,-0.7656844268493637,-2.143738619008723,-0.9961184929499216,0.9276665371839145,1.4535528307655465,1.1526537768065848,-0.23831252025150335,1.3634321363620172,-1.2346336823806725,0.8339259313307976,1.0919654183173013,-0.48948199927324165,0.31657056305006703,-0.5197587690712374,0.3376451275167265,0.22502270088665158,0.9563922077907441,-0.4854071912237761,1.932387430044174,-0.40050240744756843,-2.0220634575263863,-0.9490070464457127,1.0395124439984558,1.5375596879901163,-0.5128868114256774,-2.051464127353358,0.5880831709130392,-0.6088061199617002,-1.0614671665388802,1.3290179070292978,0.47167018871004035,0.946286871780693,-1.0572459084773314,0.1977777521449594
-0.8748697992557891,-0.7562068335966801,1.5113528825228042,-0.6432784274767056,-0.502979550413171,0.8966037862756532,0.873343778285927,1.694581804018545,-0.43551350327313737,0.44381976218695324,-1.1033253868233948,-0.7769626723596726,0.47273927239611035,0.7781616547985951,1.2174830188215044,1.8457483674931825,1.0465009196026933,2.2133435085502895,1.1049070875274951,-0.6296262602274839,-0.2281176395059498,0.7610790629238589,-0.2121572103149236,0.9615610446284732,-0.7706156643856438,-2.0629659897520667,-0.4980620451783843,-0.5107645796780769,1.7178108089145292,0.9543281366957446,-0.06737284366867877,0.05332529761550919,-0.8875036002434433,3.1942935804772086,0.05722984631561341,2.6825574641469316,-1.2538456587346778,-1.3326241791391142,-0.13379323242026292,0.3847042736104873,0.5135613381627196,-1.0500770572006273,-0.7284508061887625,-0.15854248441155136,-1.2665229210635713,2.1455709953780002,-0.40853373804097465,1.2860682914663404,-0.9216806438673845,-0.2945320854849528,0.03246232031781052,0.006094745228944029,-0.5447116172106892,-0.7624821148768229,1.7587590324814488,1.2809250071791736,-0.25444377001665214,0.8674982731287848,-1.8179997228215508,0.6659144783125425,-0.6988744397805997,-0.03383966097390809,-0.4199166322838378,1.4028371336359096,1.2049573903469788
-0.6000267172098281,0.7003168921282772,0.3501285623235342,-0.5925433745593138,-0.6111272227529649,0.21922334492174644,1.2438037253018686,1.3666149524224542,0.9234237303496315,-1.5367965648374744,-0.8569875810462039,-0.3352901217442203,-1.7316269541834046,2.914568571535547,-1.2578961033858442,-0.6485122707137878,-0.3763233440415942,-0.05599682986252426,-1.0537117971281373,0.19628775495939238,-0.17340804995918924,1.5677578756627828,1.666732906686949,-0.014183946710546819,0.8661204480853156,0.31806057264188614,-1.9771339880781333,-0.026246596031401434,-0.8073389597235432,0.2230151223192849,-1.2286976197003183,-0.9125254132641245,-1.558718723972851,0.28738990989591956,-1.4767195748035287,-1.3428884118363948,-0.29551909798403136,0.1427477299572247,1.3920488422135315,-0.14725364586166093,-0.2338564332470538,-1.144768816187689,-0.757289254943863,0.5774031958433902,-0.37810949613425593,1.480269142332846,-0.8034011090305702,0.0531551091465972,-0.978736425543048,-1.4081114469397753,-0.5275292534034838,-0.06502618824574113,0.21070832072725004,0.41404403573133614,-0.8235813352223994,-0.21786669571032943,0.20238301293695318,-0.2641662980649943,0.019157477556784236,-1.17895088067374,1.3601069775496004,0.572659057846234,0.20709185000729177,0.9303965116433546,0.04530562049564289
-1.6863675109417564,-0.3415095231805339,-1.035415438828004,1.2221854212452838,-0.04948540002593384,-0.9380834330333538,-1.3124450530290688,1.0792860147233871,0.5079033791690362,0.7621706743169021,0.5271572127356696,-1.472047627915229,0.25011413612519584,1.2904193507783783,-1.3720598159367472,-1.8416958216587176,0.48187361208797963,-1.8284223517663902,-0.5541983951438014,0.568983032932194,0.5326977820682977,0.15366518241393845,-0.7943580459892295,1.573778606758763,-0.650436089170755,0.9996493696035404,-0.4196662970879006,-1.0115784075636813,-1.438411038528305,-0.2855928230259149,-0.28752591901970004,-0.8350528060628867,0.484378817082471,0.93165787030576,-1.1130089704507022,0.16828788455714888,-0.7390183055403092,-1.0309250320766594,-0.22877836983701283,-1.4033497138025712,0.8824504142312372,1.4251179222296437,-3.493883657015374,-0.2786884737179058,0.0953514476385392,-0.15918627782347783,-1.1510827931446788,0.710752653805542,1.0368281211532004,0.9568417303396964,-0.6732738146845632,0.2802779545557292,-1.2863376394411639,-1.6327464306557573,-0.726310201690129,-1.7569843402859084,-1.027363241958938,0.39705399906547667,1.2881091877376114,-0.4919147840239902,0.2584592936503177,-0.19143972500413303,0.37204772634058364,0.6116766486208115,0.8850607039383507
-0.9991911378139916,0.2630139122207382,-0.2492833758675639,-2.1791829677599632,0.6778487410211915,0.2520516106565045,0.13925825211556123,0.5217640539863281,-0.03780343204622211,-0.8398489999946434,1.2429997717523016,-1.019224967290166,-1.0665878102855242,-1.0373473291247866,0.5421688202250874,0.5117110800545719,-0.2889710778440273,-0.17539916322048948,-0.19923073092708782,1.7462902224182533,-0.061964609481649585,-0.22947752401689028,0.8068365298191644,-0.1547614393167594,0.4406561372020158,-0.12333295908916914,-0.7619180209606508,-1.788636539721593,-0.7126573474503521,-0.2311888199978971,-0.21808316470771044,-0.6154765708142853,0.9217247557348127,-0.8873227099277843,0.23301746113511818,-0.2815316315575348,-0.3132294666931502,-1.2206103805151953,-0.2639527865015078,0.7717736345541546,0.6209265209315235,0.5626699440614916,0.7660354151041004,1.1898844112236688,1.9275449211638895,-2.2302911711705207,0.0436144259504212,-0.9093950632441046,0.7120956322825317,-0.5433414955131012,-0.4887728235269311,0.6868865581316699,0.19402940469921626,-0.5364010273320212,-2.1218789808313803,-0.9899871109328959,1.1378433687492393,-0.864773621486937,-1.7594507721142998,0.03800979294147193,0.2556704783390926,1.1879182080327524,0.3117189737888602,-0.3005911385078751,0.5258527291265623
0.47517970671085624,0.10723352480735004,-0.8899255803081842,-0.3144075145742623,-0.844984979422355,-1.2435179300554353,0.6155204465108913,0.7052191623136077,-0.4633986384162546,0.40199487486882846,-1.6232680792551448,-0.7330027375875101,1.399635884063111,-0.37540647559009777,-0.18990195361758497,2.0739882403466443,0.6698020619300366,0.7746623552790256,-0.24472329716925798,0.5200886997765773,0.7526286360615754,-0.6909672096705327,1.1157895747139122,-0.9097006837825227,0.6946580399865657,1.048743177048098,0.10215363417124633,0.10912064420966906,0.35807267023845946,4.143346573129425e-05,0.5866474774679339,1.0981039885803054,1.1979590645677376,0.647826482791819,-0.3172347886698214,0.6171006374307296,0.900441069835271,-1.308521340260633,-0.13723017457195077,0.9094213383050898,0.9037256176675145,1.5615817737458448,0.2928999742296839,0.65682057566513,-0.8470618477352654,-1.0156936190714267,-0.4804531477788637,0.05200292786260946,-1.0779093902069,-0.21658217130266696,-0.6415761866289829,1.6338386475568722,-1.1612618230642715,-0.10351771506173588,-0.08233451137102334,-1.616874130674607,-2.1226920575847057,0.3269713961532711,-1.8093629315168436,0.47665420910054834,0.00431920963753557,-2.062273104066944,0.07230285529672172,-1.9823729593933694,0.15295547269383103
0.528066905460303,-0.9613694350376275,-1.0173586968646147,-1.4052949406422526,-0.2630336502763781,-0.21935973745005805,-0.0524105245285226,-0.9969361822571398,0.07540533775361799,-1.2191765682636944,-0.19850304068096206,-1.4845158747064657,1.4397677830707591,0.18906162943461347,-0.9511506416330536,0.08257456195621539,1.4142257544360521,0.09687891504304807,-0.6628943937770163,1.2641270266929736,1.0037041549337629,0.21670022083872212,-0.23719294479044062,-1.2475272234908399,0.3172497129667965,0.18314757815875807,0.06618408239125512,1.4371221978617168,-0.9895254267118464,-1.0705716394541422,0.0455272676798755,-0.3938920964973838,-0.3706394041450232,0.31442112882058815,-2.5280172182594662,0.36459102684964156,1.2464676221235944,-1.5960521649841595,1.3190448738962832,-1.2577193877068482,-1.7473481670030033,1.2004968255795108,1.5067341302215826,0.508999466549231,-0.7143934549169965,-0.5599992523757138,0.727584763097713,0.11278959377153056,-0.3969561523158899,1.6535184623537154,-0.12790406924933181,0.9667533795612462,-1.152124644875548,1.141772162394266,-0.7314893681663376,-0.3191023670351996,-0.7364557950486802,-1.786247322741006,-1.5800044858697002,0.7279038603113014,2.1976868496600064,-0.30096579583469985,-1.8458239772054734,0.2681004737151385,-0.1805331717587075
-0.12142951260708057,0.6277598130353131,-0.4056231742053771,-0.322471470988185,0.9412207618186921,0.511549008647724,-1.0126851047781407,0.5176813010663551,-0.08580983391083663,-0.2676191510466022,-0.9980676594612742,-0.5599978047139254,-2.2500539685929826,-0.1365290434250027,0.32319087697412463,0.44279313222972294,0.8336221310440646,-1.6864965333590023,-2.1804789795099575,0.4737845863526716,2.527431005162187,0.2585649504924176,-1.8185319091846261,0.6229298121467944,0.46472240149068644,-1.4623487896107812,2.663029273138117,0.922823813147868,-0.6869239821992651,0.8343143107477083,-0.23829622153425245,-0.3963051642711641,-0.5876880838904585,-0.8253700341621487,-0.07059046030153905,-0.05495759018641404,1.417835693622084,-1.3314831178677835,-1.7469209843261424,-0.6712934831818422,-1.3661461910118189,0.9698713827538584,0.8878833674128852,1.0318629674893303,-1.4453913752610006,0.319215375438598,-0.15282235053979165,-0.7043691298038445,0.837524529795404,-0.25376895690723694,-0.9102324893886884,0.3315176040756123,-1.4753323907249167,0.35891557774805816,-0.6328790877222992,2.03917346028071,0.18281683832692175,-0.7209388137392622,-1.4975038531552525,-0.9089445254085945,-0.4885604854053885,-0.5613354145527116,-0.017297270058078434,0.3520829443941689,0.48843936786918296
1.5718865356849412,0.5045825678368421,1.9087151156368634,-1.5038051209498289,-0.4605781634168406,-1.0058892953792489,-0.7988398492774644,0.34289012693098014,0.5742715379012302,-0.4876113458472977,1.1464000328289423,-0.4286329957837546,0.36774750551707686,-0.660348771886359,1.0465327017343515,-0.0543854319818675,1.6931541833393957,-0.07172139641463661,-0.8488254511255884,-0.11037428897320467,0.9943661366449179,-0.6213640576324126,0.1429406936716695,0.14810523017844557,-0.3406992419413166,-0.24091016183458153,1.506336952330855,0.7155467195166512,-0.3124808484575332,0.47418437720599715,0.44663678444455185,-2.423166897605375,1.0475609494235525,-0.7790920725036377,-0.6689787960851903,0.6133163241976906,-0.9721217869972395,-0.8517004729401576,0.421025851525224,-0.08126374995002451,0.05370109176070422,-1.9747161047152542,1.346915018847483,0.06973214698748631,1.9231388454645604,-0.7921198993999538,0.6865506162747317,0.008904396253310826,0.5316790926764959,-0.8545049405872652,1.6134838102826525,0.08178247516390268,-0.7589122505864546,-0.46907035642542116,0.49178701397589175,0.7173677209865523,0.6333362539290333,-0.7612327369592935,-0.10873300077216072,-1.6702020038460375,1.0363863417680828,-0.9410239879759618,0.4719146480112866,0.631414143246753,0.6950571813290238
-0.4470729038609486,-0.9797685008814228,0.10689836577059743,0.541770780041507,0.5993289833012002,-0.9763723534909983,0.7488840281101262,-0.5533724409176858,-1.657587295729276,-0.806916218099779,-0.5373444085482035,-0.46256459906887626,0.4827415220830245,1.7678386589320885,1.1531170570705076,-0.191092335738491,-0.5210081180916326,0.6369334103878931,-1.6991518516393147,0.3799942356938969,0.4927534779782775,0.2396207130472794,0.09489497601639006,0.22757739937940474,0.26088947116126676,0.6621288232800371,-1.1632150267631762,-1.4913096824570955,0.005350572168091872,-0.4898317630000262,-1.3610603081143884,-1.2119116409310933,-0.06402216204510106,0.3474598977266806,-0.3851133964456536,-1.5339657238681532,-1.0305043228114423,0.5550978963379392,1.1994543560616102,0.3619506608832388,-0.5555024376768128,-1.2425218075479496,-0.33957941496194755,-0.9822534873854472,0.6400158282732934,0.6247933216435271,1.157710837200355,-0.14105103526456853,-0.15140449625051997,-0.7268935772235972,-1.5173896515506442,-1.0644983325933697,-0.32028853897716214,-0.015087205763972947,-0.38631033433188594,-1.5009156039752085,-1.0349768960112593,0.108057206986306,-0.2856080250407582,-0.9549279775089959,-0.06947732584914063,0.09754035997426606,1.2310755571472927,-0.1026247567696299,-0.8077173301372479
-0.684422034144619,2.8015811346354247,0.28412801437536356,-1.9546305851238543,2.1102983189248,-0.4002866384868349,1.8217055992114417,0.08115896882449508,1.0313541288610402,1.880100399276917,0.9357411391225678,1.0257150592538682,-1.698217387916002,0.19897724287074176,-1.3371423536437088,-0.6296594825275517,0.7138894922795853,1.2948590291777906,-0.12033932790645449,2.2048822663360927,2.197194975968324,-0.9098447043349134,-0.9855511836163231,0.0352412406827947,1.6834592874840837,0.7979425453022324,-0.2407552878625806,0.23104844929579577,-0.9097012590823415,-0.22334757884534429,-0.9448211345480377,-2.146017688327043,0.026336599407876915,0.7125535085802132,0.8640138090962767,0.8795782386240818,-0.8461287954220916,0.07246612897143886,-0.8587950495339213,1.2559984571577116,-2.0218496504868377,0.824941212624845,-0.5298924072193427,0.3677290747572822,-0.30416324367371983,-1.1653815357786566,0.6676705809178627,0.6949809315159741,0.2547027198994001,1.3890613296435075,0.8071329901816708,0.7999686012906629,1.2299151112601971,-2.107727642723411,-1.002715043272271,-0.7297852945905459,0.3863864421996406,1.2754876595291644,-1.1616793942939831,0.6765106666992483,-1.9851470943827314,1.317885280887891,-0.21437293673551827,-0.738767550836846,-1.3533358244242193
3.791175051047988,-1.3753069813544097,0.19575304950233485,0.9852870245093508,1.464527121068378,-1.6613408547685997,-2.258909940548869,0.9453860152415853,-0.9448806471178259,-0.6547394623101557,-1.1914898974461117,0.8804170363822958,1.1539169208175777,0.2717713013373107,-1.428825126484971,0.16462336467088942,1.024384664409059,-0.30947050239088314,0.2065413695596292,-1.6024423956944067,0.22334692671358167,-1.7474509287577584,-0.5016329992093325,-0.607477108767697,1.4792854318093467,1.0118962152447728,-0.1616385707213721,-1.3191146861439398,1.8915312867907925,-1.452356523155047,0.5290807399971571,1.8290449028189637,2.2863107263362172,0.715268348824564,-1.3139992535971714,0.7044397317893243,0.7068948147784269,0.6669638566060234,-1.2859912010574834,-1.086786760425695,0.826713633358414,0.0702411119801105,0.21894176580291608,0.006774798381219721,0.8819509273366078,-0.8016062160989622,-1.1843439352259795,-0.8623205116612214,-1.9184641203566166,-0.08101161226380481,0.39827604293986935,0.2817110580516734,-0.5027514791082057,-0.4362807580512852,-0.9848662381281035,-0.9048370968790933,-0.17188428325965316,2.3703186005220234,-1.4102963753435724,-1.8584865830684836,0.5228789001806392,-0.10010298527143427,1.6021364703178835,-1.2802553654338,-0.8606127274464281
-0.7117745375307278,0.13194228099507074,-0.00839169985830903,-0.5080815586697603,0.9536241844630479,-0.3789000791729228,0.8898759127103496,-0.14304769137026574,-1.4268477537642008,1.5701957335797971,-0.8940221261627996,-1.0904868343298582,0.7181979595919845,2.052136815364387,0.8247907046106119,1.0109488343353985,-0.5465858491591686,-0.40777521534217515,0.5500661947537657,0.4746490552384257,-0.6669204564441845,0.8352740337076935,1.098375630825878,-1.196905437768618,-0.9337893320949557,-0.23120789384020782,-2.1311720127670415,0.25403919014232945,-0.9872134387168243,0.8964644402627404,1.9485947826423897,1.2530579751835016,-0.11817112750055356,-1.6891069369659821,-1.787968334102002,-1.7196066735600357,0.6929858063525829,-0.7321988580554155,-1.1962093744980449,-2.3923859555222085,0.2074852998767872,0.47408198112294464,0.9684659078066783,1.1298918571799377,0.205336367520155,0.8345922412296247,0.27842076661387366,-1.4193024003595067,-1.3400857839462956,-0.4213056302717849,-0.12717311950958593,1.6166511369251495,0.14030627624107117,1.42147395722063,0.6207142027347665,0.5358609760376407,1.412294111705626,-1.2359339934171136,0.5132789447782026,-1.6403349098578919,1.171259682230615,0.9394904473308598,-1.2927223593756867,0.4146206867033871,-0.22472311299842646
-0.9055662882218272,-0.24947007948512565,-0.7290909350693598,0.19449268330928213,0.41568900916929186,0.5925933146565934,1.1820384249724862,1.3012572832550446,1.4640404075872928,1.2569332675376705,-0.9488407712641659,0.3033051556592824,0.39399809799286695,-1.306108043427567,-0.9066310678974361,0.2430391837138351,-0.07134787333463605,-1.210023167435595,1.5376188912064175,1.8611663334555149,0.43946018915953805,0.45122169114226446,0.8100150059361872,-1.200964529189041,0.3384238508943772,-2.1787488150958856,-0.04282991304685905,-1.008300807585397,0.27650524465939463,1.0292392198292104,-0.22305171475282387,2.2165980831593646,-0.7436881118699026,-2.764458220248992,-1.4639222547552204,-1.6635807686754072,-1.6318770867643297,2.684718583184759,-0.7753689976357039,-2.0639389028854933,-0.09426686530171136,0.22223194466835797,2.5382737862405778,0.6758413930885898,0.8861966698016484,-0.5981127419506664,-2.109452346270191,0.3986032471825014,-0.7769241181108574,0.39899524394272134,-0.334719851278367,0.2889063619196016,-0.7950603933110229,-1.19898973692822,-0.30702260632187983,-0.8243686869248101,1.7956261864568965,-1.561519007714705,2.1232295582232243,0.6801326161714336,-0.29290863240948684,-0.5151658290030684,-0.627673119912409,0.3548631364579151,-2.2907169836936454
0.12326968512629144,0.8550918083596898,1.9627024458552245,0.3078856117384629,0.8118018739396698,0.2119196684291252,0.3289887070909188,0.20559519157241762,-0.9071500400631274,1.3313257730276769,0.0923486961207732,0.41615166501570483,1.2061786774771468,0.15724112001057253,-2.112497103823735,1.6872263230437392,1.6117547068406395,-1.7715223408846912,-0.2318548395598995,0.5467747806098013,0.9036684478233038,-1.0869217803468296,0.5835601556604684,-0.9166846282225858,-0.4709722843956404,-0.2635694165088591,0.2562427196179284,2.6908636866930307,-0.7213214162193927,-0.09788283199889919,1.225937479420665,-0.3916844084815166,-0.6037372794423913,-1.2249200623526675,-0.10969151787125087,-1.2825735501613924,-1.5738665436541204,0.7849715703295682,-1.7051361569036192,0.6334497683997535,-1.0551766831491156,-1.8156236627818432,-1.0288009993093783,0.42409165799664067,-0.3350166388315652,-0.5904250490494259,1.4291782926119412,-1.4182582194792308,-0.45309360934309273,0.267290724353608,0.7387091877212753,0.2856780673960141,-0.46500328478171093,-0.2508424186027734,2.2231347880200656,-0.969451289894633,-0.7073748991847653,-0.7951700260379836,0.820702055982268,-0.8152352315527432,-2.267778111624934,-1.2064450104854467,-1.1960920807234021,1.176418459867362,-0.45380248805801526
-0.5151298903294057,1.3896483121004377,-0.2073475822067047,1.1382036084713034,1.1814639744601791,-0.18064903469616383,0.9478737062174288,-1.2634074625490863,1.1246819708912337,0.9212242014254468,-0.10403696079551863,0.9880731826585214,1.2851955241459032,0.7139541088749267,-3.331547822549787,-0.3036420948354106,1.108748931105084,2.2332559571097224,0.4448151259156115,0.4774291201280921,-1.7113983788385276,0.3434946843461633,0.014817949207487392,1.3275612508017007,-1.299693814779488,-0.28068222738380927,-0.8006293201574748,-0.6478647007881108,-0.28011746205478494,-0.07413592895325892,-1.495356073804812,-0.46773273615849087,-0.3472798731365338,1.3736741258451697,-1.2922871248020391,0.4227424241664577,0.7228220868219237,-0.2892571097360505,-0.6166205516274387,0.5518086254870963,0.23174882566237331,0.7466672502051074,1.8753949484106511,2.04639036933939,0.7313119123893184,-0.9991226614933976,-1.651537411286208,1.05849614113184,0.5338428228535271,0.9036141796755593,0.137117209182706,0.3537079254867166,-2.8504504341390473,1.2428721257088569,0.21610215803168945,-1.212589535678159,1.7996826309111715,1.1996938650142939,-0.34884809215041024,-0.003261210909621004,-0.6917580837872884,-0.5685257550504758,-0.3308471995287829,-0.659978362486181,0.13961918166198337
0.5180393376584351,-0.45336358819615685,-1.3353253886473908,-1.10707839638,-0.6771143841539584,-1.3053977131085057,0.06159554283337143,-0.014034272567883394,-1.0387691499563432,-0.7897787283662072,-0.1503440317219888,-0.6349530137886258,1.1683284159047824,-0.5080340807967664,0.24096282155025145,-1.0544698068366258,2.117170253676727,0.6366238820377557,1.1947165165230373,0.31725516362089157,-0.0555444734845604,2.0184968774509806,0.6251584876580788,1.5892692171685068,-1.609301073759466,0.9842749209910509,-0.6404364719420813,1.01750860316145,1.1523979935179176,-0.36434034955711686,-0.4347713505149356,0.031657993339044385,-1.3185029970919244,0.30376956174640707,1.2252503055936246,0.39953250211138275,-1.1859932122226322,-0.005235526033519455,-0.021382465880428025,-0.41598530783476684,2.0954686081982627,-0.4095456224370329,0.35259908081717867,0.753182994233947,-0.255960439166959,-0.924316615605096,-1.3393395506188857,-0.5387444315833143,-0.9120631798540131,1.8767724476573335,-1.641928849118435,0.21160004268709998,-0.8089019079168359,1.1566018741635355,-0.5001450306027889,-1.7929942739050426,-0.9164038396523134,2.678332357399984,0.12480235869494513,-0.037322004692007485,0.18357222950249233,-2.138639568062952,-0.07510421077435349,1.4461801088827855,0.6334800704592901
-0.2708493458583658,-0.8390218950550585,-0.14591481741355034,1.505484872414182,1.6401637001774187,-1.628837984370676,-1.178250889593298,0.9056183219194617,-0.3807032130706774,1.2424789977393143,-0.4502657062269452,0.8526009281706873,-1.1733133378630012,-1.1629468369360496,-0.5204055614745635,0.743982310819917,-1.0396193519109695,-0.8197503697759455,0.46949604447908033,0.4473607282849601,0.5317189608736546,-0.48401061589111366,-0.7113295253779801,-1.335577652351743,1.160272867946569,2.1592437106040596,1.1087603952706986,1.4029212428686133,0.6562634743983562,-0.6228320272050494,-1.582042000606359,-0.13793708836575694,-0.8804260453627843,-1.1884164972186073,0.18283270724456452,1.1501369861197215,0.16295031994760883,0.43022543187074086,-2.1993872176461684,-0.7787548128834855,2.47686082464328,-1.49316276186174,1.5902386591451256,0.9109147762518089,-0.5123991841931347,-0.4166300510741701,-0.8683320647707229,-0.7898874788659688,0.7055125715576107,-0.2963724213287693,-0.21511694237636367,2.1329416659870413,-0.6885810567307722,-0.7428477838174021,-0.025059856749166658,-0.0889079764869374,-0.14106473536500452,0.8099950767190991,0.13752488065819843,-1.0096538233124406,-0.11894293676041436,0.5615827713533612,1.1468042396100127,-0.9405843281883186,-1.543115240366899
0.38368987450804226,-0.1992889810244879,1.4038633905291957,-0.9011123802976942,-2.9456775968159534,-0.7817416635969391,-2.1179866410437027,-1.7026113190160177,-1.3126849548145378,-0.5837045532103117,-0.9036002650530832,-0.6576534926879174,1.0777406747570335,1.369643770513075,-1.1937667519997723,-1.4115894642457558,2.9126743732237865,-0.7363318913880708,-1.341354995838243,-1.995095349826022,0.28141261259361594,-1.9398221880652071,1.071087611793461,0.9857396130055803,0.2286368878113638,-0.17687924753067066,-0.6181212404750714,0.15137072228519866,-0.21396672129780275,-0.5257625060004248,0.6445463797303832,0.3078246703905266,-1.335872678656669,-0.6561038875855248,-1.0620939462012704,0.8798543186384049,-0.20105791979731158,0.1305521646655218,1.2254321296883641,0.8918538910281437,-0.29569346531223895,-1.8510081770206928,-1.1655928775200277,0.6119524500281691,-2.107953297816119,0.05989735564613702,-1.5611773400643836,2.5331071663224547,0.4962661824384089,-0.3947484648211188,-0.06252105657470991,-0.9468860280134506,-0.6631523711192973,0.7892607732435943,-2.0808372487030944,0.2050055621020604,0.18959447359890896,-1.1808924207541267,1.6913537493115403,1.4384865663327115,1.3434507952820187,-2.0188215897559347,-0.14675806679621797,-0.7986256907412963,-0.4407912171951369
-0.41708471097740907,-0.44902908216836845,1.7006697985504995,-0.5193383617799479,-0.5624753095806208,0.15784291184678875,-1.6372750464128716,0.17811797958622905,1.315441712229696,-1.2384332810628527,-0.26027156763399384,-0.10156951265564317,-0.29972572601596076,1.4844357395432404,0.9109494186297965,0.10911030797400348,-1.0891864431865739,-0.2581120802995419,-0.9369947444725006,1.1796631690582275,-0.44927235742549476,-0.7536853726779139,0.9239117555982408,0.48074467865124565,0.5295564691551652,-0.7744896445600762,-0.44382220636181813,-0.6859468291177125,-1.1978487949056533,-1.8536135276936405,-0.19624237560748564,-0.6901688632197261,1.7967086082183503,-0.9529844373583506,0.5049891127141578,-0.026777010756105675,0.6926620566395826,0.7830829184015141,-1.547121638376045,1.2477051690802363,0.08529765138756654,-0.2618126649775169,0.7394250046011853,0.9394722802484079,2.021134654605154,-1.3022131592920683,-0.4810664430590271,0.05092817721436137,0.345607768450121,1.4674314354729803,0.28862903254073513,-0.444700364124206,-0.1788577705590816,0.9751824575137954,-0.9119314843898132,-0.06383436756255895,0.12406530605057713,-0.6058448118555634,1.6877607419659062,-2.530360847959095,2.0975917667529407,0.3228649297918695,-0.9052973684965555,0.27711729994010925,-0.692767830462051
-1.3554480902472776,-0.20999669990133327,-0.8835888544417224,-0.45290763477607743,-1.9551570394232078,1.7130521442446518,-0.541135053655536,-0.6434212429410354,-1.1537327928123782,-0.23469406736303672,-0.4254963975645021,-0.39362607889044604,-0.15926900225482743,0.3806847677117562,1.6150256697485175,-0.8429132862698937,1.0305168518572194,-1.2757860392055878,-0.20148689108947235,-0.010015242990919111,1.8541531703698062,1.227418276591584,-0.44090271809065146,0.6740997013556398,0.03724408551362901,-0.993057644336995,1.2322246057379533,-0.06519418506984093,1.3779465285648202,0.11059786985001582,-0.00548484860468218,0.005147927690236809,-1.5624069158370903,0.024892710819534633,0.1883471940487529,0.5417403936718437,-0.3365384933489604,2.005339602044243,-0.5201658029962434,-0.6474876150911986,-0.9052063173967806,1.4463346239825352,-1.4563350038579899,0.9071174221339854,-0.6421429823638767,-0.7927977145783037,-1.04464178983428,-1.5000570233718125,0.3641656512895923,0.5519106529041918,0.0912230823536377,-2.8265680963867017,-0.2299978395586248,-0.38495774632532753,1.0334835263237447,0.0023521103859987097,0.4288543477162352,-0.35739724212058466,1.3482073792166995,-0.11469260153720945,0.12352413276914351,0.5361660592852384,-1.1916684670511726,1.2698613718815466,-0.05769609773279669
-1.8375943695341663,-1.005823207925107,1.138647734752366,0.8852521863443887,0.47725451683934916,1.3731429645856776,-0.1074350685272091,-0.1697159355135407,-0.013750710373740888,-0.4988030317060743,0.3075004526919283,-0.13237756864980835,0.3772432314136767,0.9273038694205442,1.1944648155792668,-1.1142483084661263,-0.6279200786435873,0.0008734274912791662,1.195859321088185,0.4783525407671033,-1.4348691246743677,0.8830997139802041,-0.09217635004080776,1.891919901051538,-1.5701036813324762,-0.6019582027122885,-0.06130308490650749,0.8889137323573875,0.44271624146983357,1.530901986365707,1.8566578885349712,1.9621571831220344,-0.02788070861133113,-0.30763653868790936,-0.12121661198533884,-1.2032715425030016,1.1488387069332955,0.739243490682544,-0.6743754651778047,0.6071335216875073,1.3379980245937468,-2.3470461148699835,1.807894939577948,-0.7016061571887828,-0.6021917832358719,0.5423030908868474,-1.4762777444355146,-0.7951831944913438,-0.09565842783099475,0.6158249973540308,-0.37338890483598497,-2.262761702539982,0.38461155142184533,-0.12962913448413976,0.26146617253418236,-0.9434646639580442,0.48336591380088945,0.8381656570372715,-0.16192038314613846,-0.631743952374333,-0.10746549032088115,-0.42877506813671495,-0.7799388451981596,-0.19976846662588169,-0.16889881589092515
0.07539656320903984,1.0294176885848318,-0.04562471213382671,0.48327311914296944,0.05514967734228693,0.6095481693365923,0.023223641182243793,-1.1036537829595146,0.08333841986911159,0.9928589459162389,0.8651677753468493,0.9158425466481033,1.1823162257523223,-0.5285972318227758,0.4894719864682299,0.4379715893252133,-0.19958592852628645,1.5911834481566685,0.7480287894661282,0.7286433241177447,-0.7901508634818349,0.28439006813653755,-2.033689039160124,-0.8706216406441543,-0.3477255230400277,-1.00112931010002,1.2903660975042204,-0.6384495318174981,0.6350906750776425,-0.2705606465749594,0.6718434541562721,-0.4088518890642793,-0.5346938107108976,-0.21578130968535641,0.15440795351293032,-0.3910252625095727,-0.028132398466470254,-0.10645481125243006,-0.08816501749389266,1.404187198681238,0.5890986608325806,-2.1726753673554082,-1.2105896477020344,1.5429040545728072,-2.756945511305652,-0.12239445074634803,-0.8228942356484068,1.7854469369637886,1.3439160398227628,-0.6981521882859806,0.9630516169423506,0.5527286561243383,1.7364749227251168,2.5079978034786734,-0.1752190059475628,-0.05231458797881007,1.0250687408586827,-0.7196093266479324,-0.8157049614681785,-0.19354553295811538,-1.4439717954178868,-0.6365866149521338,0.8432913543311679,1.7407639978665046,-0.6204878230608651
-1.258214441963288,1.8925908422740108,0.4425897161166343,0.4226025366847157,-0.7346264238068488,1.131004466621568,0.443894847276689,-1.6144359622087754,-0.4347980371719341,0.07300163429805748,1.6640096947342988,-0.6571906413115609,1.3399832696891378,-1.1773403581377775,0.8316922673263362,0.6644609368675203,-0.9426246784875514,0.01796529282950579,1.0206386362458921,-1.6968458285674624,-0.8661184206765905,-0.5355654863485811,0.04542896908579259,-0.9971995167414658,0.7541077276169292,-0.6274944090615745,0.2072771550193504,1.5119771627990628,1.528363417113969,0.3647970526724996,1.461138993112197,0.6982207006974572,0.006915070553089153,-1.2637328345491088,1.5064199517786614,-0.7082837208649436,0.4521578057811725,-0.46558704243479665,1.2106978856780073,-1.6470614349925274,-0.18421162864386043,-2.7559440429667554,3.0623233978240894,-0.9382767842340601,0.17220753228323962,-0.014042826093426886,-0.10564861925084215,-1.5280769812849235,2.0694617638730595,-1.6197582361485983,-0.6384857593957864,0.2800689534756208,-0.6835269577152806,1.3145547743263573,0.2513173022328478,-1.7160524127316181,-1.507727846450114,0.437949833341072,-0.23901854918737184,-0.0803668144545789,-1.7526980852539225,0.6713283830153636,-1.541708375202445,0.4858625644314707,-1.8225616783255085
-1.5438715115693917,0.07409061087263139,0.40869095588035276,0.6033866638438575,0.4227106142689469,0.8147249489992447,-0.5257586317451243,-1.0945413038479912,0.9137325587092096,-0.10828653165948866,0.04518348691209784,-0.5058049025905498,-1.704184147523793,-0.19610626499759645,0.3323153268700013,0.8469261155301763,-1.9974885822288786,1.3423552861157875,1.6607856168344763,-0.601436610070474,-1.9226924278962352,1.2153819675556714,0.46931466693306834,1.2798635895367407,-0.05439620637356385,0.2540988949435106,1.2418864594467245,-0.9144748210094591,0.04203872492079158,1.115453630830046,-0.06562404907191416,-1.698834689200625,-0.868512962761467,0.5906079130113837,-0.9784703304770742,-2.458947881516806,0.7761074828491212,-1.0887193379008888,-0.2510593126403224,2.381946450123164,-0.2941488100754999,-1.5763642908002506,0.1363593496997425,-1.607591809656851,-1.485424790584284,0.4959860861376513,-0.4452168681024938,0.6228155113252601,0.4936551464150317,1.345525774305118,-0.009193944139824162,1.1389789799352894,0.6989970633108946,0.2572010755646412,-0.895688360242995,-0.19051059745608445,-0.9835602374117125,-0.752133254748196,1.6269736662182708,-0.10971495017774327,-1.1863003234237361,0.6585735804320549,-1.745515281982755,1.202926107317307,0.5369921048661334
-0.21670838276129437,1.8429709601035271,-0.5926438849087843,1.4430496222704525,-0.09582838622910564,-0.3091109019523594,0.00650145182387768,-1.6196584287755929,0.30376208816487976,-0.5636936981536544,-1.0612529243989712,0.13958333697860564,-0.23335960723569038,-0.8684025220018282,-0.597108405831083,0.10547751700609598,-1.363073647988146,-1.2490684025236636,0.30563658980678726,0.5166646820011362,1.0270715938360975,0.0024031345082315414,-0.2030268930608916,0.7112169361820495,-0.6664460050042328,-1.6802943391946956,0.13293957841480827,1.754509355592572,0.4454587273200247,0.9039250227893324,0.4778303761721039,1.1002338662919728,0.5340800908182347,-0.7526359377010503,0.25519996784487076,-1.2010085308958844,-2.2161607279361526,2.3781841325545177,-0.6864135899167405,-0.7108206933329698,1.0446389389932884,-2.0277046072821534,1.6215768049431623,-1.6664272544653416,-1.117340693381635,-1.5224815738308768,-1.9182961523384596,-0.5849902480525472,-1.0388202720110267,1.5563336935318617,0.4121072133836793,-1.0498674019263983,1.9792682724176158,-1.5807880420507063,0.6961592557249228,0.02750041978790957,-0.9933403363733431,-0.32160008914098,1.0045184946470562,-1.0558315067313766,-0.8277059031468594,-0.5620337639268657,-0.6104046027433676,-0.8552280551185097,-1.1527647890642756
-1.866759279564998,1.2137160611440465,1.948725205142269,0.8955329630953714,-0.32895790507981715,-1.3992406072854926,-1.2820543330067273,0.1143442866360334,0.015430276936170495,-0.12443192133255913,0.2779739097486222,0.42097715244004963,1.2535709290057777,-0.3544977759146119,-0.35550011582909824,-0.4096838272027058,-0.2944578253071465,0.1356634808669917,1.3910172043217819,-0.35271469608062994,-2.1720606387040795,0.004251369608420069,0.0945080092557826,0.14318336353066258,0.001631212807327559,-0.6115498074515355,-1.9487349125780573,1.3086146615496457,0.47470303017634047,-0.08184690340240247,1.1210172820211395,1.1140042682704083,-0.1326606732640047,0.058795161480186674,1.8618282002485436,-1.0484257050409387,0.3047478757812231,1.1856696069559194,-1.2042113878689127,-1.0322136200508165,1.3191715835518838,-2.072427080276992,-1.0623237862001578,-2.0285594432566634,0.8710091773307421,-0.41888735354218254,-1.1716312929749964,0.06342983477307193,-0.09262547792895985,2.0871191013860715,-1.2612415733291535,1.0775682137544536,0.37072292776675375,-0.6146094831066483,2.0259479990337876,-1.4827401312556403,-2.134706180579567,0.08738116953889304,-0.2744071719520196,0.2662345651983108,-1.9550240061049655,1.1770000382113504,-0.607369963358741,-0.6900349330468948,-1.3482629984531673
0.6368832736043619,0.2768363893368877,0.15404766771277598,-0.21306196957182344,0.026269156578170944,-0.5336179564601724,0.38763304407133575,-2.086428849602416,0.2615108360169902,-0.9947324013232446,-0.24543511106066596,1.0088273933877157,-0.3637054413623671,-0.02794132899091227,-0.8812486127354016,-0.2254201394637317,-0.02759515147067644,-0.9167108831866534,1.919174325211561,2.3727397616694925,-0.15696914844347637,-1.7199233911823868,1.4026432348989983,1.672281643648061,-0.9088808240227501,-1.3175267527017893,0.839198672428992,-0.5652846638618312,0.48583972231226635,-0.05364412970966863,-0.46015705883665503,0.7152218017377321,2.7543825302108624,0.1418746841099972,2.058671272174159,-2.4839354875191364,0.12276089791389085,1.3259278071083578,0.8004499912794368,-0.4314467540947171,-0.28614194113021685,-0.922842965713294,0.9635015041023097,1.2392806324461694,1.4205717211208295,0.3622579106775105,0.5035611210709674,2.077482418617624,-0.4779323151131216,1.931000571792,-0.846000739621813,1.775947599451051,0.48776911536958956,-1.0081367218116322,0.9024523231367628,-0.1848636012997799,0.0687688889099062,-0.31685444933964974,0.8890326998989333,-0.45016530211799666,-1.0786217980757125,-0.5376531048169336,-0.00666757334799746,-0.4638974250407236,-0.43635462661591373
-0.6535462633364819,1.39532180654866,-0.21499506971405052,0.15242213583714925,0.18866348159094679,-0.7789786166849438,0.546412702462278,-0.3582934523578099,0.1002497244899179,1.17113411160573,-1.2571877246177412,1.316042956387711,-1.2671095362490674,0.6383387896311197,0.6918882997470062,-0.22711712811777368,0.9016887852558334,-1.128931295432579,-0.36134099449061424,0.6365598674219438,0.42884695646138643,-1.1013940374874358,1.0596092089507914,0.6468763717280184,0.3430697901988067,-1.6549841560875254,0.6304364767072707,0.16452820819011,0.195631276878458,1.0812104604092283,-0.9660223586730436,0.08022626744910447,-0.32435934467423416,-0.9973957846329813,0.762191231509846,-0.939504275408661,-0.7731900398630882,0.7821333040993607,0.9358169629127971,-0.0533892916446259,0.9849539253977083,-0.09965530279862353,-1.0111387630933761,-1.460957866960413,0.080944133520928,0.3911814652474381,0.7715387774409839,1.0658978177789034,-0.28965719671474127,-0.08780500274682003,-0.5773153720297719,-0.47925436457869464,-1.6404732501353503,-1.1722227587945933,0.005558023474065164,-1.3050272651765913,-0.9653656942435115,-0.5587442681780963,0.23672755862023992,-0.8372847624918094,-1.4053557458933774,2.2021128363524265,0.40535749341300176,-0.060093558824876825,-0.021869911389921254
-0.5980460176294746,0.4271312843498298,-0.39383533773375784,0.874394261866354,-1.2636285407949988,0.9967335340075145,-2.4603986936492914,0.8807552988665182,-1.518171897833585,-2.3984002743289197,1.560558225737307,2.02307020783059,0.24065910441598043,1.633307780024193,0.25540726154199406,0.5938178618252771,-1.3482646803038212,-1.0199339467771615,-1.3953383314253536,-2.4787990631737737,-1.4992147620130507,-1.7753936648755486,0.06555390988555274,0.06974672317098264,0.3714124227659546,0.3344558172201872,0.46964254440823894,1.979072021770722,-0.9308165071551855,0.08208328362781761,1.5897999403976835,0.4740455576003154,1.3347352670259254,-0.9860972262994686,-0.2107464831611397,0.4652517337172204,0.15427259506508606,1.0322757054948988,-0.48205918451687857,-0.9931789328572144,-1.5838152729370667,-0.0861318339089816,0.6129995274627881,-1.9580383667114314,-1.0195210234639696,-0.14299931565688734,-0.6403017507407333,1.0497397010335965,0.7271846476578678,-0.6087857005375731,0.18651874930988696,1.1282325066465573,-0.34944653552546523,0.8939116014823485,2.5185694961859784,0.7512598584283338,-0.8944506377345204,0.8090504671499275,1.991679251364189,-0.23467861225893283,0.7047498508117411,0.7948510315451197,2.0170019399298296,-1.5953512969138766,1.1695455562203054
