November_6,December_3,March_6,January,April_8,June,December_2,December,July_4,March_3,November_2,August_3,May_4,September_3,October_4,May_5,May,October_2,July_2,September_2,April_5,April_3,December_8,May_10,July_3,December_7,December_4,April_9,August_2,September,December_5,January_2,June_2,April_10,November,March_5,May_6,April,March_2,April_6,May_2,June_3,May_7,April_4,November_7,March,June_4,November_3,August_5,August,July,March_4,November_4,May_8,February,December_6,November_5,May_11,August_4,October,October_3,April_7,April_2,May_3,May_9
0.5492602332138579,0.28441391953358536,0.6189255099973404,0.05846095584295329,0.13520051108459816,-0.4798495168225601,0.7540517689024493,-0.6582238127288556,-0.4032899486219631,-0.5972345466159403,0.501673498947621,-0.1143768032343089,-0.4871663493880055,0.013887347204906392,0.4841601432302107,0.3121939975421666,-0.06444433572252076,-0.206449604643211,0.40353202812960476,0.21077698216689394,-0.45762599781153934,0.04154558286756274,0.3107236913819877,-0.10058917138575814,-0.12827923305482578,0.10890677397519762,0.13394884516383554,0.28015291080263227,-0.31943969516272036,0.12305123928797068,-0.13615133392648704,0.7500088338479939,-0.0649082250709132,0.659108678939595,0.13588306716854026,-0.46734929567728345,-0.16916226472680213,-0.3995028457949362,-0.12064626629590709,-0.4960672388767825,0.10606169916198495,0.04031067469514629,0.4217230081594753,-0.6003634160871505,-0.4219936606712993,-0.4257167516961918,-0.11431891380954672,0.3279027867842211,0.3756589433363104,0.4570045108959868,0.2321566047912479,-0.1287581544890148,0.4447010126918105,-0.5678914842544825,0.39473512275563144,-0.04285461569005401,-0.21260131659494336,-0.03798177440621329,0.19031228828434854,0.7363927140103019,0.4504775314653453,-0.9016240091896782,0.3926912275447158,-1.1062796760973004,-0.5860561763762937
0.5492602332138579,0.28441391953358536,-0.1489454567353718,-0.42482311102344406,-0.025428220588771543,-0.4798495168225601,0.7540517689024493,-0.6582238127288556,-0.4032899486219631,-0.4586830335497704,0.501673498947621,-0.1143768032343089,-0.5697044607504627,0.013887347204906392,0.4841601432302107,-0.04239187825430716,0.011191297089882132,-0.206449604643211,0.40353202812960476,0.21077698216689394,-0.0862394000946132,-0.1761947365035116,0.3107236913819877,-0.267053012828021,-0.12827923305482578,0.10890677397519762,0.13394884516383554,0.564165313627444,-0.31943969516272036,0.12305123928797068,-0.13615133392648704,0.8273632694521136,-0.0649082250709132,0.7422417340104938,0.13588306716854026,-0.1267185503553046,-0.46554492407455406,-0.5838045231172432,0.29663684163373116,-0.5402788106337097,0.23868555889674237,0.04031067469514629,0.4567563917871054,-0.14712905823335487,-0.4219936606712993,-0.8006535765155256,-0.11431891380954672,0.3279027867842211,0.3756589433363104,0.4570045108959868,0.2321566047912479,-0.39945991656818763,0.4447010126918105,-0.3959136335149785,-0.20471594967559648,-0.04285461569005401,-0.21260131659494336,-0.3454916828347441,0.19031228828434854,0.7363927140103019,0.4504775314653453,-0.7907513385532845,0.24312432243212062,-0.737683613704786,0.3749767627043788
0.6307395296589376,0.36486902745560645,0.5010543070310319,0.0019675814617724705,-0.3105699639850672,-0.29211219865399113,0.9013302181245577,-0.35198210405334796,-0.5906981750747823,-0.700613328997256,0.3512651018908134,0.07584349860349678,-0.6792766724222691,-0.15775419296469337,0.20021267189518582,0.42642768986599894,-0.4677500315927363,-0.20551190037971945,0.49050268394802277,0.07341493060384689,-0.19449176228676165,-0.20475370180431168,0.04704460480682805,-0.4569576347710964,-0.2840997823167488,-0.46206452982788604,0.1635584008155564,0.48950646709969486,-0.1286364563477691,0.07893018763546437,0.30680801772649496,0.6729792390577951,-0.1701616482752416,0.6881587144240561,-0.18553810934285286,-0.2969592782274957,0.03366242460918513,-0.4683857325181229,0.2795999969420335,-0.30829558071924695,-0.3916891912201572,-0.13680834713225734,0.022102183519184304,-0.20886752013464668,-0.20150228783401672,-1.0261475615736362,0.10532532389658937,-0.11754951673787839,0.5043474972597128,0.3395901354927621,0.019323935853404396,-0.3890548455896776,0.357417645489498,-0.8319263005995567,0.10577924161726147,0.18793321716040093,-0.3244039500833048,-0.8243417886887147,0.15384835478472245,0.8881774746036695,0.0506810450427934,-0.7175119062572952,0.27663186755799146,-0.9590147532720809,-0.1383983073636908
0.55496166869734,0.384808771819371,-0.05336223758956931,-0.17858961047310215,-0.22969184173287382,-0.3900877537676082,0.7325354812739864,-0.912410200340899,-1.012466066465066,0.12604076292283783,0.27772838408802325,-0.1929285770872258,-0.5569494144571085,0.025359824370489503,0.410763880168573,-0.0704415076710608,-0.25109305557980205,0.023050804285164234,0.08148100731397764,0.20072991183779504,-0.5722719098616351,-0.3708144003399581,0.6517334057232618,0.015841700484862886,0.20586536836848734,0.2727734072931965,-0.025956013828633898,0.9981258173630582,-0.18147849671840544,0.07128882694122542,-0.0996966558493101,0.3849536844037747,-0.4115298629305686,0.5374238906903553,0.17994221100288396,-0.4349440569253795,-0.5378915485498508,-0.7040734463504567,0.34356676793303964,-0.5023565820708635,0.479806886499154,-0.13599689781884,0.3648606998403283,-0.1818642239493219,-0.30461920860774944,-0.2837712886239354,-0.1085865679622176,0.40551610046026854,0.39926066263583715,0.34021625526866606,0.1176667355761204,-0.8678029745602055,0.43351479291709977,-0.7855268896864278,-0.27033836055295857,-0.6111442801283908,-0.37399275288656825,-0.40679940371657863,0.3968275480562202,1.06700185740484,-0.16576217778187805,-1.5740181318435311,0.27740641027907686,-0.780949484905103,0.2328772413301412
0.5892389142807952,0.24824318000476064,0.3081994876150786,0.0839728996597663,-0.21154640839114108,-0.29445814785132657,0.40053708068052,-0.2662410345106798,-1.0474017996640625,-0.36073678221387706,0.3729654665553065,-0.06227004704175071,-1.0399311718111441,0.08720819951607289,0.05832011916145368,0.5214489705324352,-0.5997743970072399,-0.7819272267112244,0.41496231130387873,0.4736124755639478,-0.02184796142616796,0.00827081368361119,-0.22957143278822487,-0.5055653486286367,-0.39895171051910583,-0.02672858027661322,-0.012624850770512758,0.6569874613939557,0.18126980896994682,0.2008949991033075,0.3938206581439475,0.6623017517241648,-0.4049314287906538,0.5273442394686454,-0.3065041606081351,-0.3438656796392784,-0.13132590573859637,-0.32513836355172354,0.38011336674561896,-0.14574210651123232,0.3316313235026131,-0.21933482296752788,0.2979375223250084,-0.7251281765399367,-0.3004720520668974,-0.7747012647010567,-0.2527495236167103,0.3639547574530102,0.8073244675657205,0.30452852377426803,0.14556316731235014,-0.4460554582069777,0.3911190235735685,-0.703388776041027,0.13080343820540027,-0.1734615750228022,-0.5286411708143699,-0.5155651639099856,0.5087819175449327,0.7537030984934154,0.0031646100790930012,-0.5609211927058025,-0.10623251213299506,-0.7264179099135037,-0.47924850552267817
0.37361851974039456,-0.029006715476273703,0.2105329133485601,-0.09617226516808376,-0.14845371034099758,-0.2590483563984805,0.6910549536015682,-0.5353049568917296,-0.9912117078682245,-0.7543492611419289,0.08674662758802071,-0.25429128250435645,-0.6255803387083294,0.1562144793703408,0.4177928795377467,0.00020119976197592593,-0.5548167816145128,-0.035174293874083135,0.22907891973474878,0.31757852737530556,0.2917189751526737,-0.13579083744054943,0.07325435369559355,-0.14481389391589627,-0.2412739178836733,0.077736646332379,0.022325599582812466,0.6564587827141306,0.289551825445283,0.29649674789110847,0.13177376331381346,0.36178720723011676,-0.6845688954155942,0.3638862219696352,0.038189292400306774,-0.2967090527888919,-0.5501193543254477,-0.6573788126232045,-0.29307888495842366,-0.5557589798451719,0.003919940528753926,-0.2810080124865622,0.6773458961732585,-0.4624282259506377,-0.2110846799012157,-0.3860612199958113,0.28441114260849354,0.9007388610196696,0.6173239446304476,0.4292087554624225,0.34546643917323994,-0.4875432686855054,0.00434995110277072,-0.5691280160000101,0.16571118505750243,-0.018687157732695053,0.05839957428435438,-0.2692466457569657,0.2465571143979257,1.196703935539052,0.15705945788442088,-1.0123352758958248,0.14167201132479257,-0.7573224641858407,-0.10628306915757094
0.6095177987307785,0.09405071677415677,0.08889285936899351,0.36211377254140503,-0.11735246803844124,-0.5999959171136882,0.5857016345925418,-0.5507207415256441,-0.5090247904884243,-0.22432428028717935,0.06256213225673216,-0.1640158629032468,-0.8619433135826918,0.23781117554947628,-0.07782790065185383,-0.14319202712105564,-0.2534929852037653,-0.2570081700464695,0.11506888142421451,-0.27580114667214806,0.10171942154872363,0.4042065635896668,0.3679193368398034,-0.3555404306108149,0.03341484513874169,-0.13330288570421414,-0.04971779482387621,0.7107398071264562,0.33950543409805733,0.39686526007017037,0.03903101311323246,0.5643428026332309,-0.7274141826452772,0.5086827593296401,-0.32312999497491157,-0.25674382790189176,-0.29337074330670176,-0.35947133975226436,0.11136270174895843,-0.4703098909518607,0.2543967840050955,-0.301411154701181,0.5081858907258312,-0.3216896401065936,-0.20349947453324135,-0.4031009870850263,-0.04472485094662716,0.5826485960546998,0.5575960575390163,0.2763078574227576,0.2930788591882889,-0.21239610714837048,0.26496579779054286,-0.7803762809428099,0.3469382948172981,-0.5767867887771125,-0.6583562468393047,-0.479351813041393,0.8158769206294882,1.0230144976214808,0.5301726441359281,-0.7919183359634379,0.1078202869888488,-0.5971286351939327,0.2119625361535462
0.22966090723218782,0.025197076294247514,-0.07200736453214146,-0.18481389259861758,0.2038852209196655,0.10240541161859251,0.46565964659191594,0.17877302213940274,-0.7747386146608712,-0.19544085084802487,-0.17912080383488138,-0.032233798090402124,-0.643432437865698,0.2581478536541117,0.5310558873726252,-0.018071854181167288,-0.2784761139292764,0.20575547078475678,0.3005080929149527,0.11563902689602332,0.14134460421118783,0.1861008978485659,-0.5458705604415287,-0.19900734628504171,-0.1511823931295482,0.02718254912508211,-0.08112766680347491,0.15910869129583372,0.16559014692171106,0.31396964775860786,0.061616383911897825,0.48041843120966055,-1.0020173346560732,0.5984471309496171,0.4251182605959697,-0.24236444915560879,-0.5214958339481968,-0.6031787475918957,0.8971202703952574,-0.7058141863072156,0.4547988025698931,-0.1395470542837775,0.12852191854817643,-0.39278380611956165,-0.3004966334423159,-0.7807092860162442,-0.06960389879503938,1.0046516525452676,0.1931852483818816,0.19882298785377622,0.5018242706124101,-0.11297884696905272,-0.18247510153028101,-0.40556267153243303,0.1640755686085532,0.0124889832441763,-0.6267173539148637,-0.35534493413548524,0.33025440925418337,1.0617998070173065,0.2706393299501864,-0.7908478101463166,0.3805633807943793,-0.7496471162908689,-0.2714517152077468
0.39733207197580156,0.5647779427791911,0.24648919448078002,0.4392096448897647,0.43219288139045836,-0.730622885941203,0.6750344169769149,0.02287762364549507,-0.3660839046766718,-0.6519748291826513,0.09019624315764979,-0.03390702904823684,-0.6904695509276066,0.10423342684926173,0.33154236051525726,0.01854427586865636,-0.4450252927261563,-0.26276075408537913,0.1546527156674654,0.2548199920196535,0.08351431451194502,-0.029231459387903128,-0.3194016227328082,-0.08192369462206284,-0.0899779321884944,0.2195578638267604,-0.3087175246558825,0.5445001497560132,0.1580868475764528,0.4948667914730458,0.49771275727150527,0.637736845942492,-0.4943216396991029,0.8395108370553204,0.5073367429793751,-0.4958870566628688,-0.6257151068905014,-0.7522288267011934,-0.032749984976545,-0.5709863225135657,-0.19216428262100374,0.26928543162951724,0.6363520704879597,-0.3774935225039345,-0.36793600648722363,-0.6009227606401478,-0.015912621467324875,0.25582996086150717,0.6102753558717524,0.46822597523512843,-0.31794689180497987,-0.3617599787688705,-0.13285645803331927,-0.5854475757764261,-0.050207483627758884,-0.26831690395461844,-0.6654502314279759,-0.6145440335304901,0.24504393932866653,0.747248298790997,0.45019308105175276,-0.9010138313327529,0.39548833217581636,-0.8347508453351635,0.5002812432991729
0.5671112476748761,-0.03285808009983058,0.19608195424870833,0.16418079096206833,-0.15030687455127634,-0.287858506120681,0.6873872686899126,-0.2997407371818869,-0.6333997279856729,-0.5315794088818324,0.31877904469184815,0.1700043678055405,-0.6519528482392397,0.5322026154874919,0.682346990512457,0.1799373692690178,-0.3247628122587207,-0.2638994170811155,0.24738169625504955,-0.0736121229808435,-0.05975323065871312,-0.1213159181883817,-0.4261763012971608,-0.3825047481430335,-0.13570173085659915,-0.02887055571266016,0.010072741423078874,0.4658998409475479,0.4822630364031451,0.673635873792468,0.3677267909531653,0.37621798160099207,-0.46085018915648246,0.5552314457745647,0.3242300605099401,0.023424860753701985,-0.26834539410341174,-0.5935328382850196,0.389147728469871,-0.2471957037947215,-0.1337852666558401,0.017190726975301177,0.1576308254027905,-0.42451957480128566,0.42620117315944345,-0.07189210142263502,-0.20241884002108462,0.6235248760929996,0.5973642039426602,0.30178215682613263,0.11426876524164972,-0.9913942086628524,0.33374074982773183,-0.030408160794414482,-0.09626171822048336,-0.2369531690920518,-0.5516275251585379,-0.475808412217312,0.47335256903366196,0.79228010960192,0.3265304172956029,-1.0912213423886807,-0.06577433072705209,-0.8180652799729099,-0.16245532122182776
0.7046845672788012,0.02836002044536093,-0.35058030379514116,-0.017688058640941376,-0.001982613599861169,0.27110959162469017,0.6233412898501504,0.35756526144133777,-0.7182518808480068,-0.6661386854856199,0.30946812719964467,-0.05375407582115424,-0.9944613346540293,0.5767327896882976,0.39149517796538624,-0.22107922042119715,-0.5279941041360502,-0.42022404677580677,0.41585109279287713,-0.28306993000387604,0.08886010610273737,-0.47615548729017665,-0.22595375694649578,-0.5127046191799467,-0.019589573329759233,-0.35770957389813696,-0.0698603745534989,0.351029156947452,0.07258014264446791,0.6913083341368171,0.1565452515140165,0.4467665664864244,-0.920270376810324,0.5106783342954602,0.5529845508378749,-0.16566557357366563,-0.16168614188030178,-1.031643020156542,0.5439909040375731,0.18777592183457587,-0.01653260885207742,0.19935532673690726,0.4769803892552448,-0.4210643160672609,-0.2198858488799266,-0.25197687702111515,-0.39469699063275343,0.41974059408276315,0.7820105068333043,0.3897236174051347,0.26024385089032176,-0.5865087256074442,-0.0614409780040727,-0.32767175722995284,0.5386512926318487,-0.3904005153463764,-0.30777038740933793,-0.6275312004319006,0.15792817905609363,1.1651563825794473,0.2563600881726146,-0.556721708827492,-0.007488826539391119,-0.708836934333058,0.4863281539393808
0.8907899427167014,-0.19852697117887808,0.3091330917436801,0.22828249976227127,0.019739096002746058,-0.033467655526871976,0.6624831741843357,-0.44816923350092785,-0.41545564651337163,-0.30602014809488126,0.08902268687833526,0.06125182351903684,-0.12415224995827136,-0.2383507852693521,0.44173533808229914,0.02264602090218564,-0.3037671233476158,-0.3385934291559089,0.20092692337693982,0.12085832139494607,-0.2490627797340043,0.008721907281843262,0.4894355545915291,-0.47559568922614764,0.4952490608575053,-0.5905774569593858,0.3042580352025008,0.21488160726290478,0.29538296344493037,0.2763165391774253,0.4915111183000935,0.4906440060242632,-0.6688480815638884,0.8159485414324363,0.35458587766262734,-0.630659659423648,-0.35013499839196194,-0.44242384284482283,0.21695443343231263,-0.5415310281993535,0.20363784203834923,-0.20690580312025414,0.18868239280563776,-0.6290882016356512,-0.6864967881003794,-0.34436741814823685,-0.12192423140280426,0.2659274023303359,0.9076076394236087,0.681370532112591,0.1421332700020515,-0.365564434966018,0.08625376300966839,-0.41546440068762863,0.19694220391371114,-0.5244510703724468,-0.26515945480851916,-0.5791553735520659,-0.10804884260117441,0.628041267067542,0.37789972550964446,-0.6212815662921227,0.21585029974462208,-0.9436740702655428,-0.6597450179582941
0.4454541653744323,-0.165244131395304,-0.18122814255386638,-0.007577398417568895,0.1746811715405091,0.016189986677977566,0.5791972775046624,-0.13571684297626702,-0.5180744832209522,-0.02776933634845912,0.4030236551683856,-0.04212668739644844,-0.554276191221676,0.29916832887904915,-0.14669646664905947,0.4010217373613223,-0.20827179786051872,-0.14150630105205148,0.22176983065679173,-0.160532871946996,-0.4509362393438239,-0.34868753779029993,-0.013286919400111424,-0.19884351397297578,-0.10572832273056222,-0.42433182861087937,0.4586371599290644,0.3871158980987358,0.06295572878029895,0.3519999330933766,0.083644475104565,0.8712315766731228,-0.5575554564645885,0.5877749875802982,0.35473707218558354,-0.04869996506891126,-0.5568392728397719,-0.36923109563805423,0.5766759766281223,-0.33841826258994356,-0.08502229799068793,0.01404618551654676,0.27778431366851375,-0.4403811041650588,-0.04244149174823951,-0.07951219680946615,-0.3113330939145111,-0.38180992175009426,0.3847994830806721,0.5090804698268505,0.015164834732579804,-0.27624233819998684,0.27914370955481194,-0.7835512656607512,0.3427636662620348,0.1938926261100511,-0.3311396305315083,-0.5734154549651675,0.19046195623607748,1.1288849810565433,0.13164627544142,-0.28524419656316935,0.13733797112687296,-0.7527425180602764,-0.3216501771524283
0.28162981886798233,0.012609807453003608,-0.043706582327190505,-0.38396099818373863,-0.006587286352641025,0.19008862550125305,0.7404859993177718,-0.029242128361491176,-0.6074395139474243,-0.06355570288669743,0.04288053617420294,-0.007087746902084642,-0.2826424359089247,0.6181299373006092,0.49259497052484746,0.3779608496379005,-0.2251646978780103,-0.17821003169247618,0.06046433404843575,0.2201984047620924,0.19414804756297324,-0.41206489433611404,0.1459275611049198,-0.3720753213621881,0.22224129769969042,-0.2935310434436851,0.13902246296433235,0.39124621900625794,0.00920008408972325,0.4314564874345831,0.6993339794833313,0.7547153754139941,-0.630200430409211,0.6672346851737695,-0.3652686289804667,-0.31083471721309375,-0.4212806335982633,-0.31857882655127556,0.5632378846041621,-0.2545931835160351,-0.36054682382773684,-0.40671942475103556,0.1148790697281075,-0.030634953799836898,0.20334070048842812,-0.7558563418634406,-0.05612995121195196,0.30902994192105904,0.5043941919464462,0.46602371229544953,0.11184971296876484,-1.0039369212580107,0.1166586837269045,-0.44933323773480377,0.8006083501022607,-0.010486758921336853,-0.30444294731178945,-0.9569401949820484,-0.4658170149392254,0.8922299022566232,0.21135962753985965,-0.7627937405306854,0.279314924122724,-0.7257083954976679,-0.3898132994447574
0.1387772579698206,0.12209024931287232,0.258174990789642,-0.026095816651840867,-0.1446506060043166,-0.059889407746573996,0.48882755009422896,-0.11702826384459838,-0.6417993257323337,-0.6014545619986695,-0.034620580857231846,-0.27459951066511734,-0.10950781966084819,0.2323222697121493,0.4328693241024981,0.06448223253562392,-0.3285400176772767,0.1635336217816005,0.3456077811609194,0.07955559107993342,0.14367100438689875,-0.4636705985953843,-0.2516489270723342,-0.19482317072993569,0.019531342384181076,0.08639830465595343,0.03476044809817507,0.3077711426278674,0.27773357530579457,0.2883473708139149,0.6771828063934222,0.4560779491051563,-0.5764285680939377,0.5888212450993849,0.4726045379129048,0.0865045941381143,-0.360386518545185,-0.4208290350918286,0.23601678419006256,-0.1146992583059519,0.03264851858287592,-0.19380033687811085,0.27142074407861716,-0.13763078854381763,-0.05821651892266956,-0.4508557037002353,0.049047812381425804,0.13634549656307515,0.43407354751584293,0.5342659961896831,0.1962245121301068,-0.2515414508584356,0.07015837318388272,-0.19919288399574886,0.034424463767245964,-0.008666804514901066,-0.1550727728192191,-0.3948818141737709,-0.40509006336329206,1.3356294420545725,0.060418466208619806,-0.9546651454602757,-0.15223853067943224,-1.2331913257844336,0.1573467821205632
0.8415588358585371,-0.23443967253009823,-0.12558732429093303,0.23054190318217327,0.43054139275127495,0.2858313147210164,1.0589801870161457,-0.0977256991368375,-0.45002667314490874,-0.24632341838989852,0.3940084035373623,-0.04305239972121297,0.026901579506777414,0.2798736766506445,0.22093365631800896,0.2949812089478319,-0.17484721304075962,-0.627263697868621,0.22095924978612552,0.13610875668125577,-0.18182740215852364,0.12441277678566684,0.19467322340124246,-0.18498476569132508,0.583152842523393,-0.17402221121811212,0.287331266769035,0.3827261463343744,0.1036824498473495,0.6254656405154854,0.36186084094858856,0.5606043317694874,-0.40169486195836546,0.6791353501896908,-0.2795712318003398,-0.310438512804461,-0.2527279829601754,-0.2204499268797488,0.08627187476807543,-0.3113522340826136,0.11369198600254722,0.0859064025452419,0.19072474988005136,-0.02279951633373836,-0.4903084648623581,-0.35138071182561326,0.10555985696751236,0.40723430320806236,0.7513374554108506,0.5818537306822575,0.30139432081950684,0.023180530657656274,0.214446602752608,-0.42375195585515446,0.23870669899220312,-0.6560124044235668,-0.8175860098040147,-0.5114589858267931,0.4779913626915284,0.9364320958401019,0.3778980587114055,-0.6792481427687032,0.5584025210131176,-1.0047757210629817,0.14206954116396758
0.3938900447865772,-0.13534020926028953,-0.004933271559031907,-0.10163773345933613,0.1542970056220262,-0.0721886939933886,0.5797807161885233,-0.024193741484025616,-0.8673524547232323,-0.4607411892238101,-0.23468705189781264,-0.08639025094899049,-0.3547091064252909,-0.013884539491116205,0.4777132664593608,0.006736728603485252,-0.7770445704383412,0.31632100229137894,0.03254196855722297,-0.14384968592851027,0.36500767305698617,-0.33309863935381234,0.21119682977093188,-0.43197430799625713,-0.3931840809848257,-0.22515139951325647,0.03723417143970493,-0.04272355262639481,-0.0323068059945562,0.09587090409162946,0.48951156879520674,0.5937628486308333,-0.4023893306209101,0.7487809227780218,0.803866271180432,-0.12345676936319143,-0.5964322995362196,-0.3735806142879515,0.4468498365705475,-0.20639749195052826,-0.08816743531124704,-0.362165309384782,-0.10270851914704068,-0.3918402600760606,0.11666438754687093,-0.611826560002547,-0.15276141597269857,0.37115371919152224,0.819354395898844,0.43509607133595973,0.717187860896136,-0.6733096720867383,-0.1359242398240656,-0.41375557187228607,0.26635350996823093,-0.2948585355006457,-0.8461985296773599,-0.525798920072323,-0.12901225945631656,1.1298909419297345,0.04566375787683669,-0.7908392816819557,0.036936851692635636,-0.7263249362224339,-0.15944695980460166
0.7087991770293418,-0.005831444303336271,-0.19138605641199574,0.3201017095054239,-0.07885079992801383,0.17231885248340806,0.5493956014377475,0.39304997062256564,-1.0435352234603592,-0.3551949496105869,-0.004804099352127278,-0.0676924653535561,-0.28694509234758386,0.15501380124167052,0.24619172845280604,0.17235367499135398,-0.4247165903010821,-0.07914681541637458,0.16143287738136314,-0.13425403498259111,-0.209677256026569,0.42032042413747867,-0.2202168609189894,-0.9118683527050706,0.11298702676193098,0.04572651084378142,0.30075824685235253,0.09495707840426787,-0.10409762706877364,0.5809633225732903,0.23653619329298095,0.5145377279188565,-0.6367103647441741,0.49892687388586693,-0.1905468477295748,-0.49643725168188385,-0.7354088418387797,-0.14683176848975094,0.5440242518995166,-0.3898421598899847,0.25926368763876323,-0.12945572032754127,-0.03291163457930144,-0.8038974677399815,-0.6567986648498905,-0.5328078783690154,0.09188845485232888,0.7614648242648285,0.3917024944908334,0.5351907189799603,0.2933372731204361,-0.4516228638383654,-0.03810189666021255,-0.460199494816836,0.024887960129664155,-0.16285499133351605,-0.5134249376429113,-0.46746069299416376,0.18179119757178344,1.2588638225219393,0.19502961084033238,-0.5047946876381582,0.3424856862220127,-0.9699157255571113,-0.011625006336556734
0.5028400040093202,0.0037014588671269305,0.1687373114178053,-0.12364168078928175,0.017846443771756954,0.09454360028887908,0.2477962562224189,-0.045591904901670824,-0.8710934715415466,-0.7725785671451522,0.09846981753075579,-0.0371503466832659,0.22370308577241968,0.24962991504704948,0.3943700306002329,0.040846482015995306,-0.6386305397478551,0.388652273733188,0.262012319856298,0.044906404333944605,-0.026356208458092303,0.19660860829544377,-0.14964959873127875,-0.20041577297626187,0.27976402743021805,-0.09627962316586726,0.4188385207846468,0.19124123862748543,0.2578994947677167,0.6172926336943145,0.44734895417230885,0.1985075481389945,-0.716247205839348,1.0364032250562063,0.2863589091597599,-0.07142310600200143,-0.15110932958333692,-0.31933931247304287,0.3303846030135891,-0.4054450294028331,-0.023906197112703295,-0.351871908071156,-0.07593812537116129,-0.6043894618589256,-0.1483767607320583,-0.035758773879320596,-0.2816091826601699,0.6035048939230424,0.34058893690668857,0.41613041142986795,0.21092260415701092,-0.24277173636884988,0.46345868958491804,-0.24282126664375364,-0.0808293749638232,-0.2645407507117108,-0.6465651372894774,-0.40842362361982004,0.08357773845963166,1.2230659881580026,-0.04157878150183931,-0.6612402555411655,0.24211924241241434,-1.1430923323820001,0.12562545482373755
0.3336594539413915,0.258328880438799,0.05612572788078071,-0.08813954710085542,0.0797116402215354,-0.0499309071705843,0.8586599493617375,-0.19045625455100765,-0.5266282326018272,-0.5004832177875929,0.07307357503676769,0.013125136606253446,-0.21704064755518013,0.26398773643104456,0.34338357328924934,-0.028214549572707713,-0.47950623810660564,-0.38051713848934254,0.03197884821223611,-0.3299016892550188,0.3862137402442093,-0.08168557234300283,0.28538152719756077,-0.2851682279637049,0.4801572357697042,0.47476955800929044,0.33880632703181024,-0.036295040587145284,0.08054733371018793,0.7982393688130708,-0.011009087633676883,0.38004681389739103,-0.5347075038054351,0.4507990806276633,0.03159357464769577,-0.279573955756274,-0.7228322101240062,-0.6372559507521676,0.11462105774081954,0.11783709122890976,0.28016674430281163,-0.17875996655721726,0.4648824347860694,-0.4258687170921065,-0.13510062962287966,0.16895258173860297,-0.09482634703607276,0.6942896615812083,0.5255531194863374,0.5118228075363661,0.1633586201740977,-0.2418517241262718,0.16713577174398825,-0.6194704402674234,0.28811462497561197,-0.2429168342862517,-0.10385854588304078,-0.36452046546704414,0.07325399916483666,0.5353606505061638,0.10509361509156114,-0.6186016991649054,0.0035725956085698105,-0.819990199982459,0.6270261241643853
0.09117823466039499,0.12020481383306768,0.07742379107907738,0.1401600925959644,0.4823735416052959,-0.25558982423712207,0.590830813657234,-0.17091314851817835,-0.013356309036566628,-0.34987493497140904,0.34160792365042236,0.023399608542910302,-0.46501641595037,0.28984355504560355,0.021674351092436935,0.37306103930686957,-0.7176841895645338,-0.31171277104629336,0.05137902306770892,-0.002313278683653705,-0.00037271373542015207,-0.29932971054977947,0.20049142812653464,-0.8175315190721161,-0.015454331855532598,-0.18559885103573803,0.3010908926077088,0.4881279015958765,0.05817920983652107,0.33528881736442623,0.12236820344347438,0.40722023449525474,-0.4572241073634571,0.8647614378265981,0.8054143558248313,-0.13090853360131408,-0.2041088330381128,-1.0006636525040746,0.5475966941932653,-0.27429947817145733,-0.40153464409873746,0.007820684568685801,0.005298816459345105,-0.24610560507561874,-0.056024986351644865,-0.40143478878244104,0.23234220852543858,0.11016962773110993,-0.04062139512496499,0.43908630562403106,0.07580386649369317,-0.39604672745665936,0.13765494268750128,-0.395488861747276,0.5261431949473078,-0.6146983328807641,-0.1453716997719248,-0.5870497747103337,0.2887626785112064,1.0277099711283384,0.201142866388294,-0.9116100999346146,0.21563177844591058,-1.0665945017623935,0.1660294090775544
0.5875968322585013,0.42339880790466894,0.6356652128576241,-0.01708787906346647,0.3395886274181888,0.2646750174736072,0.6198190482675003,0.23061056401477464,-0.6190902288716436,-0.7625307536122302,0.32551929363707943,-0.07729318139153173,-0.19910973890048544,0.5708187444084819,0.29955017214546564,0.46275481614537106,0.10447714603782472,-0.03947512559631339,0.5315792157523532,-0.1948883648141318,-0.17124910830350842,0.01188932729711182,0.06794715953426554,-0.23382518897819357,-0.07905148482202524,-0.18777670908449187,0.07930410895883977,0.19073296581075794,-0.008127133464460192,0.8820858717509455,0.2397042966753145,0.4989953983263,-0.45867324567005274,0.8811751150209494,0.1867552725792586,0.10521610664433936,-0.13263887437209015,-0.7815352473750752,0.16775349599943457,-0.3772113190159633,-0.09168291992329997,-0.1487996838636872,0.1900897288430635,-0.5141877518170447,0.26501089327360733,-0.10006248014026004,-0.4646358390321441,0.5486180285762637,0.4351427024360521,0.5415253259590144,0.22629887426986278,-0.3243108087475131,0.4120814369359905,-0.1890144159380458,0.06397666149074534,-0.5617881133258366,-0.47485056615075255,-0.44684152015246037,0.12111397105191868,1.3629625656755116,0.021846410198670653,-0.7980090882541498,-0.05985910453569901,-0.8364889416391342,-0.5515976826849237
0.4391160356686493,-0.18846507127934944,0.4642475301568367,0.14001481879910002,0.40464462934028406,0.550994779021218,0.7221309399601394,-0.08452452829662378,-0.3657043293535186,-0.25013739824784087,0.3404176038505251,-0.035155578297965895,-0.11866023460694335,0.3273036285390922,0.39490728486605775,0.2887078918851387,-0.49875380159788973,0.11406017594927843,-0.07198785279520746,0.07968734818648512,-0.1473938962328971,-0.5036071604633477,-0.01938317151628418,-0.08746459828110535,0.06249330841771993,-0.12912769249970207,0.3681828579900037,0.5164472647410253,-0.10106572627307439,1.0486785774917213,0.14266341608501942,0.2852228093300041,-0.7219507600309496,0.8643297877057196,0.22891515749382252,-0.42780219306872314,-0.26225091660856714,-0.5475938130124052,0.23399624113528433,0.006029732894947737,0.14195823114239037,-0.34232554364566653,0.43315345979616504,0.16025345849940908,0.4129566154519742,-0.045944572972221584,-0.1384353887281669,0.5245238813585325,0.6421418433413294,0.3736013158864822,-0.12745843551551336,-0.19026637792242748,0.09627098814110421,-0.9774029680784506,0.5030411083009906,-0.35641502666787284,-0.4779185875235794,-0.40558838154020593,-0.02666091102748648,1.2314866597121001,-0.030228338668763476,-0.6914925205772225,0.476305965469144,-0.7755379470220173,-0.7047337621248084
0.7075751966335805,-0.055802934538613035,0.24415815920228254,-0.20370261426812292,0.21960768417292448,-0.23153618096100997,0.8197167234904873,-0.3260087559311761,-0.20732851111580827,-0.5977081246361275,-0.051609075453166044,-0.21896052421817205,-0.32069542490914477,0.28698153858512204,0.6942757671100319,0.10078074038179664,-0.42007333824915466,-0.29779302348171277,0.4248145639794863,-0.18479740626259572,-0.16810449407403033,-0.3808371203608846,0.35918498937602117,-0.38122667323819004,-0.2907044597286247,0.21420006992155166,0.16810440242803293,0.2650382546664512,0.19466297742523914,0.6260592023414686,0.006900243343167321,0.35870336225342003,-0.16981632576866448,0.9739087586361871,0.3766261681016574,-0.4811957583138878,-0.3307335733264111,-0.7543440272187092,0.557074435520908,-0.17825968086684205,-0.0456966825232246,-0.3925041418101193,0.2859812249622726,-0.4388541472365508,-0.3374151597586474,0.13853302791705466,-0.15434250507839486,0.66240553888976,0.1716826163216405,0.7989166520139286,0.07197270026353404,0.06627561985316693,0.14383649264064274,-0.35454780083191645,0.3017953356074846,-0.6681000411155236,-0.2672972650186839,-0.3183851213792168,0.4688569418381396,0.9720386065665605,0.31186407711301706,-0.9967543646315752,0.09802048758375456,-0.7109033534033545,-0.014983233354895278
0.2639729459413392,0.18572702689962312,0.4677197214509954,-0.13229087970968118,-0.038701868575351545,-0.11025906709285255,0.4992350697701936,0.13211526601143236,-0.36582129804847285,-0.7585699591533519,-0.30866986382877093,0.2282940561830306,-0.34058576062697643,0.21864041107694426,0.5472440672074308,0.04178466893273061,-0.3714519408637683,-0.14467317018467055,0.28418270449485306,0.011256663584288902,0.1668524852709246,-0.33292542517417967,-0.15552360153870126,-0.08283642724817544,-0.17749761335923925,0.03655992976833795,0.015827423251012815,4.436485997819789e-05,0.4110667853809922,0.5560789051220546,0.09571738552995533,0.6059818270453324,-0.36496920762890145,0.900943872809616,0.118861721019933,-0.2807364528474318,-0.25236436552547625,-0.4489270405222768,0.2755056572039351,-0.1469164524874686,-0.045492132750790816,-0.5877372842703249,0.15878742174125013,-0.5077736821404635,0.09077052615400147,0.11215071801505783,0.16226172461635271,0.4534321839668287,0.3188205553694871,0.5005194130975538,0.2751151337045589,-0.514938309759456,0.17819729941491802,-0.5412578970278774,0.07926542903908293,-0.1371083795593693,-0.07760872623243371,-0.38217906682863273,0.544381663901969,1.1363419780127235,0.16889775281997577,-0.9102470808799462,0.050353247642813175,-0.8185491193308759,-0.10517001041557283
0.6103855531649065,0.13861982893871808,0.35123166041584697,0.32491369327141784,0.11331306422698048,-0.014965828775589864,1.0425050936228708,0.21729045520823914,-0.3156361727724953,-0.3355118187118403,0.3418399956026932,0.08757811987871747,-0.6254091420811168,0.12499860433285903,0.334040029647474,0.3477326148189464,-0.5062160125729254,0.09107954759165368,0.3105113100325061,-0.18881494339711918,-0.2088515002032223,0.18563647330963115,0.11574413632262874,-0.3958795637306213,0.2821056020956445,0.07881309067179179,0.0472654127044597,0.5597514740249614,0.04152320541699281,0.4125115294921842,0.1917380855414917,0.29531109470653477,-0.6213305968407087,0.37475767885661,0.3653166623639713,0.15660532143013278,0.10766899953895233,-0.9263932292852975,-0.017803129085639094,-0.4967830679729772,-0.033079465652056245,0.488481002223162,0.3326123575332045,-0.23854579575483065,0.12278853180651768,-0.5946772480146394,0.052320568341718963,0.5676764893843065,0.44858008242123526,0.5980816506224194,0.10842372279709132,-0.01538096847590105,0.366532501680432,-0.09194409067609455,0.24177267116826118,-0.5896688340417752,-1.049935723827319,-0.1493871013063288,0.4367781216550462,0.6380583075555926,0.2526832239006919,-0.686882996449694,0.13413664472240494,-0.8258526950280739,0.08897522294218643
-0.033105967823765195,-0.06076209335140585,-0.05789443598946704,-0.37189402693333506,-0.013353428929470473,0.32180001793918905,0.7777496359454903,-0.11668025984886725,-0.4231995666066356,-0.3982502003361006,-0.19612672497985734,0.10121645462097029,-0.5286467934878912,0.5661470727534901,0.6566099789904811,0.5326909779411876,-0.48755426752199005,0.2355732283515709,-0.31662132830122647,-0.017057852917786102,0.3399552279328295,-0.35342813864491884,0.2753873281757167,-0.2903795668322868,0.2992757327587627,0.08785822537864987,0.07278620974144079,0.2212775009649544,0.2210328201429688,0.4651675806349973,-0.011093440058673812,0.543684932108997,-0.5479066169115129,0.9035964042289372,-0.0056329232154532505,-0.03900249187509809,-0.14026023122592407,0.037796144226202796,0.838809709494883,-0.15704590057025458,0.048209622335625195,-0.384026357847563,0.39582467649520264,-0.29141424228506885,-0.007592634386815782,-0.40791466915839464,-0.41492550337688894,0.26406117898864456,0.4583134473924372,0.36185175989468893,0.32513324725494896,0.11742174950967381,-0.0008927856504435533,-0.41323852463807664,0.17886188530810454,-0.7362468766375794,-0.40956498070596337,-0.4001632832781232,0.10900867534247614,1.0013061354191417,0.3671524942657587,-0.0030450134040592644,-0.08363691463596991,-1.064422262657995,0.09515376336705597
0.5731469183002235,0.0678793234747455,-0.22835417346646844,-0.021652171090879767,0.017140454838599044,0.5789263503891264,0.9275122995871378,-0.1302789169078292,-0.5582261849401229,-0.43616961323085923,0.06702395511174063,-0.01503474580409861,-0.10909365500240684,0.607450419850693,-0.11839795447145872,0.19479842257389735,-0.36182681030230945,-0.2170914818253998,0.014420057468478607,-0.04015976357233291,0.12549257745479792,-0.48095464020091244,0.22850358790651054,-0.2613753135824941,0.121726875451215,-0.24806846879676314,0.07240728549113876,0.36254643400983033,0.3766357894231068,0.6765986583186039,-0.18162117828738242,0.13742789567407207,-0.3682742789990475,0.5398140006364366,-0.36284605288248056,-0.4478673544538015,-0.5290651694371901,-0.24183222318418482,0.7408261308859772,-0.2829896186270478,-0.18196526845144706,-0.34908751088189083,-0.0073825620795780755,-0.14615163260362402,-0.09226685685908909,-0.027637022530496297,-0.2514023836597859,0.02045830633679374,0.4278920887863121,0.7923757805845012,0.46811905565081213,-0.7757645022206213,0.21167435448237032,-0.0916246353634422,0.4524649239191581,-0.3990834694894619,-0.3289355941381071,-0.6710225113196407,-0.1431616760528719,1.0083389849775206,0.2671155305922118,-1.0682769177419755,0.021493587383431267,-0.645391896051526,-0.2712338640507594
0.4460638674494829,-0.12283076733025139,0.09511089368659478,-0.2849018413012327,0.18562000817636207,0.050487741769514,0.8505225510847703,0.12210680834312465,-0.4982871657833216,-0.6049597806047966,0.559026026006775,-0.16759154972201395,-0.019971870208461986,0.5994732696665105,0.3638003444832144,0.1492197422589872,-0.5898908169502644,0.38896065524936385,-0.11335642905818454,0.2348019385769447,0.3228239996080561,-0.3819027129700361,0.32025950069912834,-0.009135917481405138,0.20615203461584664,0.354385599375286,0.21020267508048288,0.20343101304551664,0.04811838432776226,0.46651507143322946,-0.017468065687325583,0.36342798974531154,-0.6855004349590046,0.5844230085533435,-0.6900126892580836,-0.14963638948357433,-0.5342647712813549,-0.4702707131249539,0.4241677997678451,-0.27423045050564365,-0.03122142998225791,-0.27100565277428307,0.08013530111667524,-0.610048025473023,0.5617421649469871,-0.5092728878899755,0.30526085603098896,-0.0024944502335626437,0.502561126150314,0.29062406785350314,0.06288827601265692,-0.8491991285821684,0.4851474827968153,-0.5273451465130741,0.7443139009431791,-0.2532292884209496,-0.43676188970414176,-0.5027733170833335,0.2575637308837646,1.1780876393007258,0.1071348457817072,-0.6419766847661121,-0.30779625865789456,-0.8309772385491723,-0.2003450561185358
0.5039486140262176,0.11426443527574529,0.4391284823139859,0.030523941057554377,0.3267574968826182,0.28316903405658056,1.0903267851965919,-0.256248945314728,-0.33008515202242333,-0.5144918014448916,0.6330326873705531,0.16106391532765515,-0.2532035626142398,0.09472941068134277,0.3460778251653481,0.34460956601239184,-0.6384618445909771,-0.08385784692019892,0.0799018267925508,0.10882010687616084,0.3180055726393304,-0.3338085524660998,-0.009277257296504013,-0.5918686586686848,0.18294216927403298,0.45521409180652095,-0.031265368303128926,0.24308182620863028,0.3480403244189908,0.5311528664193927,0.055033402581335295,0.3222923684510171,-0.22349641503715384,0.9201278770497741,-0.0978316445523551,-0.39883811962923205,-0.039172199268463714,-0.3917202496177041,0.1376867879346107,-0.3606468390278268,0.05202233694737204,-0.3625246616463664,0.21955990527855462,-0.12998031505339594,0.23875323802458803,-0.6404808149311705,-0.28696334380043387,0.19857681742168282,0.22584170842901963,0.21761855880967967,0.3196476516349204,-0.37005490326579,0.4361558050526751,-0.552736698656959,0.14104757151953126,-0.3596413372125999,-0.3297952906906378,-0.5440430050773898,0.46011493947670834,1.5360287594247866,0.18373732099843842,-0.8223363362260894,0.25435354057401616,-0.9455212790246125,-0.4385340678163516
0.3888621827608417,-0.19577551713402497,-0.3741713127983893,-0.15662638932753736,0.06502923574654232,0.04767991443500363,0.9356211975658028,0.5956420116515869,0.21362776152590793,-0.16482216952170833,-0.008738073363352125,0.04740306536573174,-0.29580590513036353,0.2458841081214149,0.42386034188718974,0.8497308131845726,-0.33002071270031375,0.03069448237910813,-0.09368713773752747,-0.22856307796244213,-0.7973218145399279,-1.1431810274566436,-0.11754959999723132,-0.7350364851620966,0.692588273680133,0.2637153581028053,-0.1108982874743179,0.28471743765437574,0.06726982066347338,0.164338441245334,0.2775148834064191,0.7755565132908065,-0.6476810917518346,0.2520803382184469,0.3163489656189049,-0.42982894244840747,-0.35434080534244905,-0.32311593575090763,0.9483585148534104,-0.6125460124645273,-0.6220358901294084,-0.5127181362603805,-0.20589409065003722,-0.17547492997319875,0.1701514025071563,-0.46270171859634845,-0.11997646892941843,0.45382747356324304,0.24393443185047287,0.20905750461026945,0.240929125958095,-0.5022282654768019,0.25272813515526366,-0.5165914148029812,0.41620536905856154,-0.12061517239425143,-0.12818049117305322,-0.7305489184760677,0.2838071253533252,1.2441726434020852,0.1333062113998461,-0.9370177780366845,0.043918755330756135,-0.7529264803605406,-0.38284861837805395
-0.1602843677569286,-0.41758749553204927,-0.002579404005926992,0.05896143436725018,-0.06033582420851507,0.8733137173189212,0.7405429257122527,-0.43044857392344293,-0.680606974803219,-0.2281136483988828,-0.26874054684778953,0.05103911588946589,-0.5444723085987961,0.6264831238828176,0.6680935435619121,0.2554507542988308,-0.316390126058257,0.035097475860837876,0.006219044161276235,-0.09274427246107259,0.3758119705623003,-0.41462133126618483,0.30690767904860977,-0.5002556512096159,-0.0312515832557149,-0.3969393348900517,0.33994309999802713,0.3691279312521206,0.18370861846329567,0.4726538304680832,0.31056705827148495,0.4175369799520719,-0.6623265638828916,0.21163181120437077,0.20690574164902142,-0.09150606728093885,-0.18184361547646877,-0.288310247374564,0.636268141875203,-0.6354135256474247,-0.21230290101654575,-0.7598777989273973,0.015396175684329182,-0.2771037550576014,0.1043591552524657,-0.5785384877787522,0.20631785210122397,0.031862256381431475,-0.06723068159006584,0.6760337664772436,0.37362345160368826,-0.6870968306959677,0.4469484665497347,-0.47809524872509823,-0.05577909834504815,-0.22246036020957666,-0.21021612424546315,-0.2777104315294385,0.5187648051813143,1.1166529969591301,0.01881136771081747,-0.8038872253546347,0.14876507925093732,-0.6917619797842213,0.35139682508118647
0.14188438496018704,-0.10541318628301434,-0.23684228275437305,-0.1532418911227958,-0.2927964696584624,0.0019721837743791083,0.8026770379308148,-0.7357704929225479,-1.0488971589315357,-0.25334707606861284,-0.16591134197886495,-0.07177252846256023,-1.0428028372953677,0.7394612490791687,0.6380286971385274,-0.012747222307944506,-0.5606876286495366,0.1798306523446412,-0.03425655390795588,-0.20874904214276047,-0.17843378826589706,-0.4314777858154092,0.6604308452262587,-0.11491249125240496,-0.08411774297088748,0.17026599633166137,0.12704303261694166,0.682934684484831,-0.23728124086295646,1.024220184152747,0.16618436264769437,0.6773483911700301,-0.41174721838599193,0.4189007606716191,0.11007709130294313,-0.14496449373254894,-0.18426905358810897,-0.015294888328621536,0.17568814391527487,0.08016258767448367,0.22992504772922764,-0.28130211669741734,0.5677538530182241,-0.0578489102482391,0.4903278200341917,0.18912666317554905,-0.3572857065085652,0.30795212276244543,0.633908277715315,0.7146618518137574,0.582687355396674,-0.8975189025862901,0.2443016778977168,-1.0504794460097784,-0.07811277579228929,-0.8226676380441932,-0.20214820611372836,-0.5510521113204637,-0.13024491137010008,1.076769134879147,0.3825361331514578,-0.5964540057327321,-0.04648180133532942,-0.4783305978957967,0.5206898670004225
0.8655295711498626,0.2999906422020496,0.6389068565176409,0.2053604496678172,0.06052911981832136,0.35482319598977624,0.8163769589439658,-0.5857446267322505,-0.569504297529046,-0.6999353447204549,0.005307268755015828,-0.2958714583954452,0.24473646369841062,0.15577220162976776,0.7228863476162317,-0.1307965058457965,-0.02154120328006777,-0.29505804606648467,0.2254343779922153,-0.06667752894607445,-0.1385408859783696,-0.45221965566605266,0.1353738329764087,0.01606498417878917,-0.30707436378338715,0.38181388602972216,0.07080296187975596,0.2344971014835044,-0.19890070580143573,0.8905450944028581,0.2124883129744787,0.6069524315802521,-0.7422321365372015,0.5150083820400307,0.5462220443297224,-0.3640182786868009,-0.8422843010224252,-0.14784647520175528,0.7703643342747086,0.030169618073390962,0.5454871866493749,-0.67182175716391,0.24786042385568582,-0.4589746214264155,0.08793495025121126,0.12654708174559626,-0.0950513574580068,0.45263082457871995,0.6422083188049121,0.2587569475667084,0.34121545461354214,-0.1763342247842297,0.25676031811501104,-0.5954755307337237,0.44424096285940506,-0.4476414678996186,-0.470131543008906,-0.21703895263897943,-0.17974910421449702,0.8398853924395046,0.3994806693594239,-0.3950455316551386,-0.1518717448921666,-0.732190084349627,0.004794675750301215
0.4172240855839368,0.09692977588055648,-0.4778349064597067,0.22424027089067639,0.23790709381903583,0.3258745699391921,0.7250067644983916,-0.3552205803544568,-0.2892153183324242,-0.49875476795040663,0.042826455599208516,-0.05342256297308988,-0.8695108145398025,0.5982522842081756,0.9418319919348191,0.003924234471684565,-0.20361377176717932,-0.39314555594519124,0.22538469827404023,-0.19505709818977968,-0.006389540217789657,0.29803950512604027,-0.09124418338419464,0.01768023985593905,-0.0739278654641679,-0.3836536688423132,0.3485699896152697,0.2644127323042894,0.3695520753294128,1.2998972817107466,0.44319031833662603,0.2680524774268946,-0.4804403226962656,0.8232910220335428,0.19980048901974504,-0.17598480875371664,0.13746140246115876,-0.7532328199902298,0.5099588741688938,-0.8941389241915316,0.16385537181988807,-0.71474864732408,0.6729118723388688,-0.6991925558818947,0.3031468905796489,-0.05541807709762309,0.09359410240012045,0.5870146168432959,0.5884902801411778,0.4631158469526383,0.39772335682452237,-0.8986432453685419,0.6034643936152688,-0.5268777157037925,0.0672998032816452,-0.3854686043613319,-0.4008329395872483,-0.23196284067441328,-0.21901178354673193,1.0442638404714122,0.5951477451620342,-0.2603110299513325,0.3590962662034545,-0.8551433662412081,0.28154232842006843
0.4729898226120437,-0.0015793962645758025,-0.021574093601554586,0.20503781233063537,0.39834133776114256,0.0650105864977746,0.7252485034584979,-0.12939331034022397,-0.3106845626044684,-0.27028363981540976,0.1058553069035375,-0.14919849168515248,-0.14667650677705457,0.2532512474878416,1.006352596406133,-0.47027202868061835,-0.5928120555968883,-0.071176137479069,0.2212738781120182,-0.1075380231387546,-0.3936979653252809,-0.5390929404545726,0.8964146396181539,-0.4732532638746151,-0.12261621153003859,-0.195914142556109,0.3794327895996168,-0.05693393645420491,0.003909771383016597,0.42500682312576066,0.45589500869701927,0.3799418368080555,-0.2917278484380849,0.4332234682528286,0.09327326272904686,-0.12007478786345387,-0.05782209567964308,-0.49722084805778943,0.633625428004232,0.18164036115316157,0.0028466398607095364,-0.15224218009980292,0.48128755125439393,-0.37368615914093534,0.15159559516250137,-0.7064497807702621,-0.27622071022375444,0.5451968277317176,0.28663970889772733,0.4730174422869472,0.270395112263991,-0.7726382151720805,0.2394290387592712,-0.47809622943567115,0.4724738734226066,-0.4066316564978984,-0.5375011376140475,-0.11464074417911432,-0.0025444598982458932,1.101827461804623,0.5231611362220855,-0.9328899249239055,0.3928344652271407,-0.858263629333469,0.18309108531518534
0.7925015650334549,0.1486660928777669,0.08408248854136516,0.005649736930603846,0.13812960322177753,0.07771569955238448,0.8257323304052979,-0.13994983935174693,-0.3223155647491859,-0.5140355257655935,0.5343867677772651,-0.176566183340646,-0.12732826925501092,0.31059478567415044,0.6808614841647451,-0.21347902279180425,-0.6836983342850556,-0.13658032068924103,0.1822426473644247,-0.07470246497922398,-0.04559654671561819,-0.08807119932012444,0.21103074530775276,-0.07405560077012768,0.1251998457368714,0.48100439607854106,0.20232270074895903,0.13052314546018431,0.23700785670809757,0.9122413037042615,-0.03867551957938616,0.4509529343715805,-0.7044171630708751,0.47150752854844896,-0.09210756321783337,-0.012272884368471772,-0.19134545133961153,-0.4164467408399246,0.9538179924294435,-0.3673638707664221,-0.013534183795776866,-0.5630575869160923,0.0014470110494941915,-0.38450680457745684,-0.20752381970782427,-0.14886456433151404,0.18660723756508008,0.5482337180481264,0.4546316319493635,0.7235010068039948,0.4355402397601323,-0.595449089196437,0.5961262812471109,-0.3131862005473326,0.24648169031730255,-0.16533196442607084,-0.23613137385232907,-0.09647643799128494,0.3309472348065748,1.0209478289703966,0.5558679434453497,-0.5203743047215161,-0.021557396029615844,-1.0560773730962474,-0.020119360003914018
0.5666775661914338,0.30177152499080995,0.0018334775900580719,0.5954990460849107,-0.0538870358809244,0.755379333049435,0.7708343863547881,-0.12229261205447553,-0.21563240542193712,-0.48671689556189496,0.1388458153281441,0.22931461952236104,-0.29905576332490846,0.5317572025811709,0.5698122134323971,0.03270639499181617,-0.21143254449494464,-0.03551427400073359,0.06332244645621099,-0.15541766730893597,-0.08088390687557823,0.4459020556535833,-0.13944836093799184,-0.35476730354478764,-0.056395960452011756,0.15527067413120554,0.1812618879780945,0.1729322695953703,-0.20710322429297695,0.6970528074415373,0.20616706192079087,0.2873397256453274,-0.695562644144098,0.6806520588056041,0.21203682899159876,-0.4084481070759146,-0.3112810249785704,-0.6325136207610477,0.4477439856230819,-0.19004720538785302,0.2482765464085144,-0.3699102511624867,0.17629494739037815,-0.2943282203862354,-0.12595965507792584,-0.20183023746776424,-0.2538908692248073,0.418496960095359,0.19416303637166532,0.3223038576322832,0.06024049859160461,-0.4322150190954622,0.508290818779379,-0.16828849790576977,0.3701215233248382,-0.20264379480677314,-0.5438692129523807,-0.37859709017755727,-0.18374923261050086,0.9382127826857388,0.43639124465352364,-0.9791556466474793,0.09082905064018434,-0.7505675924782528,0.03630763372621108
0.46063356831430646,-0.04899676323548771,0.3435819672250633,-0.3272843696293715,0.2792227268424753,-0.13255615331374893,0.5985691928858267,0.10997635037400587,-0.1597210916701113,-0.4265093502843226,-0.12411908177994113,-0.22107147080061584,-0.6883297308385,0.5609156411722683,0.456221740729066,0.08307054474323367,-0.4169039276251511,0.00707387608535516,-0.006308723022438088,-0.18777926645036552,0.12878775522324357,-0.08526502548621367,-0.3390678143543019,-0.1815444794310558,0.26795727076914705,-0.29698121307702274,0.21491570512626723,0.11915034749465485,0.28536705817458763,0.6285552936672516,-0.34273617971013676,0.5559607499249116,-0.3149793518160827,0.3666643927878161,-0.18146090213678723,-0.296799572303791,-0.5064620159893055,-0.13448263151852619,0.41956452531888067,-0.5249851412470719,0.21809329824892582,-0.34324651933859046,0.37908343144839335,-0.2832530607085758,0.5413382991089056,-0.24905812490698614,0.049818287515818696,0.21713535261270203,0.48193209062294695,0.5133188155140379,0.21030991701790192,-1.0091300724861327,0.30613641508286354,-0.4398683163807301,0.1590608591523264,-0.48076794567649017,-0.45357648612540874,-0.5205964018904714,0.5364953166040375,1.0729060678325342,-0.21541500052972645,-0.6225147804799566,0.30768316050436256,-0.5546590984287267,0.5042131507857642
0.45211981734928347,-0.2921622099431144,0.4206793504162322,-0.23088485329412928,-0.009528003148780675,0.5302569637731583,0.5797834956879238,-0.15732128549089663,-0.6197564346917357,-0.5839736049810884,0.10087846727548559,0.16562670445393968,-0.20997216518237047,0.6601173758337355,0.3817997370980269,-0.005702743810311051,-0.41286612478325524,-0.34533139153221687,0.3147122364087481,-0.6281317619189155,0.1758471640972746,-0.48637382854618,0.02411707412943924,-0.38804446488070077,-0.13444014859991749,0.1481369333251074,0.28067171852793626,-0.18047589921763854,0.2176617893223007,0.8785067977012195,0.21536912117367413,0.48205826504351906,-0.5569792504028604,0.720553786851353,0.6802345756250767,-0.3192234727157993,-0.8340328958095767,-0.2452534879065171,0.17420333670605706,0.21096441977174601,0.12935767129099485,-0.3798145646900471,0.053639698061801834,-0.5772381148355409,0.22636008120669512,-0.10900558125420859,-0.05237734315686423,0.52184465634493,0.0348294381195602,0.6700903964617608,0.38856356953968074,-0.48198269856496617,0.15226969831997086,-0.18121760316481844,0.14808474224048462,-0.5692290509775744,-0.2709953783831834,-0.19131107729217783,-0.17634262623442118,0.7221130654364999,0.16568556156436215,-1.139576873359114,0.3010741429417306,-0.9256644873092083,-0.265142922402285
1.1435701399654892,0.12105630586780475,-0.18654566733124361,0.05691872412244681,0.07025505275396703,-0.11970726453449518,0.851838025538953,-0.23136749495536174,-0.23449177628432671,-0.37190619753167076,0.003692405039899392,0.15924894251208344,-0.1526275974843882,0.42546478419431916,0.6646880139443172,0.3638574656727683,-0.2803400522972179,-0.2046403158310371,0.14570943020268876,-0.0954805807795513,-0.279713606528658,0.8560384854008446,0.22739269386721192,-0.5219142672067035,-0.0674696461731821,0.17689890173526462,0.026475251738246927,0.3564971049142455,-0.008907317220562615,0.9683222723766494,0.065156677071712,0.7691954262753803,-0.5672446925951048,0.5122546940019582,-0.502283453857806,0.002003784628550803,-0.3761958874177576,-0.6063528357374863,-0.03144291407659967,-0.49468262905698585,-0.09755401233286895,0.01273596791895186,0.39924106723407266,-0.8986090374161174,0.026561388013627674,-0.7669234524918653,-0.34797884840217996,0.26707464536727643,0.410721011993321,0.49705373918627005,-0.17140262101872428,-0.09101476000300678,0.26142698853037033,-0.6947682160925911,0.20303660639297297,-0.3424394448422971,-0.981145470282186,-0.5100433638504601,-0.2746893786369217,0.9226108002798779,0.687650134646298,-0.4526139506074765,0.10712776284069425,-0.8092022290169223,-0.30827842511269493
0.6493221082271994,-0.2584201143467883,0.4646042945052091,0.2538901098353386,0.18629916571034866,0.3271271801335167,0.5684591539892168,-0.22121669081558398,-0.740828819024634,-0.7837732787968178,0.004553129268947936,-0.03193000739639408,-0.36734984861469583,0.38170176287574425,0.3402666718963278,0.03169338570897061,-0.761727131944166,0.0038140503568756534,-0.3968331297275359,0.037888746881165086,-0.17972026510034717,-0.33666288962687746,0.06037373101774543,-0.551274181698395,0.16555394353001507,0.1003256439765576,0.3629771927572495,0.09260478832145387,-0.037217380578043475,0.10909354135716555,0.21840336970213264,0.5812419666730944,-0.23056117814085741,0.4539593717944349,-0.2618866339828094,-0.06437492620366647,-0.6708812354959428,-0.2834494213349055,0.6243702616111175,-0.6284630520226768,-0.2809652424237153,-0.5883076341531279,-0.2854041239206627,-0.30912871009654547,-0.033665796227658897,-0.7754545980052484,-0.0508732287095921,0.5821465540725148,0.3807913524287881,0.49766046211035087,0.5859894739907983,0.09617908602587308,0.023691108054111704,-0.6558455979735439,0.10905739372403739,-0.5645696126717316,-0.3931457545609118,-0.2724476528651206,0.2555349439464595,1.0993372720341774,-0.11572475017563055,-0.8281554014314985,0.3485432721459231,-1.0064234883947203,0.17571671997782545
0.0847940068011038,-0.14427682226234265,0.0024761012602957655,-0.4434944507461964,0.12874642406895778,0.3065098583873122,0.5933125872202983,-0.12441590781623028,0.1243811823804782,-0.10364632017662676,-0.04930096374807313,-0.011381007640478238,-0.5644505182003299,0.41489485018557576,0.5194954198007542,0.25309712851885025,-0.651366733805121,0.14813661429982583,0.26381616877143405,-0.18173321616950228,-0.7331411316193673,-0.5275862107268159,-0.20683418803621678,-0.3073298356755568,0.2561361984262268,0.17106183652538637,0.2033350277354683,0.46492348425227115,0.03628908917442586,0.2864497281954227,0.22205635775045782,0.32645190188692136,-0.6511302093147402,0.3184782002620276,0.20292304094728342,0.2860694289616873,-0.12875105497001993,-0.26098656789607483,0.5477229215927748,-0.14646082216012568,-0.0889387563817286,-0.31474199714461715,0.1248034424296367,-0.2543279423388633,0.4750395723643149,-0.5166951237315145,-0.04819970049233449,0.08481712018568814,0.4800705183845146,0.30296780592340494,0.09454190271639273,-0.33217498337254225,0.04574346964520734,-0.7332816448883449,0.26741926266290506,-0.36367504339453904,-0.3912228898040289,-0.6086714376054279,0.18636612805719865,1.04057050249705,0.02311338975693701,-0.7239416981986347,-0.05303626484107063,-0.6043924333505225,0.1624140186065453
0.9035094521492467,-0.4281098031563738,0.33935692785384935,-0.24963482607175716,0.22138951585104824,-0.0008082418292443619,0.7111343195234955,0.10630144877545056,-0.699576966007176,-0.45921787082963395,0.541488025449923,-0.10986044644103826,-0.3659660369261262,0.21133910086213137,0.11534186216220163,0.2988846642858165,-0.5554751496836178,-0.28758907132475037,-0.19950586947012033,-0.14158701714059907,-0.4619249071752796,-0.44151115890670867,0.4054390557149946,-0.39753076398644616,0.0861215821309319,0.8111684292152763,-0.02428467264646942,0.5223135337552504,0.10562047804044496,0.14441823002044174,0.007486545463360972,0.6108002033377671,-0.1301232675509677,0.3098724690167769,-1.0325354904748703,-0.02134009065995182,-0.3161503941637078,-0.3466189548293236,0.49096714985307827,-0.47273653296854606,-0.12209156054606105,-0.050892147769712376,0.19569279687454932,-0.09179236769206109,0.6958906577404377,-0.7179867854126214,-0.15822444916485795,0.5891619438024253,0.2936212532449669,0.16614446362832758,0.5804689585792073,-0.27012576738668925,0.5362714161030973,-0.5286841473628371,0.016088831658017708,-0.11068074686771229,-0.5694531930006757,-0.5102319100708317,0.24043852007467487,0.6950336101203506,0.4694012560781393,-0.47013361162513484,0.05519945552953548,-1.073031795691951,0.20644943288297332
0.12663831072367773,0.1300410632912851,0.293599041722484,0.10542120050502227,-0.5648976376600475,0.7780897717208944,0.555053268246086,0.2422797162220629,-0.36186253476808955,-0.4268510905961279,-0.17474632183043748,-0.3186286793477645,-0.4047450775606586,0.2591471636705489,0.2952063887766315,-0.27254236325648973,-0.30684693923629835,0.07996996570097804,0.5032716624287064,-0.228877977652683,0.08818105164878406,-0.09394620387661184,-0.4083347461969292,-0.6477696101807284,-0.3785011046607718,0.020285908770014252,0.18434699898474463,0.4491131036486202,-0.019193673558245257,0.6727154821393709,0.2124587174960143,0.5098255093225169,-0.49489623166104674,0.33149324570616295,0.876376480783549,-0.18065996009755036,-0.7863479242006419,-0.36191822313448874,-0.10918656954586013,-0.48800612136742455,0.017294405772893803,-0.6380965271550196,0.3867957748083884,-0.34384810029125634,0.5934636320926144,-0.4388251215346146,-0.3112774028767216,-0.19334259221890132,0.6758346688458009,0.1680192432370588,0.15774157104217149,-0.8583172552244883,0.310154524404218,-0.6148899595524713,0.09785469209837415,0.0714285503905676,-0.24069860738839316,-0.2969148755833966,-0.42008330218335566,1.3033732435131005,0.15756359317816637,-0.6222165809938689,-0.12368036812963962,-0.7163366124069408,0.144693987932135
0.5945783467594731,0.041603354122275615,-0.42449780805218595,0.1640286372239154,0.22424141822347526,0.6553051703919953,0.8536256627356478,0.29884545602650336,-0.3489283723470007,-0.1585466527233272,0.3917407752266494,-0.06645651903913752,-0.650552847941295,0.07270685055029041,0.2896532641805116,0.15338870311167307,-0.5555766134523641,-0.20535164244476722,-0.2306180812952641,-0.21052057908082916,-0.0657016467425253,-0.13130843005636791,-0.32496715239792856,-0.6490113078164383,0.3217954293826023,-0.13724035412874475,0.10727487268488678,0.3466851666759882,0.3696419193842841,0.21817299901218734,0.1891287609955802,0.2311840929817602,-0.05742540306068475,0.4289261183500077,-0.5755667837674759,0.08961690267094344,-0.31319366761082873,-0.5635217010244501,0.06777687923348721,-0.9187229817847915,0.02580205694610816,-0.27469217770034926,0.24897539843857075,-0.7358890675477913,-0.20074392227390975,-0.5844602515955284,-0.11652754136112846,0.21785561171485648,0.3436109657560521,0.10211860924981647,0.1983375354175987,-0.18258841822093355,0.5201392621666288,-0.6605838123199792,0.16070465515898796,-0.24208298409217965,-0.3137542955079303,-0.390441142524884,0.15105363642690472,0.8468764356565556,0.45902739936737763,-0.870956388621362,-0.01995765617032927,-0.7478344527908523,0.13533438316481178
0.7699251324423736,-0.02992815660805945,0.6670979139962963,0.217099702449814,0.03903212208506258,0.12834198846664926,0.634593011515465,-0.13932253664381677,-0.5431203916982611,-0.724274209864199,0.2540252051741549,0.24888895389927895,-0.8392975150084937,0.6327050813615795,0.7918931349324925,-0.0006504506418117256,-0.2682499983724864,-0.3003447942694854,0.32029086371198473,-0.25880863682554495,0.005416458485527201,-0.022396858119315945,0.44771789905767906,-0.24840081514867246,-0.2531358632377338,0.35363113159030446,-0.008876715736816337,0.036016302595488256,0.5359446231455356,0.9215494494209906,0.12527456589958208,0.44632182275532906,-0.7311161412822116,0.8388705161390769,0.14436960886828135,-0.1539778030780813,-0.566814022144034,-0.7509980551857969,0.006458027903343447,-0.5306943852969127,0.15411415600870088,-0.2606706756517501,0.30231650539172283,-0.2588369947190613,0.2111913478993913,-0.5588616570902137,0.31231305086630035,0.64788464568757,0.7423950476132471,0.2515789224725367,0.20848334744344355,-0.5104693697151206,0.19274788073631594,-0.44934414585394605,0.340538304401698,-0.32145090508746765,-1.0159919338220578,-0.31156227087269406,0.19861803969300784,1.086680462965847,0.42826915605715815,-0.769513464399529,0.4270017454032688,-0.5382723605225246,-0.4637878410133298
0.5273709865275401,-0.13753954914227445,0.23292263561152035,-0.17607586319183066,0.17576987088054477,0.3841806143451624,0.6933452073083869,-0.09837800934512378,-0.9441616302239227,-0.5116497179797546,0.20965276363745236,-0.19935123613159292,-0.06547723814171649,-0.06803751226807546,0.5390728865601462,-0.023047176980669264,0.060471793164730954,0.002115371610172098,-0.350832014852841,0.3806227756635246,-0.2880499361330875,-0.2654779120655011,0.0918466210726705,-0.1430156692056771,0.37550008311646377,0.2737608874310549,0.6476460042924721,0.10812860896275853,0.013885692616172715,0.7807389289443667,0.18153711645722448,0.3303029106538439,-0.8514851895801554,0.5939898562033057,0.2220538517361395,-0.27138211532757056,-0.47485386466203316,-0.26762682661891873,0.19718459077614278,-0.6303847470868718,0.19151368208617692,0.2568894066973061,0.5210676281781819,-0.5552401055033033,0.43430890734681243,-0.7538657459122431,0.2167134206513849,0.4013065471893649,0.26397415175330574,0.27452226736176555,0.2969455539211082,-0.022269483759982805,0.25842998412045626,-0.3582910963368816,0.6854649471902333,-0.8421128159013966,-0.3625115048819121,-0.21614746776017318,-0.25337737814787353,0.9877370235205409,0.2872977252680616,-0.5299052059768625,0.04040536309501617,-0.8591389530482341,-0.09367492124334907
0.4805582621959051,-0.4089360081780293,0.6176634029698889,0.03365497283391746,0.016000860278620417,0.32075339367705497,0.6992790913494676,-0.09997070772991946,-0.3463497396154954,-0.29411466283029397,0.2923446368536311,0.07141538425492863,-0.5535373239778383,0.7688379284920867,0.849294631797261,-0.4098039012116508,-0.3188999460302709,0.1892259834506072,-0.006847972709422848,-0.0544952986993759,0.16040362784167306,0.761829298870026,-0.1341511294591288,-0.3637582487750495,0.06355443966939515,0.2500097201116803,0.18479275635772147,0.07183462772891049,-0.13055057652660085,0.9942187316490837,-0.11344318252824583,0.557592225872519,-0.7246864463816262,0.4820638071410392,0.41918728823233625,-0.318012660680567,-0.4639945419135407,-0.3978995157108029,0.3416397604589708,-0.6053050746296833,0.14158493241117406,-0.5885566039438523,0.6399466441668411,0.008467656064214246,0.32294730473618655,-0.49264415606352147,-0.2721089809857743,0.4728814850507403,0.7296464558952536,0.3623147240508678,-0.19206917800788004,-0.960737218507199,0.2105755834003908,-0.5450606981655081,-0.07918396579777924,0.34717128972139494,-0.506084020871541,-0.3505248961560181,-0.035769369826572334,0.8816871123136649,0.034246237120674886,-0.3006647942581526,0.3992855875220997,-0.8109530398356387,0.45980438170719196
0.6393969456036721,-0.04849047766306087,0.006135815915849066,0.008761448180585281,0.28974168267289546,-0.013812951570820131,0.8044057899011782,-0.00852592627804551,-0.1681251063665729,-0.4031617707047758,0.4069472258881023,0.08426402868182689,-0.4651820003263701,0.015775946689009224,0.24139009096967243,0.20052572798679613,-0.7001091864677541,0.26147724629521485,0.04977724225210648,0.1803612489170371,-0.5772452411093033,-0.46415598104139166,0.11048298815907782,-0.5235784932594076,0.24252788029233524,-0.10695706112661978,-0.04983849582360742,-0.25940115486760834,0.018517671501275063,0.3407439988812829,0.6022747079971443,0.6788740243074289,-0.41926164188255155,0.5205054803644821,0.4760790824007722,0.22683514770415084,-0.6258840033109886,0.23683135315933468,0.14119992800668674,-0.19837440489709027,0.07832654085187044,-0.4255625094015182,0.026664981260376454,-0.4944879209889721,0.14914099045323082,-0.40255587057146663,-0.24936693147889533,-0.28663840669400903,0.3303267335961753,0.614323781029416,-0.07577297064613417,-0.8773973553853948,0.18452345264235254,-0.7041479990457158,0.2957581715621568,0.1026997835442085,-0.7257120209853366,-0.7648742678280744,0.820090606467131,1.0217164573960305,0.39725291222006476,-0.8039255170521609,0.16603493956831872,-0.9528644509884989,0.09258517882013233
0.5677771628968443,-0.049181951622137926,0.007420135682413488,0.08331754667287111,0.3200078807234854,0.5224675177907067,0.7262339473733617,-0.38540319925407557,-0.6830799643668785,-0.32077950078086126,0.20934771567646365,-0.46188851791183483,0.060394753111040506,0.5986359541405986,0.4362758080511256,0.14959127779666104,-0.2663881434958257,0.41309521861662046,-0.08409699578779409,0.24653226719751592,-0.23219205496575113,-0.49967369830412367,0.24811929944968314,-0.22432089624795157,0.34213305181849846,0.06515831111612008,-0.010759027710740013,0.5279038280446765,-0.18673503558062476,0.6167830790168298,0.4051143128364169,0.7848978706896069,-0.3287039380493298,0.2640336262869605,0.23717430349352503,-0.4335078165445324,-0.5760422922567024,-0.049211573459019525,0.7206127040666827,-0.6119302493039336,0.005127064034201413,-0.2984971807137943,0.0592675947181505,-0.2647461620327226,0.39813989155729873,-0.37922061295576637,-0.109692142292592,-0.07447376891658329,0.524241672105134,0.42146436231445245,0.06791665520567278,-0.6313417757535962,0.5292591662704497,-0.5091499195154933,-0.12399044796696332,-0.29348409041188245,-0.3346052701291109,-0.27740358162683476,0.37646159202133805,1.3659031605495144,-0.26126208227005165,-0.6748677811780668,0.19367801365222148,-0.7908054658987146,0.45665980639514303
0.4014239146929366,0.03262708195119699,0.21125709820303637,0.1703406081008294,-0.05456470941271123,0.024745032233683323,0.5761370222839777,-0.02272176688960211,-0.47626633434743104,-0.4097160572936098,0.019091237886011247,0.09938524832706888,-0.2738825863810854,0.7531578209738296,0.585911640719231,0.054960602424044054,-0.3678804847864453,0.05031269131728022,-0.10710863061406035,-0.06552532560372569,0.15282290514343777,-0.9522767483969112,0.02735262445745984,-0.16107999215948504,-0.0803955826216513,0.07000478761072587,0.5780228957069431,0.3303540462040889,0.28617637913223865,0.6462363787264256,0.010506417348717621,0.510898983098677,-0.5872625584437101,0.36755146616443357,0.7694697906797345,0.02948799021401083,-0.8093713507938199,-0.35621102111656733,0.4470470102336238,-0.3129719495072523,-0.19505269179529477,0.04481095539462161,0.057431765476226776,-0.4483959293854912,0.3236459739802581,-0.23246855435893454,-0.1660189496177833,0.11126473215984417,0.6973731891710375,0.20943210823475228,0.07987313626525575,-0.9607184341840966,0.2956426416411566,-0.34138804402138867,0.22853997322053854,-0.5989052642234615,-0.23225734918276358,-0.7073997121501656,0.1470957465458483,0.9545705378834364,0.3809403432324249,-1.066412946678893,-0.3175504551983861,-0.7925341050313652,0.4113064998547241
1.0965424102173753,0.1297381146020258,0.6151045154777892,0.3621883177406367,0.10092283753132855,-0.17977207997626543,0.9582002181152209,0.08943848195050197,-0.6225165571798756,-0.35433349193334407,0.31521379077699585,-0.03875864855818799,-0.22363532384064277,0.4877061299074508,0.3147492036196303,-0.15381761740733474,-0.9068985209210222,0.20332248703928033,0.6201227242817011,-0.23628937956339308,-0.46414742848457,0.13244411008942464,-0.0040606369036440965,-0.6278355576938116,-0.015313979916674027,-0.03442676300368693,-0.0683298793998515,0.1764865957706977,-0.11108861341327954,0.9239716578420664,0.04916752847086017,0.4111043088679269,-0.4930521243454802,0.06850627051937193,-0.09850301552871672,-0.21628653647983892,-0.30091413535267314,-0.18032873353549286,0.27186437333275254,-0.3395693180716307,0.02885536131341228,-0.23230423069638695,0.07117009478119529,-0.2616393425539003,-0.10744080391511751,-0.29043375383488024,0.01961015450325014,0.46502114961520236,0.39713024087848314,0.6170972991070276,0.2713453752267084,-0.5361812612947867,0.2853883360098054,-0.6511357992126497,0.44619648773517284,-0.15269600962357777,-0.8599417653022287,-0.3992731678783846,0.09675917615742252,1.1995297041902921,0.17114615529837876,-0.7354255246466053,0.2287849540073729,-0.6077427864189691,0.235613072125371
0.20512968556160122,-0.3783489728045726,-0.221152955256677,-0.40167349600057245,-0.16464433764810418,-0.20349986952799454,0.6811219518969931,-0.33235994320638934,-0.6125698557713304,-0.09998101884816951,-0.1925477990097959,-0.3749510174490217,-0.2051381922960164,0.11282070913343997,0.254623255685806,-0.33025428706532284,-0.4323663512995567,0.2799476634046132,0.3704104832248966,0.25107094574971867,0.21646459617130245,-0.3502103203934801,-0.35641951731527516,-0.16821795299400027,-0.024572891843555877,-0.2336735036375346,0.3002705429100043,0.17186627579352545,0.004827149921864328,0.23346129949157535,0.4931625235389829,0.6765839912579574,-0.41157053258698384,0.32839099381233006,0.11224346867587638,0.16382762797557182,-0.5658576523049883,0.12149312685546354,0.7184965263873805,-0.07510070806359964,-0.1662526576662537,-0.15245029586706776,0.00742195307749198,0.08426922308902177,0.7282798858776134,-0.41336320552148365,-0.012186986549533797,-0.09293325385106499,0.8245114620546294,0.4036272860272229,0.5314107891550408,-0.4791776862533499,0.3513005966537029,-0.5398844681416929,0.3382622169711218,0.2296939166191939,0.0873227088776051,-0.5731921249239654,-0.24813977958681732,1.3473372426483314,0.14005437064656445,-0.9842382884233133,0.13100680175254054,-0.32788855127727046,0.014250634135999377
0.7500546697443694,0.039107887036935615,0.3616616012978738,-0.09455215571072828,0.4116020624996447,0.09951802832144979,0.8860693521761707,0.24655374593461682,-0.5181879230247517,-0.5386940195054363,-0.15110605782370978,-0.15635129104448692,-0.052282961473269496,0.2692182102965247,0.3764128692437537,0.017148605187459726,-0.5224743607069082,0.18717458361144113,0.24204487500336003,-0.008925664522568946,-0.7090221343084344,-0.11055004584707384,0.13957584389873526,0.025289390317596583,0.07838893053281797,-0.30474513994022057,0.27931411238992404,0.6600783629679244,-0.2622391128101116,0.8888741376439944,0.2638270034926274,0.8497705331347274,-0.5206196875845431,0.31572683283626113,0.3409892713183225,0.5378093545699771,0.03366889203989962,-0.13665378626080787,-0.23696317715062945,-0.5990564937320678,0.03830843686415267,0.17624919290159935,0.3781214712222891,-0.03764850835201566,0.5723742093084274,-0.18020211182786927,-0.11610183475710847,0.6183348290059998,0.26916213765868263,0.20541199926395262,0.2820291868284765,-0.5567888694040879,0.8097646162839988,-0.507312954668462,0.18376624066529057,-0.270752844672086,-0.24029244065999028,-0.3192280943295727,0.25583339812925343,1.0841218990823747,0.4055897735311551,-0.7252445962066191,0.0709593886343055,-1.0998817484756267,0.0868772121254288
0.8061429463529934,0.2851191299214702,0.6915955407186456,0.09937410690604565,-0.024300214658602003,-0.06602838978705607,0.6922587645756506,-0.28067209766163287,-0.48020560767500303,-0.5680261677415317,0.4496286235016735,-0.07697093742478224,-0.3928903862390694,0.3406505074925404,0.5502899147159535,-0.2714249689598718,-0.08698310438168963,-0.10629235297271968,-0.140242123159744,-0.14686867583550328,-0.20898578863688647,-0.2036614429293825,-0.3698148081894644,0.027294602572654543,0.2496448813500031,0.3234211743388522,-0.009444942512326776,0.10585251269984752,-0.2249118700861012,0.6723673589945904,0.5139903466073875,0.5995102868434563,-0.07849634169060835,0.5929618771835539,0.1278734692070095,-0.40599150821402397,0.38963580097743955,-0.2896100450063342,0.10961818489711474,0.09530899955487449,0.26095358662722884,-0.07411089191645394,0.21658408894940134,-0.21869152222794822,0.82387072168393,-0.24117397693897447,-0.5005600054483877,0.394812675223154,0.57475936374977,-0.0720621034994542,0.033051769990634444,-0.18737999506471187,0.46215052390573014,-0.4744131108585364,0.11158942550934933,-0.1949022877090244,-0.8017198721081628,-0.6463953594194826,-0.19741740804663394,1.0975328608457986,0.570566906008092,-0.28142712557152083,-0.14451576080597253,-0.905590313045562,0.3504470116784526
0.5438489173152706,0.2921671924584357,0.18519071452183464,-0.39947666160498396,-0.0015802614008933943,0.35328421051120285,0.8966081633517969,-0.49985343026284945,-0.5186067161196745,-0.3102953502981216,0.042867325995778305,-0.09223051044602214,-0.8291474310044682,0.4057169441810923,0.48011591830944833,-0.1825230043248957,-0.4149535204058007,0.22047360658317444,-0.05229056704346739,-0.48201640642304694,-0.12080839671934203,-0.5117092816427239,0.35124915064158596,-0.136457966360396,0.1427196013783223,0.4927828916440713,0.16862061391218952,0.16611223285496002,-0.2308484140905703,0.8820075645378497,0.3771329725242473,0.5216294905851179,-0.7988903084963547,0.755357332964462,0.5591971304483652,-0.435571431881386,-0.16303220749760114,-0.7168192928709154,0.31043545267046707,-0.14601815491962417,0.2602008967345334,-0.19482462420600735,0.26334240428697103,-0.3473029578863807,0.5665113245458626,-0.555182757445797,-0.33041459710567284,0.17227644609254972,0.8554861202270384,0.376541484307626,0.3096687044625108,-0.5866188682099673,0.2504021703556715,-0.49798420902903057,0.12271647230365298,-0.47526042952079584,-0.5263579745681697,-0.6158591838095819,0.1606697592392035,1.2233699640366398,0.27995029218368406,-0.851246443468092,0.11244430997791877,-0.8776563653483983,0.26801388026407535
0.9280571222467949,-0.17768326841483642,-0.2662107357120681,0.2974046175094505,0.08643025853142658,0.3962478441178305,1.0430268962284042,-0.14616332178602348,-0.5398705419745662,-0.8381788121396265,0.20441957735104835,0.04775881222024041,-0.2541911634927681,0.6479717881985333,0.2796754786761099,-0.005739638570863029,-0.13328516591939926,-0.17486392109213872,0.2124626872236624,-0.326895106824052,0.3127311373669615,-0.2099667325364627,0.2537308056550841,0.3224910603443487,0.1495175626411608,0.28790182135835746,0.18222169448434378,0.028182555501296492,-0.0954197170901643,0.4984292200369381,0.35656361988813545,0.5693340675209098,-0.8403040461806033,0.712923561383733,-0.14018350393836898,-0.3883797993818709,-0.20469048042161775,-0.3961839617355074,0.5330987012906002,-0.1548449510349873,0.16200667694942716,-0.11827141162221254,0.07715647387512689,-0.4585860494970206,0.2402993087973022,-0.4981794998896284,-0.18834027615469823,-0.10126776414716024,0.19016098768551826,0.4874064715906026,0.09423075780066945,-0.5388076930253136,0.5973678428922691,-0.5597268870554355,-0.07733752074708175,-0.020664466614140748,-0.3379416589301857,-0.13636079057605247,0.5993536618392944,1.0614998566723275,0.211774340915776,-0.8166185443805247,0.41822153996889044,-0.6730435917942619,0.020373049829412987
1.0166464932204533,0.29964911633586394,-0.05711733317587764,0.704425554980417,0.322235313896272,-0.1347431351193012,0.9734413905104847,-0.1704866005948347,-0.1786204350882537,-0.4929051645711984,0.2863046759025976,-0.2648714410997189,-0.341345677868912,0.19685919302861013,-0.03498778676637834,0.6910855102227478,-0.17027207874318173,0.07634677509079847,-0.10529276162679255,0.25440047828954543,-0.2764275791447065,-0.1888915665243255,-0.10941722707000186,-0.13828523165154732,0.282729092203852,0.13961026136860255,-0.0027763940390312936,0.3392250420629522,-0.22306375487966837,0.27961467340937035,0.5126943800675167,0.3815562907295148,-0.39794522252471315,0.9653446379318422,0.3427373754675178,-0.040286606385697206,-0.3655424590061552,-0.3430701308228085,0.09597448440764544,-0.17321922128923908,-0.20512160270487004,-0.02800380674867018,-0.03784619366135305,-0.3412722425207938,0.0266138061133447,-0.7020565019199208,-0.2615121620982723,0.2716465450897996,0.4415459658974677,0.1638769943492925,-0.14400487150474156,-0.6226948873458618,0.5741128109691815,-0.7317364345964035,0.0741953585355383,-0.16775550472917908,-0.5508180678234134,-0.35085354632126514,-0.39516479750507805,1.0866342549533363,0.5652005863755502,-0.7956863476193743,0.20330788977343714,-0.73745365912534,-0.6123487446835415
