March_3,March_4,March,May_5,May_14,April_3,May_10,May_12,June_2,November_5,March_5,July,November_3,January_4,March_6,May_4,October_3,January,May_8,May_13,October_4,December_4,November,May_7,April_5,July_2,July_3,May_6,May,November_2,July_5,June_4,January_3,August_3,July_9,December_2,September,December_3,February_3,November_4,July_6,June,February_2,July_8,October_2,May_15,April,March_2,May_2,April_6,April_7,December,January_2,April_2,June_3,May_3,May_9,May_11,October,April_4,February,August_2,July_4,August,July_7
-0.5972345466159403,0.03428402065821991,0.8869489664911234,0.3121939975421666,-0.03798177440621329,0.5414410202390321,-0.37183937518328425,-0.10058917138575814,-0.6107334390551535,-0.344366368791229,-0.41620733999366244,-0.3388277816396618,-0.10322281015778335,0.5621241060371945,0.6189255099973404,-0.7804963179040421,0.6052616310429212,-0.3108167798830175,-0.42463926748849173,0.12331264872055155,-0.3851339418671118,0.46648522091962763,0.13588306716854026,-0.041002404303244915,-0.10286178401698944,0.5035351576784916,-0.6913760821764593,0.48424763834697493,0.10606169916198495,-1.1687742108618777,0.024108838368399256,0.15994384791431832,0.32564656997896524,-0.011248974415671714,-0.1305452424602267,0.2463227233106184,0.010722072533959313,0.10890677397519762,0.22555084932201197,-0.3554144015786846,0.16869313003049405,0.10439282528300195,0.014708828983025543,-0.005165910982051894,-0.2543073861418921,-0.8223931553719636,-0.24327586306225502,0.2193486361853414,0.42169590004743224,-0.47042983564147844,0.5987099989622058,-0.7974174109750093,0.501521358188579,0.18247846484899305,0.9358126097703657,0.41797420521921824,0.15393057275200744,-0.38923589688147053,0.22561079832897185,1.0454323129828742,-0.7424526085957752,-1.1611597154126474,0.06499525321697253,-0.7721472736831975,0.012128745013660715
-0.4586830335497704,0.424148721147138,0.5080306932750014,-0.04239187825430716,-0.3454916828347441,0.26830107270654263,0.03232840382410442,-0.267053012828021,-0.6107334390551535,-0.344366368791229,0.16397430535613405,-0.3388277816396618,-0.10322281015778335,0.36067728728781884,-0.1489454567353718,-0.204508614647197,0.6052616310429212,-0.30987979060232246,-0.1868138138443594,0.5756556787195738,-0.3851339418671118,0.46648522091962763,0.13588306716854026,0.1449420174825937,-0.11813568683720836,0.5035351576784916,-0.6913760821764593,0.28489696735113396,0.23868555889674237,-1.1687742108618777,0.024108838368399256,0.15994384791431832,0.8705897034598453,-0.011248974415671714,-0.1305452424602267,0.2463227233106184,0.010722072533959313,0.10890677397519762,0.6505303898569893,-0.3554144015786846,0.16869313003049405,0.10439282528300195,0.35913877917902953,-0.005165910982051894,-0.2543073861418921,-0.7227649328918876,-0.14717384296741007,0.36639490416419196,0.3136938019458331,-0.1887742704104526,0.5915371024477076,-0.7974174109750093,-0.07891912999107623,-0.07473490722592775,0.9358126097703657,0.3191579785208225,0.021206375822346524,-0.28958870561207906,0.22561079832897185,0.9567309551465258,-0.20342889851703744,-1.1611597154126474,0.06499525321697253,-0.7721472736831975,0.012128745013660715
-0.700613328997256,0.05725581347970622,0.9164580429229781,0.42642768986599894,-0.8243417886887147,0.20476996730562266,-0.3284559119756161,-0.4569576347710964,-0.9334501962629943,-0.15761878559848347,0.726040751540757,-0.7381232188894727,-0.10092197380676889,0.49950317835943303,0.5010543070310319,-0.6408251329748949,0.058695080571847365,-0.4021495805802626,-0.06107496242148844,0.032335307903205296,-0.17405368465547733,0.428717367261083,-0.18553810934285286,-0.3534081513180851,-0.3556023306417796,0.0990610775644893,-0.29911123710812587,0.18844386603034505,-0.3916891912201572,-1.0418919089438412,-0.2221312645377758,0.2344954728193238,0.27793351610025635,0.03920328881588765,0.050552884474036955,0.26686428651562144,0.1826850245463915,-0.46206452982788604,0.3865441971097825,-0.11260878912535505,0.1274199938640081,0.30287653155486693,0.005633341816989726,-0.1755307274740115,-0.5113303070396366,-1.082733266410785,0.07158628811682319,0.16644581384023222,0.19878630406342934,-0.4187499079588007,0.3772387862000645,-0.38808988093490004,0.34958604347985256,0.19818986085098197,0.9959648926845985,0.2209635376267796,-0.06138021065234078,-0.18617141071019633,-0.006720568415059327,0.613478794311457,-0.43896253818159875,-0.8941864365058217,0.29441951648744236,-0.6962380208571198,-0.21703539216734835
0.12604076292283783,-0.18411898023390297,0.5629336222599807,-0.0704415076710608,-0.40679940371657863,0.05360638585270307,-0.01667691687640324,0.015841700484862886,-0.7443013554621118,-0.2627774475837341,-0.524008818150712,-0.7746462316549709,0.057799942073973626,0.28847892200527175,-0.05336223758956931,-0.6313695150748605,0.19331173370249133,-0.447615587121094,-0.30248586061876925,0.33086595161005844,0.022873089225548017,0.21078423783000227,0.17994221100288396,-0.17844011618125802,-0.1098957221430705,0.4205009204648539,-0.6110513681738863,0.3512152575337233,0.479806886499154,-0.870945716187774,-0.09766012107503833,0.35357998820053277,0.3773326846672737,0.1584019013179891,0.183622297761352,0.3040983660536503,0.3112074552340084,0.2727734072931965,0.5344581653324864,-0.3026639577405624,-0.14679659477098317,0.6621072116491429,0.36289826742855025,-0.2745126802857979,-0.39758887193128906,-1.042329633972027,-0.09931085834152342,-0.07542775619520042,0.818430704274702,-0.8297761617352544,0.2953341415691624,-0.7684434802750928,0.1255729933214731,0.14242542029875754,0.9825799242273467,0.408462007894968,0.3491757841014644,-0.613376871908496,0.12852960868850843,0.8343712011223245,-0.4060744196578212,-1.0187766929328106,-0.15265981184580266,-0.5370689807611546,-0.32980835427463745
-0.36073678221387706,-0.09317015660891556,0.7516122532301875,0.5214489705324352,-0.5155651639099856,0.5850367000590806,-0.19645372956878476,-0.5055653486286367,-0.577754270789805,-0.6097388403727756,-0.21614803836399593,-0.5755825578041401,0.2351794587918149,0.5486877899035563,0.3081994876150786,-1.0125678172884414,0.07181563744440357,-0.40596156116662907,-0.36868993695140057,0.41193314388958036,-0.6198794260815675,0.40109958990317557,-0.3065041606081351,-0.21768930729608432,0.23842494734698386,0.25388685450734433,-0.6274707795933552,0.30999992992882386,0.3316313235026131,-0.9993888241269705,-0.31247908715162326,-0.37126916238535856,0.8602895385340715,-0.2509563024306132,0.15677481934598603,0.16999341465330026,0.14421733506747048,-0.02672858027661322,0.28600152565623066,-0.550383178402584,0.3136632711850549,0.20840507839729044,0.35166819489778955,0.21860937725390356,-0.7402004534634097,-0.766974760647202,-0.4772440560550706,0.34095749775073064,0.48772596214702874,-0.08772231031450524,0.2466509628816549,-0.3244022646854422,-0.2575332646896772,0.388075530871579,1.163183171657846,0.46113044752195004,0.01772178033752203,-0.5168776486571351,0.0246156205053603,0.3880232903744803,-0.02319316830581275,-0.24307707306522616,0.3840855814758543,-0.6353063513755081,-0.03819076822932476
-0.7543492611419289,0.2936781428429611,0.7386388013428643,0.00020119976197592593,-0.2692466457569657,0.4831461955208639,-0.02927381707798353,-0.14481389391589627,-0.7348149352900671,-0.3370154730037802,0.2784565095048971,0.13661500099554955,-0.2517804782304795,0.07676597658396854,0.2105329133485601,-0.6041964136420346,0.022578520868794014,-0.290815413554357,-0.3134381414474138,0.3878582317432794,-0.47942100881476407,0.45294298872595146,0.038189292400306774,0.20682043566593425,-0.28604459818835665,0.44456672855252977,-0.6074082047244399,0.5761066353549803,0.003919940528753926,-0.8992547800905468,-0.6226484656701091,-0.42732008100009944,0.26127034594136955,-0.1729123434225963,0.3546319279174321,0.11532723480484147,0.2946994522581968,0.077736646332379,0.30574659230128465,-0.17376039283871547,-0.10175403615420013,0.36487022861752183,0.17594407910851861,0.14648662221368614,0.017997140302042428,-0.8343702813291517,-0.7713738486121755,0.18437443897101524,0.05928609142785991,-0.2760689582029427,0.4237752657415018,-0.5461260246609921,0.1490562283324251,0.2693736133740988,0.9559764429762417,-0.02654902453933814,-0.032834611306145525,-0.5427326232528372,-0.2939457670022923,0.7043109613830406,-0.5094490378549076,-0.6324679751975052,-0.008205282361591251,-0.6710228185787894,0.07282685714177863
-0.22432428028717935,0.4153146813645151,0.4592913745230878,-0.14319202712105564,-0.479351813041393,-0.01171688069451702,-0.12789009991896022,-0.3555404306108149,-0.15419999269595835,-0.10382238952817519,0.07224713765956371,-0.7898776507248576,0.35884013237873713,0.5530435157701741,0.08889285936899351,-0.2695691496955589,-0.629608757995883,-0.8327488142707276,-0.9971055264306634,0.3574422701299404,-0.11798125188400473,0.279960109110868,-0.32312999497491157,0.017037364544491475,-0.0736439111105247,0.45712793121344275,-0.5228303783725723,0.2971932538871592,0.2543967840050955,-0.9832792774823207,-0.09557037715421193,0.04371255160873318,0.008089748075542268,-0.21688867164256972,0.1891009366663215,0.11552943475233553,0.29689848166328153,-0.13330288570421414,0.6302250034742083,0.012185627714545094,0.5151697867800172,0.17475675671160132,0.6285844927272832,0.20036653179296723,-0.7386818085978102,-0.5522872147002257,0.158144053973806,0.5100817270034216,0.10180735313009243,-0.5301168352895989,0.04349896131680077,-1.1119104942594469,0.2743800095533474,-0.11196172688374115,0.8449170880225758,-0.003692450472699324,-0.3239241668686981,-0.3544282557689793,0.16316881223193827,1.2317983545392097,-0.5090515490350342,-0.5301351453165081,0.05113554056678697,-0.785549850906013,0.04917348649928165
-0.19544085084802487,0.15809629123913804,0.5425770377747638,-0.018071854181167288,-0.35534493413548524,0.3193292683007891,0.376983523668305,-0.19900734628504171,-0.4452189685414708,-0.1531957397761054,0.4195079853069899,0.12190433380259864,0.2956634512862737,0.49055067366161126,-0.07200736453214146,-0.8114470010039669,0.24345974978532303,-0.3992079626479142,-0.4590289473322606,0.18028875725973015,-0.3608768282625007,0.617257396198196,0.4251182605959697,0.049272019168154116,0.29217791927136183,0.5974715857677242,-0.9801014324790952,0.07541400792316569,0.4547988025698931,-0.9095990419512883,-0.50634052321839,-0.5161575182372456,0.6551257744209326,-0.3064995857155113,-0.5715390822383044,0.5341687155700663,0.0766256279618002,0.02718254912508211,0.26850652652582185,-0.19510354032776037,0.29189485258843695,-0.1154902812699235,0.14671585550250102,0.28370747127352597,-0.3362474040230685,-0.23314223274956422,0.05130648612009606,0.4786631572007807,0.13423337328541488,-0.10237851001368481,0.31270369375492313,-0.22011512193798882,0.21467083166589224,0.189026162885839,0.985829256069553,0.3329374881014787,-0.08106553260057414,-0.295944997424941,0.0982880699926706,0.7110987003136217,0.21149459065303267,-1.0646961985960235,0.6825038806152399,-0.40507429136122125,0.021067083869724126
-0.6519748291826513,-0.1104849636030354,0.739132659651673,0.01854427586865636,-0.6145440335304901,0.039460074419994336,0.28498170122897215,-0.08192369462206284,-0.08059760398151508,-0.5730007154580424,0.17170928113885,-0.5324153396773138,0.16497132851157487,0.5446285746332142,0.24648919448078002,-0.7427211083307778,0.29067394113584616,-0.27141635845292034,0.08016824186510284,0.2195942729270065,-0.28189876991265117,0.7336942707966916,0.5073367429793751,-0.003966775356237004,-0.0826699055631604,0.3015703518269106,-0.5667033796674761,0.666359417447338,-0.19216428262100374,-0.9491366215314991,-0.25487424625681787,0.1844837236150878,0.44824154031882707,0.006363544203235066,0.04779547230703726,0.890196379751344,-0.15288827004205552,0.2195578638267604,0.11949496903434295,-0.37126397824303603,0.48893363663584105,0.2911525642878504,0.036989943017709484,0.1254278113395906,-0.461695550762361,-0.7157043285672027,0.2985521234323217,-0.05040963310514181,0.43576546195985055,-0.6172016642287781,0.44930302393505306,-0.5645199144581108,0.22563748507685663,-0.00894315216129827,1.3347485733918083,0.12123569455390895,-0.22189281566996452,-0.10260503694429408,0.361796832454554,1.2245962653034503,-0.26055677418483814,-0.9242046620113976,0.5958804999345549,-0.626549651749904,0.34581340761315416
-0.5315794088818324,0.4011593276793886,0.707722418963177,0.1799373692690178,-0.475808412217312,0.3696653446016516,0.3395240021672573,-0.3825047481430335,-0.47979008094531367,-0.5467215616754724,0.18123223436388328,-0.4188131832234647,-0.3597931628951288,0.12232014679588091,0.19608195424870833,-0.16966875374686358,-0.22663943546997856,-0.9170347492374764,-0.566292737646464,0.5695456721296656,0.07800426058545655,0.1328791329786277,0.3242300605099401,0.19701768471960282,0.40849912257783,0.3032517131160383,-0.470430246691568,0.6863034596542607,-0.1337852666558401,-0.9774014891211907,-0.2825346608568102,-0.27278882025641293,0.6219765885240345,0.2079652037285762,-0.11430761987955264,0.4006529358446002,0.5087450984279065,-0.02887055571266016,0.6677010905909456,-0.8261792943148605,0.1918913709107839,0.7324025429078366,0.6102863424952774,0.17446442920629235,-0.5153637213351271,-0.9849843110267151,-0.803540365865973,0.09417256075262834,0.33169785830176646,0.4176302954782928,0.4329593251815403,-0.4124172476663396,0.1710339457402841,0.265230002884035,0.7856418995472342,0.4900418869026075,-0.01524482070360713,-0.29420122782338154,0.07717940773705975,0.389242883056305,-0.34062148954953186,-1.1908811919661453,0.5309428782202996,-0.19881113769013012,-0.007499715365932358
-0.6661386854856199,0.23003013390743562,0.7513485302880576,-0.22107922042119715,-0.6275312004319006,-0.19910364397514177,-0.33322121931933313,-0.5127046191799467,-0.5321542212458497,-0.017433459213751078,-0.15365345545056092,-0.34880322238828515,-0.2613637359304873,0.5740242421050799,-0.35058030379514116,-0.5938683411912936,0.24991898842846136,-0.2439938730297559,-0.33840022295239114,0.13380795016995675,-0.39527333269426884,0.9774465300034418,0.5529845508378749,0.2019307730849922,0.034194000627335644,0.3929356218007967,-0.6981315026394475,0.20236992127897757,-0.01653260885207742,-0.9605700408891025,-0.14560432876149487,0.4906387403128734,0.651269095051544,0.05485148960247273,-0.10491506174913674,0.4389074948413379,0.25953262040052066,-0.35770957389813696,0.6270817792195312,-0.6482407238485245,0.44439929345693735,0.4837432076214283,0.12167188247927518,0.21107310293847936,-0.3681179853552831,-0.7839325823891194,-0.5406030905579011,0.03266008750988964,0.35064934698536937,0.3625532466576515,0.29870534110605496,-0.21103782218737643,0.30898697803260045,0.39544794422951957,1.3688220376709437,0.21756524853956838,-0.10673534438084492,-0.15561819549430791,-0.19924044048477482,0.3424194539669802,-0.6035109366977194,-0.5891730560468948,0.4381506222312136,-0.3906640348064388,-0.06465035988581956
-0.30602014809488126,-0.09307710437672816,0.6078468594710695,0.02264602090218564,-0.5791553735520659,0.5398761260984521,0.15993051025370697,-0.47559568922614764,-0.6061206532383218,-0.23674596648664822,-0.1944783160889061,-0.22269223509853503,0.012072900433082671,0.30065678963431275,0.3091330917436801,-0.7752455273219722,0.7957122317161945,-0.03311366537513193,-0.4381097738850005,0.07145539363848251,-0.35365808026824835,0.47721228940266147,0.35458587766262734,0.15916275520006784,0.20267821177096335,0.7290375700051736,-0.6761841828390432,0.2123011567345061,0.20363784203834923,-1.1093059915618961,-0.5811235593779287,-0.36844184926368756,0.8360087321662996,-0.02630202392887715,0.3165393294678155,0.44926495939394023,0.27195143884957546,-0.5905774569593858,0.12195275557671428,0.6848626777323777,-0.020659936007586067,0.08170103982048513,0.634544264859737,-0.41812615253381546,-0.6219826922785936,-0.6963834557460912,0.02857063429278414,0.06721944920905493,0.15829806046489944,-0.3989408257378925,0.3594323467604814,-0.5907894153846378,0.17086979195823404,0.0547879455532253,1.2854055847192385,0.4121940097850296,0.11450758653217132,-0.3259695357220624,0.11142464583065809,0.6385067119616633,0.3884583799140959,-0.9779433811683638,0.07526472168561704,-1.1106229486907777,-0.08375410838279548
-0.02776933634845912,0.399142845007024,0.3669524043456077,0.4010217373613223,-0.5734154549651675,0.15951620266086403,-0.3383061955983511,-0.19884351397297578,-0.3668224056576497,-0.2132074633564378,-0.06601415382126458,0.19054984604735803,-0.20757464305681175,0.5844246339898056,-0.18122814255386638,-0.4452146904601854,-0.2652732514977571,-0.6310819878109432,-0.42549385323911587,0.21785915553435609,-0.5941821384977686,0.49484665873963357,0.35473707218558354,0.05665389767615943,-0.19938776845828368,0.14153604383424248,-0.7661529776542085,0.5597997615824585,-0.08502229799068793,-0.98311598497589,-0.30303321971757957,0.34284429868814137,0.7013445363652107,0.07891718566983796,-0.15787005601374193,0.36540377604054514,0.6833287070783973,-0.42433182861087937,0.27016034619007273,-0.47121865059971635,0.23321579137093768,0.1666839129357361,0.74131319895007,0.1436443393011046,-0.8721287797897588,-0.5302245583711913,0.05424679939211492,0.39995147455324215,0.36823829414492343,-0.26215064560789203,0.355029039370802,-0.5554300710256667,0.1611745207731249,-0.2925011008898139,1.6881836137809505,0.027913788438321777,-0.1052500428736452,-0.28478803849801554,-0.17916326085517995,0.659109734379716,0.27522871206659,-0.5220105404258255,0.8492022737850647,-0.811965449471679,0.29691822434125675
-0.06355570288669743,0.5323894686299496,0.5012650856903089,0.3779608496379005,-0.9569401949820484,-0.11693996979927192,-0.3226490060866628,-0.3720753213621881,-0.6449737644994935,-0.7329816213309388,0.11324913115293937,-0.40451569626994704,0.06015709393060284,0.3357985751143958,-0.043706582327190505,-0.2983676399173088,0.19207192946843216,-0.460397301652415,-0.20189888263135158,-0.056375480233805605,-0.27010526148837194,0.5477083614240604,-0.3652686289804667,-0.3640806838953699,0.14056938790845624,0.5889075249786051,-0.5025259757282836,0.27623030592792713,-0.36054682382773684,-0.9275712038046329,-0.08999597368294604,0.3480731929305064,0.9111643444454847,0.1491726292628664,-0.09468453376787608,0.344220092801748,0.29291052450531957,-0.2935310434436851,0.2368783565532219,-0.6606123398766326,0.47291250258405665,0.33565157028502624,0.7182866619441529,0.043193786252251495,-0.4229151435594418,-0.7711266485046566,0.2164344865194819,-0.07121223907464731,0.2693160363180349,-0.41086682895623894,-0.05318239612350955,-0.29162971364771445,-0.2191813994185797,0.23182097160083326,1.161018403347815,0.10995137327782278,-0.20692016222184934,-0.11886513905890911,-0.17541096534962639,0.3732293074656608,0.7662813249177814,-0.5847817777579907,0.4314103769333481,-0.3062267412943508,-0.3939813645767977
-0.6014545619986695,0.40506056179047234,0.6412621244384333,0.06448223253562392,-0.3948818141737709,0.8249185577689123,0.1917088003055431,-0.19482317072993569,-0.7626162619781894,-0.18916223683300254,0.1614001244734194,-0.02126747012151907,0.1570146012499109,0.7088560784413696,0.258174990789642,-0.38489156625023435,0.06190163494317813,-0.32751670528977395,-0.58883415652032,0.5050240495444187,-0.6535052959990335,0.32671326909714593,0.4726045379129048,0.24145711680950643,0.1471705284000853,0.80824552109726,-1.0072277623038508,0.4352219511882124,0.03264851858287592,-0.4768665779453782,-0.061883729278059796,0.4792236382073162,0.4363970388207303,-0.0789235809095961,0.014959848813693749,0.4802456887731804,-0.02210525616692432,0.08639830465595343,0.4918082299120993,-0.5750459192247337,0.04196893695792191,-0.15939477251376105,0.5340441035200874,0.23899029401955305,-0.17784671905398272,-0.7267723390957539,-0.21468832679416172,0.014288129580141973,0.4478326872607262,-0.11030002641782108,0.14818339187311863,0.07538346502010587,0.03908554487082795,0.16832123936834562,1.1937276357620294,0.5446268949246088,0.47722311461678735,-0.17924660552363836,-0.4383343347143342,0.7123533827126951,-0.7448339944660873,-0.658942455868428,0.5725213283616927,-0.38120889922120704,-0.08095764140332345
-0.24632341838989852,0.24599529936146644,0.8450080110005245,0.2949812089478319,-0.5114589858267931,0.0757045956475712,-0.19316282844418997,-0.18498476569132508,0.2524400564467536,-0.5694897268228563,0.04362795285437422,-0.6540912376941231,0.4620395220696099,0.5491782997207857,-0.12558732429093303,-0.14441872557310775,-0.3977752494668375,-0.8383037794642402,0.10340837592784771,0.3881299976120758,-0.09109636039711903,0.12213571491358384,-0.2795712318003398,-0.13425338104284004,-0.08883347751644217,0.7113429732777458,-0.47830655126760674,0.6231694979694,0.11369198600254722,-1.107136342013722,0.1552947594271727,-0.01956598953002002,0.751795912849263,0.1884630879725035,0.13135739932688187,-0.03925390433453796,-0.04643833032689888,-0.17402221121811212,0.25082521633798704,0.058710583670102595,0.2697754587239714,0.4807911968758719,0.37521885814156986,0.10977664309476334,-0.5818875797284631,-1.123108285313536,-0.022171271630823747,-0.1840741171777341,0.47995384211109343,-0.12217583469419166,0.6517265048972046,-0.6964891172820359,0.12207972499323509,0.10367759672567914,1.0085095346727724,0.45627878389516024,0.2674553778541982,-0.2765059556233421,0.016947872666451626,0.9982349288469425,0.024794860487906217,-0.6294864671475978,0.43010677188354124,-0.7185552296402604,-0.5947706829815617
-0.4607411892238101,0.6119209923844838,0.36662828303743233,0.006736728603485252,-0.525798920072323,-0.2063046788387068,-0.14117996467019628,-0.43197430799625713,-0.7305403038181055,-0.44377438800497115,0.6849388139769786,0.01691897451127869,0.11203085850889963,0.23803532481342218,-0.004933271559031907,-0.26298082938757394,0.31860543515227385,-0.45542271718846594,-0.33956533729665844,0.4505314035620484,-0.3210003060452894,0.6627328421199473,0.803866271180432,-0.560689117369864,-0.05326160191593449,0.23019695328193843,-0.783005085098039,0.6003259622503154,-0.08816743531124704,-0.3949796900142394,-0.18655043405618066,0.2414594415030121,0.5112900266975701,0.04337256173764018,-0.393018611275721,0.23497735948290777,0.41668070817800607,-0.22515139951325647,0.11544959009054698,-0.7514749051756101,0.028258715420793255,0.4360323358210927,0.4531617622166838,0.3299324148489878,-0.5729872996239039,-0.6114131183175385,-0.13524274740410908,-0.17557475054833316,0.24169512759103337,-0.18040726056741085,0.24223481840616262,-0.5122932558568953,0.1602986508228867,0.2228334675364384,1.1242820259383755,0.23611309161383914,-0.3057180466641824,-0.20445978439805645,-0.17876070960836615,0.5742452272687509,0.1203628400006388,-0.923186674306683,0.7635532910524596,-0.798477706667308,-0.3850119603201702
-0.3551949496105869,0.41330353692384936,0.6387499396398797,0.17235367499135398,-0.46746069299416376,-0.029763424100041472,-0.4523417862079731,-0.9118683527050706,-0.32917103469594694,-0.9740857246983683,-0.4806762545126635,-0.24630480445086855,-0.10493532575635117,0.6494603561616193,-0.19138605641199574,-0.32213056348975005,-0.2603965948823663,-0.3054797344094833,-0.30074826805683175,0.20311622286067144,0.2125195101097488,0.46862633535906184,-0.1905468477295748,-0.10885609162596636,0.23451081783020386,0.45080980210935034,-0.4428404723797592,0.30479513893151716,0.25926368763876323,-0.6684178011350943,-0.2096434234257333,-0.06993005768554225,0.7097513407214825,-0.37162860342924253,-0.27186678849384904,0.3179270173579525,0.46316579263017826,0.04572651084378142,0.44792693328661676,-0.3579268312160686,0.018587159184742637,0.0928068510958716,0.4530670073995459,-0.00023766957825099855,-0.6266830619428446,-0.7509755463139868,-0.36996017433040707,-0.014153616689981077,0.44403842203649124,-0.33232844022774016,0.5298443977498937,-0.2163613849017056,0.1932138741629096,-0.01219045523177155,1.3046009578496602,0.33321932673970506,-0.19034952030157204,-0.16400974456715284,-0.19979883020940284,0.742691528998709,-0.3654860578489258,-0.854466636668943,0.548949348939661,-0.6636359017021674,-0.31271210736348787
-0.7725785671451522,0.5402433683930565,0.9895916027916165,0.040846482015995306,-0.40842362361982004,0.13597639421597885,0.14637294346760565,-0.20041577297626187,-0.2261228781486213,-0.56066303243744,0.45735596851330307,-0.2493384241327884,0.23292246024914687,0.26370338173219793,0.1687373114178053,-0.10370374404027413,0.8963090218336487,-0.25987873951851537,-0.4209746024468611,0.28757031280374734,-0.4936492248536127,0.5935710215146857,0.2863589091597599,-0.17148986993060433,0.36299590348775534,0.7154524520553825,-0.6651863447661113,0.49585613393112143,-0.023906197112703295,-0.9318336622817447,-0.07434268667446503,-0.06982361931968915,0.48241421354157543,-0.33306382555715963,-0.047342483533236515,0.32294076669456184,0.46445852399470733,-0.09627962316586726,0.442543574238671,-0.4023568646800719,0.13536585601250875,0.4389837878885456,0.7432870293552244,0.2328690151990338,-0.1619331888730895,-0.7345414854664195,-0.20533734438652235,0.016830794275114844,0.1360950105784027,0.11934213860646756,0.5794844378490841,-0.2859801086966492,0.2418754878736178,0.235323979677312,1.300668640224035,0.633357714684455,0.44548911975036,-0.18469117618284864,0.1240406531927514,0.14616580879217977,0.09909689393792268,-0.6669198886916021,0.4579011768227791,-0.6803750870125619,-0.0690934769548296
-0.5004832177875929,0.37207414564765434,0.749540572766314,-0.028214549572707713,-0.36452046546704414,0.236743372749598,-0.5148406341064709,-0.2851682279637049,-0.4418534572616256,-0.2315835178048248,-0.014991918800679134,-0.5124885747941964,-0.26286242074225563,0.6063843927420448,0.05612572788078071,-0.286350724547857,0.5276455184281522,0.2169640403248463,-0.026758792929220024,-0.05442110729231514,-0.3608330918570526,0.3521322450910161,0.03159357464769577,0.31436033267497876,-0.022934220204304114,0.8151913908159333,-0.3031179381529743,0.1282605477922158,0.28016674430281163,-1.1130643205061357,-0.028384723694293165,-0.501562073832204,0.17461324426094543,-0.44123861344966586,-0.10376632038887922,0.8896046216721084,0.5652275803831251,0.47476955800929044,0.3534112441659039,-0.6636528712374632,0.3746835896111874,0.19149730083747094,0.5569349403627026,0.20333752167164681,-0.12124022368724463,-0.28135789584831067,-0.5374543269756228,0.4550501830930944,0.21629817932573492,-0.14938773158307425,0.36261102232434445,-0.4483564964623185,0.3072163326439009,0.4309460755805098,0.8424960430895103,0.025694386632574534,0.13550917043277116,0.23357387639559857,0.18923248594003286,0.25464070552343865,0.11174851051967198,-0.8322801308888981,0.355330978652261,-0.9098260536244721,-0.5464799380453269
-0.34987493497140904,0.2175656956945101,0.7979879454813583,0.37306103930686957,-0.5870497747103337,0.00797479191742051,-0.4142031525725473,-0.8175315190721161,-0.20048812686599254,-0.023441459194617875,-0.04088940948881979,-0.6927439926171438,0.2028956809130249,0.5505048707299244,0.07742379107907738,-0.6947597502194961,-0.3763230439931833,-0.11219182987686234,-0.1378400981605215,0.01155256571390572,-0.41597172288547407,0.7476183808845943,0.8054143558248313,-0.2795403164062425,0.12116490381771913,0.9719617499245496,-0.33729161149133774,0.459159636218398,-0.40153464409873746,-1.3392158073901343,0.15849267891096677,-0.17642958926199478,0.6546813076884891,0.17278437037158434,0.06467798394089397,0.026789289718897963,0.34081515870802503,-0.18559885103573803,0.20410034161051147,0.2147055803158439,0.24095293884029859,0.34499003552540314,0.2535329992323803,0.19714825450518642,-0.4757976869610764,-0.6768224759988045,0.23842260272653815,0.0057123190760345124,0.26553135066681877,-0.03913970475976543,-0.13617875757801295,-0.661013172611564,-0.06561698676107755,0.19148205604879914,1.1172090081767667,0.09271756098230317,-0.19853659062041762,0.11454287577447841,-0.09702152942000204,0.512979093524949,-0.4660301918646685,-0.7801564536344325,0.3321594750180986,-0.18700160342708316,-0.05159156809542191
-0.7625307536122302,0.2534180767023921,0.9504153637393388,0.46275481614537106,-0.44684152015246037,0.202640665233112,-0.1790373666787352,-0.23382518897819357,-0.28645918442042784,0.17880077863715188,-0.08527216563970125,0.2581818225399272,0.11067806047513024,0.7227175386753845,0.6356652128576241,-0.03220174967654224,0.3467929133824515,-0.11850479859446733,-0.6417778839201774,0.34388320371291925,-0.07294373512231175,0.5972103069017801,0.1867552725792586,-0.1763822871405153,0.20163628030168446,0.718654260227731,-0.7678507355687416,0.37205978672266704,-0.09168291992329997,-0.8400212809284473,-0.07209668585725205,0.001931587563580986,0.1071497233810883,-0.39172563390431664,-0.45140284331464614,-0.12665988395474254,0.2136564245602046,-0.18777670908449187,0.44723433240271454,-0.12739250973706145,-0.02717829274846422,0.04149804314611972,-0.05226696587085617,0.14926969355180636,-0.7018032114813328,-0.6545646046927979,0.01440196923154935,-0.009832322366073773,0.2631971513314455,0.22753665809602336,0.5530464591668667,-0.44648973643770085,-0.022681274836562557,0.4468758901918112,0.9390467216034888,-0.2657479808061247,0.04118010593529262,-0.07683774905673023,0.013336731179376511,0.749342709147089,-0.19472043016434987,-1.202857353839267,0.3613077528615972,-0.5108948853570698,-0.5615186862525897
-0.25013739824784087,-0.037835319713207576,0.9422414213120378,0.2887078918851387,-0.40558838154020593,0.06736223561823812,0.24473657385165304,-0.08746459828110535,-0.35272469542401763,-0.33175276369763795,0.4774712978902706,0.22405379407331752,-0.24267426743939013,0.764547713732852,0.4642475301568367,-0.519345895728315,0.0019460990636102904,-0.32836119268589026,-0.06332173334664007,0.11785506028075536,-0.356488779009764,0.7640431946958608,0.22891515749382252,-0.22589194452911096,0.3907358164540989,0.5505086789436998,-0.7043573617780469,0.19738834503752295,0.14195823114239037,-0.9938141238590735,-0.2982489095891021,0.06156597880972714,0.6522768029652395,0.06697237790039953,-0.20874962133848468,0.20657453910546444,0.49512249246252016,-0.12912769249970207,0.31989909304216496,0.27500065456463463,0.07493661611503007,0.1939433601223048,0.053526881464778645,0.18351320641679558,-0.6255103782101492,-0.15565186032273734,0.26677708974157427,0.5290727772481656,-0.07745045640356535,-0.19380227389404964,0.7962352800614478,-0.572526289617048,0.20665092191549067,0.1425321324243195,1.436080996853236,0.265571632934712,-0.07224990558140254,-0.09295048911958272,0.0891053569238729,0.8163109736702483,-0.214803872538125,-0.9608276452654277,0.2095421782887166,-0.3442007395915119,-0.032406503969937966
-0.5977081246361275,0.028387980128227894,0.6582063987204446,0.10078074038179664,-0.3183851213792168,0.2824423613322727,-0.049776713054096096,-0.38122667323819004,-0.6911615032779019,-0.23071221349899063,-0.4036618080865876,-0.28599045214610175,-0.20326939982132924,0.33800746440982926,0.24415815920228254,-0.43266026630707427,0.20929324611272285,-0.0692998582096498,-0.03954406423729602,0.09354614153869299,-0.1610702255050271,0.5047746248984009,0.3766261681016574,-0.06758476907798383,0.2397486514355311,0.5799610176611566,-0.5685386658125419,0.4050269599726003,-0.0456966825232246,-0.9424738951151984,0.04235613679816236,0.41230114456307043,0.10906148493240385,0.0690571040053228,-0.30668731656454784,0.685966454313314,0.5557469812161266,0.21420006992155166,0.5749594890411301,-0.47880145204548596,0.2860126901601972,0.18928903853204004,0.5218653966136595,0.05329202706214431,-0.33940893113649384,-0.6010952191844613,0.007031303975864184,0.1330836369743938,0.41952143799562225,0.1179807990086997,0.2937564649990208,-0.7016948240077658,0.3591995879153036,0.12380868922910791,1.0348412474191577,0.3772235895454226,-0.009882030267527202,-0.406461837705847,0.17286276523930938,0.9224506423909278,0.05074401552604716,-0.5851675179510982,0.6450002591679451,-1.1121970366503848,0.05022638461085119
-0.7585699591533519,0.13388611060157787,0.8843126428165096,0.04178466893273061,-0.38217906682863273,0.4805860950056785,-0.12673674334287455,-0.08283642724817544,-0.6450831152951475,0.09906495009190339,0.6635761912705423,0.2882806625243424,-0.05800195241179834,0.6164218233773499,0.4677197214509954,-0.7373269732209107,-0.5915227367653202,-0.42528488499527517,-0.2895725782298562,0.12293395506730348,0.16197455992940185,0.9332274956515217,0.118861721019933,-0.08968939069861585,0.2835117160911431,0.7701000858390803,-0.5870736187554655,0.19196716768744782,-0.045492132750790816,-0.8836986553993477,-0.4626098006438895,-0.06315652121141033,0.47796413662355597,-0.32056802146667823,-0.35402356751671077,0.4066127173492323,0.4410452041316615,0.03655992976833795,0.7730608042580126,-0.49160167124056414,0.10969399901261459,0.16808807485883243,0.027536014944822718,0.02134863826760342,-0.6218026514554652,-0.3079732869145677,-0.20395683855738572,-0.10339269729822775,-0.08978386558635415,0.722663219363498,0.8760937510178736,-0.8162947247047175,0.11846516851761449,0.5864651366139868,1.2892072560227645,0.16604955309130817,-0.1258730770304406,-0.31841904802172083,-0.18167793278739922,0.34245112989363274,-0.8176635911185494,-0.5561360008091825,0.5071634609636158,-0.8556203518664071,0.028030611097698374
-0.3355118187118403,0.004239841303152407,0.7220391095856844,0.3477326148189464,-0.1493871013063288,0.16290984588734683,0.13476836169759435,-0.3958795637306213,-0.570166748328965,-0.028154506825943518,-0.0780701967735386,-0.786464360681933,0.0805360739445781,1.0909126565686593,0.35123166041584697,-0.37013199119275103,0.33911661714145797,-0.4339303435253708,-0.3022578839346902,0.20185807399178737,-0.04805565844193745,0.4899747939208469,0.3653166623639713,-0.3412969880914781,0.2050090974169436,1.2618963259975846,-0.6248100249639706,0.4353594475616641,-0.033079465652056245,-1.0284157179466145,0.021328252801739056,0.7976376803854868,0.059230980762349436,-0.3085925573712662,-0.38687976401846513,0.3268902742073433,0.5220972066657947,0.07881309067179179,0.4905106828868745,-0.14607005613331364,0.1865314128982871,0.4340470973320382,-0.0046941168151028445,0.10269789826720617,-0.5183880496023595,-0.601241012094251,0.19264375336995793,-0.040504494283993005,-0.05542938955178305,-0.11890277963769584,-0.01549787531322469,-0.8159159132075259,0.021095365021048883,0.26228972879506346,1.3808822538979826,0.18584379410060498,-0.07453226189008313,-0.012898664828920117,-0.005295957201188625,0.9251996089431813,-0.19623635189652214,-0.5265764738596477,0.4270772865005613,-0.9955030631037017,0.0686075291077628
-0.3982502003361006,0.4659211894379754,0.6295983624112795,0.5326909779411876,-0.4001632832781232,0.14584905111230384,-0.153305020545089,-0.2903795668322868,-0.249334202222392,0.2888702038765896,0.4794382767368225,-0.3842452063868295,0.5514708947464612,0.43413278605312833,-0.05789443598946704,0.23503143816602187,0.23269268628993028,-0.17152070580554551,-0.05222840384110494,0.6161691648989074,-0.35891116684936275,0.6530564248866945,-0.0056329232154532505,0.0725387404830676,0.3103274329842944,0.6600821192231107,-0.32509243869347293,0.42010955407302497,0.048209622335625195,-0.9009634507159665,-0.010816194455080419,-0.12969747541693502,0.3234752330269765,-0.2051973098650687,-0.2661551157579249,0.10279725267613762,0.40607236242891287,0.08785822537864987,0.36542558358828203,0.3437360867788437,0.45899694634221166,0.45690782910481886,0.39099534690008486,-0.2283032542659214,-0.5092957945586067,-1.039223767187663,0.3966565900063788,0.011804922292874852,0.418849441374162,-0.0931875520062216,0.24983366528801126,-0.8574176652898883,0.17395825047769772,0.16244547836416012,1.3025890497419241,0.026327781781951814,0.2965783559784335,0.14274640236009356,-0.00029760746081332334,0.7594688071078481,0.21677368481331966,-0.727770337314039,0.010078906468206764,-1.20249440087019,-0.04238135654394834
-0.43616961323085923,0.4347847234669137,0.5015867691454492,0.19479842257389735,-0.6710225113196407,0.207522524143428,-0.16812074994469267,-0.2613753135824941,-0.3877264907681977,-0.4636221976359573,0.0633410355107383,0.1070238813159765,0.05644034950252275,0.6491755745985532,-0.22835417346646844,-0.5475792837677376,-0.40625449573050737,-0.13323273370156619,-0.3164024919543167,0.2708541130954674,0.12781589400453086,0.2942299377602937,-0.36284605288248056,-0.25343145089800634,0.6625084107968311,1.0536332821337664,-0.8183096835254305,-0.09207783069029855,-0.18196526845144706,-0.8695395365365883,-0.29074384151439264,0.03137561245899637,-0.03391347728824592,-0.40882754692019324,-0.10951574788845893,0.15917754899740397,0.6851341194706609,-0.24806846879676314,0.3385451959923539,0.13668094388443502,0.3556321183742707,0.12489133961379774,0.275372594538456,0.30863398697597144,-0.48267003457288843,-0.4566369296452084,0.4378277576144681,0.35095793691496646,0.3186376511951107,0.08232464693612325,0.5442709087112343,-0.27762142899613457,0.11249746354768,0.11242194984015669,1.3282027875474942,-0.0286174475770848,0.19330437720479707,-0.24910391302828766,-0.2356764958283136,0.5786973155812426,0.2276376873384479,-0.697524324684454,0.04100883913944672,-1.1133180341426552,0.2944121933509862
-0.6049597806047966,0.17133934359082287,0.9344225965881369,0.1492197422589872,-0.5027733170833335,0.3138212273779596,-0.22343589358850452,-0.009135917481405138,-0.5526698867179962,-0.8502705574202799,0.5826087302454652,-0.35812976641433764,0.3960393312809722,0.6231607849010444,0.09511089368659478,-0.315988205037311,0.07122489195940888,-0.8712293266243576,-0.7877001765590816,0.5097922422052645,-0.24171734424898542,0.2884484769252031,-0.6900126892580836,0.40328482082983896,0.21240748171896426,0.8351937128537298,-0.7240301965739926,0.41947657589598836,-0.03122142998225791,-0.7074761949431383,-0.24077428739548024,0.5033407199008093,0.45686034141518844,-0.25397963673802565,-0.21235998014898672,0.24973706145120017,0.41613246400551296,0.354385599375286,0.38083979605122775,-0.3101230052715698,0.12715131335936852,0.3446967978704598,0.39095341461142125,0.28236047359276756,-0.5757557624695692,-0.43589974836257034,-0.05871528032302852,-0.1349028479396277,0.36560757488664786,0.45694633876772894,0.1987143528374635,-0.22108764053116725,0.33542868927723973,0.15096331204777014,1.4137457329443988,-0.15568291947399113,-0.15868389955801387,-0.0883027085911664,-0.20144122623911193,0.6230578854306293,-0.8143263311597518,-0.5890476791073176,0.047009805113901085,-0.5143921869625853,0.13221148430291896
-0.5144918014448916,-0.08216281609094007,1.0070138426596063,0.34460956601239184,-0.5440430050773898,-0.08324124826995422,-0.2816232352970255,-0.5918686586686848,-0.27240918917789647,-0.05917622001836649,0.3607910496322082,-0.028581316457229965,0.03591071787892991,0.7948402187208312,0.4391284823139859,-0.9231106202871903,-0.3547392354707511,-0.5020817840361876,-0.6316466748677443,0.4514163203855342,-0.1969476430985394,0.2112799195561578,-0.0978316445523551,-0.027287398437435183,0.6223152178933176,0.9111069419442858,-0.738376541434258,-0.18806015366768264,0.05202233694737204,-0.8188206836702795,-0.32932139942143523,-0.2722563001031176,0.32128092953513554,-0.2227861970891939,-0.050082376084476195,0.03936777333401424,0.24934795299988116,0.45521409180652095,0.44183075366938807,-0.5794946307492057,0.2966602366777325,0.10426768032064875,0.20819853428644747,0.19320715429357688,-0.4363622773454466,-0.3353597644781171,0.5825802229418272,0.036225937413261716,0.19741260473363118,-0.2706094348275908,0.589215320348866,-0.3690177560040836,0.2746785706805818,0.04808756646760068,1.2713790232111444,0.4754481185385344,0.3247669489784957,-0.2520951418015257,-0.283128567203432,1.0414568600976666,-0.23756255493509962,-0.8901163270367045,0.6001741593064651,-0.19402133964233798,-0.12616653253008422
-0.16482216952170833,0.5719025953405312,0.670826323912505,0.8497308131845726,-0.7305489184760677,0.0517014356697033,-0.35891128508237213,-0.7350364851620966,-0.23796013195932314,-0.14101024503221485,0.3218689884621444,-0.7432757486575865,0.3095445728151181,0.4132248860062291,-0.3741713127983893,-0.14685130970162835,0.039170781953767345,-0.6662272842837433,-0.0880672139836348,-0.16131374545222849,-0.3104577666503411,0.4268906386846778,0.3163489656189049,-0.3089967913455996,-0.057400521386518986,0.9530186161634197,-0.2791924498054226,0.48440104192498346,-0.6220358901294084,-0.9393583169761797,-0.0053002213646286545,0.04188760858894218,0.8749893151170623,-0.007874222443203564,0.08565474404801876,0.17603043063560236,0.7819403224014297,0.2637153581028053,0.10125513308451461,-0.1679089969292657,0.3988458385455005,0.19886787698789998,0.40350485709414624,0.013939815443039613,-0.06601204790793525,-0.5218951429320169,0.052770265565704154,-0.06890054945642479,0.1618862533501813,0.7451660229292479,0.0026760362049882552,-0.3951300677111913,0.0019087745148979457,-0.04428786020836195,1.3248531686038236,-0.03928940527786613,-0.11466914459573724,0.5586280383360489,-0.08724218547955784,0.3386865233582562,0.33970394979900037,-0.7889342068122296,0.5560494675421742,-0.9493907141248406,0.10693592512456475
-0.2281136483988828,0.4233821633401773,0.7365533747689262,0.2554507542988308,-0.2777104315294385,0.26664749140486216,-0.15043346551055228,-0.5002556512096159,-0.06220999716510349,-0.2434744183674299,0.283383549526257,-0.4179426870268241,0.19028516113985125,0.4707635889865628,-0.002579404005926992,-0.37608331060064737,0.4507448916220257,-0.6409186637829736,-0.24192525828015926,0.18466689058333202,-0.32355077855634873,0.40483972137687796,0.20690574164902142,0.09304332298155393,-0.1413159177719253,0.46800256044052463,-0.27679781663391634,0.4004386697630784,-0.21230290101654575,-0.5988801484178576,-0.27417197458213904,-0.2828788588295663,0.5563734985432136,-0.16836225082324083,-0.24429343166250947,0.17276114151581443,0.7824260128246004,-0.3969393348900517,0.6373238544101627,0.06691593753061567,0.14208430402243433,0.07611073094292845,0.2520237046477846,0.13951754759287768,-0.19834512485296577,-0.5637881629688056,0.6457458667740017,-0.32442079008424296,0.18074462865681223,0.03407112021223381,-0.14559414001335497,0.1692716665344875,-0.016435140953834228,0.15606042821422728,1.238045919267394,0.28739347208116345,0.14927781249871375,0.17857987522941882,-0.028640206448076,0.7536475572456998,-0.32494108527071375,-0.8451879959889284,-0.0632920757294049,-0.4990019524456351,-0.066520823631447
-0.25334707606861284,0.3036884624310056,0.7006864554085894,-0.012747222307944506,-0.5510521113204637,0.38752807564558367,-0.32052144527000753,-0.11491249125240496,-0.6263990331578076,0.10354095995301647,-0.0417393850697859,0.21631489323363362,0.406597449306137,0.6454147319355291,-0.23684228275437305,-0.28598736364503186,0.5283103719869424,-0.6635291362618855,0.13001915594694152,0.3154906654531868,-0.2664135652284909,0.36407540582885556,0.11007709130294313,-0.30318059150284654,0.34592246650098035,0.8540227651151684,-0.3724071413623004,0.2849292768812632,0.22992504772922764,-0.8581484922816119,-0.5499906283794351,-0.28019700335456466,0.543001758405128,0.029934681711760107,-0.30134661942465607,-0.18737856433134065,0.5734349146904122,0.17026599633166137,0.20929265354676901,-0.16269166788906753,0.06617115679854924,0.041023447525942114,0.49309750207218317,0.5929425481337183,-0.40035415794951285,-0.3234999425747171,0.13705982512556378,-0.1992033768366629,0.5141629323383033,0.3808401471762245,0.3148579676413837,-0.6003119629754913,0.4463332180441541,0.07755978742013789,0.958384563611831,0.16628789238755115,-0.24192296739017471,0.0817016943115989,-0.2688210719963777,0.7560964810007474,0.11834217192605731,-0.8097830315068367,0.1953289747099884,-0.7628362683888359,0.23572859068203184
-0.6999353447204549,0.16727534159502705,1.0378698006906752,-0.1307965058457965,-0.21703895263897943,0.6909660535800446,-0.11927001321749856,0.01606498417878917,-0.5146404161632988,-0.07771740763700904,0.6673760533898501,0.3655314090787506,0.0029571013270752473,0.7679575664965412,0.6389068565176409,-0.20531832529240956,0.4990448113051633,-0.255193637033393,-0.2547488924901878,0.7129409574040676,-0.4728920243413126,0.7630599900791948,0.5462220443297224,0.03495386971652774,0.5647525656475465,0.9126956946837078,-0.8408067959775738,0.3094087908236789,0.5454871866493749,-0.6454209227004688,-0.13765266144218657,0.011442124620539285,0.23345203763290656,-0.1732814050941908,-0.5158065186596278,0.25992908921933844,0.6616769812253335,0.38181388602972216,0.532081863892505,-0.5872857184630527,0.012234350227762224,-0.07991668359705534,0.20266682683117382,0.6184108850210147,-0.26222665098318176,-0.2180509378132479,-0.6805587605575177,-0.023780499252657024,0.40506592891394577,0.06694003470253493,0.5743190489779435,-0.08697479319765442,0.08768096760185924,0.12028632064656389,0.9896477957746397,0.4694743601140103,0.1485445891562202,-0.19614084343067545,-0.1261648726218863,0.7301611937416682,-0.009680157084138392,-1.130147018592151,0.8579152705990698,-0.8041880800133885,0.12999374802147973
-0.49875476795040663,-0.015333299284995862,0.788756967205829,0.003924234471684565,-0.23196284067441328,0.20853996512444298,0.02829188527546754,0.01768023985593905,-0.40949461739758475,0.29861266744124804,-0.2621119453054074,-0.6280967877127432,-0.11706670805548616,0.9839618406056433,-0.4778349064597067,-0.5079470026704885,0.5740571792188919,-0.3697493029754023,-0.32606195877445027,0.9621050643580884,-0.09308713060068005,0.6016654832928117,0.19980048901974504,0.5153368060566019,0.5110410358497594,1.0455618947008143,-0.8761905913812265,0.19684538496283924,0.16385537181988807,-0.869735515934829,0.03274238192664016,-0.29328169289477823,0.11140673963719534,-0.08439096613648302,-0.24887324582652137,0.3307315564253869,0.8204665107933102,-0.3836536688423132,0.5269800669991275,-0.5120074714743935,0.03666991310641233,0.16078204498148815,-0.0953290079662864,-0.014605132323639705,-0.25625466388488133,-0.6798425459881051,0.36446207244359535,0.40364706896717856,0.07062144362487188,0.19891115204975313,0.547147960116209,-0.07404390118570274,0.19345084684573102,0.22976370534649226,1.030341401141483,0.5964890914248954,0.32589245428372404,-0.05059143016842804,-0.11582871304184642,0.5226876678378285,-0.04529269647484174,-0.8858441821212145,0.7760698498031019,-1.0647052233280172,0.20566407263197398
-0.27028363981540976,0.025888347188722224,0.9128148168159436,-0.47027202868061835,-0.11464074417911432,0.1277380245553102,-0.04767723267865547,-0.4732532638746151,-0.42863005751400574,-0.21060889482787254,0.6807536390984216,0.01982152201260249,-0.0006092114465608041,0.43162395373000273,-0.021574093601554586,-0.8279099235370198,0.3673200223087981,-0.12808441416123956,-0.44575509929372226,0.3256991316458367,0.4719048968133705,0.5070847169201403,0.09327326272904686,0.4022812253211133,0.5689413613958888,0.9486661374781595,-0.357401800952719,0.20697762679696152,0.0028466398607095364,-1.08937686886968,-0.4030874695796879,0.2628654392816197,0.22373462293071897,-0.32170700447630224,-0.4585013575949894,-0.2126619829967239,0.15071762307826084,-0.195914142556109,0.2732136372526532,0.19431939773558693,-0.04034800584369203,0.4565361117957427,-0.060736353980242436,-0.058995317567898165,-0.44956731192686794,-0.8752993497837749,0.0032637346549125243,0.03541593175127977,-0.08336078508265996,0.10492627458996778,0.6754120992270803,-0.1456796438308407,0.21790242936889526,0.09563502089399387,1.1290415938660638,0.19709602715161537,0.07782757679237724,-0.3712173004671019,-0.15681014468331397,0.38615140001341264,0.08127668747703581,-0.5651831802210034,0.5516745074100406,-0.5939206011337902,0.35432737444612517
-0.5140355257655935,0.17667760965919016,0.7519462563310765,-0.21347902279180425,-0.09647643799128494,0.04693745700823755,-0.3217343835247803,-0.07405560077012768,-0.5558509475139612,-0.48766745552950486,0.5636052285066001,0.285515017340428,-0.016870147934935104,0.685952543858366,0.08408248854136516,-0.5591923483441562,0.1075957133828631,-0.5732778281101194,-0.2170658423926527,0.2581165660630529,-0.06223144177971773,0.5639748002901458,-0.09210756321783337,-0.2559275600542215,0.3319831602308191,0.4879821784277802,-0.6186196768150841,0.17643266297042987,-0.013534183795776866,-1.0055278297184451,-0.37543477791725033,-0.4701411698816201,0.686638117237487,-0.16346431817760712,-0.010255352127152714,0.46450498681275354,0.37970138868945635,0.48100439607854106,0.23841849456849953,-0.14932750942365336,-0.23008745962819732,0.006324536631988786,0.07624053018163446,-0.160074300413041,-0.5072109537748882,-0.5338353261198313,0.13897636914532757,0.28398088223686546,0.33836154194188117,0.4239015066332706,0.47422928488403754,-0.4177980323695246,0.13255477015781472,0.13515430228894587,0.7907388945439732,0.3636467541991329,-0.09231843401577577,-0.3832934309767331,-0.18298997685310253,0.44246451204317094,-0.06941431270983203,-0.6443559840149852,-0.04059280472705415,-0.6493390146590855,0.2997732171753051
-0.48671689556189496,0.5473734580174533,0.6776745410373313,0.03270639499181617,-0.37859709017755727,0.17827653474857963,-0.3288280360178556,-0.35476730354478764,-0.2308093895842925,-0.08939803656641396,0.1537671964776408,-0.4849131474011614,0.164612674503376,0.3201800148298386,0.0018334775900580719,-0.6711110452191533,0.15727302997372888,-0.5166592076517312,-0.23019755155449584,0.29408936586676504,-0.29443419219045786,0.24913480675954916,0.21203682899159876,-0.47533269062878036,0.3860383770211801,0.8063120544048121,-1.12097053785961,-0.030802749354435745,0.2482765464085144,-1.0676695369477405,0.0048287435676179526,0.010608407839535414,0.493941745974932,-0.21976983884537749,-0.4888740274391788,0.21528051532017117,0.6925852323077878,0.15527067413120554,0.48502145866431834,0.046808212965930254,0.07543743619892779,0.1600752819102167,0.1267873243741247,0.24213477979858075,-0.8070900240383145,-0.53083149814788,-0.48978159251635184,-0.06011183081813027,0.24751791042572324,0.07519343247955965,0.7926292663259811,-0.3369923764329839,-0.20873678295518694,0.19656740368829134,0.9894131432918041,0.09874496213366392,-0.45765145610842667,-0.22193912606700195,0.21064954038432096,0.18043932185004283,-0.34809383316639253,-0.995637357846847,0.7882422205362402,-0.5423157704420984,-0.2113838799072189
-0.4265093502843226,0.5370873530554662,0.8722241451270445,0.08307054474323367,-0.5205964018904714,-0.3131011402104408,0.37373192742906575,-0.1815444794310558,-0.08893710030238357,-0.17043913729718546,0.6612244355112731,-1.0319671963438404,0.2080836137153257,0.24755242403622768,0.3435819672250633,-0.10379957596181943,0.48006952279442444,-0.417910499410638,-0.271891299555636,0.5568507644993979,-0.5708172551244817,0.8920142394212903,-0.18146090213678723,0.1958124021633417,0.43212767711508326,0.8053572133249789,-0.22974937127787698,0.5595146980498896,0.21809329824892582,-0.9496484065961384,0.18675515575221896,-0.11565087112312901,0.9018884085377558,0.08117671345194262,-0.10799647423878427,-0.2996187680479239,0.32931410144684037,-0.29698121307702274,0.2867773955697107,-0.3846818018845444,0.37890266534728667,0.4295775620140194,0.19601278655301752,-0.11608563886285461,-0.43359300557678027,-0.46297002839284845,0.5402785137149927,-0.43998162308722366,0.49946298068819084,-0.13369943185346717,0.11018754660460982,-0.5999799001016505,-0.16568782726662507,0.12364011342572476,1.2550309930732864,0.2325368829682571,-0.4138465618801736,0.19820985363761218,-0.18261771129359794,0.5257033616361632,-0.0921902716461506,-1.049518657695315,0.3833173696459957,-1.2504130825283357,-0.2162561078476479
-0.5839736049810884,0.035108280801633904,0.6875889308487901,-0.005702743810311051,-0.19131107729217783,0.4450783592834269,-0.17541653923198733,-0.38804446488070077,-0.6080031831134951,-0.30603175014438816,0.7270860867838693,0.1783282729839749,-0.4338570683794007,0.592778773702274,0.4206793504162322,-0.7865770269843326,0.2817462827788485,-0.14406778092133013,-0.8710686535825177,0.5844895060983717,-0.46455547571775796,0.9499237804815199,0.6802345756250767,-0.044804788773404616,0.48167133409699037,1.154123158542416,-0.7906212872425542,0.21195092118405706,0.12935767129099485,-0.5425566439299035,-0.32959036006145054,-0.7255481611274768,0.3291448985469293,0.04050811137097414,-0.3324048791426926,0.33080123126281274,0.06670503373696215,0.1481369333251074,0.7553096362523913,-1.051101852484551,0.050291459100607575,0.18615919297673733,-0.046091630778114845,0.26843238558246313,-0.6051344010378847,-0.5930669402046725,-0.4797672426894485,-0.018933598922942302,0.12400889044479319,0.8195754715467813,0.438486231193705,-0.8268097993843898,-0.10429926747026652,0.1331982281210779,0.6398220552364733,0.3180718014921183,-0.14869489002164207,-0.3613383095937916,0.16734181235205223,0.3333178976261423,-0.1480069187297087,-0.6529128777654531,0.8315738046330284,-0.6700086582071424,0.25389071141604025
-0.37190619753167076,0.20382918986355564,0.609252453246545,0.3638574656727683,-0.5100433638504601,0.22420450856941507,-0.5418164587247211,-0.5219142672067035,-0.20920470733928567,-0.5794268740862855,-0.02959748710897296,-0.7478973529970158,0.2788053920702987,0.6964756588374443,-0.18654566733124361,-0.3725807030301418,0.21554008136564257,-0.4522824682069772,-0.5131392468957138,0.1296890037697048,0.21173398842751665,0.28970893841610296,-0.502283453857806,0.04850421403543274,0.49666881390030715,0.5663607327100638,-0.5985902961685557,0.2770188440460386,-0.09755401233286895,-1.2666137264342867,-0.5540656127918782,0.5049515670340455,0.5420212026528751,-0.003213129132255809,-0.2282943621803959,0.35294705154743566,0.6988529953875463,0.17689890173526462,0.0006887663133402222,0.08402302068126483,0.1672572016442651,0.2987556202154173,-0.4762502267454823,-0.1609620215712077,-0.3829945423095854,-0.44198093061564553,0.3293825487056163,-0.14550369745685932,0.1343515746201223,0.07554447295291947,0.35384344262333683,-0.7721419156766497,0.15911422171571493,0.2763466066257967,1.099532232662982,0.27738092795073455,-0.6012477958475495,0.01090417909929517,0.13029544973543458,0.740630115585339,-0.252067123288949,-0.485878018330855,0.4136270929173788,-0.639249865297166,0.1202793723473232
-0.7837732787968178,0.45061936848989503,0.7812742456795347,0.03169338570897061,-0.2724476528651206,0.10335482321886,-0.23857302652377704,-0.551274181698395,-0.5483202617098676,-0.9842584367344867,0.22876599284800703,-0.11206009537405523,0.08075002582902518,0.2394984506768505,0.4646042945052091,-0.7037460694002986,-0.0385633937531531,-0.574904055131194,-0.3076313812153658,0.1688103197621525,0.011831917604638184,0.34792498761039037,-0.2618866339828094,-0.1855244889869498,0.28793467881666424,0.47715941305571946,-0.4251272716462925,0.5184923759368582,-0.2809652424237153,-0.7681187657784558,0.00789415766450851,0.3909510895931332,0.5810202083933063,-0.221712321801765,-0.13984748590266496,0.12027778092639452,0.23138426605526338,0.1003256439765576,0.16624558648889165,-0.46663718129963916,0.22637419205559536,0.5796835442133625,0.2089330074952416,-0.0021444158840003905,-0.43519171374162025,-0.5069590806305676,0.4959351079578961,-0.10228114138300072,0.29991066708753567,0.03542899981210476,0.20700540767484715,-0.8186562612556323,0.07408280996740553,0.13657059906461297,0.975866110226106,0.18366459860302456,-0.14346105479780658,-0.2571096916242849,-0.36195230903554454,0.6884768811770089,0.025466072544144333,-0.7188716844284311,-0.3199132916361137,-0.46367869780630394,-0.11440902147755196
-0.10364632017662676,0.5914950299888316,0.735529336385416,0.25309712851885025,-0.6086714376054279,0.19075598972663593,-0.2639973929827089,-0.3073298356755568,-0.13941080079047757,-0.6705128305849142,-0.45827419465868413,0.3877645016266178,0.07108112512793832,0.3828000211655287,0.0024761012602957655,-0.1886141788261182,0.06155982300078082,-0.20244865363838888,-0.5964291697733788,0.389521740178157,-0.34510317697380233,0.6254978142830554,0.20292304094728342,-0.3854685109301838,0.05374269330198299,1.101293941680619,-0.9968907088144986,0.3841876822223095,-0.0889387563817286,-0.986328768851445,-0.3307178717043281,-0.0488468039048625,0.16182902131435314,0.04299474704055761,-0.34132154917100893,0.03964610537551299,0.16746218699573873,0.17106183652538637,0.47274961104774427,-0.4701980463619338,0.43780399906511,0.26831139825241734,0.09307486947572768,0.022816677078649053,-0.4545065372500612,-0.6160068899990689,0.31577354472538144,-0.20916982231248368,0.11773390261210945,0.18971691399865753,0.4010896500464601,-0.6265214401058029,0.30695556526811085,0.5597112495520215,1.0573567179143288,0.2993962178173343,-0.5591346220381683,-0.09190893134421563,0.22685599000780393,0.7437737226572583,0.1961200427703405,-0.9779835706575729,-0.20263944406656034,-0.7755303141261655,0.37949353279267906
-0.45921787082963395,0.1901978303908005,0.6864833757655244,0.2988846642858165,-0.5102319100708317,-0.0842763191050017,-0.41530295803632894,-0.39753076398644616,-0.5480712182363282,-0.5099385489489907,-0.19298175273621845,0.29787305307044876,-0.16751911942517553,0.684468083544173,0.33935692785384935,-0.21349334826584593,-0.05275139812734644,-0.18218061231923596,-0.4125959965845645,0.8208116882393579,0.0533760133159643,0.24597978007291194,-1.0325354904748703,-0.20913864286488443,0.010424590889771684,0.9728278136468438,-0.8696590209589071,0.35105453561739414,-0.12209156054606105,-0.5216907176297949,-0.17040283300092918,0.4602896078758149,0.5601605110500552,-0.38094709096241103,-0.31288747104666437,0.2239105833384928,0.09845068769605117,0.8111684292152763,0.3826300944972971,-0.7336492073873802,0.04763660404145261,0.6188629297243419,0.3791966995493258,0.4600247629334571,-0.5373851796558089,-0.42260752390590306,0.6105390135644488,0.11277045837429453,0.4294288599303384,0.3752840475764861,0.4077951821578573,-0.4458255256644122,0.1545267013161605,0.3648604626994161,0.9697184208734214,0.37952391067198654,0.013369587355416351,0.15080934807910423,-0.07775013761174669,0.5421786231506652,0.09485407871539343,-0.8799466386658724,0.14014238570254495,-0.672505077475315,0.1246618003280905
-0.4268510905961279,-0.06577995760330692,0.6818923521656164,-0.27254236325648973,-0.2969148755833966,0.19880323536618813,-0.005663518934083692,-0.6477696101807284,-0.7778656650428136,0.3620509572203485,0.126229377538893,-0.5809652876054634,-0.2592920736963549,0.843293334058891,0.293599041722484,-0.17952516500719515,0.30246560572006154,-0.018810934417097747,-0.5808556540249069,0.7309181415205339,-0.5246435895647451,0.8682719244840333,0.876376480783549,0.09149928200156374,0.5012178546225163,0.6154014455437277,-0.3322049654195431,0.8278629947188474,0.017294405772893803,-0.8939288590908805,-0.2530773443529778,-0.33065130366352835,0.4928891331124938,-0.15546370517969463,-0.389698383407944,-0.1970573969584748,0.2165853281827912,0.020285908770014252,0.3423935095806435,-0.7501305448605458,0.38059434525139474,0.49616632891334794,0.14485061875785077,0.01675685335535361,-0.36514283145412646,-0.32197942972390203,0.39710263591098005,0.3559347286646749,0.26522808875289056,0.4321555734200309,0.3169221366510155,-0.4819251924304655,0.048696824417474305,0.3939024084090347,1.0575013552001022,0.16770367854805973,-0.8702680032742797,-0.06748978291735477,-0.2604460354732557,0.7912432860776476,-0.05146211551408701,-0.9258424052575205,0.4366875835440469,-0.6210384265681717,0.24349533501827442
-0.1585466527233272,0.2510217998226478,0.5666140648891839,0.15338870311167307,-0.390441142524884,0.11631574355306289,-0.05482184354525017,-0.6490113078164383,-0.4916037810960326,-0.4942749224806378,0.19837494400976538,0.23003331710144287,0.17465956310971514,0.8736172048016456,-0.42449780805218595,-0.4225529903303275,0.3557776654472693,-0.1816212408435179,-0.33043048832739913,0.56131288467013,0.16643336979405593,0.27514453176134035,-0.5755667837674759,-0.08480945695067693,0.18224468385545534,1.1434854806801282,-0.9357771503704534,0.47945630795458033,0.02580205694610816,-1.3042365536879121,-0.45171376028579263,-0.15052745728990352,0.5511935883016277,-0.37712105575669524,-0.46349804163359914,-0.23745104303770573,-0.06822613188346935,-0.13724035412874475,0.5531088279114408,-0.08549402098806923,-0.009245487550716983,0.6018328569732726,0.4249764449001316,0.45149852215132397,-0.3651951252073209,-0.23869772453521337,0.22341733262666608,0.10042094026295353,0.3073270000408671,0.6418987985292066,0.2935515108969856,-0.5979383791918849,-0.26025903973109643,-0.06407148198305813,1.0278126279710946,0.15404075701651113,-0.6794858226208904,-0.08022168724470953,0.007979942829926409,0.794763146352156,-0.22139463150674094,-0.6083866652196891,0.8970679719947835,-0.5940346201281196,0.5390653824470004
-0.724274209864199,0.08248083021037814,1.0125886596001634,-0.0006504506418117256,-0.31156227087269406,0.23815147804826226,-0.27628512517778486,-0.24840081514867246,-0.18215768177973116,-0.5623006037204309,0.5412481636519872,-0.1269197115494008,0.05219816520115874,0.9898817777149937,0.6670979139962963,-0.732848655922709,-0.07661979542363778,-0.40523599795118564,-0.7310044570437755,0.4561727031967338,-0.2895558142145431,0.7459590470869993,0.14436960886828135,-0.3280570889452188,0.3847850585292004,0.8042751812063188,-0.6647574760588714,0.1457301788938589,0.15411415600870088,-0.8020344792795346,-0.207974881190851,-0.03608763122572667,0.5073837251727829,-0.09320907954338328,-0.6139270642038824,0.2769073635903918,-0.1486674297502921,0.35363113159030446,0.49499406584345323,-0.40742654143553214,0.1433214382422454,-0.08432304159157478,0.10232257346546929,0.039707819910580366,-0.47053820937348306,-0.21241742141034053,0.330378875845981,0.15806916678664223,-0.10376808811392194,0.01915988787471376,0.5523784662726199,-0.5575805875146468,0.11585651111053476,-0.0693552211135015,1.1072708980589447,-0.044798153456123514,-0.27299611857875133,-0.10869829120649854,-0.21573447501026344,0.5955247924981527,0.4563481092979291,-0.8602601646699077,0.18263855053331407,-0.7410051908093146,0.21400951282964314
-0.5116497179797546,0.15693835836953393,0.6774622843982144,-0.023047176980669264,-0.21614746776017318,-0.09272790075584027,-0.1478698738118376,-0.1430156692056771,-0.44165197569349096,-0.007535188535080131,0.10271184991349971,-0.19891611937042325,0.06962700268227277,0.23974562684567619,0.23292263561152035,-0.3472841176859959,0.06286225329484882,-0.10543225200753227,-0.2791967866165537,0.6437934724514061,0.06769783783691931,0.4341655523720431,0.2220538517361395,0.13695732522461163,0.07129513540085533,0.8578875043458527,-0.6315188355114558,0.4407595931038457,0.19151368208617692,-0.991451963446651,-0.15920723454012603,0.3376625810346912,0.8334295978966393,-0.10256217663982117,-0.11934848566825713,0.043704155264482986,-0.3312470567159804,0.2737608874310549,0.22172115593860792,-0.2234565854409657,0.025109540970777604,0.21216788204632195,0.2710294175468416,0.49828816188114716,-0.4012559016603618,-0.47670913754213123,0.06574574640281294,0.05999125396559724,0.12193926289484265,0.39653120191825436,0.37896551541729506,-0.6171709241435777,0.07029044314319739,-0.3427171194072632,1.3628121571819782,0.05334571313063269,-0.34712777779345894,-0.3406731727314647,-0.4687998765707872,0.6440813687938726,0.3006444597236064,-1.1525458287803154,-0.012026586875595838,-0.6820426963588652,-0.12947282161661533
-0.29411466283029397,0.2453738008528395,0.7311087841991177,-0.4098039012116508,-0.3505248961560181,0.09888541363616336,-0.18953781704456538,-0.3637582487750495,0.07087658379243032,-0.48578693928437366,-0.17603112589995573,0.08385233910192627,-0.038296249893616935,0.8839128679931223,0.6176634029698889,-0.7507744231725285,0.8046962617796671,-0.6080252878202939,-0.6677213203185004,0.4290902494461292,-0.40154505942169827,0.5269840249325072,0.41918728823233625,-0.2654701510904117,0.4385395605370185,1.219294330239008,-0.7470903141078533,0.3400097481955432,0.14158493241117406,-0.8679928298569002,-0.15480726747027526,-0.17539357050290522,0.295609318400264,0.027163805749126337,-0.5632833904995049,0.6323553284321891,0.1431538861220066,0.2500097201116803,0.035907633322213556,-0.44327093351719227,0.032828183187569776,0.4977013774888089,0.39996360112812046,0.12923557640033567,-0.10482284723208266,-0.8020541090065402,0.6991696549169687,-0.2761381704245531,0.1750283433827385,-0.5899634799219605,0.6462916325594448,-0.06045755029175057,0.332137264738693,0.14692846381679547,0.9764721517770064,0.27827294539523,-0.3417887757526455,-0.12675840372776373,0.28387893645049944,0.18665162952823022,-0.3030460001180949,-0.7655023344385017,-0.02107247412484027,-0.7331923751166252,0.030067024769747416
-0.4031617707047758,0.520373033298681,0.8412946315182956,0.20052572798679613,-0.7648742678280744,0.126486722707989,-0.4333134115111136,-0.5235784932594076,-0.3422977599522133,-0.3916276790346279,-0.06891723686460927,-0.6991856322844752,0.03023355608885331,0.7322299094727341,0.006135815915849066,-0.38567583921518006,0.06114518703192255,-0.414362583825694,-0.48306819150789243,0.31360161618602567,-0.01724123932077476,0.22895771413989363,0.4760790824007722,0.004122387492848309,0.4314508482035423,0.8598527770743388,-0.7229728738166648,0.4705631418559986,0.07832654085187044,-1.0433375626934804,-0.2990776237327341,-0.20922939228684448,0.615062067521629,0.16136279302044831,-0.062066033275868696,-0.21216039655647165,0.259523662621497,-0.10695706112661978,0.2078436271405642,-0.5909036026442075,0.12601827446828798,0.6848267839358697,0.44833552727907255,-0.2091054700034443,-0.2825820741365644,-0.7919395514175129,-0.18351984417439104,-0.25078743386932334,0.5478084340493368,-0.010147866637306463,0.6610469087336823,-0.6360692725584017,-0.1146218098901624,-0.21769730777226776,1.1343286051015997,0.07414370030127511,-0.2554471853206599,-0.1357174639093729,-0.15526525332422073,0.8641209530683333,-0.25027818082426145,-0.5964937907864575,0.19098446661699017,-0.7325774872456551,0.2421782164222169
-0.32077950078086126,0.4940491333535493,0.601251951436646,0.14959127779666104,-0.27740358162683476,-0.0019306902687661713,-0.08760247399868434,-0.22432089624795157,-0.3709742256465489,-0.6288114248444792,-0.218755700192506,-0.3794648633499018,0.3270988453227098,0.26466458805863785,0.007420135682413488,-0.278787029506403,0.4702916037449376,-0.7219666589829807,-0.1483582796943799,0.3472525659968195,-0.21369247438947708,0.37498651501361985,0.23717430349352503,-0.23107316796384333,0.17410747319037406,0.7555473902779453,-0.7280688733637561,0.676606139175744,0.005127064034201413,-0.5947990611002801,0.00919760951349341,-0.5867714938856387,0.6855753145424823,-0.056032144053348276,-0.2199575108303064,-0.08109831871059227,0.04708150443060898,0.06515831111612008,0.23874117390933228,-0.8721510514222952,0.3232996310301888,0.11411523357243511,0.17577955533958936,0.347949774119983,-0.38475749008736143,-0.4438555727775484,0.139126181538848,-0.09533916403963003,0.5300676673929373,0.5374331361783283,0.11288324815203837,-0.5449306537514853,-0.2084738358873057,0.14540644651815854,0.9175231743929788,0.6771518503810654,-0.2783437296668364,0.17683665353753591,-0.12707657607740322,0.8023278630302009,-0.17798905102581708,-1.005514890207827,-0.14155085033110798,-0.8495351569014683,0.1126095769194091
-0.4097160572936098,0.22595629984405463,0.7770721875148765,0.054960602424044054,-0.7073997121501656,0.3718581214612645,0.2551871148865864,-0.16107999215948504,-0.7718506459423339,-0.11217696362821507,0.25261753034645384,0.1443213788948098,0.045405145584524714,0.8564476793867193,0.21125709820303637,-0.3979815159389606,0.22925543907785562,-0.3435105802643618,-0.9025162253640473,0.6583605792192163,-0.10734562612390573,0.7347979499433839,0.7694697906797345,-0.0032104118760770683,0.04823298199982151,0.4689740503605485,-0.7239204083821325,0.3331892730645467,-0.19505269179529477,-0.8792218895328296,-0.3236430113617145,-0.2660972535501257,0.5249026471376491,-0.013419051100559638,-0.1921694528214576,0.21809665938054226,-0.18177512374000152,0.07000478761072587,0.4838851240263622,-0.6719335057663812,0.4499751419133459,0.3794426318896858,0.5228099073821925,0.14796979281837933,-0.305721991543789,-0.744761718253546,-0.08676923395976058,-0.05118322768637532,0.5392154438837727,0.2005016525553342,-0.3338683907373483,-0.2846968769753208,-0.21271474683691055,0.24721904248911433,1.0995453200462753,0.2690734410271719,-0.3663796173183349,0.02684380451238995,-0.06329589108974797,0.8313381509087883,0.16770326514426134,-0.8284188279152976,-0.17081518778220295,-0.23911622925548676,0.25858556415879275
-0.35433349193334407,-0.036901468242031055,0.6802555403963593,-0.15381761740733474,-0.3992731678783846,0.0007841020161038978,-0.17439164071464103,-0.6278355576938116,-0.07169867237785853,-0.6083905774003212,-0.4093261326990286,0.011773501262654792,0.15663003488350458,0.3502631956498843,0.6151045154777892,-0.006702220696660582,0.08956309942103749,-0.6247144826290327,-0.11962130945498732,0.14434912888010856,-0.07921817758627475,0.38793926166925147,-0.09850301552871672,0.3698595758272425,0.10123578633669597,0.47523546872283734,-0.49205214178013407,0.6683846852305985,0.02885536131341228,-1.2649125584355043,0.2466010999290661,0.13479572115680566,0.8036424081341456,0.31758084772354056,-0.08581612871059784,0.1090512197445463,0.24482819558331037,-0.03442676300368693,0.3378772467138845,-0.24034047419773988,0.2434689492767747,0.10054063332221413,0.3786103986335663,0.2147790333141279,-1.1767639737296711,-0.7848190410027075,0.40064060026454157,0.12159815693055834,0.24908799050778838,0.09865893607039944,0.48517652304224557,-0.29473331569585326,-0.04800450547410154,0.20152141550133162,1.638303296800457,0.20855750837830855,-0.27417581504082245,0.13803611137878286,0.3565427778153354,0.979242327740338,0.36528959676090733,-0.5533357625809352,-0.229333378980138,-0.5631438982797861,-0.12069569429297751
-0.09998101884816951,0.34717596708418175,0.4975537144363803,-0.33025428706532284,-0.5731921249239654,0.05261187454108689,0.061089947726301615,-0.16821795299400027,-0.07527376663604302,-0.6343599428088257,0.2152346399134874,-0.3843723701439278,0.04371891941275463,0.19110517035281332,-0.221152955256677,-0.293199582498417,0.3546692751993254,-0.5095122154617588,-0.2856527928889182,0.5382995264293845,-0.22481055836672634,0.5435886554194866,0.11224346867587638,-0.1885257293811631,0.15851666625731714,0.47552086832423807,-0.6315523195565138,0.5204166238492935,-0.1662526576662537,-0.7392450770038337,-0.14497342813346362,-0.07342220508056274,0.4491968725500745,0.08901875942583097,-0.014808113727156898,0.2507327410610927,0.03907834989794495,-0.2336735036375346,0.34813578125577316,-0.48002231801954165,0.06675387447844071,-0.17644859163034216,0.5412558616258157,-0.04106487477965061,-0.28349835136195395,-0.6233372789979446,0.5437937959804744,-0.41508305700780124,0.14535176853243734,0.38918445129170065,0.8268809694115902,-0.2810908089842822,0.1005893077747617,0.32099893331689744,1.1978795696222881,-0.12893709462489375,-0.2599576155088522,-0.3546527318595435,0.12639472019162187,1.060322289192,0.010420856497801959,-0.8555938171012424,-0.46477619254170527,-0.8585509053421774,-0.31066426970350636
-0.5386940195054363,0.3444128233930299,0.9837640430262296,0.017148605187459726,-0.3192280943295727,0.3131020060240063,0.06098095299568421,0.025289390317596583,-0.23044242522400812,-0.15057079920141753,0.1971844551805204,-0.353057615721994,-0.3724707867254057,0.5629990936101824,0.3616616012978738,-0.023077002746591482,0.20230097512210854,-0.17888056947136222,-0.3412536565505343,0.6517140328346949,-0.40189088682019786,0.24572536252490101,0.3409892713183225,-0.049754835175357184,0.15567671280379938,0.6242976158979143,-0.25805187108006056,0.5561178635662657,0.03830843686415267,-0.7916945557468192,0.013726850242579094,-0.19327266356063105,0.2647451014097671,-0.06921538795180042,-0.12707565655633202,0.23743985589643946,0.37096841706105776,-0.30474513994022057,0.5540336790828178,-0.835535636113668,0.86751382298925,-0.0038366521548557075,0.6286555887912111,0.147428639741494,-0.3999479327788776,-0.45734166954457506,-0.09490609164400635,-0.026362535128453227,0.11777792040317892,0.7028838672060679,0.6688832715565128,-0.2047140076978267,0.39024952137722674,0.5921187933036528,1.0725188949231719,0.4267202137760097,0.3568721880250572,0.10625953133694824,0.1411763968172305,0.5764933418885232,0.2450960953572009,-0.745124004233698,-0.13202509838635748,-0.431904754535146,-0.37960726198073846
-0.5680261677415317,0.10288880031870194,1.0343213354206322,-0.2714249689598718,-0.6463953594194826,0.19774222823868765,-0.09117232632783513,0.027294602572654543,-0.1595332217709476,-0.5688676838499329,0.12073608156926799,-0.2625283557691251,-0.2953956654908034,0.8799787624524417,0.6915955407186456,0.1362658735627654,-0.24510328191834344,-0.5286030257102114,-0.376593442518045,0.7623621899335374,-0.03740982838667875,0.2057779003779978,0.1278734692070095,-0.16581718813988577,0.6097534643319431,0.658390884884814,-0.3746982747275365,0.421301778351053,0.26095358662722884,-0.9391302707542145,-0.3141874170403196,-0.9830161444581048,0.48185586593052376,-0.13755291904304096,0.16826545895522316,0.6961102916547758,0.037811343242309364,0.3234211743388522,0.5949065869545571,-0.6154330107879806,0.5285636511773502,0.19160961396530846,0.7126041486438456,0.070555137611677,-0.5695571290865751,-1.0701204496387098,-0.14574257745374047,-0.04110062177961411,0.1568545201452117,0.4918757298610841,0.8496761526345045,-0.10755423772939017,0.4589182293504592,0.4373697605569669,0.9741104567023455,-0.04386943723420167,0.2417501429431953,0.16602647213160168,-0.08570651513638322,0.6345473376962172,-0.0035340383078972804,-0.8923724534555365,-0.8212909600566041,-0.6135073581158863,0.31871113959335123
-0.3102953502981216,-0.12287427998005931,0.9719822090436039,-0.1825230043248957,-0.6158591838095819,0.33340109334237467,0.15188406190290948,-0.136457966360396,-0.49211622231397306,-0.0650925063723638,-0.0748667701880815,-0.02683519766940442,-0.047507250836761286,0.5070020787970488,0.18519071452183464,-0.4629726719824909,0.5090717874427334,-0.17611251594336458,-0.30604667323247803,1.0543425432671618,-0.46568381421211846,0.22849388567554318,0.5591971304483652,-0.04015362585519454,0.555981085449702,0.7024743658389284,-0.48618761316829984,0.3337826316503119,0.2602008967345334,-0.3663842588274753,0.03657860344587123,-0.3977842035175336,0.8068940054391559,0.07729051421880725,0.043702375450842976,0.32357427327752886,-0.14870626359229028,0.4927828916440713,0.5195899694338028,-0.6198178295841072,0.04994952951156331,-0.13461600079751962,0.4176490091473274,0.1901508214476127,-0.4126028779181595,-0.6871379833889805,-0.15164621609912038,0.0048016735007164885,0.5256197834774571,0.5874711205847951,0.5662269734922336,-0.12465074597302295,0.07972068405819753,0.48468842202112317,0.7419387787285634,0.08292790736415347,-0.17632586916240095,-0.19402635659661951,-0.049300205746285575,0.45473502744436833,-0.08828951191837449,-0.7326947002376137,-0.5184939969060931,-0.8456917107582262,-0.056849065528388434
-0.8381788121396265,0.013815864550384638,1.111996654657848,-0.005739638570863029,-0.13636079057605247,-0.31845290319823943,0.27441792755641375,0.3224910603443487,-0.34195221991763064,-0.3100677178414601,0.5396085671841045,-0.41798246507118664,0.04022159877245701,0.8682172477171429,-0.2662107357120681,-0.44216980768787606,0.15275346565466125,-0.48707856748325573,-0.3996339847838634,0.6714784685364885,-0.5645719559989941,0.5673627419515004,-0.14018350393836898,0.19311951243528108,0.4289790515135373,1.086980374392273,-0.7793261277052017,0.4296478394914007,0.16200667694942716,-0.8400526049002728,-0.09870473494804544,0.03925065792000525,0.7759722889960109,0.0683956789569777,-0.32288002790333137,0.3685639179687069,-0.044271116550888924,0.28790182135835746,0.7837643156070757,-0.30718399945796,0.18795154905702224,-0.09498035769116103,0.20538411988280747,0.31625493132180615,-0.5588294527130215,-0.6634743824918592,-0.014270542554737684,0.07404155990054619,0.1552102364865478,0.5694675078652411,0.6525687294440429,-0.33879816203381696,0.387014502041381,0.179008702284293,0.9960165705322729,0.27894681398945037,0.02186180288185534,-0.45345956123964437,-0.2959398299739223,0.887878870989359,-0.6627948965703813,-0.9214557981209925,0.07542845665923038,-0.41259921461613114,-0.07122337627710217
-0.4929051645711984,0.28922691918852206,0.8352614677388003,0.6910855102227478,-0.35085354632126514,-0.06796463420393112,-0.20220254816622754,-0.13828523165154732,-0.3871768200655477,0.1983241479256752,-0.1135651473943378,0.03434062322512152,0.13816168216952066,0.7448135718494862,-0.05711733317587764,-0.5949902479085293,-0.20034073516917125,0.07388242105748952,-0.6075532539626997,0.14712476932129737,-0.1947490334626632,-0.057243517524801266,0.3427373754675178,-0.3081248797902397,0.36554559984233903,0.5100960996596999,-0.5487352999974535,0.3722160822545318,-0.20512160270487004,-0.98050180568208,-0.13241608846665534,-0.3849647003179275,0.62177583187837,-0.16399062765316605,0.22483518173283823,-0.18838090633799348,0.28301779595666543,0.13961026136860255,0.5395060349930508,-0.22594771300431607,0.4034241190381773,0.3241727689945886,0.2580572388033187,-0.08595151497897922,-0.7894207881186432,-0.6065055608645868,-0.2486832513206599,-0.13657226349412352,0.44394169690185725,0.32339319117893467,0.9199028924478432,-0.03440733998847016,0.10283458096251705,-0.048728967893892194,1.0186752302161206,-0.23415223682356698,-0.33625850129812634,-0.061074319817147185,0.07987078707270846,0.8008752341308397,0.10268899465397344,-0.8536681626351201,-0.1328621706091781,-0.4336679497986263,-0.15008558256421622
