August_4,March_4,August_7,November_5,April_11,May,December_4,April_8,April_9,August_8,July_5,December_3,November_7,December_2,April_7,November_10,August_5,March,March_3,April_10,October,April_5,January_2,November_3,November_2,April_3,June_2,May_5,August_6,July_3,November,April_6,August_9,May_6,August,June_6,February_2,May_4,August_10,July_2,June_4,September,December,January,November_9,November_6,May_7,November_8,February,March_2,August_2,June,May_3,April_4,April,May_2,June_5,January_3,February_3,April_2,August_3,June_3,July,July_4,November_4
-0.7383262553270916,0.3868320343420171,-0.08147568875236676,0.5821922038175377,-0.16589528452569063,0.3545843520856556,-0.3222887552294732,-0.5578063256590458,-0.024204537978133826,-0.316877289612145,-0.16911243968970616,0.15125673744543183,-1.1850999308385255,-0.05588764737571825,0.40287365533546765,0.2473864487752539,0.21294395062607507,-0.5214747318633426,0.07262852770417864,0.4922606221995935,0.06935124984976805,-0.07832897173313882,0.12165779503103616,-0.42820867481288105,-0.181480561103933,-0.10242116520762991,-0.6884262470543235,-0.6670695437621447,-0.7505604014546282,-0.09567078381926282,0.03472537660727867,-0.37791188209439813,-0.49440431976724664,0.03697526242524133,-0.6803445466627951,0.6554918703189438,-0.15379154478077967,-0.591286619126646,-0.4243871681973342,-0.35623143832299625,0.8080947387521557,0.7274052016697162,0.30411856730059467,0.0032979784285665226,-0.47980391380275533,0.34725799261687884,-0.46653062854554833,1.0215679492909355,-0.6422948077754419,0.3359839404187385,-0.5086785577892238,-0.9341674841677522,-0.43060499280827613,0.0544571218087212,0.09617850158383,-0.22343305080769812,0.9136282639139722,1.0305651609354174,-0.7399065541168429,0.1781430246962577,-0.0385402001349477,-0.23365936404757978,0.5437816067282077,-0.36973594490089784,0.27865314178773426
-0.7383262553270916,0.1852370277699928,-0.08147568875236676,0.5821922038175377,-0.21456528903553693,0.43926814665270153,-0.3222887552294732,-0.3518806500303665,-0.14124000270210593,-0.316877289612145,-0.16911243968970616,0.15125673744543183,-1.1850999308385255,-0.05588764737571825,0.9792993342591592,0.2473864487752539,0.21294395062607507,-0.7337676776550959,-0.18859783642127306,0.35304778941750986,0.06935124984976805,0.17879148665944228,0.30162384128313185,-0.42820867481288105,-0.181480561103933,-0.29333596811604645,-0.6884262470543235,-0.0796381687216352,-0.7505604014546282,-0.09567078381926282,0.03472537660727867,-0.4223614061964884,-0.49440431976724664,0.12092054632277113,-0.6803445466627951,0.6554918703189438,0.34640476797752495,-0.11017479184421393,-0.4243871681973342,-0.35623143832299625,0.8080947387521557,0.7274052016697162,0.30411856730059467,-0.004509993273507082,-0.47980391380275533,0.34725799261687884,-0.660925214902672,1.0215679492909355,-0.4674254556184017,0.32780962861367197,-0.5086785577892238,-0.9341674841677522,-0.3089626219457148,0.4618928361786502,0.17652545071894393,-0.9687496529991018,0.9136282639139722,0.4231892580226479,-0.4807008200286987,0.31065850293744796,-0.0385402001349477,-0.23365936404757978,0.5437816067282077,-0.36973594490089784,0.27865314178773426
-0.6957962193195993,-0.5220443816180415,0.04242308686629708,0.5003136765998877,0.04644597946841142,0.7043650686682877,-0.3424031653722669,-0.5458417747188887,-0.2697369941202253,-0.607159206677678,0.07030906513721522,0.535680229032911,-0.7505295734371686,0.13407834406666502,0.8821750980622313,0.3600816337731316,0.10956092129524359,-0.5576273099319604,-0.16077123728714265,0.20175549464089254,0.5048604968801962,-0.10787910745905947,-0.2969893080602368,-0.4742290258844965,0.04662403622325026,-0.3751800220254634,-0.8858623155162723,-0.6613641244682689,-0.8867890357265508,-0.04553341618598628,-0.13783008345951347,-0.3513436005591688,-0.3343222699055678,0.3807604799114578,-0.2010355541237922,0.8408556764556926,-0.23141407259911545,-0.06050695077006221,-0.4077362620848203,-0.4790651085056024,0.40490824078210236,0.4861518643646943,-0.08461162265159632,-0.11800342793498954,-0.5964871652853441,0.2798979076466127,-0.41354956156341127,0.7934377443696665,-0.4393952582375929,0.628871311255638,-0.14058215780675104,-1.0011778443332586,0.19310265613203192,0.6064933247005773,-0.3587033547358929,-0.5212181371380471,0.6449214731151776,0.7170323559069344,-0.43586273744443005,0.07749395335512099,0.4305054857086538,-0.3257863356235577,0.6224926010948599,-0.6428523147316273,0.4605890043463097
-0.9478826488305876,0.037356365510141334,-0.030157034354208866,0.8058219956791322,0.3522308618877365,0.4565510725221559,-0.464380048036295,0.012633023588356093,-0.010938007642783184,-0.203165466656689,-0.0513296222086871,0.36095971430055207,-1.037671304649435,0.009324474406367925,0.9583005478623433,0.30104091424218343,0.2880367512452399,-0.4813489610260057,-0.32398062919133025,0.11853974506768955,0.5967218105270616,-0.15827433896165083,0.19660417958260085,-0.39012426622439444,-0.280277359542933,-0.3764545595495087,-1.1052566203491676,-0.39943746190856316,-0.816095824890996,0.6764015711501645,0.25684253827639614,-0.13841541267518415,-0.49415454056376,0.2456376927216965,-0.4082060450854942,0.7981766415927536,-0.19982292350592357,-0.2530067315303216,-0.7539971609596485,-0.48062852476190426,0.5257712481545709,0.6234773900836192,0.3005924098877645,-0.5542547577585363,-1.0797228064829827,0.5369514723443097,-0.7509866438242009,0.2862193861609104,-0.6558157495730317,0.3134173222310916,-0.3494225038024214,-0.8177110979808874,-0.15101233194286964,0.4075224921854185,-0.4872005371215833,-0.5870856848266116,0.8215135128567259,0.6754989489316817,-0.15137170939861433,-0.06682221147447248,0.5120106405571321,-0.3899729819021919,0.6762707947668954,-0.46991804596954945,0.13005314799830656
-0.6075674155024123,0.7530360568804207,0.19959775146157616,0.5900177910879786,-0.26142523258194805,0.4203354534847261,-0.48836865814614383,-0.6916911652521555,0.09206511869102998,-0.3505291875354864,-0.43548222417258303,0.24275424966713055,-1.2273113326542184,0.1549437349985666,0.7949512657834998,0.2981475942185687,0.45231064427340323,-0.4224175855897131,-0.04701928230314563,0.7516811314365306,0.34025459281712656,0.06910406687206809,0.09334945777652379,-0.20357240762129974,0.011495597845039424,-0.4164899780743257,-0.7518591274930989,-0.4813959427705963,-0.7292210169902862,0.17022507845170565,0.23156913205597163,-0.4611364166171799,-0.3357292974647322,0.1838988741513117,-0.16732174450514442,0.4112771604582187,-0.10223033179932915,-0.034485307576068075,-0.25226098408099185,-0.7052804159896362,0.5002981098906955,0.35260802296359395,-0.24993561765515931,-0.9330114826494721,-0.6987204617104756,0.24949663071063086,-0.27983460827620255,0.6003560672498979,-0.35854572549547,0.4308674064226164,0.15469215779815235,-0.9165098734960738,-0.1706701692214012,-0.2546232269617093,-0.13343420424115962,-0.17192552244702689,0.5809921819130481,0.9308779260488902,-0.40420402277031253,0.6935560311125648,0.06773973010186485,-0.11814092665082443,0.6220593775693968,-0.5509813862975499,0.500089368005436
-0.5537471359299637,-0.1492198222887764,-0.2598491588371235,0.8714219868864793,-0.41193309422014024,0.4671330611782329,-0.2638923675596202,-0.4249723279931211,-0.17497764425430012,-0.27158887817610944,-0.6902802066893711,0.3144762094966745,-0.9477676192842296,-0.018124284140018165,0.4754769743659083,0.11464517125310136,0.4202561983743138,-0.7872559135857385,-0.26619109601409546,0.3684082913597819,0.23933424226815717,0.2581517998099928,0.08798706629809004,-0.5360213927229682,-0.25370429242263015,-0.3095098879970966,-0.9348179819387865,-0.5077759316020268,-0.684780378428304,-0.0032418516037677897,-0.00729345464515669,-0.4726717049408324,-0.4996908839658047,-0.43476043356188726,-0.2780876174620303,0.7215840044944869,-0.13218678068970305,-0.2599010895117757,-0.14054672093714926,-0.7161407493993672,0.36421466951894255,0.7186175211318886,0.4411564375324361,-0.34339131622256835,-0.35105627496389025,0.03837156759935716,-0.2600817719840054,0.511120992598633,-0.826069417648001,0.39035966442933184,0.12767965881406212,-0.7716034676329755,-0.47003657046574127,0.05069062373268453,-0.33065332605457803,-0.49909921221268727,0.398904016252448,0.5174832071013304,-0.3894779746285894,0.2950552794699327,-0.1406497053222755,-0.3740383651988524,0.19364571603054115,-0.5918335454790999,0.5254686802695331
-0.856547799656501,0.0028757796405296243,-0.12336150497781416,0.07107965209138527,-0.11479804443378996,0.6068062444108953,-0.5964437056370119,-0.10128722358071504,-0.37463650648468166,-0.3135586763056249,-0.29531625554350854,0.26569975821333985,-1.2184569231422357,-0.30178537707505915,0.39428297590629013,0.6857878154271171,0.3222209372914693,-0.5951397687777802,-0.15468736653991208,0.35231507948916474,0.03939398487184053,0.895565492399313,-0.06210913084827725,0.10946723050647447,-0.39751966606275996,-0.13794763873399704,-1.0190218558440471,0.0052334778297052145,-0.7854282025615507,-0.0490082290035467,0.10413939236626489,0.033461899862124195,-0.2690361446924134,0.06199222612614619,-0.0273411138573025,0.4623330518274942,0.4431565813407438,-0.1509550698532902,-0.5415412813522924,-0.6906001969872972,0.5866370771348447,0.6162480312882457,-0.34705367552826827,-0.1021833902690588,-0.39747728600359766,0.5174956218502271,-0.34118905621727336,0.8389022848983702,-0.29100183085626474,0.5310196779045023,0.33605107546414315,-0.9708840629057327,-0.6313445707506322,0.6668618394694219,-0.01581246795296442,-0.3405913251785045,0.7923660363603523,1.2575469942822382,-0.4376024711839443,0.18252026109326222,0.4313291233206521,-0.4203055426072385,0.3117745341672627,-0.6664976820326564,0.19368613309909072
-0.19508832986123179,0.4450645023280832,-0.4421822870186904,0.6113188426088152,0.1224760109561174,0.45141612341228027,-0.08282129810721806,-0.3421920354118696,0.07323915593694863,-0.03099023878818125,-1.0102834800137448,0.4029105072063747,-0.7993733557150347,-0.2352057606252993,0.5032211443961767,0.32698431311560805,0.020127540528901946,-0.24306432528013178,-0.4746005770225579,0.2840822380192901,-0.011814552280031613,0.12621269884467592,0.14123232244577377,-0.15605077243434232,-0.1359559452386486,-0.4469480425715844,-0.6202836896148584,0.014485589917121379,-0.5857820543956329,-0.00877587426274365,-0.08006595662354654,-0.4476386599597172,0.04151627264147644,0.16891619380413958,-0.45594261437962086,0.623846857962488,-0.4478225894170953,0.3213555590020153,0.15868757493629945,-0.7110018652568877,0.6212770171572609,0.3041426144746914,0.5950173154948837,-0.3607836063437426,-0.34020076357918005,0.38203847319919954,-0.6238184161513182,0.44401585304228364,-0.3578502969065476,-0.010766151720769376,-0.08509255941167274,-0.9270804503034478,0.022650014585344998,0.24816272862993877,-0.34720653854541117,0.2850978629914785,-0.10946307637765967,0.7951862265866575,-0.30170290292440644,0.04529251135706476,0.5402077862989965,-0.4616265474020508,0.8606450280895613,-0.6834587663444784,0.05900939304682862
-0.6448552359143739,-0.05304585745907283,0.03751584133491478,1.1548742085890933,-0.05235005210316262,0.4563709051914626,-0.4929864753553519,-0.20263554668754036,0.09754941692705715,-0.5864432998226503,-0.3057470495282267,0.15308907885815343,-0.5247948012925289,0.07369399079963876,0.0075437027437619125,0.5178583632368535,0.2109879749648768,-0.5564101671334454,-0.19442417900300288,0.28010852870535546,0.29256156267038175,0.3171775316233198,0.05487675643368858,-0.22779103437209758,-0.19569088222283695,-0.01710135693830385,-0.6678043771290851,-0.3662080541734264,-0.8111989225238667,0.19639111080413624,0.25653522125856265,-0.1458184431492597,-0.21735748430217963,-0.03061265066034307,-0.29377791615256416,0.6616019246536086,-0.39527219176795153,-0.1329157177798414,-0.21561560203961455,-0.3927715968738543,0.22360806377106937,0.37167760692724994,0.04418947201049769,0.0787076563650033,-0.43338231748211825,0.09378031174027446,-0.6823672962445105,-0.054516787612720136,-0.5808752738740629,0.403148321895537,-0.12281129754520476,-0.7559877382017953,0.03744737512806823,-0.2733392978541612,-0.3006809587569232,-0.7330072311889129,0.838728318763177,0.5734600231150864,-0.4804921874604225,-0.10008416785876396,-0.04145978068647064,-0.7295482674479443,0.5417176160782239,-0.5581963949720277,-0.03224990575416161
-0.9807705568524104,0.28376905285351406,-0.004844234173083974,0.513851514701801,-0.1821095616401974,0.41020399254189926,-0.3321675999226098,-0.22955759783752647,-0.27834434796945173,-0.26462853137809894,-0.33680016486226083,0.39928044210931174,-0.7516897242800872,-0.2697595530784013,0.6897844007216652,0.23059783792990793,0.4540790316016782,-0.5367885280577205,0.14619107386909472,0.3442224246630155,0.2877178576266536,0.07325388450195787,0.32461698786982,-0.5760510148501149,-0.34639160488753595,-0.21111631034882086,-0.5662188647034297,-0.6081473217619858,-1.042541528851803,0.21770419062973329,-0.16430207742095615,-0.5370035387010814,-0.16721365135422686,0.10288911365751473,-0.39935490679294205,0.6235253965370424,0.3642834943550223,-0.09414907138309364,-0.6206874233793045,-0.18380462995680982,0.45201052583413714,0.3160303038600989,0.547123764035759,0.13097888443265626,-0.4007295829109655,0.18628559206469986,-0.508467162939079,0.7575757452551044,-0.5879449071017724,1.0761055366549916,-0.29330153537288295,-0.9053042209006861,-0.5781615261580109,0.1858815452111262,-0.24395144201777078,-0.40028888127701184,0.7284658833142346,0.8498567234553861,-0.2666928128839761,0.05510684162125394,0.29222998168901637,-0.6722207224965479,0.36837765173082865,-0.5139361008761483,0.4161567293168832
-0.6496420625351739,0.6323835743915844,0.06331805188908432,1.0191147527085813,-0.04199382275390044,0.579671444837385,-0.6050867373167323,-0.5187927760367116,-0.40114445475892463,-0.0012913611917946544,-0.12489275971094871,0.4282218976808464,-0.6942635801381417,-0.22516429607214966,0.3849777403741136,0.3748572773541962,0.3468232094325338,-0.45123868665476013,-0.18829525618862356,0.1987739017764431,0.04236912487850722,0.017538071776557352,-0.08700037542575366,-0.44440707161735793,-0.10826188748471424,-0.33696959017368844,-0.46900082190757764,0.12822506346352508,-0.9853595546054672,0.21685260325934133,-0.04162059050667208,-0.6075052916901698,0.05097069803603973,0.32466908019569785,0.00868298748472647,0.5099126954204832,-0.005515481186280247,0.12565291727182337,-0.5471880091807403,-0.5662001451524624,0.610919233371839,0.2852184572252243,0.22815385757776543,-0.3355700287413105,-0.2801905800542829,-0.06232599031204736,-0.8255509617029341,0.5410307288560904,-0.5536878120527225,0.36256374534359304,0.13379415192406569,-0.7910246984081616,0.21102094007792854,0.08813784809384784,-0.7729288755177857,-0.33517840095079643,0.48388323758577306,0.6535052171367209,-0.6876641035261962,0.04064183600669654,0.3249360529105482,-0.5472459306445904,0.6921473738755713,-0.11993303490561988,0.31919459799255395
-0.869427241968785,0.456598268670342,-0.03480114350050818,0.373050484134075,-0.41404073218723003,0.2626335700421932,-0.33231229109972094,-0.634049936114905,0.3267915568008882,-0.2218318293007891,-0.20141519407741534,0.4404423222020784,-1.2285114983518564,-0.211484900053989,0.4707992735538581,0.31873480023287537,0.40604860977272994,-0.7385373881916845,-0.41224131932974184,0.43063874993791507,0.6772244030566552,0.1046033867955985,0.3888429137464723,0.19356934767812,-0.24366244266015594,-0.3005513176682588,-1.0896233084727294,-0.5042381179619103,-0.6597998084175787,-0.19703918951973037,0.29535594991596675,-0.2644422847950279,-0.4748663326829541,0.6406595011922945,-0.41667588511334236,0.31891053766377936,0.5649955229683391,-0.12777110792599197,-0.6708957004953386,-0.1811225305472722,0.17099315920516345,0.876684837769572,-0.17081808216684366,0.08204317192669323,-0.9173583181173696,0.5753704410926327,-0.27937728539016426,0.7665265092025211,-0.08016277693795462,0.12954488851440774,-0.3201214948384576,-0.6582799475616496,-0.2377576125299366,-0.2918810766792309,0.4772437881097857,-0.25106367469322893,0.10858673203375392,0.03791835468366751,-0.6507825181195137,0.6661941296238891,0.7493797445829515,-0.660245846198526,0.19577668225388103,-0.4575575148804524,0.004069663689171388
-0.9237962276473699,0.5367213567521709,0.07963879615079453,0.4882965194390415,0.1079020623132764,0.6526904632019654,-0.6950824137634662,-0.1671989151027865,-0.1162898502135118,-0.378696835208598,-0.32873835282559943,0.37751907563053994,-1.1216455234835978,-0.10023522526411632,0.07002511357699426,0.510361864788415,0.18727222321103226,-0.3565000601265918,-0.3597941068452255,0.15988248502830651,0.6708754786676917,0.14541829878533727,0.41586698807779876,0.14484001581167538,-0.021154149572626877,-0.26208478599628504,-0.5717223860323225,-0.15819697782853492,-0.9515897100758641,0.4895062375383709,-0.15675516368108494,-0.10470225903814331,-0.4761104122801406,0.3463415981502279,-0.10766550794994317,0.27114204149610005,-0.15772975010207413,-0.3505032136586853,-0.7199929089020322,-0.7106446185246512,0.5199693212774505,1.0656211544162926,0.35469023459731003,-0.07773640898303277,-0.7217638490433942,0.33365562275325666,0.04805674034824337,0.8603365812592239,-0.11741472582419656,0.1372104168219888,0.016154485788925362,-0.9543123019801633,-0.1079506766256633,0.24427931963129118,-0.23901016957716442,-0.7957847169637787,0.4157772968197307,0.6897490946065976,-0.4959047094059277,0.27002101749922003,0.23528130244006867,-0.7887404486584049,0.34730528749174633,-0.4821808720769933,0.036578419220643636
-0.8028440013711736,0.5792416160409701,-0.14210046886852512,0.7286311098527902,0.5342872057425253,0.5268193214330251,-0.5456261485789908,-0.5265922004263716,0.03349120701117024,-0.13503247771268,-0.1921728374590398,0.011669530210621816,-1.161087651966992,-0.4431131367179671,0.587781472106663,0.43179175139197185,0.19246689032728967,-0.26609450595657647,-0.21001789866861043,0.25323920923063825,0.2779124358990159,0.2129883960032233,0.5423927038422788,0.02702241969727545,-0.10537330437734943,-0.47174764792257146,-0.7187621226761366,-0.21776311015194344,-0.6127555242690379,0.3488307122648837,0.3883949682944999,-0.3527527606207612,-0.13948795799919497,0.012432962933908713,-0.2082684378795731,0.36321918644688195,-0.2812187251093866,-0.36773971258985233,-0.6981000412082595,-0.38037185296959647,0.5357717359735888,0.4658085474377099,0.3224145461952704,-0.06662378421119072,-0.8955381680699946,-0.42309454254004636,-0.29548007708389634,0.9881549701304292,-0.11016615580526914,0.5072645234061351,-0.15315025657220718,-0.9648439562241584,0.04529976312249951,0.18731396240627282,-0.7407245792029251,-0.5894014325019568,0.7008883330388618,0.9349339473896365,-0.5300122981568847,0.11428113536575993,0.8755768616206228,-0.6842983148870098,0.20219084361752354,-0.1390457307892953,0.08611862807644355
-0.3457601048564375,0.11903629922922451,-0.22531317781326948,0.8604427815431165,-0.26115699549936355,0.23908520692313112,-0.40992584963931344,-0.6187787149506567,0.16273745116267407,-0.12994333366788782,-0.5478198270297363,0.10866297455586603,-0.9532260269298096,-0.4769325407346076,0.801630714454097,0.21115907740063788,0.2772540853108965,-0.5571588970774106,-0.051206497024106644,0.5382899069299356,0.2138982222064506,0.32969568096953356,0.03109788298089368,-0.29676451147782273,0.13098115697804857,-0.5731183326491751,-1.1373849955179145,-0.47261233649508694,-0.5791715164426007,0.10666229524121333,-0.33360528012900836,-0.578083542606942,0.03955923987280225,0.019048731168040983,-0.46051331670108386,0.7557283626966493,-0.18346987844726953,-0.029718852529766197,-0.32069961833286537,-0.410423023082078,0.3829378050300816,0.6256039003754259,0.5634142257673641,-0.47928238342687707,-0.4318138877427395,-0.22028461941130076,-0.1800699876368343,0.4428224577407772,-0.8226589343055867,0.725984369414188,0.38121618150230724,-0.9424065595075085,-0.4690864808039117,0.01880417703310768,0.011416734212409557,-0.721114611575879,0.20605143009112117,0.22111213691033724,-0.35920597512231045,0.19915383325127708,0.6855459892173795,-0.7266984568803745,0.25020127090512234,-0.36418677013986217,0.20997022313929978
-0.8425132167245784,0.30150348550431727,0.04684200535401223,0.009546399722858999,-0.24490306528351638,0.414200730248899,-0.67348362044117,-0.1729501137315066,-0.2953802975219288,-0.4163201835874933,-0.13124690633051328,0.08062993308370449,-0.7696006495465003,-0.45254340487418987,0.07165738379853616,0.8166254320577614,0.06567425168699974,-0.637621405098582,-0.2517883231599468,0.021240682624744545,0.6283044142694996,0.2620809746089927,0.15265594115484726,-0.18177598746722148,-0.4585504722113255,0.0015657933393382131,-0.8214575693579409,-0.175113577562696,-0.6386966428850259,0.037812484649289574,0.06076437084257477,-0.27833764607565636,-0.5586996936955936,0.27279798494198076,0.13419108930397017,-0.23268694617667796,0.3902291298778356,-0.4154461377931943,-0.5682887427557537,-0.39878059240401037,0.31734001391281325,0.7107204682684011,-0.012691970037324439,0.27137412609888667,-0.4994525468275455,0.44796752309018134,-0.3205236358032699,1.179608837597793,0.09454792738057273,0.38676972259914305,-0.09246097948995069,-0.7753095701700461,-0.2719606955861452,0.24158422943745256,0.11125450441069376,-0.5820045098802004,0.8829317395245547,0.438164276574336,-0.5570627656167982,0.06188324731087921,-0.22967740510893297,-0.3044927345189891,0.17139815143857606,-0.36092384842841585,0.1935724749489759
-0.929642164056681,0.06792751508170902,-0.10770343465621536,0.9523171342457314,0.018025456154497237,0.6352980712276821,-0.45077510053939396,-0.4158191268833432,-0.4067086189770691,-0.3702502218132604,-0.6453765925099045,0.5767004131508859,-0.4481430725955199,-0.04954300871547193,0.8386271365586628,0.3027931578946919,0.3937338007725836,-0.452972854357174,-0.19012303494491814,0.3829602015957891,0.03062456251299512,-0.1616727503235751,-0.2827551005302349,0.007428299921928408,-0.11376202032375635,-0.028305464267254502,-0.9028385159240098,-0.47390903103600235,-0.7214283021853628,-0.0029941627350972937,-0.07849494537423166,-0.7475308354852319,-0.5194938059644837,0.3622480857662594,-0.14989263760897806,0.33586357936802047,0.5427229546641246,-0.08595418976594968,-0.7377687004304865,-0.40321799179708534,0.5316336379393276,0.9570160869819543,0.11873766125492306,-0.6164622085030935,-0.408151701983157,-0.7188513508388634,-0.04267441307822144,0.747674571799617,-0.28121295128713714,0.5239063882023789,-0.06459039573589812,-0.9447239672594234,-0.15553397830909846,0.2991937352772764,-0.19898532376650246,-0.26589301799401277,0.4095929717015434,0.7215152963086312,-0.5360525281342122,0.28961905321450343,0.3774191064612001,-0.690826499668088,0.28389621305914137,-0.5803839529571081,0.03541762856843504
-0.6134272228724562,0.6037406481902228,-0.18951273446380884,0.34381027347611726,0.08630717795357537,0.7157068164043215,-0.5156334706223445,-0.21834718487672822,-0.30658397916887625,-0.4561530906403742,-0.23642675159717225,0.10083402148103775,-0.9222429317125007,-0.20642812335901828,0.4138273956851898,0.309171168338617,0.39670240374935534,-0.4906601169628978,-0.2481136053347951,0.06989042049472077,0.4013091558126217,0.07864680404991906,0.18698482825705434,-0.2639139002384975,-0.10964586568082241,-0.4803704278150932,-0.9834071178717242,-0.07725497770803484,-0.6040538054679734,0.223516132423819,0.31247227326863325,-0.3131520263532,-0.40403022639718,0.07993469503847594,-0.5889860807384103,0.17014849143540686,0.26421906219409824,0.006479958055147422,-0.4039472936969381,-0.20705624158279956,0.4591436105153687,0.5638123665792187,0.24882125929007243,-0.06108636906475783,-0.675707085911029,0.13437589406135134,-0.03557740664792518,0.8971859644115879,-0.2844292395504414,0.4031811112168659,-0.22457770169125987,-0.966023645221692,0.08598240973221738,0.17556623611901445,-0.2689924171301975,-0.4891178455019499,0.05377682559733585,1.2262176614197051,-0.5447606867265117,-0.06514896238465216,0.6344999705520812,-0.7670137703339193,0.6004561985676078,-0.6037086929085961,-0.08754310280644248
-0.6370915231396683,0.14347565448618743,-0.22156026907335014,0.35719398709255823,0.33074595392804146,0.110079906547728,-0.6598385144831883,-0.4390968869050582,0.1419048049480947,-0.4985469449280655,0.09864215378183505,0.02190487378395589,-1.0178227778533198,-0.35959680363320157,0.7435647308610895,0.10766824047606713,0.4272584084777678,-0.6033323101617672,-0.10129411668370661,0.31300265855624726,0.15005728045007805,-0.2956034800263764,0.19568362515014798,-0.18823741605495115,-0.32668314568160994,-0.5909665492092651,-0.9381604402583739,-0.45586435699191974,-0.6377675762287272,0.2824859627592705,-0.10194788723943926,-0.6198160845804126,-0.16462347738403824,0.15280308798112663,-0.23286260846578602,0.40054306019196473,-0.31753140701447014,-0.0617668210009223,-0.4469104837165599,-0.31554646550891285,0.08665753970421441,0.6417456561406497,0.1436167942804925,-0.49735762165091135,-0.35952115066435764,-0.13982030421455086,-0.37123470889304866,0.5283565235138441,-0.34628702303574,0.53480113784421,-0.14187707844784542,-0.7925251454117026,0.005815062924942577,0.17294717489310174,-0.028850428686658693,-0.20135752044013944,0.20753278655770668,1.1141161478609447,-0.27102269285066494,0.04666978302043823,0.7542521306473542,-0.7094322137753448,0.511543403417029,-0.8383436812135029,0.2345937654429952
-0.5053792514857658,-0.03817059331721222,-0.19080602435194874,0.7332839380215761,-0.20865675892227697,0.229253301801749,-0.7339960105536952,-0.3378688854264207,0.1581986882101408,-0.8576682602106613,0.24696098495588956,0.2824130872534445,-0.5693057753449957,0.35169189856299643,0.1480985675547486,0.2899478591409519,0.43370514200853344,-0.8710391378804311,-0.17922615173921796,0.585571759340485,0.4800210333153673,-0.32342095866160386,-0.012503933545018678,-0.43264871983104924,-0.2941675648406363,-0.6862523702579387,-0.9073973412064641,0.24089676623291817,-0.7680728439829098,-0.07618809178449126,0.1783950554360731,-0.3172809193200267,0.013260663712463577,0.1982490267534321,-0.2470886801191628,0.42175764125884163,0.14798359346833617,-0.18078938006649542,-0.4181071500649388,-0.4603677785835611,0.32592656583833635,0.7036787389891568,0.3644958303582464,-0.1242243812987024,-0.15239595069449344,0.347346014777055,-0.7126301884261692,0.9235034345676203,-0.018559101983609785,0.5347284139693931,0.2421220605957305,-0.8120264195103242,0.22099182296694697,-0.34460126944175873,0.3553731819041849,-0.5703745128442322,0.22180535179466163,0.5397957787015055,-0.5165180991378495,0.2637807375121518,0.4572874989400164,-0.7895939930185998,-0.013392460994680132,-0.5561273019659027,0.24160119444834996
-0.9371312809355428,-0.16395605434248134,-0.2724737549237075,0.5360782674318246,0.30430389115023965,0.7401299951985341,-0.2288595756332022,-0.2826919154520636,-0.27354750472256933,-0.595904694389979,0.06343917290310044,0.2475531125219862,-0.5555168964520198,-0.20451467535587065,0.4683842406947151,0.6634767296206027,0.5052631334543981,-0.48102624317058157,-0.36858901201325883,0.4320444222860851,0.16611904057904575,-0.1822871377194515,0.2269333604232082,-0.03540117870820944,-0.4711527389203012,0.1804766409734394,-0.8546107981167387,-0.15420333742211778,-0.668644196478344,-0.17749659051201472,-0.027833458732421643,-0.6738054916456605,-0.6882444508012914,0.3191313250416656,-0.5505018679155093,0.6087925184628823,0.2889861560820588,-0.39889095900976596,-0.2792504287466257,0.16038429324298617,0.4118570283038852,1.2324959044501467,-0.42188023191193175,-0.17778412997788678,-0.22801486144992633,0.4174316753867244,-0.3702653598226203,0.947839910123494,0.2254458828462737,0.18917335462256715,-0.3057492840035083,-0.8557311038809429,-0.1453085905301541,-0.21253355937499394,-0.34657823098720925,-0.3791283148303194,0.23386215950789796,0.6465427666375352,-0.9583290342369989,0.6008899132107308,0.44556522785549835,-0.40786792461401267,0.4887880540134784,0.053723795377439286,0.039500771525571826
-0.8171894885791163,-0.14411356739036035,-0.09429902950954412,0.766620016019086,0.11635852153997159,0.3112747014873211,-0.5825470212481948,-0.29744702871124296,-0.1505803387449701,-0.7116150187421011,-0.5917433190682724,0.3114168053801951,-0.7485576343390019,-0.10142975691273408,-0.05448045625440126,0.22372846577085603,0.49131145435916684,-0.611192126741257,0.047399833390937354,0.47970496406062546,0.5697575437672511,0.007354005043152152,0.2134938121733289,-0.2396782741126015,-0.12071093457031107,-0.1795107115438202,-1.0243751120265248,-0.23160316401559206,-0.44155352026752803,-0.05134164364370842,-0.20931313027564963,-0.8403021679718595,-0.2330653523126499,0.18174381359133562,-0.6079927524048014,-0.046172257609653926,0.15953344545140835,-0.43498682347390094,-0.8290958798865685,-0.2823969669828865,0.33353162718243173,0.7559156313018232,-0.370159333903178,-0.21443818272052462,-0.314654127750855,-0.20487785451175167,-0.21298923637616657,1.1315792190923506,-0.31448614340031983,0.6759360499665222,-0.2200234061476895,-0.9493381281389075,-0.12743269379554523,-0.5099394265471296,0.3089470728155291,-0.49976418682930246,0.24411478673273798,0.4159346026439814,-0.26764349361584777,0.7416058456721129,0.8390166692105072,-0.5581115108613468,0.5178595710725588,-0.0536079704605726,0.4026357661607562
-0.8157665056396917,-0.26057172605559403,-0.22301775327344142,0.8683404910953377,0.3874967419761543,0.48799242366392526,-0.43462031064718387,-0.5721108253279719,0.06306886800888994,-0.538699493938997,-0.35159864805011964,0.17361521637471322,-0.6383993843288365,0.20873759804752348,0.3832198209287683,0.30491518747871366,0.705529205667101,-0.7107415397615254,-0.24934447208437244,0.23864559216021491,0.6224087815486162,-0.5197897331693658,-0.18170380224853913,-0.41671438018879425,-0.3956094507251527,-0.2993453983589219,-1.0964537842929791,-0.4740805737865156,-0.4121352575229628,0.34517727894181643,-0.333692063420875,-0.3866575725691194,-0.2626595153263993,0.6598593467716332,-0.6094250019332571,0.30340913416632287,0.12630334196937446,0.020575780893008398,-0.4899479537577027,-0.5992262703187683,0.6390352291308549,0.8874194476263187,0.050796729367103444,-0.10151959110982614,-0.6143248525361947,0.28961337606790516,-0.47809100737831417,1.1027926274013578,-0.14900702341782196,0.3550228036385132,-0.42807695021304815,-1.0469608775612402,-0.16937475755462914,0.7003834701268483,-0.05189905296002419,-0.3180966495003202,0.5686894404468169,0.6164979621176767,-0.8282049128274674,0.0946921688487834,0.9983067039019322,-0.816287842717257,0.4855755934647743,-0.27502862203158823,0.31300451316213235
-0.81505279988619,0.1326527139200334,-0.07726740186010268,0.6846488805778901,-0.14344206116008162,0.2176379982129189,-0.17477863352990614,-0.2035887160072161,-0.14786850923459216,-0.09188404207884093,-0.08524929863243232,0.11791439973557916,-0.6812496710870405,0.08899289552329934,0.5358057785531619,0.21145951865472717,0.5474200705437937,-0.5625902801920422,-0.02580082016564099,0.3779059444696478,0.5124445119934291,-0.27588713553796107,0.29085330558227296,-0.28084558047961344,0.04554482188230321,-0.3318381387675333,-1.3700300063038533,-0.8209496316158066,-0.8859747893960439,-0.32493961495254514,-0.12063966359932773,-0.6218117651155507,-0.869645249969324,0.5525088925831899,0.16388550891962828,0.23428680456942633,-0.1821795466479009,-0.4053748975018638,-0.25972430291908327,-0.6465196393158061,0.48030451774490157,0.7862125660483302,0.5455975104133879,-0.08077632367166586,-0.7177345950603057,0.5526322761453102,-0.35789052743158734,0.2849344276026172,-0.23200074639407908,0.8650914625698771,0.2881400887319465,-0.7886543513978608,-0.2086489528783959,0.026357765977497005,0.10207471042119762,-0.518210081970734,0.2808265244916316,1.1961593452933397,-0.3928300656765781,0.566039130099812,-0.28463313982518057,-0.6022130395132971,0.4340881569728918,-0.43674118418867175,0.13883309560636503
-0.2502734993244381,-0.4082811211021138,-0.3933138152828409,0.9765960188921047,-0.5912342825187273,0.6541474881521597,-0.4543469198014418,-0.6497844944660363,0.2312825608532935,-0.09329618169257303,-1.0298715622005508,0.638234931786603,-0.4694011965123382,0.36101185519975265,0.46655302320087466,0.2854561033825741,0.7843044831410602,-0.669721770512966,0.28293453615887243,0.227561267112616,0.028750496577507695,-0.4858890985437375,-0.27409029764287457,-0.18349760945849075,-0.13065942016844273,-0.22974295429391306,-1.0892473691465197,-0.4545657266669135,-0.5892164204190721,0.031200723570291272,-0.2930081350980618,-0.45250633138048024,-0.08893007033657067,0.37224499817331413,-0.4687926100599144,0.4448564565008,-0.16075576083600535,0.09724190848202767,-0.1878078819740861,-0.758254009696234,0.48624955339446274,0.8357141728271043,-0.41605549251697005,-0.23519076594008767,-0.4446853663703845,-0.13501098608828316,-0.42941476839019405,0.11638815249964068,-0.33579589563192497,0.6956457118027779,0.4957105234126121,-1.0313019909049803,-0.0643730219619705,-0.28050530110251876,0.582352117156375,-0.0073510340627196006,-0.025210365103704863,0.7973580698993367,-0.22420843359791415,0.5137233492457902,1.188082053816226,-0.7280345816626128,0.517068975778381,-0.5719025825503181,0.16193415717044699
-0.9838682031255976,0.43545279331065945,-0.05803699304471302,0.5551873104787451,0.37206187322314205,0.7741001926679453,-0.7680544550697952,-0.44130250098393914,-0.14109223375111338,-0.766186050116829,-0.24744613656257922,-0.09445504908447286,-0.6611727097101835,0.20670838600883015,0.18646601706455007,0.5383650287340586,0.30712557026576204,-0.7143398826524494,-0.03575338710881878,0.2943880497244934,0.7872216920168251,-0.3529645654509452,-0.2229277940366426,-0.37009728974843026,-0.3747953518858188,-0.2487107131276423,-0.7809024262916211,-0.6200172629101213,-1.0100798454594355,0.012179434953334893,-0.2582243431058301,-0.0552964875455724,-0.3118994419226513,0.06761334283207987,0.10779969839280454,0.3172495254243393,-0.2322077542372649,-0.3007807981172488,-0.38888553620609617,-0.2561657394846135,0.16839860296268006,0.9307058642016951,0.31060819013545155,0.4906007461751221,-0.47780926095636017,-0.07256624172618736,-0.4402869703644264,0.7915529979981023,0.11564023893514254,0.4301159451710782,-0.19545046703750307,-1.2871653947857913,-0.1959040200106506,-0.25723497897858943,0.6018881505732034,-0.4417458950168424,0.4484835537738112,1.2024351653660033,-0.32960402686486945,0.5192893598967696,-0.13903733359898843,-0.9715439168724231,0.19077356679037963,-0.43353805293855463,0.21673809167708635
-1.0315085307841574,-0.17642293320492536,0.030883014646684803,0.489094036769684,0.13053692695642835,0.6959517333672066,-0.4397761350475443,0.05597685592609947,0.07198763961506868,-0.9996013148442545,-0.04307842783681821,0.24064768507746537,-1.1545063826940403,-0.19145646966771737,0.3853113164924233,0.5164669155338871,0.19640835647578175,-0.5580316628142231,-0.10526151904655291,0.3407195230272211,0.2797648325614157,0.024340545940917894,0.18817501909883894,0.2601457685720954,-0.11801276181933436,-0.6191829119327321,-0.5344024482699257,-0.09877457590894173,-1.092361324558575,0.3587634509456651,-0.02650693440708068,-0.37421103730266836,-0.4215569813626037,0.10032095829947091,-0.14335732435035325,0.220536258787207,0.5350044717698265,-0.674278972766059,-0.2162570394206449,-0.2031945085989013,0.1834927774588296,0.7711171565228018,0.058640861295427234,0.15996417663277668,-0.7017352594503846,0.35711787377976567,-0.17446916210589475,0.6785100322424023,0.1266891875359733,0.5810673403933159,0.3395705283596113,-1.446498364663908,-0.6797164633269127,0.15743138351045857,-0.48515977264785903,-0.5914426208382423,0.2377403542713388,1.1182264268994004,-0.7200679535118178,0.5007544207128619,0.9413604038930422,-0.5791129390368508,0.26786942492542876,-0.1250546872352402,-0.01806500756270299
-0.5383904868650063,-0.02987394165065379,0.060546476044159726,0.373706786498936,0.41983855188594255,0.09011607281525133,-0.39955964438425745,-0.1128052845478527,0.20791926900695937,-0.7069622974841976,-0.5270096231463921,0.14658049129312378,-0.9651681203190653,-0.11565751303877672,1.3144974009329249,0.6243390142883962,0.3532283717108582,-0.5588412111038383,0.17580479992478043,0.4823557857229836,0.095921579633433,-0.1264289499288632,-0.3979489545034566,-0.26280541624561904,-0.25004681016894453,-0.6081655949504845,-0.7457118378627682,-0.449230842705182,-0.5633232927542836,-0.10264713540735014,-0.02282418217863115,-0.2560153934188323,-0.31473512334807374,0.453249721599316,-0.38154836593528735,0.7336864501969591,0.42149972995355434,-0.26184841328696634,-0.5494711370226405,-0.784827139532979,0.4209670646506391,0.9223683512112354,0.5903732724037947,-0.6074955581881731,-0.6705357627267212,0.13373832297284374,-0.3652957651486494,1.0309904503281546,-0.08698329549296742,0.483465786379513,-0.07397302006342284,-1.0899556056948105,-0.2861486230337655,0.05806456752294773,0.5269855532715338,-0.14965244531496558,0.5363968655693423,0.5915304597610316,-0.1905359120813269,0.22879608233681242,1.031516455093767,-0.37862083030030114,0.679267164397143,-0.13493716835796446,0.1907342258882576
-0.8678334711485334,-0.41228750065983766,-0.38007805536367084,0.04824087162556111,0.26952072966430574,0.4561495627047556,-0.5572259092071347,-0.5616696771447601,0.4481418049588437,0.11855115725078673,-0.5088864995053626,0.622345545610974,-0.6110849033544209,-0.12412377890955265,0.4977160253538788,0.749677378032519,0.5925782947891803,-0.6900441296400436,0.06729285327864254,0.6559468598678239,0.24617859711109735,-0.2568436662389388,0.3344309108760932,-0.5166668067712975,-0.24689038170431252,-0.5945881340536348,-0.9440777339483989,-0.24357646590993992,-0.6846973054170857,0.2731576124108477,-0.19636295226844014,-0.2952844780441685,-0.416862205863517,-0.15681878589562934,-0.49288385351786723,0.5458343557956903,-0.7810496751400968,-0.14078948901183289,-0.3158436151877257,-0.2650551657048767,0.40518535684264756,0.6354612654210746,0.5254306334975795,-0.1870695275165795,-0.5283633589598706,-0.26106990355139315,-0.09250169237866776,1.6094274436353044,-0.06028487309620617,0.7471542760818829,0.004189587493180061,-1.0700209872674304,-0.28653843050211786,-0.29680137359124553,0.4489192967506397,-0.4275797884864128,0.2670752592279204,0.9348351183180534,-0.41505335740899796,0.6345056394520648,0.7283180615638319,-0.6226998419859194,0.268535127943342,0.11927425200424463,0.30412404445836333
-0.4136492495418138,-0.14116048560057942,-0.8068934202562423,0.8066354590944403,-0.09875505045594177,0.47812599283083174,-0.38568234255326594,-0.30642370535588903,0.4313115604363828,-0.07113704696406994,-0.4808757374458267,0.5911864763743023,-0.28127893548612837,0.026314969709094815,0.730270542635637,0.7106116403997516,1.116325114957848,-0.5622859814737917,0.01014302779812535,0.5200457578538319,0.16528478734111274,-0.8212667568103541,-0.34975263889674046,-0.5895189692970055,-0.03395325166519719,-0.5240627831838427,-1.0643515770046628,-0.41233975438954634,-0.5882701751819359,-0.05861438956018543,-0.6228038505193777,-0.5297138197029767,-0.27254044992314863,0.021716098792872594,-0.604237240687595,0.2828885672053212,0.5258168629651909,-0.039197956975826766,-0.5125029221815984,-0.4983941249738586,0.660426542906223,1.1509302950676845,0.20928583700530642,0.02666501407027344,-0.21647212658564524,0.1314662043013577,-0.3511362920564586,0.9645678653911061,0.22375568885699165,0.4649016744639496,-0.005588799364343686,-0.7877804796451149,-0.39067815648175097,0.16450147611555235,0.3242170398515285,-0.001926953584303566,0.28365794654892684,0.3601172190996177,-0.4423717283676019,0.5591024712423317,0.7792463858645732,-0.6265313035274821,0.3696817331226787,-0.7365695831360022,0.1986788261271007
-1.2480008818269392,0.484167387103865,0.1799127682109148,0.5445873801848915,0.7150872268973697,0.8336746347223355,-0.8306421935413304,0.003360146671344169,0.13791815328897525,-0.7946349977813687,0.19702997301584368,0.3528081653441758,-0.9979299848838019,0.14208944298476395,0.4002730966817365,0.4543878441102251,0.4360611079338283,-0.2977169016232187,-0.6649873320002596,-0.07343310593047195,0.4789629902493108,-0.10913681666764224,0.4436966233707731,-0.1906428104169929,-0.3673042474536489,-0.23857150651363582,-0.8401049566834633,-0.4580244277455259,-0.8006947905147257,0.040969913923560586,-0.026226809872498716,-0.5101176382656202,-0.6506150364022849,0.4649636898154474,-0.22687176031055778,-0.03536426910928371,0.27053554319477047,-0.5335923099742833,-0.5230216667033163,-0.30268178045556854,0.34225091591857115,1.2037515391652391,-0.09674794079609281,0.6516746955853805,-0.6457980924961504,0.6804846227801298,-0.0045274572057183785,0.5085195261459869,0.38551723988931935,-0.3152461047774464,-0.45017468394092897,-1.0330419480162865,-0.056679599494606436,-0.1019732203377279,0.319021426645758,-0.6840702815385047,0.1221376771302501,0.822589818009047,-0.7126722675399482,0.3970227868062118,0.05832943217303859,-0.6341826135655113,0.038299544746094275,-0.3370514308018291,8.328490238655381e-05
-0.8355606311993092,-0.23391330381513198,-0.3445083379235883,0.32028523452621743,0.17202561203996647,0.34588496627098136,-0.6764629445327315,-0.3470122959474008,0.3724149347155578,-0.4126777146273638,-0.08130989387780839,0.34731095893764785,-0.8947866304345371,-0.2905595158202287,0.515515609261883,0.6694685670771898,0.1413318738183651,-0.458813017269751,-0.23198123305646426,0.1632491493093126,0.01315504818418766,0.18734522725467218,0.17713317631097117,-0.026854503504568125,-0.35505595865387907,-0.24290876187838517,-0.7057056096393036,-0.3670054125337269,-0.47890806771237293,0.1747487353167907,-0.17803823869843313,-0.5772025330340111,-0.23211436958107992,0.4245659763618505,-0.4211260510144993,0.6591875747083015,-0.0347312054907786,-0.28790905465190264,-0.45893127914710335,-0.33656231179144785,0.47318922821676235,0.5235901145436603,-0.1823072425384849,-0.5702491776419195,-0.45906886150145454,-0.06896453657787001,-0.37885847663524813,1.2027419324407003,0.19353889544739578,0.2786011797145065,-0.26114217657903277,-0.9930043310448579,0.19492984261339494,0.5315978869995084,-0.12023407879678485,-0.19757461418436553,0.21669943571766268,1.1840062256274964,-0.4466900054743391,0.5639912358279151,0.0049558544534177296,-0.3373497091465855,0.5221991995685582,0.23871061103231458,0.06676441475205082
-0.8342593985032708,0.015710731744412357,-0.09612696208785731,0.5642882668318906,-0.2776480584680259,0.3613631681802611,-0.3629893177989755,-0.38747780267477255,0.20349259615289006,0.10422145504348826,-0.672413196532057,0.24427542635693741,-0.7445376043201957,0.11144328984550403,0.7199194408826923,0.598150320102536,0.3452138794942561,-0.42738752394958734,-0.33148187741569934,0.19054338010507232,0.2316180484152202,0.18099367864385588,-0.14519110572380364,-0.20030895643054264,-0.5004275596288179,-0.38271117996711174,-1.1263551354847723,-0.4406972015145909,-0.6966259025809688,-0.18237576311987028,0.04309363339182006,-0.4879794955815775,-0.5407705075874629,0.5131871326117617,-0.487298981891923,0.8648228659564399,0.49674034655095917,-0.6113463105568134,-0.509576820410398,-0.7553018348356719,0.6792457305971819,0.7256655757491227,-0.04748132861823818,-0.45374918044653556,-0.5556597933942224,0.4173362898431528,-0.8686188109827128,1.2710655869687928,0.26442129683841575,0.13036872369369829,-0.24298673611632687,-0.6328568475917739,0.04967327376965017,0.44762457092483465,-0.04474540286989036,-0.5438862819280981,0.06205349271130096,0.8110697750142714,-0.4501656641429986,0.7070897268099477,0.44972548218939284,-0.539339434033402,0.22909017460390174,-0.46884949997701864,-0.06279020860167756
-0.7105449144529655,-0.6867190064262593,-0.39237297131405774,0.5461482318037651,-0.2818984408999943,-0.06829624052853564,-0.34045922334880085,-0.30772259756272563,0.211236399183641,-0.4599489295032666,-1.0383328157993255,0.5609396807262702,-0.8585595534283059,-0.025009637877331313,0.8036237949540613,0.17046004764625877,0.2317478266139858,-0.8638457952533136,-0.2126380545783932,0.42719326080454956,0.4303486153487766,-0.2846643823650734,-0.493386421178728,-0.6215739652795668,0.055971898555963115,-0.49168206508420736,-1.3197635915456098,-0.435205164827352,-0.8092872169768597,0.09549300029438587,-0.31599240010136403,-0.6620414093463346,0.0492664606908227,0.258471884731193,-0.5464774178277432,0.4617449683818005,-0.6436341529117213,-0.07518888691604518,-0.6368588358030651,-0.6519242208669666,0.550553773016117,0.67141546903355,0.252880695279421,-0.4544069502136668,-0.6977151273552583,0.3474607873247391,-0.31265624619000376,0.3973077356976973,-0.19168378631776067,0.8407663599044077,-0.09465147903620813,-0.86678712480507,-0.46354387420259846,-0.14450758755083654,0.41202895656963334,-0.6453615826093887,-0.2494198669059694,0.7549093882041699,-0.37117553091395705,0.47528209555477624,0.9112569935002676,-0.4441033408089965,0.49049792778034257,-0.43250490321998875,-0.21316990619919626
-0.49361687701830104,0.28068135832776375,-0.25909932020105053,0.4091292652011643,0.20725492475799834,0.26229484144784865,-0.34530785476679926,-0.12223476816506959,0.29112006695150927,-0.386498605521846,0.03956645706159288,0.2408055896667917,-0.5713508544179389,0.011993031008351585,0.9738619807893991,0.3385064716227666,0.29585436750150584,-0.7862459170406862,-0.5005659012394574,0.33217374843001174,-0.0119217799398851,-0.8398156176774848,-0.22572604374369307,-0.45219952934556856,0.12451750486167051,-0.7366751152540804,-0.9994001074149433,-0.15498336553946607,-0.6283054570285986,-0.06490903008278054,-0.3642155444270122,-0.207914426755483,-0.034835464856638236,-0.13265705896048688,-0.2857574874926789,0.015305130471502545,-0.10364673606048096,-0.15655564105586958,-0.3784728667906228,-0.4671783317835064,0.4674973035028365,0.37207705348822784,0.0332989125994068,0.18426466970801114,-0.1909605043451153,-0.03619545068997524,-0.33448252919375393,0.5211678091638462,-0.39493188621872777,0.13247801366405837,0.010624368332448397,-0.9038714261816129,-1.1577125473695729,-0.006962055492014625,0.12173652055546455,-0.561083530896969,-0.18677453511809938,0.9722384609628235,-0.30883843791680854,0.49412341486409544,0.7422821386972973,-0.5976014910857999,0.3289320418541739,-0.3127300100309617,0.19099712753779344
-0.16870533680157082,-0.2070279764107661,-0.5441500282273779,0.526070754203387,0.10150006700828954,0.23794393000226768,-0.4449360840201857,-0.5888774566552274,0.42206808739497775,0.14395643010683323,-0.03690318672354233,0.14624427720152322,-0.17834003276220853,-0.49200766748555935,1.0724670268263903,0.3545729351679586,0.2110729384290363,-0.5092211424390435,-0.42216887546754317,0.13224744287250534,0.5691092704460461,-1.1764808932726094,-0.036814081303226324,-0.014526130506265188,-0.35510324724368514,-0.5264158353535767,-0.8271193696401423,-0.7948323945687304,-0.5783340471032964,-0.0296291186401428,0.2190768313639815,-0.5294459625732617,-0.252253462039315,0.23143350371260313,-0.030355032892643144,0.13762797614887678,-0.021224317033191317,-0.5993918106958703,-0.45466057171939084,-0.22081786367714348,0.6301865749823741,0.44315121379364103,0.00508447620163089,0.044045862042521755,-0.8286163786399678,-0.014267281327569992,-0.8080856885494273,0.8515362690904066,-0.035085717790239036,0.5517408378328151,-0.10465525694792924,-1.1759899414352968,0.002196830123145449,-0.026137797594173687,0.08614895260312523,-0.03487176407919579,0.3403916097047823,0.9940874465119549,-0.4754486475564714,0.45863656255550167,-0.16688071845157437,-0.5330162565463643,0.4447169583942346,-0.3912770495143172,0.06320951640389064
-0.8404965171027642,-0.37137158427455663,-0.29318278435490297,0.23893033681633952,-0.27598788373441474,0.3492365753807274,-0.38764160229857036,-0.5437673749340026,0.09002321555647269,-0.4628800540193555,-0.434521263981191,0.5363494416765198,-0.9935953206175564,0.09670374432736875,0.23662005103439565,0.5695675465034657,0.5732167386528918,-0.5771408577685104,-0.08345515754958582,0.4196405992300908,0.5120374828868965,-0.02457338235794713,0.06201478128011273,-0.39503009688384383,-0.1300914273719083,-0.29644075208927345,-0.8545208233312915,-0.8923725219147852,-0.5880112581045022,0.4227804751209954,0.28783830604915717,-0.38528772488018403,-0.4961692518649828,0.5384102309816502,-0.3371948538302256,0.6153672021953741,0.02733905612566607,-0.14879984390434153,-0.15818346393846713,-0.38596766976022345,0.6211585753322355,0.788658896785245,0.4157716613648407,-0.12312043636844858,-0.2683085985998114,0.02849443400944684,-0.5423779346453949,0.7294024466464283,0.06149449161899059,0.6565183455680231,-0.03785123598027936,-0.9639016708124928,-0.28289447810716695,0.2487213593501902,0.03969239586503367,-0.5682494247717494,0.26758987236470866,0.861903815499723,-0.11597343699132662,0.5213794685490214,-0.0374010663397657,-0.6615164053325028,0.12065111328432787,-0.16171923552672698,0.0008795241208454027
-0.4962508553616575,0.14669661821457286,-0.2061671374063123,0.7219076901729281,-0.10190913343128333,0.597589651542461,-0.41111947427651374,-0.25986016894219083,-0.11164047660236504,-0.47711833856686103,-0.3971052368919764,0.10093812116550728,-1.0901828833473117,-0.5204530311932465,0.3812746482476712,0.656108335013286,0.527281950609881,-0.6372177709510792,-0.081390357928187,0.4397626597841348,0.36539466740145243,-1.2324170901527736,-0.08059892818408441,0.33547578485299795,-0.30629373036052576,-0.047068284524097656,-0.8290279369078147,-0.44666716094943,-0.6638742226344218,0.040197174615994355,-0.09023971717925944,-0.6123939577767938,-0.43446927537474617,0.3176611391375004,-0.24550159459020723,0.20481220627367586,0.1633739995457254,-0.04633007596330118,-0.6635882617205169,0.05477208355145558,0.5578541632941115,1.1789902902987772,-0.12836448279762874,-0.4242026808610977,-0.4285398289530513,0.10835327402060425,-0.4198007182629735,0.6317197004305898,0.2628181735832125,0.7492837094870489,-0.08434892228770988,-0.8873712351236366,0.25330632248922147,0.15459166487090234,-0.1753133713068141,-0.2669845318298098,0.1935189972920264,1.0728393592074854,-0.8122095206247995,0.36857260895114075,0.48447638150432365,-0.47842149733896555,0.3663033048000397,0.032988217076391095,-0.045794034368605734
-0.9835204742958606,0.1479091854288409,-0.39563790772290275,0.10557451198462595,0.31920438429764325,0.1357277699316326,-0.31582512432896015,-0.1705503783093698,-0.18474622467703225,-0.3695726277766351,0.4895356782647587,0.47415752581511245,-0.720364589524682,-0.22806682244800833,0.030366056100205957,0.46861543046411225,0.3923072913342597,-0.2373604467870443,-0.2057448876568907,0.4132697624231607,0.3157339653442231,-0.22698454914147786,0.30228853219405144,-0.266345862307318,0.1601975832724488,0.11364188250835948,-0.8054377710960907,-0.8639789306358028,-0.9653002522735308,0.025652305069143205,-0.09974320672693257,-0.28000137477448117,-0.676509121781339,0.3538113711430359,0.10630641419330758,0.3761487710921938,0.20393919195668217,-0.5250334678408543,-0.561935761435824,-0.0403401730940014,0.6378747968402526,0.6403642248142022,-0.44057296133387874,-0.9531787738175811,-0.9328990407152339,-0.03589142503271113,-0.5447750036838807,0.6506046278285695,-0.2589456891547282,0.4284270729023051,-0.11928567364867367,-0.9591958449653867,0.09395399714735006,0.11715230407925079,-0.2937705869310322,-0.2410065664212167,-0.029562273133492273,0.3027814094595077,0.0334141194347022,0.5750975022780982,0.02523339817889282,-0.7734275698366636,0.42736984565945063,-0.14863302873288903,-0.15381336527551057
-0.17295027770911858,-0.31391566022684597,-0.49863092031215855,1.0864948158358692,-0.5047144564296743,0.36893811512051566,-0.0737310546741828,-0.38154628789811396,0.5271976894146987,0.21091980313009023,-0.6406105891838775,0.6193625649824382,-0.218971516787211,0.3447949660357051,0.9388709086393203,0.17233322337416412,0.09289170805457984,-0.6586650402741587,0.3061912694838316,0.1336448222176539,-0.038345923268675114,-0.6401375346037205,0.03919875763587783,-0.8315793973407731,0.015435686490449536,-0.6423362332001993,-0.9100978191632555,-0.9202912082454556,-0.2388550488220486,-0.2809532400447035,-0.4275743315526809,-0.8251623965564245,-0.4928392364360815,0.35800584191880963,-0.215451707790221,0.21433218067149437,0.003318346045710358,-0.24577657258562974,-0.4505606137715432,-0.4659128712396481,0.651215702481614,0.5094706265322947,0.2538121415243874,-0.6543358973139511,-0.34250990563896433,-0.9772932911422374,-0.631691502848214,-0.1463502433892273,-0.3216356764241165,0.5720702104129188,0.1359824021993083,-1.0378557954631709,-0.4899181974944319,-0.4822054279834564,0.6144292837952786,0.08690664130260344,0.08425759087192944,0.6678842389929639,-0.49248863960452255,0.6064847357683318,0.7808736126158174,-0.5088154633996356,0.4565897006024003,-0.1870574162056447,0.0005874265556398209
-0.6462197754319031,0.4654845634897416,-0.38456251528930513,-0.05822980224338291,-0.12412818445687278,0.3185570157021926,-0.6351812724536546,-0.2140291174458293,-0.7523365258071939,-0.9005321862855066,-0.010217567699881202,0.28703421621473174,-1.169854309134628,0.25459611265369964,-0.14116198969748361,0.7299762324821825,0.5253970317353771,-0.510493402313018,-0.4930143854405987,0.2195398100983155,0.6637188243782152,-0.42125747783496226,-0.14688309918700015,-0.3157528058501082,0.05811241607269824,-0.003786166389355833,-0.4559784146551145,-0.6644065200406356,-0.8299204392840842,0.10109552494215296,-0.047285937726530766,-0.5820594867632756,-0.3371707575759539,0.48609161105626725,0.055766628681072176,0.31819366819357825,-0.14020416975035496,-0.05844697965376423,-0.4314679659158398,-0.35605403135154423,0.610695654727753,0.801090412243593,-0.32670800066547767,0.19630689467681975,-0.9551733134569752,0.30194242687950634,-0.21307828340983503,0.538669102618427,0.5438038915685172,0.3425354447051875,0.07919292152312882,-1.3951732834746935,-0.6016749563446588,-0.20327961024210028,0.8059147300432845,-0.5205543837672294,0.1877909814427527,0.5058611231140459,-0.919433005998034,1.0171690673856169,0.44993179988383913,-0.737323707044718,0.2348590015369092,-0.26366957938228824,0.1759525928351241
-0.9155905811415356,0.1207862732836609,-0.22307317378452518,0.45143025251231833,0.6165509288713946,0.7655000783786511,-0.4654648214542655,-0.392997325121464,-0.10844802409839097,-0.2921237764333625,-0.304459261297483,0.4302899894903538,-1.2806971306813058,-0.2605248715480043,0.3216914729797871,0.4864525424182586,0.01873000823152004,-0.4548557040471782,-0.17308017797790004,0.4700605952710117,0.41434285080872063,0.13483846216265277,0.2485941559194395,-0.557815481596486,-0.29325187533862873,-0.4040896327462751,-0.9182848523591589,-0.2640298072868554,-0.5299580058338139,0.3444970890627416,-0.024053177082813636,-0.47706767431336167,-0.5539945882862479,0.6307096337565723,-0.627038134702232,0.027221340258608312,-0.03302924973961597,-0.45358825947228537,-0.2715993961251115,-0.411747310237045,0.402235203448453,0.9198820147151433,-0.10485882097568947,-0.9210272097135938,-0.8255296333341918,-0.44844998332594277,-0.8250809564357331,-0.048840406185695934,0.4490153022468583,0.4457240564276085,0.18724568266518477,-1.2433648719896206,0.16434818502297366,0.19627449132148472,0.5950677373238442,-0.34366470199938043,0.08952478344155551,0.7664580549977338,-0.3502317041866636,0.5020526219555101,1.035298685796569,-0.5186621822611455,0.3647906316666011,0.20459184385283496,0.08942974108622964
-0.6710212711377356,0.17842874841095666,-0.6901361737851051,0.8818827742805027,0.2766913943438215,0.6702360305327012,-0.3364332333669812,-0.39811932498893243,-0.027783702869961603,-0.2858783293723472,-0.40526750516631077,0.424788527646246,-1.3162714874956627,-0.1668037019227405,0.4098887165300138,0.6080431389856196,0.49470197752208805,-0.484456768007159,-0.09799123790542802,0.3502154801770496,0.36703792849270545,0.13060796367924227,-0.06348345823051342,-0.8588605541286666,-0.5792185861531582,-0.10537617458170698,-0.5128737173087948,-0.09156865118886787,-0.7892758562516884,-0.08719885446525065,-0.02029247230394873,-0.3466650479330833,-0.48750272365018055,0.3319170800597319,-0.34210850734887177,0.1510407476072403,0.3578970079398799,-0.45845896853898327,-0.42154201139235536,-0.2347829449635663,0.2684521634542185,0.9713524725080603,0.7124848698625633,-0.7451724775399251,-0.5294768759466192,-0.21298686736710057,-0.5162272433333434,0.4876125158033123,0.14808637855686077,0.3847916937385839,-0.02955305555909482,-1.1275441910604906,-0.05190863154083039,-0.07302718298061078,0.35806180086976913,-0.27441484042740094,-0.11114032177387854,0.9644759733381078,-0.32840144683373335,0.336042566560248,0.5524822926826358,-0.38603615855178963,0.017925289762568276,-0.1023480969173391,0.0739746200605412
-0.40287908086720364,-0.027974636777759524,-0.3203113447018139,0.3962666645144309,0.7243037082064712,0.726199577442627,-0.2897161885175801,-0.16879382272941623,-0.12221464766067718,-0.16786776970192913,-0.7271453438640727,0.3654140881128045,-0.8345496002639243,-0.14925440963179298,0.25905081605232166,0.6304698538600148,0.18303194925181637,-0.6315295435491566,-0.03298422014627973,0.34039712961534613,0.05991980665316407,0.32577018756710907,-0.16934782130809933,-0.9164442846349402,0.1922904290106477,-0.08110417831213598,-0.7889388189868638,0.1361768445125965,-0.431639496703525,-0.14776382591391254,-0.29589547305701797,-0.3855252311421889,-0.3771364686094894,0.5929482561095595,-0.2240163948108001,0.3655531036435295,-0.14711538917528993,-0.3691722524301852,-0.5756990786385863,-0.5891590128933749,0.21261237490846782,0.8507636595864417,0.06245572303202611,-1.0308410473768854,-0.3328456780228981,0.13379757450912114,-0.22474293383771665,0.8199700928998978,0.07362432654020253,0.4784925664126594,0.16465621064717872,-1.1646275300795248,-0.5402613422704612,0.3660113041821163,0.47706773940703917,-0.7243434937498049,-0.04695512779237085,0.5778659367991584,-0.4181346733730074,0.7215576646306401,0.5616734158175959,-0.9880664495354338,0.20481453225922133,0.14694164312735966,0.5356758136851095
-0.3410515556472901,-0.32689124044163337,-0.5809107702118949,1.1326073671717145,0.18857037756069958,0.36352728684904795,-0.5525164087320996,-0.5897115584522037,-0.38050309959971196,-0.04010548358936808,0.050607163989622034,0.5534126519952897,-1.028904079365646,0.15974281108756958,0.6158634715323873,0.4918288836603862,0.5268999935576031,-0.6498957074120333,-0.04796131437684953,0.4576847193194098,0.7528080795514757,0.8055413141707621,-0.06633410213405078,-0.5001925946792274,-0.04233955695978329,-0.3265292045497448,-0.6452851723617183,0.008063258095329234,-0.6848610029359081,0.04776653084134099,-0.29148673702775063,-0.36036832272593133,-0.26997691610277197,-0.265122419731472,-0.6151612678350666,0.32973473078384585,0.08225426421286428,-0.5687421046373915,-0.23834983235973517,-0.39896323515236765,0.5784361478923521,0.9266570498706119,-0.36321696905188866,-0.7454138115534883,-0.6212962012410858,-0.1559176088000756,-0.21904551584311677,-0.020814928808748842,0.3438026686124187,0.4083550939041354,-0.0831058694200204,-0.8465385705567865,-1.1323266803648935,-0.05928174226734441,1.146009877613711,-1.2792649479628802,-0.1294642261172761,1.2571650638359384,-0.5889596837125417,0.8142927012137636,1.289910067052136,-0.7396620164050683,0.4762325822007635,0.01809348903107917,0.3328500195396655
-0.4453195194400065,-0.010701597767096976,-0.9546072158055077,0.6356592596250744,0.8063165547571786,0.6660591869511442,-0.5269019897871353,-0.30860287637949013,-0.6426281515266778,-0.30777613578564855,-0.7851913462935692,0.2958391688293516,-0.7307671654962578,-0.1429327064658748,0.15633332187425333,0.8070138547070753,0.4155575903379165,-0.443404167987104,-0.28839564073723245,0.5062815366020691,0.821047032044679,0.025507000057441047,-0.07290783933517314,-0.5807988599259779,0.11480138226474182,0.1339826837502875,-0.8886234031686934,-0.3402909792626695,-0.7668287457712188,-0.12117402338729943,0.16768286003685706,-0.6065892502924548,-0.35345716339652195,0.13767255064677966,-0.26933279986140674,0.33450463338879616,-0.3128436679625103,-0.232365536815266,-0.22742709885671414,-0.8136579944599684,0.7264748800301862,0.8930697919980944,-0.32266377224680826,-0.4223097963551092,-0.7751040013189657,0.6327983025003721,-0.1934549185564371,0.6065618049091024,-0.3169140300595724,0.43649967100762466,0.055425173859373816,-1.198388587847054,-0.4799592923697847,0.07365208258192457,0.7274962564681976,-0.8432031919189145,0.47129937178904774,0.6545042861597846,-0.30034551987748953,0.79451180623346,0.593715196377882,-0.5676918506853508,0.43333696425886226,0.2889393198298441,0.19211879859578465
-0.5822289377034273,-0.5769849951465724,-0.3961619049037856,0.8304623912155389,0.46453437563455247,0.6970349239139757,-0.5809320071530361,-0.3133133941967225,-0.1553107662949058,0.12731246893355871,-0.43230212628049963,0.30674585019981915,-0.7383599441021446,0.4371048331817439,0.373611685301426,0.35422521438915516,0.5461534092888476,-0.8735718984920433,0.2389180274830785,0.21337573920663822,0.15265775402342835,-0.49461985307828144,-0.42223561219198247,-0.36793927059706827,-0.40987452141347747,-0.34714784338596716,-1.0821811422046725,-0.3534647632224818,-0.7170237942427266,0.15816759638322458,0.11942844738896471,-0.3321880557930431,-0.5603010707032106,0.18814187952112382,-0.47388488601041967,0.48611222131179777,-0.8364892787831721,-0.05894220478312967,-0.4442301162789956,-0.6568536264411775,0.7297141550935897,0.5378962166094582,0.057018100467379304,-0.4340096030940494,-0.6295940926824913,0.2092414232434508,-0.26266979208724606,0.2041006683769165,0.42071816847465926,0.7459381425779271,0.13949607700886027,-1.3414280948359476,0.10576435457004033,0.40951652618313844,0.43234935292780996,-0.3385294796515335,0.1673153479858832,0.8014075093792673,-0.6335325933394035,0.9106261952525192,0.4646750332903645,-0.6096170619101782,0.47734819252627075,0.07946203729923812,0.306734586083378
-0.4248161968539318,0.2775689926519654,-0.4618870716737156,0.9367421673646357,0.19237855356047595,0.5946038817740429,-0.14101921580190127,-0.3796946965100934,-0.05377101921446653,-0.09176149849986825,-0.3078050361945416,0.4123804570170171,-1.0283551176150478,-0.3875025709120459,0.28019498872861737,0.3764011534876685,0.5254589857391061,-0.49259084163624,-0.49595113306831473,0.21678355588695747,0.4872091428911988,0.006299808988697461,0.15200379629892968,-0.38282428405473395,-0.1481893070163247,-0.2250792065207575,-0.674614822960229,-0.47755905455459097,-0.652171451619086,0.30964152919118215,-0.4475770370764346,-0.5759602694725733,-0.2819238577831822,-0.001544349580470325,-0.44923594211113804,0.4191432283049146,-0.05878932720582699,-0.30460629762435226,-0.7810973905444994,-0.6488038255358216,0.60270312480129,0.9009447606921291,0.6598267027847615,0.07667123175343817,-0.3380367593677891,0.40082182755803397,-0.6432383760439742,0.661572712452255,0.3164048650104541,-0.042747712835236366,-0.4550402523294396,-1.1612498064160086,-0.23413318933109112,-0.11489036986619572,0.556011112444207,-0.5977135533331784,0.28660684182243495,0.8661609719042226,-0.45661869187847404,0.885962652640247,0.6183517880669347,-0.8322688458263642,0.6276016707051064,0.05427498788350556,0.29683211654299657
-1.0004473119336599,0.24653338623557114,-0.28162189054554787,1.0812931674860253,0.40802242352040663,0.28082852757592885,-0.33224874663063364,-0.3041601077767587,-0.13378094295318857,0.049893885518342736,-0.41410926119755315,0.7198688926196534,-0.7789707848017144,0.17932022139559972,-0.036947439006747726,0.4647213158686429,0.3104549283118282,-0.5171066158213202,0.20186001489228647,0.3941557275918134,0.09201687729753785,-0.492858967766761,-0.3909224094568298,-0.5957815828924651,-0.13899102736487717,-0.037974718241006095,-0.5167898614810666,-0.5334134675714547,-0.5976205500393565,0.05514468871486654,-0.26410119189323344,-0.6413253686829992,-0.6039390149983036,0.36662835082622014,-0.5214395451302808,0.4499011350585261,0.4504839408478556,-0.4960690965494779,-0.5131283352479435,-0.525402511129212,0.8245368198004084,0.17816672603857286,0.6555177903653477,-0.7602949295461999,-0.35570814085938446,-0.06456951882347114,-0.9567238100040263,0.6462119434371912,0.09242912136740083,0.4495271436663334,-0.1684516393861008,-1.2891737826597094,0.5002697462064594,0.49317957255067085,-0.5542719229676698,-0.6455394072757634,0.3078927050222527,0.5228762116640339,-0.19996787699724722,0.6415017423390829,0.821444629764666,-0.4384885241912795,0.3888968956640235,-0.06287200050605771,0.18482368312018563
-0.8698576575704234,-0.07149357205055235,-0.2966015385806394,0.9744488339576305,0.3251934668734143,0.8540388931493539,-0.6236804765020967,-0.1077721167116283,0.13581488119979757,0.03177903671715511,0.2341243015094775,0.24227498917601076,-0.8424773735917096,-0.4843931211952684,0.04175082539586883,0.806359809382865,0.3632951907435289,-0.740758514450609,0.055727884247796455,0.15843010418568598,0.5660603944369847,-0.44027761836313184,0.26485009083576944,-0.27206374169789704,-0.40516722173826997,-0.07373157732114288,-0.7938108100594843,0.10444936418799858,-0.9545329336157315,0.20156428869325543,0.06645473044122545,-0.22676955620616968,-0.8597892809918488,-0.0002715387101243777,0.08795409518884177,0.45466794880900047,-0.20525891373161925,-0.40085043067123977,-0.6883895582929072,-0.6189230622802393,0.7133049395643445,0.9324047256180694,0.08576349979630535,-0.057557845402652755,-0.43558308538973023,-0.3415883795438738,-0.11949289196407611,0.3522024803729338,-0.3855126339043541,0.523564342771703,-0.026233980369389495,-1.055388231797972,-0.31836133686722157,0.653263633525912,0.20636069354892148,-0.6267558390383131,-0.08591231976060482,1.3716585704317477,-0.32864985024921195,0.525891749213494,0.032831763236122344,-0.3397269097178354,0.45752012161160216,-0.1656651057590527,0.18572279481845516
-1.127383897741036,-0.05309907190748155,-0.354525634221591,0.739943011581357,0.42508037233343826,0.22171752788000898,-0.388368436204165,-0.09770452220998613,-0.553955323483562,-0.2648448340763034,0.15289883895496534,0.4212065062312879,-0.7525143257236461,-0.015153759485217973,0.02645252607600508,0.3448256980528621,0.0028397147433286835,-0.3237104330746628,-0.09661005690305459,0.21159116375892606,0.23262474940442424,0.7560226777742651,0.26912467691301867,-0.9091867794691769,0.14352769041178273,-0.19184169492271852,-0.5148243508402665,-0.5288435590361202,-0.9583737551580528,0.2351578727063486,-0.5973279970096436,-0.3053663124545768,-0.5657989846217948,0.5234308056894347,-0.639880563550849,0.527173120415016,0.41829734374205785,-0.25551838779771346,-0.6615295680067179,-0.6402515016766233,0.6748511279834987,0.5594390403846974,0.3297020186855029,-0.7057376901652284,-0.6064088884718635,0.06669590818570532,-0.7036407067271334,0.4729662747352419,0.22412932112046186,0.41374781626252916,-0.5372246238243311,-1.3937182313170962,0.4893673206126311,0.41128959992968794,-0.2972987106731784,-0.8876972894046762,-0.08762015255932853,0.9689316354351919,-0.4636980899492497,0.26813008111576964,0.7383591767368126,-0.7763967588344424,0.3163716544750953,0.25720551661439695,0.14556509689025157
-0.3034830014314032,-0.40202386357930053,-0.2648999634469348,1.2284853694933455,0.22416165379413994,0.5732682173282958,-0.22190390749460331,-0.28443091154789096,-0.0286375298571789,-0.3293728171916174,-0.4922650072166448,0.8232903148343628,-1.0823722364569843,-0.19200125425148676,0.1997205074724638,0.21939387126796114,0.4836779414820487,-0.2866887352034641,-0.026706074421060683,0.3039684287330815,0.21095482799117865,-0.2870079736354991,-0.22109328213311824,-0.7031966254014144,-0.015551628966081067,-0.10829327620561371,-0.869722203455586,-0.70604803688083,-0.5420362790570118,0.05231096772817835,-0.04941155698243026,-0.5921238147420835,-0.40448868818920647,-0.27609054475186007,-0.9035159412981338,0.781365815469323,-0.05219118905740488,-0.4005689639500403,-0.622785411635949,-0.8178669541749426,0.6630171908363794,0.565907750784725,0.2654355298911095,-0.7330532234191423,-0.46086498854679026,-0.5015744676618461,-0.3276102580207762,0.025184782230796895,0.02828085098775083,0.836213163796739,-0.2548529747466568,-0.801820424345713,0.20142399854114862,0.49091552540208483,0.25011048295169463,-1.1816663339526359,-0.29355806794315975,0.4100010881399702,0.10630986901899069,0.6261765205229072,1.038660966624895,-0.912070838042707,0.2102468772479624,0.040892879119178785,0.5201495769554058
-1.2089135526992114,0.3066986126810781,-0.25754463231451913,0.4617101379317243,0.7091793952027555,0.9703366093738565,-0.6493829537642818,-0.06847447313563804,-0.21669803620533656,0.11253141431795607,0.21571779349703996,0.4795995926541324,-0.8663838754293622,-0.10943821121171246,-0.6792527328319922,0.663588599844411,0.15644586737333344,-0.6062316527199587,-0.1854381491921429,0.2357264501411761,0.727833016275197,-0.12350335176046509,-0.02042426383700853,-0.6274896755883398,0.03955165947554917,0.02619673596481452,-0.5948063630869983,-0.3693612418279135,-1.094895662277297,-0.10955968900562577,-0.29388138267663433,-0.3889813524995139,-0.47469553322152547,0.5635799670592663,-0.24051235172989874,0.06357130246452572,-0.13775665444658042,-0.25184095244173554,-0.5866334205955446,-0.555879775847505,0.3183599708827328,0.7350466602750201,-0.12674477586681,-0.1191727438007905,-0.23121633616271586,-0.07953566040161231,-0.33085101538576406,0.10745282614825988,0.2560696831527401,0.4628217557390878,-0.021024618765569873,-1.368077299133678,0.5036960307407872,0.5738588999709134,0.2856139245385113,-0.6651039310041625,-0.27546674044112557,-0.036015071114968975,-0.8336485754721739,0.66584420757041,0.14627567287942617,-0.5787290303932225,0.2856783027095984,-0.054040675935893526,0.46144257309159303
-0.9977515338334341,0.5293998913283954,-0.3377779707589774,1.2793036106362794,-0.029770115741360945,0.5259348454208985,-0.4364168555623598,-0.6280408654308077,-0.5028942765410654,0.22915167885976429,0.46458943032361516,0.4449055307327891,-1.3730008238449936,0.04986738591782026,0.34453968348893604,0.4515306390444094,0.25182483110085535,-0.4542243062417536,-0.06691836699927911,0.22226368710508165,0.018554414128302762,0.022690811764704492,0.1121866385084897,-0.2341347312281865,-0.18130049170931845,-0.1753183818456432,-0.9414509024189341,-0.49926454409837057,-0.6918199118777447,-0.01791231487254468,-0.31405247165292477,-0.5556093571729701,-0.7532740947127418,-0.19341286085993323,-0.743167214293823,0.81283929018357,-0.21420774533297157,-0.21717697059386573,-0.7037151947626201,-0.43305966920580286,0.32883463152623543,0.9767845644274565,0.27449969473259683,-0.6465531775366009,-0.6095106539706797,-0.09918568410186197,-0.6745660202415178,0.32642585571287297,0.29103512453307395,0.17083811913753752,-0.526830670253179,-1.2749083672627315,0.27045011145409525,0.8418559911287999,-0.034457007382922795,-0.24375656094449005,-0.5631927026052644,0.6773896462858158,-0.18703334300779098,0.684222887808248,0.4725748183690351,-1.004785528992574,-0.03834991782701791,-0.33574931688811205,0.2210394526904016
-0.709024706642264,-0.49997288646983307,-0.3991068684648463,1.5628155987491705,0.46831983808045996,0.32823839911340835,-0.5924788901254933,-0.3575385843116068,0.2184782845390172,-0.14113767308295305,0.07564462230815902,0.5098395541534493,-1.5296464734741089,0.21412409023429915,0.6408240932109579,0.492857389634199,0.26763470605668305,-0.6372227141687439,-0.00855848622985092,0.36472393356902655,0.04704594683283595,-0.34679846067964937,-0.09536870697981423,-0.38862594801695494,-0.19022137656320545,-0.2805748701621432,-1.0631273978490743,-0.4155603217747204,-0.6066958430126926,-0.3083809009052433,-0.27710050000344744,-0.26144791717946575,-0.5273277556675053,0.08991476049054578,-0.3318013997447229,0.6096845173394091,0.30150211646572034,-0.28469121971023664,-0.4103607083052283,-0.6256104394986259,0.5001678106807362,1.0719340974787301,0.6132749066569513,-0.8433493630210591,-0.3815551204891183,-0.6029713964794651,-0.7107809597535782,0.23424792066951583,0.4039552304394359,0.7212029144630184,0.146998127189618,-0.9325842717636516,-0.12469969456138888,0.5475400711640555,0.2371499464245085,-0.7995829622051083,-0.4127064802173639,0.6827405996472282,-0.6043820341636239,0.5328988914999536,0.09603409289795746,-0.49350823859663034,0.21895409699583473,-0.22767510731776078,0.23813299278049774
-0.9104198720963866,-0.0695520730512201,-0.24589459930577895,0.9124824771666321,-0.0030845267564491782,0.7738704288998897,-0.3071061298332156,-0.22877745294287652,-0.11819126185130441,-0.12623161705418004,0.31456624380511256,0.4427424087867114,-0.9993855011225968,-0.058926593733661145,0.04860981116692526,0.29327792132006025,0.48468167755264285,-0.34208354048483425,0.3751953422305052,0.2857447996830193,0.336675831575485,-0.315578005483685,-0.5028767721027199,-0.764733254594843,-0.3334952196782114,-0.29392319403094896,-0.9826584018151527,0.02317743792423492,-0.7895864752575041,0.3265339171728903,-0.27899955862026454,-0.17709810709497595,-0.27028838250137704,0.15376659192087686,-0.38149386096472576,1.1218147126230753,0.44532111872190877,-0.46660795742416455,-0.17557705195909964,-0.46508345273032675,0.5008545242833488,1.0028579889181315,0.24500120351987137,-0.16039456204891916,-0.8444508543682899,-0.42516570038699203,-0.041713369204359654,0.5587917474459593,-0.24403526278013737,0.7328116581775219,-0.16639679324001683,-0.9203206359417434,-0.14772426488839213,-0.2846829446542394,0.2651113257359488,-0.6901995819014,-0.6482629268553658,0.9296798410037511,-0.4712491639446979,0.9299896503694627,0.901925348398952,-0.2941466123236598,0.04405832846225817,-0.03166101752671289,0.2869942292523218
-0.8067216830304,-0.2915736158481165,-0.4725213771320272,1.2332567234456775,0.04407038321351739,0.7402860603127802,-0.4638284663936477,-0.1620617956823897,-0.1795170631872543,0.13307278704950315,-0.46400511835828456,0.711369705747991,-0.9592813497506835,-0.02757780531149931,0.9467920297857935,0.1808490805351357,0.25582117451493536,-0.6302982144467971,0.08059397690400345,0.3835606068508684,0.31671781090281226,-1.0466709852504226,-0.042462899997132916,-0.7460114089122218,-0.03445220737153056,0.09949778819382817,-0.9735442154000844,-0.5565574568960674,-0.6792687619167201,0.04235379431905388,-0.6695229345753241,-0.6788175933636508,-0.4479131053598444,-0.1759702655104004,-0.4813873617504012,0.3533878017463462,-0.2564377878458704,-0.2511478781804598,-0.40404176875282566,-0.5521900128011406,0.7551742302285631,0.9727848953148192,0.09225000988425004,-0.704418596199663,-0.7581860355437312,-0.10738462964129533,-0.13154378491722196,0.5287980252560744,-0.10217692554887016,0.39509386280081565,0.2324008254650198,-0.7309083332978525,-0.5176162534185235,-0.018097569772681316,0.4586439209995766,-0.9051890983419266,-0.6120992886754095,0.14707928357175787,-0.8177193554325473,1.2145867476715306,1.3159759786550445,-0.5236321949201507,0.5837599811965564,-0.37722218143916947,0.2544078714217465
-1.130275430508021,-0.2524422905348175,-0.40246675598949133,1.0502373906744116,-0.33035578214828804,0.13394226262280845,-0.4509871930711937,-0.21611071624242434,-0.1384785902848019,-0.08544456121388112,0.028335473114548926,0.36664958339147785,-1.0225857056942125,0.3702389525089681,1.0166885552829383,0.5506039204350697,0.759733806141428,-0.7584018514628285,-0.0425183806363424,0.4390324370306425,-0.10405534641969263,-0.8170323944333104,0.11413480087939876,-0.5730492671592965,0.23546163386760724,-0.23318328827835483,-1.0480243542368406,-0.9987180863410844,-0.9820705260075373,-0.3096213347809838,-0.007235769763339832,-0.4427452584791653,-0.6524770144287088,0.06986657906174253,-0.4332017654020802,0.5653295499577982,-0.467173687680258,-0.16280010138954865,-0.5040812806544429,-0.6576537539649997,0.6478171588239549,0.3019124857182012,0.6913397752495034,-0.4901667776574063,-0.7219233025605009,0.19702467806378982,-0.44253986218359115,0.45965142290330024,-0.16227720900820833,0.3295094385969986,-0.1534059060917582,-1.0712678892384404,-0.40573250549239714,0.3694273933272437,0.4577882597491856,-0.16283263218996225,-0.21326964971166493,0.43914326609306203,-0.5504419046733912,0.9085510081175774,-0.08251220743158173,-0.9342288560404183,0.3286266921636184,-0.15034364014953783,0.22894890518251212
-0.9676440307813423,0.05632986491138475,-0.12201817289912431,1.0678145428071417,0.14344716873401353,0.8601981929852873,-0.6741019147531331,0.046909688201788695,0.14433755415186728,-0.5238474370460778,0.5089092538131608,0.14523231393015595,-1.2337447988090338,0.08962832093141929,0.2498737873727006,0.7145192842159479,0.4798114133950683,-0.5616557488009588,0.06482446857950082,0.06515501093864845,0.2874645480660184,-0.7946133561094436,-0.08153571800927793,-0.19038039926698327,0.03289958440355057,-0.12108569074087547,-1.0361593489505163,-0.8651120473730339,-0.6851302618381105,0.14345284325097285,-0.42919983057011535,-0.3016779518799099,-0.21029669007262136,0.1795618926589716,-0.4455765746062543,0.627580989659978,-0.6344023642970648,0.09278601321850344,-0.7088003797944952,-0.6552903233364704,0.552978857322855,0.6244748901601002,-0.1005037980904181,-0.15383004657887708,-0.39449210566449744,0.10495341762128849,-0.2955610363306123,0.19034504390456305,0.32478894180791035,0.537330087173934,-0.11516525805430702,-0.9519719862382993,0.23954909942400204,0.106740683696248,0.6594689091078199,-0.8863434889983713,-0.03784004924629026,0.5783919107798791,-0.748750520779945,1.0968219603340958,0.9255398827906681,-0.6839774954730555,0.15338007946674148,-0.04388159042135885,0.4443615748648622
