May_15,April_2,May_7,April,May_4,May_10,May_18,May,September_3,May_9,August_3,May_3,February_3,February_2,September,May_14,August_2,May_16,May_13,October,August,January,July_2,September_4,July,February_5,May_17,May_2,September_5,May_8,April_3,August_4,May_6,May_5,December,May_11,February_4,February,September_2,May_12
-0.47795050051809906,0.5496443344689632,-0.1385332996572113,0.057716198436546184,0.6354032408567905,0.14882067575178287,-0.6182992731670861,-0.137050541886945,0.19684548913404282,-0.20380675264260778,-0.09036354674913293,-0.49702820262412906,-0.4182149363399968,-0.23099698900275195,-0.63731751770949,0.03571303897976874,-0.2882941214185729,0.42973231000816237,-0.10490854058070759,-0.12455096059441127,-0.597703504204266,-0.2003856999291587,-0.30576177630166024,-0.27321795501157586,0.10394117890099332,0.30514245912398097,0.4909512286773145,0.06838083062930655,-0.05104218137970913,0.2750110819839907,0.1399162819520092,-0.3642406234533076,0.07538994252142307,0.19188856202234328,0.02242476997797338,-0.10041099566448873,0.3928253140567466,0.2177491100701595,0.20586785873282487,-0.2333113608981496
-0.18114308555463998,0.30177371827063215,0.16413752254013794,-0.06429952104795328,0.26073227818032507,0.12745283853584588,-0.379903937646456,-0.07776716784437675,0.19684548913404282,-0.18122153222251128,-0.09036354674913293,-0.29633985566017007,-0.38775872084543367,-0.25404134903142217,-0.63731751770949,0.03511312578204315,-0.2882941214185729,0.0003163386228215853,-0.22720835931902325,-0.12455096059441127,-0.597703504204266,-0.1852376610214217,-0.30576177630166024,-0.27321795501157586,0.10394117890099332,0.2915470088636847,0.40503962407488353,0.1492014726641399,-0.05104218137970913,0.17950912032152258,-0.051579149005106385,-0.3642406234533076,-0.006590706455360959,0.04177509552404417,0.02242476997797338,-0.08653285964287163,0.18944344912792957,0.18577110749768616,0.20586785873282487,-0.16439643848582944
-0.14372741565167607,0.20234301830409995,-0.1372551774363593,-0.012719908731373561,0.48686457548890943,-0.11870250603615547,-0.5498604927118849,-0.08475773459103148,-0.10899731226925133,-0.2513986124383906,-0.6582560210895048,-0.1754655914896488,-0.5635229033604681,-0.18307876470295753,-0.5721438731979517,-0.3091984518811024,-0.7058191366459194,0.04421552031027773,0.19643079068780572,0.056037802052010796,-0.05620768872076827,-0.2977197856512004,-0.32023097149171875,-0.33181019791397987,0.29602059626614946,0.32981305816236484,0.19953555927361133,0.23269902964135455,-0.14877312093798273,0.2421364005861582,0.0323730138512102,0.03308395599479026,-0.02813059202941523,0.10990683373094304,0.10942198730501021,0.006070714019914089,0.3968584349220532,0.13438655366394353,0.12434206866949521,-0.3038590785878295
0.021026518747055703,0.29177119719323463,0.13975165212177454,-0.02365444337307622,0.4625281928376708,-0.11357066772099127,-0.6791148044095343,-0.33702773434123867,-0.0534635861228213,-0.4914336334170408,-0.3894953884872093,-0.08677759272400004,-0.3401322246586088,-0.17138297302853717,-0.5233763636385779,-0.16834356158464484,-0.11385259120789254,-0.19030226691138152,0.0774076635179665,-0.07925502337325634,-0.22392668784795952,-0.14735622611659735,-0.6489315249157297,-0.010854170608697714,0.0195502658892152,0.2724990293862609,0.5347170515552363,0.4350806597929395,-0.19886030385385933,0.5496991595646918,0.08795620127599182,-0.28857524572410903,0.06077978167196019,-0.0634034815848163,0.3167314284867119,0.07148831986388843,0.27672549367983507,-0.1637806431571447,0.10289157527879164,0.1695227462123643
0.11432528840602446,0.5582788132588945,-0.016170601964140108,0.15691408901815587,0.4532296000578263,-0.32754986189939017,-0.4231734882226494,-0.32401517313977124,0.03317741741635653,-0.35238828537811956,-0.5295984361895718,0.031453816430237175,-0.3536461710524379,-0.25703335302624086,-0.516433523329788,-0.14373801634318129,-0.3651974554897298,0.09736687850449946,0.02131295363906545,-0.11516688004394099,-0.26287158605091265,-0.4782085631291953,-0.3946849262307642,-0.07722258912324273,0.3850386913544481,0.31290250601822434,0.5351295208511357,0.6114746397417572,-0.19828501663588297,0.6571411587575284,-0.26239517465883067,-0.02564655450074138,0.12252933387923169,-0.09305964869164197,-0.21144348155731252,0.09637451920522659,0.4077877668505738,0.26165130466657904,0.21541776763148857,-0.1580960348581072
-0.3149916798166913,0.5233346348138493,0.1482890370302825,-0.05666858536365506,0.5529507349151446,-0.06161739843211561,-0.5353555086588851,-0.22265962156171704,0.1155393962019775,-0.26690876108075284,-0.4391128016976348,-0.4461928796216596,-0.2208445324351951,-0.34598018382130613,-0.40789744077766843,0.10755597030424582,-0.6194051206647069,0.35769959745140406,0.049716152209054454,-0.08788824015418194,-0.46007089398564643,-0.04358480490247328,-0.7969236523513412,-0.17299186420122217,0.5753369728214697,0.2876863987303274,0.32230085263656927,0.6001949970319765,-0.17042180845126265,0.5776420025818234,-0.22348062797036847,-0.019707000081088763,0.1378015286364247,-0.13437585678846453,0.1587222643363877,0.042727919625161453,0.24031360726463447,-0.028711758634371087,0.24011257197558034,0.0716897459528197
-0.02951162498033473,0.5251098946990507,0.01403649018117746,0.12375769465161875,0.324064650002681,-0.3081035866999554,-0.41671370234623617,-0.41601772976576246,0.1553216486100909,-0.49525227763864715,-0.3054926776572801,-0.2569825408066678,-0.413117919127974,-0.33235739965600936,-0.7968629107930161,-0.2196849948545213,-0.5342129790740273,0.29670224604915213,0.26785303180937836,-0.02280398980969532,-0.33852957231630226,-0.12498740200179496,-0.7690025802850641,-0.38084757239127903,0.23583341421225723,0.28863734665740404,0.1131563990729898,0.4006640142447801,0.05355999504537917,0.5143839663619976,-0.4112434740624524,0.003936977343533488,0.017391476840285025,-0.012434043273994333,0.2853720331995968,-0.16262430394889424,0.13879462748462407,0.04434698038928478,0.17739795926654064,-0.2432815078425597
-0.2921441613398722,0.5693204049044968,0.07900903751695834,-0.20598165966138826,0.8465296946062456,-0.10947661913390286,-0.6696470500844528,-0.18139038440212935,0.3081608093014977,-0.39356988637140056,-0.5679564326486497,-0.35103597988631874,-0.12944465943632982,-0.4659006160009845,-0.3501571378588284,-0.11364506868123554,-0.24301627074263743,0.13461116077642335,-0.09545580922843833,-0.14951305820899638,-0.1426372591226338,-0.06122536452711609,-0.9619340739814998,-0.3050870725795547,0.20201354122262108,0.08001582340006962,0.7434793777186273,0.350704140758845,-0.3175224586277161,0.3758797904993256,-0.27465871037934014,-0.21555197118071256,0.30841364569224605,0.34758535095793197,0.1827546916735533,0.07778327662431406,0.06430520077177848,-0.01236635595443547,0.05856302237265107,-0.08229222151311308
-0.28359409677326197,0.37798877920672563,0.12642813300265454,0.3638701453230255,0.4990651187701069,-0.21878708612082265,-0.5328494470752096,0.06502862026865996,0.6795265929977513,-0.2700511031195163,-0.2521729578341475,-0.03705786754809173,-0.30012471131382834,-0.32233146700027787,-0.8310586646205379,0.080155155565474,-0.4529637681139229,0.28060055527124156,0.07408383773912319,-0.09874452643674735,-0.27214068263991,-0.1922328460716203,-0.4902714361836019,-0.3547519860319515,0.3655759115246544,0.30631843564173555,0.5405464840149242,0.21589325157030065,-0.12616986345614073,0.39806452300316614,0.09976403592697691,-0.16524202037140104,0.2379347393633178,0.2932507946995598,0.20655292956753935,0.3399207690176195,0.3612923873930419,0.3464783406741787,0.44361737018443764,-0.4046379201950657
-0.23385867978424618,0.6028782265478981,-0.02445235020003575,0.013008455352204157,0.13360513882401245,0.043250766294882045,-0.4107793729336061,0.03499349790476419,0.08158500731388378,-0.19422207855333753,-0.20259358875385997,-0.23903706480764345,-0.28185677792433295,-0.15119320187887508,-0.6698850081597868,0.41043380943480823,-0.20508184630086257,0.23499352361795023,0.06998303282268495,-0.00023650542584516265,-0.31609861502236863,-0.2511295519998692,-0.506959038015421,-0.17077807559662567,0.17004243696015856,0.247956818574326,0.26906644484861986,0.04665253261401775,0.015113779443382692,0.13646940539001648,-0.1520389403198558,-0.03668536693061539,0.14833683701889627,0.11537749356078321,0.07435828302476545,-0.06227393121125868,0.4098261378823348,0.2745905706775299,0.2980290869753796,-0.2852292051175525
-0.16954182092799852,0.5820863216958299,0.35398550448066546,0.04906202683085842,0.4965849565016536,-0.2140015260142914,-0.7168849816086571,-0.08905461167656936,0.2785203264531054,-0.6212139971671914,-0.6102082567616405,-0.0882385262977892,-0.09456571477209003,-0.31598845316664,-0.542715892281106,0.21902958682813028,-0.5047073614260159,-0.1759816528352377,0.4914672536586596,-0.32298487730117176,-0.12248934280212433,-0.18022740139084753,-0.6995213284768032,-0.3639370183821431,0.6038816973437747,-0.1377210076425289,0.26007889075743185,0.23077670033874634,0.14749683309725084,0.6323787598016921,-0.07399087351356938,0.2249803325543036,-0.055677167289235385,0.24881039604946623,0.2711299459732306,0.22995427652949824,0.14149401868744804,0.1721386824759645,0.22762586628309917,-0.2050670174642679
-0.17733687078909033,0.5745691339144487,-0.1383696864317835,0.028620694271217995,0.5641741523383337,0.25265247794290796,-0.44117426327908194,-0.2309107064719632,-0.5333705157643954,-0.4529201715875057,-0.24993266012720125,-0.25839687294142766,-0.3055366872657019,-0.3501974293541652,-0.01323720948612788,-0.05058657568632837,-0.11331803315456826,0.4028408770873114,0.13503531355685147,-0.24872624176514035,-0.10823862053680489,-0.46632362020780554,-0.4119274508630067,0.013142157992777636,0.29241531612900135,0.06029624676444592,0.4212624628589606,0.19026389725000298,0.41146495714854825,0.3678235978249479,-0.002448240530645601,0.08164804027926142,0.1685633408283656,0.27143111354925803,0.42633367958100954,-0.212852739414284,0.19806975937676932,0.05147768130806722,-0.004924127638711195,-0.7950356450660322
-0.22902954218357063,0.6768450171555979,-0.09283021813594275,-0.0010972093852081727,0.6691652625856134,-0.022576710614939877,-0.3583112769103515,-0.28256230990379766,0.6189003267288138,-0.30788745246559246,-0.3390481984758581,-0.145303944397687,-0.47549127948259895,-0.3862890770044804,-0.905968373974184,-0.1281570473657987,-0.7507847415887214,0.10347989535692384,0.5023248587559851,0.3002818216569722,-0.40252896213251116,-0.3571001144836583,-0.5008258578185366,-0.32876328155797074,0.238348035306854,0.47627030925964364,0.28128349264666846,0.24190017635044478,-0.22812214729491243,0.44544017540696546,0.03079817095504772,0.09977810109397424,0.088435097765071,0.12444956809850655,0.5652340559415505,0.009776809403087006,0.5299835019809521,0.07009059262168471,-0.09193660058088636,-0.392498491367718
0.33328198961587674,0.7909877342844818,-0.28906518448637764,0.24752025590752427,0.004032966136500185,-0.13167579554413886,-0.1801449158652006,-0.42855116828475387,0.15058135014636387,-0.8811627685067196,-0.7508565856242843,0.29611123802642697,-0.35557750552797496,-0.14986688347143556,-0.19941737983610536,-0.05718734874522641,-0.3989496078285767,-0.5345425039953804,0.6143541091360659,0.05376056820881024,-0.2264289187512687,-0.4514702992494307,-0.6937196143179254,-0.24872108155222372,0.4949448352408236,0.3561863758588655,-0.15641358880371006,0.2512498324307202,-0.043493434882074536,0.5716894355984818,-0.31705572657910663,0.13788451832685839,-0.10032412893168645,0.028192375167535394,0.2821275097575972,0.24603596041149697,0.5589349911343502,0.1121809705843422,0.04690114046619911,-0.3624675742638707
-0.03862408194810441,0.23750044936744447,0.37633160846853253,-0.18233408909279167,0.4286704052219261,0.06012521620083795,-0.16072727892935385,-0.26810045180038705,0.5744425057053114,-0.16468385312832526,-0.7552939877398666,-0.54353825429451,-0.4794577655523732,-0.3855907017410706,-0.22135038995651418,-0.07546712619087709,-0.44723356707254824,0.11304869773370804,0.2565238275993539,0.10668773773342533,-0.19401485623996417,-0.47383781106365036,-0.6961951091557358,-0.24808118649267566,0.7977668151886923,0.4053356338928744,0.002817768590283848,0.22784218164561468,0.06875785800444692,0.3175788694069624,-0.17022923624565134,0.11110681756719491,0.061145192822995215,0.1418543482997513,0.1939538679110791,-0.11884075251281559,0.38478648008278815,0.09372184943005198,0.38721508941562216,-0.2595836823507621
0.1829958242415754,0.30863792060619616,-0.19529752786011356,0.14251833469199623,0.10184021402119653,-0.14767016039853206,-0.1831907363665004,-0.2471868903632377,0.5103700950185379,-0.33236915128281225,-0.19299993141484995,-0.26454388018832775,-0.4149673457218867,-0.21930684794045457,-0.5484230216458605,-0.2715771348314675,-0.7724384620889729,-0.18001902369466607,0.39130134461702526,0.40449594905487357,-0.33374012539466347,-0.6024327040036002,-0.5337444612132217,-0.04693446920962972,0.5399354875621332,0.41851494710823217,0.03968255535854494,0.651255498769135,0.1960021446365016,0.4560916839384851,0.0769270067504302,-0.0736731656754701,-0.13828315462428675,-0.036380513509816026,0.39603742564490346,-0.038019374541071974,0.6126798809530657,0.2930753662763094,0.250540288933498,-0.26478036029887747
0.4291428758687624,0.591606812949314,0.0496982922301655,0.1843163761755734,0.050566063007770404,-0.15275856831971926,-0.31014417574600556,-0.24079615217341102,0.574562203811314,-0.3631038580590652,-0.6214470769517175,-0.002225164597152631,-0.16098655250251975,-0.16473592812120438,-0.43404010464807646,0.1904276145652286,-0.46182419875441644,-0.5542035953636409,-0.04108323580917668,-0.03212661715166501,-0.4861386069113088,-0.593808531653079,-0.7496851993242865,-0.23660081543578326,0.4069115798153992,0.3217690439192928,0.430824066985993,0.5936165467483935,0.1609977481874691,0.4233597557580234,-0.1251194331323558,0.0008267548467328634,0.01261757863712934,-0.19773511736783028,0.20823321816815987,0.22047348105928677,0.5722246116139694,0.16556428398220396,0.20359891133477825,-0.01595568679984749
0.5859316744781803,0.7944262704543503,-0.2842704242940575,0.03887626636426184,-0.0901784301184307,-0.3255340624787291,-0.23993418528525506,-0.27588695055155654,0.21036075122669795,-0.29979061789672556,-0.18181014426945938,0.10060830393694292,-0.3217410833726499,-0.1840419855571327,0.013949178727262208,-0.24455457081290174,-0.6002689877487501,-0.26852725539198957,0.33075634826252887,0.32587776602399904,-0.26210572822666844,-0.8191169635525901,-1.0892004860179,-0.19389621491080475,0.7355589346726797,0.5436881793358043,0.46379113531508437,0.6427282975849339,0.29442120532387134,0.47915188632489103,-0.24357571243611967,0.22556061662199947,-0.12343033713528484,-0.1747305160751823,0.18091356033198577,0.21052149020764926,0.575184858265374,0.354893218219981,0.195825443331006,-0.033335681041456955
0.45357989787871916,0.6164055944068594,-0.1867147446137332,0.17032635138348978,0.07224951855205253,-0.0733889405669603,-0.2620279215742652,-0.2631340010609723,-0.04274252052994347,-0.7003507986165516,-0.6139354733230061,0.013283622151272573,-0.023819351553268697,-0.10458804915379857,-0.13391583145488486,0.09994448599581612,-0.4399120398835197,-0.1730832947240377,0.20501732255722532,0.12818343526835646,-0.08383318824666366,-0.4741987881295618,-0.9382859798117315,-0.07471947814332766,0.4674990216993594,0.5845039237753857,0.2993783224774015,0.37097223109273164,-0.3008462937388797,0.3027918761267363,-0.031398686858929825,0.2410327676897989,-0.04019437778802898,-0.0177262288443486,0.2643752890669484,0.22591000597494243,0.6239302882795397,0.3272218559835314,-0.12068594511418454,-0.3258717730362789
0.15289992347582507,0.4044047442263577,-0.3009578745871201,-0.1772241232964078,0.4839435416627018,0.03586755282955889,-0.712306921045206,-0.1841442064468064,0.3656876412382599,-0.40969178386802957,-0.6397508123076122,-0.1901338988789955,-0.19715952562746966,-0.42644485936947285,-0.7635042288649941,0.07895786002843382,-0.42592272275181,-0.2479825164221152,0.25005299834036604,0.28506889309453565,-0.09932873556345045,-0.700124293220483,-0.5376364105622887,-0.4441398764969131,0.18732173327013124,0.3043447761422865,1.0346940281314292,0.305913815329512,-0.07582081190204508,0.4313605798182377,0.010074916250194521,0.5613574725515874,0.0021980972728586623,0.27299723749795124,0.4417566735201249,-0.1354106954801751,0.6665658225068266,-0.05350100553786205,-0.08240828128613664,-0.5756263445984916
0.07773645949308938,0.7338765772692188,-0.23904208549897377,0.009376058280707866,0.27526015811020776,-0.10116744065647484,-0.3624192174329113,0.05971906850029038,0.20114230832335644,-0.3769496500259345,-0.5993681359836227,-0.16008735814396785,-0.14617282695450695,-0.1195851957446931,-0.636996059196433,0.24617126246299076,-0.5464365482892433,-0.08734669490338803,0.07531174845566167,0.10897167126501427,-0.242850275859388,-0.3062502165704585,-0.6197786479799906,-0.2946386904981664,-0.3485404468854095,0.4383303232921311,0.4577427664397632,-0.05004629975349577,-0.13371520996846617,0.4415015834404457,0.2445901184274457,0.34712665222963457,-0.07048820640858293,0.3726515846407233,0.30084844614758394,0.08199453877692767,0.49418835133588607,0.17343993667821994,0.14267426531294647,-0.6503866785346959
-0.07514544689546661,0.479974928850038,-0.3218184268257185,-0.10838099582719021,0.5330839144304136,0.0916097059806057,-0.47538891957838414,0.05572845891218641,0.22372111550901758,-0.06847194623575986,-0.5829930098394692,-0.4213288186275197,-0.18840797940113327,-0.5476428903435676,-0.31148814296499283,0.09455388487161369,-0.31119939413371905,-0.005780448994677029,0.19305002608249305,0.3334243125469511,-0.2714602127174096,-0.4594564894995171,-0.4933573124354439,-0.1667413377318776,0.03917378402564719,0.5322368763207571,0.33609997618920817,0.5542785387096338,-0.17828611513544596,0.3519536051420467,0.04932267080032507,0.26285675812436204,-0.12822824425023888,0.39154960553151474,0.1787475346844069,-0.1412224308867337,0.6418621506838602,0.2164498793325389,0.19412331062782412,-0.6099377696769018
-0.01453054226433581,0.37860112057680023,-0.3271652859538142,-0.2287099994235178,0.44845837055473636,0.07434416659999724,-0.4052517674976844,0.16868599036849252,0.2598503139134544,-0.28895244021444566,-0.40930733750725234,-0.23235205981967613,-0.3600756464650363,-0.46281549210675976,-0.30443448528389117,0.09071834828784296,-0.4095066818843022,0.06365609329975822,0.05185902018677728,0.29461905396292143,-0.49082468508287763,-0.5377209528775526,-0.8653326577430348,-0.18108580583203296,0.33868913108468107,0.3923208572558712,0.14943704113528544,0.06816013549204367,0.19450533053057742,0.3163902774674725,0.3012306142292875,0.16962531122677027,0.07974000955050008,0.4665179878863909,0.30775273130594455,-0.12729418216297483,0.6938019800847777,0.0329759633072991,0.309337731052477,-0.8959135236002347
0.0366788430408712,0.5481933760460471,-0.3385836387924503,-0.050159498330413346,0.46247593005845017,0.05261481953164962,-0.535826316869965,0.08484591602910264,0.46106901097611286,-0.5838610151239775,-0.6035638966348292,-0.09881090648036249,-0.2479337520813551,-0.29235580320070736,-0.7951740755297945,-0.038263084222537685,-0.4655935189154249,-0.33770745632075255,0.37507712753970424,0.28902685188826954,-0.4097588874180456,-0.42461716840861635,-0.7278747596381359,-0.36748328139147063,0.2220973539132607,0.3690904080528726,0.043240956584243734,0.10694535214968351,-0.06863025789748083,0.6994318010173115,0.26060302684922754,0.2402514107633266,-0.17418477784351222,0.32532786609482994,0.35108412412829954,0.034082224242204376,0.6670553836307863,0.234693787644863,0.4641653826933132,-0.9453958761860343
-0.14972402546762587,0.2676052716723502,0.14288192985010287,-0.007060538390285108,0.4474161323640814,0.10246104171509454,-0.6335313487321746,0.2494849736628899,0.06729931934083659,0.07815961242815755,-0.6578571127142496,0.03323500810254493,-0.060238691336520545,-0.37839585117351915,-0.40414598856944683,0.41157697097325757,-0.23297778674252898,0.06002885009648323,0.03357936752022472,0.11922903116695892,-0.21152108497975497,-0.7320207429500245,-0.9048968550321019,-0.09045423007301225,0.2826482085378286,0.37147561965884934,0.8950270923156641,0.30049091209542006,-0.012733544552116526,0.09147345855569289,0.1943939524691215,0.35960369164338013,0.10632987294195828,0.1878800080142069,0.3036620505159733,0.1980232105257599,0.6524675963144795,-0.002254468661603129,0.29641983153943685,-0.4919831850402462
-0.05219274680211125,0.44443002527092773,-0.5578416920514548,-0.1474024607663251,0.23370067308992432,0.6134722015598737,-0.2548171342239308,0.13554003631877237,0.5247572869754608,-0.24840490626067943,-0.42706253686108764,-0.582191683513796,-0.2895182927781418,-0.17318889386459635,-0.9603579013360165,0.17337606010668533,-0.7985704768434899,0.6565367215151284,-0.2997197860517588,0.5002275053444114,-0.22119950230066276,-0.5672526615765168,-0.2979456853378948,-0.3085592682031064,0.3037661386149587,0.26246522448312515,0.31173509605950533,0.20211186485983443,0.07179049531409691,-0.009233286921605355,0.41665104119511137,0.18224388234422423,-0.05567554014957932,0.5907913343447592,0.4613647194712417,-0.3541298412036767,0.6759131806148728,0.545998325605573,0.341577585880263,-0.7687162813986912
0.07944588262514415,0.9395326665087429,-0.4795617433726333,-0.2667396505905261,0.30622811573363395,-0.03298534873575658,-0.35952660639139966,-0.32234750867602807,0.716703967058619,-0.5157542515451871,-0.19685996260910735,-0.08517857265082385,-0.2379101968975312,-0.2804298214702104,-0.7760997043679804,-0.06591754568892225,-0.8075856735480886,-0.2628441923804439,0.2919785300077906,0.5095476768064793,-0.33023968898417516,-0.454057604006945,-0.8441996902077826,-0.5388646273852112,0.19178692606680614,0.10222573901406176,-0.09488715299083203,0.2823815750825541,-0.12053375269890997,0.3287978499441949,0.09074765393430044,0.2675010563457614,-0.19279597467196954,0.14820578600259698,0.35177657411653823,-0.11314960577214264,0.5079003121256628,0.0692298083076358,0.5987867972865151,-0.45484928848675266
0.3624405585496763,0.7722011873362944,-0.13784599635120787,0.12106603036757368,0.04852670156132115,-0.12477112492680761,-0.484983532021967,-0.06602441961937773,0.3557894146327367,-0.48977725720483745,-0.6648910580531104,-0.14958820797458128,-0.1497780108280083,-0.43523738528204603,-0.46424721723547546,0.2027066807892371,-0.7441444210512116,-0.3587115400876577,-0.0040613208809769374,0.22150773704498022,-0.05377293617895183,-0.9199975320267565,-0.9712472356093842,-0.07125802443622474,0.3213556311831934,0.300151152985361,0.42428970111222253,0.4504024430465193,-0.26564662390485927,0.5603205670510174,-0.1225948820016877,0.015619176453616726,-0.176702860443278,0.1724812805424028,0.48585079991677405,0.08419479773249847,0.690769119622597,0.12689878835938734,0.4828015070332233,-0.3480243434233083
0.14761312560226061,0.8739305632697376,0.11945824312687492,0.009528474065613607,0.3927849798191581,-0.10823826726541405,-0.49506892047847817,0.09201664719497635,0.13315530610362586,-0.40177038508381036,-0.7222343001373214,-0.16148760169818388,-0.13926944593182444,-0.28390104554303697,-0.3678662848864534,0.10728512088431846,-0.4172100969873359,-0.05805455770023027,0.13170615985290163,0.044461118416025305,0.06255951356278834,-0.4977575135910337,-0.8844829912177836,-0.15991922133879485,0.29334444493013195,0.1493385239063746,0.14610081003074216,0.25027878664306713,-0.2105017570191853,0.483699066632832,0.13142055929076157,0.04271492777097255,-0.024224484671801355,0.24064664663982416,0.2779717325104978,-0.0024683346084259095,0.5892470722079212,-0.056392685479196805,0.37735945731565324,-0.6944376969590876
-0.09252543911731226,0.3152791131109041,-0.38112261152856225,-0.08606120387294856,0.28839971754347565,0.17995692801723315,-0.5508065263536204,0.1928844476558574,0.05709529630252326,-0.2758606734142104,-0.740270789905679,-0.3651782238431968,-0.07419011338947772,-0.20783738762957674,-0.5184471130933715,0.04911458051072452,-0.6020437914143091,0.39736025523513085,-0.17236172023793128,0.14967658896291286,0.02106884538344965,-0.43815407471108736,-0.79592606946291,-0.14501582142382335,0.2197244887119601,0.07707656869366283,0.2776881019390416,0.11397194030923512,-0.23025284464195062,0.22942960848599356,0.37360900548774056,0.2537747729226657,-0.04916022069034902,0.2941866957846011,0.07529975797841654,-0.2871243988783954,0.5560084604389294,0.08149596395738956,0.17773305955580884,-0.7420492898840139
0.27548418997992563,0.7060486957395621,-0.38969764251239747,0.04275568561876199,0.4940568627818288,-0.05575037032831384,-0.5632223611878611,-0.21529416369474003,0.6584099850806275,-0.5474262702659649,-0.14256231646459444,-0.10240890855637232,-0.4640342156527608,-0.45197997515573995,-1.1642317810074903,0.057179902002416516,-0.8333065542582071,-0.13280954167267833,0.20984947941498694,0.2745457522306854,-0.6789123707083465,-0.7770973325622816,-0.6190972377085786,-0.26795760730307466,-0.2553537173267994,0.49771818783150124,0.22939589761131948,0.48330481640182904,0.521507311775155,0.4162430710287002,0.020333998247406684,0.006155238410211691,-0.13724794538138615,0.22417837102013646,0.3767648930375198,-0.15889543341705184,0.8421382850883515,0.044944473607110874,0.3375588773134842,-0.4548217682519682
0.23973802230908633,0.8773674761077165,0.16472919994986984,0.046741112560933704,0.40798686930881745,-0.0817124723760526,-0.6097565139594929,-0.18078638245215428,0.7271373760999296,-0.5076078296849005,-0.761103047705432,-0.048764086160780415,-0.4207468771438583,-0.1985689379279258,-0.7747309766403304,0.32037968196039124,-0.7134224467677124,-0.3127744078153833,0.05104985960388381,-0.05493030914503855,-0.3587753946253532,-0.7206860476040219,-0.6901990718241287,-0.2078473290808672,0.44840923243885267,0.5623726803639771,0.25612445203211887,0.5714918955264816,0.07594981948336162,0.6008616369807271,-0.22541716668149775,0.013022199551693259,-0.08037948419996799,0.008852031073834712,0.23818180837751568,0.1754440224476255,0.6907688343243802,0.0612849829014748,0.4787340189063847,0.1720261633429876
-0.09142986428273109,0.6156514085363416,-0.06995986934313013,-0.13414781081993604,0.34031626496412115,-0.003958865261422639,-0.4162490783405556,0.01978662669568873,0.39854505452184974,-0.374248442528871,-0.6823312847943735,-0.36057143252438295,-0.4079429174723044,-0.5507782193510256,-0.23083682020673718,0.24315802960095778,-0.5524713277112949,0.24940960720191663,-0.03641996135638148,0.032521708391136855,-0.20851043290067686,-0.5373821455192804,-0.97800726799212,-0.15922297107743405,0.5379790882172121,0.44898483601924016,0.4274672685045878,0.756788304106587,-0.15953857669948363,0.4008600024099662,0.014607993265623745,-0.0469990081345025,0.08233019036699464,0.25549762272934895,0.40697443738735434,0.04003799912153827,0.3395586177352122,-0.13245068196429186,0.22189841489835865,-0.3582228579058765
0.06342005662752279,0.6069657197180964,0.14093875703928233,0.07120846666540304,0.29858418926759484,-0.09546895941898345,-0.3368848802631903,-0.1679533145228647,0.2904877576572566,-0.1619218568149829,-0.8136780337463699,-0.2849962399655434,-0.09791089479913725,-0.702053010946019,-0.3500054544157385,-0.057754329175056324,-0.49954371037680617,0.41743672425149125,-0.018870272088094726,-0.07314683384863378,-0.3155054918743975,-0.36163059874839887,-0.9077245299215931,-0.035976728784750014,0.28731960466780615,0.4715861255201578,0.4285959929163861,0.33079912577772974,-0.09086779694537081,0.16635101431778548,0.07037596233227074,0.3086873189870513,-0.04473372175483599,-0.12567009117182057,0.41021280106346264,-0.20440845876064725,0.589774104873689,0.33665203574557545,0.07881271412146795,-0.36529592802682087
-0.3246432050757212,0.2959140134849114,-0.004190591285392897,0.037684925587964976,0.31444121328542085,0.4580598654750192,-0.34497073913689974,0.2925416336614188,0.1456932013193069,-0.155745543243525,-0.6897627322686053,-0.6905180404306875,-0.18299908552907362,-0.25642228855657956,-0.9150013021215152,0.3861800565397612,-0.5081825738694469,0.2309661615583541,-0.3695532500882274,0.1703194128476726,-0.07427388540735942,-0.2841808270820867,-1.2621194227303847,-0.18661859397505462,0.33894885840836153,0.42161201946685023,0.19076825381980936,0.3271997489234816,-0.02292819433327574,-0.06103601628000223,0.23276184446640882,0.21078158361731103,-0.08367954047685566,0.7118281930114392,0.4530700883980922,-0.21322443451018197,0.5687341306524653,0.4874889491494009,0.18904123433523926,-0.5612686840996866
-0.11456349898649049,0.42844086714638335,-0.14255119531935562,-0.20323864954343698,0.5549630094041821,0.4290625771383132,-0.5284881975738412,-0.09636953959746992,0.1861433721711407,-0.12256070867253052,-0.7070135298049693,-0.4046101860431198,-0.03468282370797582,-0.5296622472319543,-0.7092716820646495,0.16187611721578202,-0.7871123159887219,-0.01752571949911122,-0.18292689767052311,-0.11626794148011509,-0.3526441999526593,-0.3967643574709045,-0.8556432729369177,-0.22564453252432815,0.2987288097877677,0.1518282668142631,0.6259608410422978,0.1470621252336436,-0.030561777197216672,-0.2341842257424439,0.2534357808351862,0.25507414933317407,-0.06341562173362991,0.297246317788836,0.48091940127795363,-0.011969011046484124,0.4553713942525263,0.3488320409951466,0.1347692679616156,-0.4226774486138247
0.013865894752653318,0.6308346309758034,0.03415566700878167,0.0629567796903917,0.36693557744050975,0.1370028573100059,-0.4849583301258636,-0.09961142680063517,0.4629417204673174,-0.20419280640469023,-0.32959637871464365,-0.3064244543639868,-0.1095230239069068,-0.3832348247683309,-0.8297931959527918,-0.06774954454940461,-0.8445834138416004,0.20260694307158506,0.04291425419060854,0.1937571964264998,-0.42306275233107643,-0.3839275884370008,-0.7007219507541811,-0.2846712782014844,0.30220987187818305,0.35949838249563254,0.4494679218782779,0.3496937476212116,-0.027312391094078917,0.2739599375024116,0.08051993783515032,0.11410465329184193,-0.0018088334015370355,0.06391565260340784,0.3957369924280815,-0.03707098896727454,0.5326678142100819,0.32197410051776987,0.359849663486843,-0.43258472166130535
-0.03412258354698608,0.3424430941075419,-0.08610781006544259,-0.10326258156999561,0.5744023655260246,0.07541524984090144,-0.3973302747481403,0.10396975398025728,0.354293874143908,-0.008758138216827083,-0.7448130871019606,-0.36525156426056915,-0.406697931232639,-0.5691367803848901,-0.9822405749267583,0.17494881829870965,-1.0512750245242801,0.26702305575051155,-0.14622419794399594,0.037635586761553985,-0.36086623867437967,-0.23391917008843144,-0.6973144626538473,-0.3996294541016987,0.03372116375370922,0.4662472557208708,0.34970828489329703,0.48375989050815127,-0.3295934966206875,0.3770328232992699,0.019748374971811075,0.444467954604596,0.21140519079273717,0.3575304713462377,0.41028700966413245,-0.21445021665802919,0.5109255192863185,0.2853928849727054,0.42789786785593636,-0.29256542861217844
-0.12011700228847427,1.0693029377597991,-0.25586019928778936,-0.09214713168940179,0.5171506666139603,0.17695796953879922,-0.6223027668067909,-0.4222407628308519,0.060049142565228225,-0.5323777132643038,-0.4182092622721242,-0.44899379626091224,-0.35959448236382635,-0.44006791662272415,-0.7782348632443495,0.2559327128457729,-0.43743222668900356,-0.1889930077371485,0.2944697851071749,0.03814656888389046,-0.7059411932364071,-0.433811125920358,-0.7507003659305629,-0.500344143264504,0.18675636418616287,0.44970752288273874,0.3294722219093693,0.40980139747051647,0.2214504005085222,0.6113035935034451,0.00981109266081917,0.13605374405634196,0.03084092776551342,0.2977598877555373,0.3778552711325141,-0.06938249540930566,0.7264267351981998,0.21876118935654276,-0.03435761947295429,-0.18772433078187403
-0.24459656754355918,0.1767245119964687,0.07476265269377289,-0.17732425573054306,0.5187046594490832,0.16650793251087725,-0.8127203715282854,0.06987892505276602,-0.08329035253971784,-0.11862044651009174,-0.7150890218562821,-0.41522839540383855,-0.04174876483870529,-0.4057328655182784,-0.14831216629512717,0.45663294908315977,-0.4725453424257215,0.23980686410000362,-0.3667405645607448,-0.03813682155218616,-0.10144667569122048,-0.3228422033630205,-1.351908521527535,-0.028671158605221042,0.6737355071963091,0.42435522134048564,0.95619947935816,0.2027415000616387,-0.15943215431334165,0.5309753191467945,0.28736497720670323,0.20644968308970785,0.09959336626051918,0.2674189661896203,0.42759732435273273,0.006428125185703626,0.6475505738581493,0.12708699946707264,0.030956629284317735,-0.21428475832551294
0.38372225108271907,0.7481876148561438,-0.8607186524901937,0.11125016336643939,0.04557836492454599,0.1566510894513325,-0.42451168245574855,-0.02929764814750563,0.5069033927746738,-0.3514883758260088,-0.28853516833252424,-0.32315492859969597,-0.7886080257258329,-0.07087889598736606,-1.0998645122893282,0.025482975315177576,-0.757308568848581,0.9245061080396216,-0.38035757934179715,0.6202789585891174,-0.5481179828878584,-0.5981534658125274,-1.0112569053700387,-0.6721227771331658,0.18878096404893308,0.7455568559554032,0.5299253976610715,0.559268009844564,0.178996314065535,-0.019634013404539227,0.12440096830522518,0.15358435204310952,-0.07488291580020048,0.11430010255160634,0.39033944069647886,-0.1452270140789685,1.0189417267922245,0.5507598497926287,0.09019520487959286,-0.4219412461772411
0.5767883051102727,0.8976829608314663,-0.28052570787961517,0.25340227010206423,0.1073085353931522,-0.3698981130053059,-0.3560614308401568,-0.6648168616443733,0.7715515550866999,-0.6550308573502077,-0.42042251547320914,0.09032481078960532,-0.6268377502072204,-0.047602872679481587,-0.5998137335733975,-0.10161268783415354,-0.5760634881494705,-0.3864019168300248,0.421690912896281,0.20546480746668833,-0.5722250353181524,-0.5034229497030598,-1.1359957431631185,-0.37982085233117546,0.27170208183558037,0.4898389906208417,0.5096038306347097,0.6652575264801845,-0.1100937557962644,0.3015838895589555,-0.07212211448963146,-0.24319906880902598,0.033331123701755616,-0.2894612373168894,0.4668508378792784,0.0585295883804787,0.7722543196256133,0.0916117696928472,0.16019690843766504,0.13499457290262357
0.651951520663225,0.7608580052738829,-0.5310678683961714,-0.03280348354066892,0.10335865666804625,-0.10736422645665,-0.5119495300689318,-0.6453098810839999,0.716727516927437,-0.5451350189612133,-0.44878048159790007,0.20306682711723478,-0.39825921222638394,-0.17542031628240287,-0.5650160957451275,0.1931579497000615,-0.4316465760226061,-0.47930873425733067,0.15897268484781385,0.06044820690206919,-0.45706690607354905,-0.21418841080335232,-1.0656741348805918,-0.1797724898009227,0.4943678172941625,0.5704932994270373,0.5230680815152928,0.4984727338535868,0.0758334506985635,0.20902385090221687,0.05974127303110857,-0.09250379958359477,-0.16613807672144504,-0.3115833764274762,0.5625206836022868,0.14501914475593533,0.6258789822839415,0.09661665099796542,0.05703531839872631,0.21165412372286194
0.3182066820430871,0.523145093278513,-0.4347585596238823,-0.07833987015352631,0.2565412268567421,0.06180153538348476,-0.5020732482487205,-0.4857179837222981,0.5171772485141555,-0.5087034851708191,-0.6416332749222293,0.003383546635092105,-0.5684876592129975,-0.0770707407367593,-0.5655279329510868,0.062118930901976975,-0.8131240738405627,-0.10864492382429605,0.3587577445508019,0.08751015883394643,-0.3464734717006359,-0.5099137690984337,-0.9568975503813186,-0.3449645365691114,0.6422354835477038,0.38359265163523215,0.09209977203223915,0.5783585409695385,-0.07004390819026532,0.23204944198559224,0.07283301806510262,-0.0380383776246473,-0.09595505211025598,-0.37357652180781986,0.3258254799836545,-0.12150100335687447,0.7110923712510381,0.10992487695314643,0.1817953232405431,-0.3312392965605764
-0.03571070434539791,0.3384429387939995,0.09224073223250506,-0.3311212747900195,0.2682824810045059,0.13084394070149405,-0.23472301131147133,-0.36040739631663626,-0.020108105510911467,-0.3166986061882185,-0.6869729334186077,-0.2676248298662954,-0.23627364016902735,-0.4370854185535191,-0.6698359882577613,0.0837524039150573,-0.5484989919569069,0.3312961524204764,0.22498252231098154,-0.22931612895361123,-0.225760791333014,-0.45814405103353756,-1.7906619344134995,-0.1332092968419585,0.4935325942217288,0.6505461642927063,0.20073069478624414,0.5065258466889189,-0.05576401052840052,0.27104137692059527,-0.004945036608331843,0.019839490060322373,0.17493539279839082,-0.12920104851125483,0.32711450188153757,-0.20512409624643396,0.6408065097525806,0.011592407948052608,-0.14446298577916708,-0.103971755391253
0.16152507500570326,0.5007493028231218,-0.10135422930525004,-0.20109245981585674,0.5399366517099031,-0.07820015462538704,-0.5410653144300116,-0.3956152980093561,0.48375927313341827,-0.37678834317101767,-0.7009195123366121,-0.3056902073788967,-0.3876427281785478,-0.3722455598447241,-0.8762233530305519,0.1625539272059534,-0.503596085241448,0.0953437250039177,0.2550287153939349,0.3297415288281081,-0.14088115426099257,-0.47730901782295954,-1.4006027082578414,-0.26056735830799255,0.6073668716479195,0.4619107783735726,-0.017062619991512734,0.4072246422762077,0.055372688074829715,0.30611486063101956,0.05531643578915607,0.03683689475576499,0.17838040440336317,-0.08296496169692658,0.3697255188924632,-0.2615984481900215,0.7401869949249096,0.1913902919950986,0.19440043430427684,-0.23849224064314753
-0.13821812151847856,0.34950725987861486,-0.02652508116088284,-0.2710335155550129,0.481738182842753,0.02156223113832785,-0.6671911876543045,-0.14077291467382702,0.10376374376583944,-0.20076024308428364,-0.39386453182253767,-0.23093181727590345,-0.1801464406677335,-0.5171951520404343,-0.7161221097240352,0.1994692050331142,-0.2552230831739373,-0.12789626582241104,0.5468475382306878,-0.04285094124909225,-0.4357161647871681,-0.37369820272598137,-1.147332608839705,-0.2641705982967479,0.5103465594465278,0.3919306280390136,-0.13888207648248405,0.46365468064290033,0.19875383608506225,0.5458360281766815,0.032225124171871435,-0.08342836827806902,-0.13803637673722405,-0.12126665262175386,0.4309744259732588,-0.10695457296215588,0.6365737605447382,-0.004720881819157072,-0.003071030788021206,-0.16318679864317187
-0.19820300520753545,0.3668073463015697,-0.2957852373652263,-0.07730570181953646,0.6274935146222341,0.08383251986353987,-0.42515418747442457,-0.21743884282766177,0.03502634979106925,-0.02383938573627431,-0.24050899665524034,-0.37148133973826925,-0.4799361520436749,-0.5119495581583943,-0.603142596915358,-0.01150451639944878,-0.26918719037938593,0.6210988982241377,0.16661732022918557,-0.1125565273193112,-0.5228558859251564,-0.22884008588411062,-0.972559448285367,-0.1086839310794505,0.3327086998464428,0.2101589079314313,0.1951365906737894,0.615619012069208,0.0003747423162145658,0.43341970738547064,0.12065601021257502,-0.0029468283730946787,-0.02821510641565196,0.1752828776681945,0.23516235759667217,-0.2857500213374283,0.10526120607362806,0.06194649403985863,-0.2145578948029767,-0.40787990230289406
0.007291569075820709,0.34248534897135224,-0.47106260095207836,-0.39481215498266775,0.630348800361059,-0.026542302582404864,-0.6566306223613002,-0.18773261708470934,0.10772785737331665,-0.6957644151182881,-0.38806646030584546,0.38271145340934776,-0.5990777777434972,-0.353192974123558,-0.6543779776300716,0.34661960174951906,-0.5591857496347166,-0.15782692542122267,0.5886381183919976,0.03210277592096959,-0.774011443192254,-0.5932903944729625,-1.1337733224781408,-0.3410016865297723,0.2563696534251143,0.45831491283417475,0.23644349027839334,0.7617972914316529,0.0306521589855637,0.540788467910531,-0.0353067102668672,0.008398824516230391,-0.11320003989735489,-0.04655696999694674,0.2537908849598856,0.05494964926740423,0.6546969246382411,-0.025407944635388702,-0.12058675337468826,-0.2938331464354935
0.23047402078231732,0.3952198834132938,-0.17567611643708556,-0.13523642907399203,0.35306606775687166,-0.07404718751082573,-0.309368086282163,-0.5562728364009238,0.42762917597814176,-0.23826568621791874,-0.38118586983675173,-0.08106676150066805,-0.5475504760513157,-0.3358812763824698,-0.8173497283324049,0.10003265049407856,-0.6857663966801366,-0.010964186073113821,0.5386126959556187,0.07818921424425816,-0.30404581128093655,-0.39982982017464275,-0.8685658335324055,-0.45301079371534114,0.39676084039627535,0.3819602019219856,0.07527751504967009,0.40484559058234065,-0.09003155128911056,0.3425399941020272,0.2268806713543558,-0.23949569918502564,0.11698670900942452,-0.15724927491906104,0.37038358196046706,-0.21590625559257895,0.4580134607783674,0.26206579031323357,-0.13448036466430602,-0.04864744646325146
0.3409960975360232,0.7526400560943526,-0.3446260732531697,-0.22243546611063167,0.38499425605759136,-0.10949258990056004,-0.5319132674475548,-0.6583076736313305,0.40319538680345335,-0.448543964885371,-0.10865542253883484,-0.07596247682329729,-0.7246912387215692,-0.1399406455246448,-0.4021342873856165,-0.09010065259968861,-0.521446510541828,-0.2528697848687748,0.6621871331099805,-0.22071250041311877,-0.5944145747921947,-0.38832917795562294,-0.9944736533064586,-0.3288951417264749,0.45620374616840775,0.6836773757753053,0.07352094427673543,0.7261598445285004,0.2671798570989575,0.25654843311882586,-0.33962924974208525,-0.02318804494078578,-0.07510895476669005,-0.14174621149136296,0.011993625916332382,-0.18886984382653954,0.5907498730683911,0.037501868903787594,-0.297083687008652,0.21475367354903852
-0.1974586743563064,0.6211594778528646,0.1335097000276374,-0.13836901213367098,0.4457387881591677,0.10764124816029169,-0.6540871511174972,-0.29474883269666086,0.08428298979199783,-0.29100435155956283,-0.20171285144405315,-0.25400352171104823,-0.45168641786022906,-0.5692481121697028,-0.46425951031218765,0.31683111308805745,-0.2881398547669889,0.07608207290389171,0.6173526987923059,0.23114361109599826,-0.44236571403404773,-0.39315338090893487,-0.9864488880260988,-0.395955395387657,0.5463212076704018,0.7391442262381469,0.22719922724387928,0.8202523116897169,0.10102044320577225,0.23967170017133957,-0.20352879776987226,0.17108584949636946,-0.3493067565019397,-0.12856447559327652,0.2813211741890499,-0.3013769098832034,0.8095222690407542,0.3011991587300965,-0.19330259942735764,0.29657049658581264
0.042962097656724874,0.49212279969099443,-0.4446818507040881,-0.060958281636293195,0.3870782772186393,0.11378669236383114,-0.3779755000835838,-0.40692079016171356,0.3511677112739521,-0.24576109582810848,-0.24217310077058918,-0.20728727493203508,-0.4644541957473975,-0.34218167792261345,-0.7094069795952352,0.11266671566531995,-0.6025836021666775,0.3693654928007798,0.5460147222768762,-0.16380294226031566,-0.5897317156224291,-0.4001302110466267,-0.9655902140888127,-0.3278265994377745,0.447245973999846,0.5972351035696308,0.1720137562766337,0.7185334332528946,0.5611347681614715,0.4729645426721105,0.11726350541898091,-0.10489917288508818,0.012787442501475732,0.10169899288380552,0.3863786293042412,-0.47744559794277264,0.6801035994304555,0.352618371085266,-0.16947529679477213,-0.233844761324547
0.22618363873764577,0.9148313220611977,-0.08289555352065257,-0.2299943263621178,0.016429102799042986,0.12149306350600511,-0.5351503851076175,-0.5177301474902494,0.03623873460028729,-0.37221980775874625,-0.34748435028467356,0.10495847261549157,-0.3704105210540186,-0.3532668662472412,-0.08229026467647471,0.21797023971099397,-0.2854519055847313,-0.21319323939434723,0.8649368400893624,-0.22365430087871646,-0.6635995460713108,-0.3908739897497413,-1.1671866591042985,-0.4226876335243877,0.628816719249667,0.7014775369656661,0.2609959926568768,0.647180352935727,-0.040231242714615895,0.4849462409639932,-0.18021966427108083,-0.21322677536262077,-0.1764799623837775,-0.18812473815202557,0.17059544719085645,-0.2021836968967559,0.8383608328281464,0.007842521843575534,-0.35525436043423836,0.18566256787858498
0.18424859785442005,0.5903235133053051,-0.29313008686098324,-0.40344718598467105,0.11281615932095074,0.2056763579737898,-0.6220079432956716,-0.4421574945209041,0.26856320956492485,-0.2119425672454959,-0.3785159538906443,-0.012162678323797286,-0.6666558823668448,-0.37594471775086774,-0.15705266658587935,0.1368331965394611,-0.43422404407931636,-0.1564186579675442,0.6707043605685141,-0.16591412399305394,-0.564169199380553,-0.3258203052192005,-1.279461260148319,-0.2908051220610033,0.547826588824969,0.7344260003093077,0.39480669206318586,0.7143074316302536,0.2408541555743377,0.09820797935018899,0.05996849780705905,0.15014079022854607,-0.22864208556202945,-0.1784900343850371,0.1693640541328524,-0.4295502510912146,0.686253618285388,0.2239883936951381,-0.3366152951864735,0.2544092249549694
-0.06601983056092918,0.6902324360186118,-0.27252334146172835,-0.07399364192398886,0.2965745494220374,-0.11696109433876643,-0.4838321504250397,-0.3726846839674582,0.0656693880890458,-0.45456823420051906,-0.16047472213142894,0.04543065870624485,-0.8625798193883062,-0.021953304423279724,-0.5090437128413492,0.1414023706472682,-0.3470241129751166,0.15291588009849333,0.6767897361925663,0.09513786621985698,-0.45181035606438835,-0.6760345178765235,-1.1383525052579264,-0.41398216151760175,0.2153673975882065,0.6170537891084674,0.1221729795929628,0.8204865121124113,-0.03533587569639257,0.5660512398844274,-0.06694661538322755,0.27489770118480056,-0.2877365173203497,0.09576350313994796,0.17392400867503865,-0.024796890692420276,0.4635915965417713,0.3284246609792713,-0.23301983643801238,0.013864322109517102
0.020492177047528093,0.5523541811827881,0.3532976246904919,-0.1849122467639781,0.3073961949902287,0.252120081819929,-0.6467242933766242,-0.21967226895688755,-0.05360981878218995,0.294650576104073,-0.37386046917699445,-0.2345947509863581,-0.6670667745976779,-0.3919656538926998,-0.07176992338586509,0.372844700649936,-0.3965088453210013,0.3650921278631597,0.10690671489479835,-0.2015802863311898,-0.6478768897209793,-0.3836232385904055,-1.1240804110125473,-0.13018468643786787,0.26666651598274616,0.5079516790445059,0.17970771762928203,0.6203611808774535,0.3237500554198092,0.37653295281594407,0.09408731170665158,-0.11855304636273134,-0.06485897740362175,-0.18435581515757402,0.08169278922135932,-0.27518054705458306,0.304019996174567,-0.08050043304532252,-0.20792726771667544,0.06595757268820143
0.00030104616735492085,0.23262366499414594,0.4122637735428061,-0.27574624292763006,0.5980680123462268,0.4882345286203643,-0.5769642263520548,0.12389832614194701,0.16130172316258207,0.11226313223211219,-0.3754236449567028,-0.44307158579177985,-0.4215298232584333,-0.35496302582162914,-0.27447769346159234,0.1563366076323735,-0.36478318586648373,0.25881444510961327,-0.1304519056849486,-0.07007608960106004,-0.5970910566716695,-0.37054797714518506,-1.064896557860578,-0.39473576021163903,0.3939492795449884,0.38085139524675593,0.0053123817526546605,0.4354587256889208,0.39898972842589325,0.2887167483373541,-0.05138605323056103,-0.0584304888397338,-0.1763082053266795,0.0021165327337545337,0.06362406337832743,-0.46334957713317193,0.5740521222554387,0.2600481951225885,-0.2113868624862421,-0.3435935903562731
0.020714139926343883,0.32789569557825193,0.07745881764029777,-0.09885955005481233,0.32150127604029266,0.3929856784856185,-0.31481563161185355,-0.11898899246975311,0.030085142466751705,0.11784823202939108,-0.34729770698056295,-0.5279233792497913,-0.8228748303117703,-0.17148459503307764,-0.8638369781403158,-0.07169965775714351,-0.37593144979446536,0.5013064112094079,0.09341220654593858,-0.02866162871392596,-0.49841561917801036,-0.3916262596236887,-0.7618717243699227,-0.5850757576057403,0.09424121722168873,0.511028740801212,-0.46642930326203436,0.2736961431790637,0.5500479337130924,0.318239331018161,0.19448944654782274,0.11039984867951029,-0.35462380266511623,-0.056896518953696226,0.2690443947958609,-0.5104867694143934,0.3993868285294372,0.384772307658233,-0.06885595800972044,-0.3973520967293177
