May_2,November_7,May_9,July_7,October_6,March_4,May_5,April_8,November,March_2,April_5,April_9,April_7,February_3,July_2,April_3,June,April,November_3,June_2,May_4,November_4,March,May_7,June_3,July_8,September_2,May_3,October_2,April_4,November_5,March_6,October_4,April_6,March_5,October_5,July_4,November_10,July_3,November_2,September,April_10,November_8,October,December,May,October_3,May_6,February_2,May_8,September_3,May_10,May_11,July_6,August,January,July_5,March_3,July,December_2,November_6,November_9,August_2,April_2,February
-0.45635981234634887,0.07359387148731555,-0.7169831460973665,-0.2478182215353413,0.2661112273845689,-0.06285808305273535,-0.40946738647844194,-0.014352308232053801,0.09635056402822556,0.5104114657689224,0.2904795381404471,-0.17477129068349534,0.0959650074354403,0.18711382914563404,-0.07142545157889156,0.7167168097363616,-0.07970696483600356,0.03916731783676798,-0.15355949205431024,0.057124664961075614,0.7787845778453542,0.19233600676133927,-0.18152344175845098,-0.3636661842943324,0.11480280434421702,-0.2768581507193676,0.3634338463874312,-0.42791909124930055,-0.21083781074087637,0.4327902810387243,0.2704884900143307,-0.5392829672199027,-0.2291496518962144,-0.2410707566632445,-0.4734133043806996,-0.2499368044566771,-0.05658403474469206,-0.12874460729943965,-0.3434133565244479,0.5898499090215109,-0.07858120156239648,-0.8696015612322755,0.03366288660023538,-0.018606105709005907,0.5534142943770717,-0.6920294117217446,-0.24704149244868678,0.4175747401295282,-0.17315734495003435,-0.5551308661914062,0.4936366806132368,0.5173703825491701,-0.5647878947570071,-0.4099527640580867,-0.03349307024759838,0.39838555055826336,-0.05273697167708187,-0.4789818715948324,-0.3222793352598044,-0.4681099790856765,0.2604335273308485,-0.32289920482686263,-0.4814656039871278,-0.044646651603218554,0.25399629045309013
0.33216590252718836,0.07359387148731555,-0.6009437278480808,-0.2478182215353413,0.2661112273845689,-0.027646677614837092,-0.16889985249588382,-0.08274885711174518,0.09635056402822556,0.0272476042013894,0.16444478864379686,-0.3534410983927783,-0.09506976543933268,-0.06592069510330051,-0.07142545157889156,0.9404238301031678,-0.07970696483600356,0.18557988623376298,-0.15355949205431024,0.057124664961075614,0.5019368329995442,0.19233600676133927,0.20393587881146436,-0.1899562231044207,0.11480280434421702,-0.2768581507193676,0.3634338463874312,-0.716296040045785,-0.21083781074087637,0.31990034895192504,0.2704884900143307,-0.16679910657072056,-0.2291496518962144,-0.12638987450999706,-0.24103596485447762,-0.2499368044566771,-0.05658403474469206,-0.12874460729943965,-0.3434133565244479,0.5898499090215109,-0.07858120156239648,-1.048869210176157,0.03366288660023538,-0.018606105709005907,0.5534142943770717,-0.5131772539353898,-0.24704149244868678,0.5132547346351323,0.1672706787330312,-0.8452797135569774,0.4936366806132368,0.07067211812187311,-0.7544772141605618,-0.4099527640580867,-0.03349307024759838,0.3428513790502486,-0.05273697167708187,-0.6390562274085921,-0.3222793352598044,-0.4681099790856765,0.2604335273308485,-0.32289920482686263,-0.4814656039871278,-0.38280969625594236,0.28544657694062936
0.030944867947979487,0.20715166114233638,-1.1180217088959743,-0.3790679723449633,0.1643059461527368,0.008276960732155413,-0.550946526849693,-0.26138437258387565,-0.21801135390573798,-0.02632689732899724,-0.26883360261463535,-0.34936030431791276,-0.19082143178151306,0.1115192247477597,0.05573766243018599,0.9794429849793965,-0.46949251621992355,-0.05510135834682915,-0.21503314121663614,-0.04284792650363792,0.3431277515648196,0.2862263434980044,-0.10839622089662436,-0.42025242300024634,-0.13941964630044895,-0.47960090202388356,0.6721677312951699,-0.5439147870501541,0.30323959815887497,0.6306353815916689,0.03752334568979773,-0.4312660003295602,-0.6237518128085175,-0.26331907926225306,-0.41565824164275345,-0.2317559683815002,-0.10989619366096341,0.1615356479004994,-0.2035065532389542,0.34298864569963794,-0.28588890156585056,-1.026192759266693,0.14265658522379615,0.09862990533670983,0.7251568793984702,-0.265224233232685,-0.2947096645492373,0.21846518208958612,0.08591298737273223,-0.6862755157202334,0.6819790931105497,0.40708076881415545,-0.2881341799074062,-0.05419985808112691,-0.1455318142703092,0.13025064770362804,0.16289664901671458,-0.38974746571857993,-0.43351288973565766,-0.3709374463699887,0.6654070172025643,0.12418075550287527,-0.1733183077313142,-0.31519165133036375,-0.030624188910953518
0.29004404412111634,0.32967593987434174,-0.5229467502286381,-0.450743849836103,0.2561907863944888,-0.2317069040062368,0.10847199643015495,-0.24516252835279959,-0.26769083708655944,0.2938223929956184,-0.49688704238438675,-0.5534500977623408,-0.8821871312742795,-0.0062282948659232035,0.05663667254706656,1.1761708742723604,-0.34104665742465035,0.24491190443392813,-0.2160341473977992,-0.09508028294532413,0.40364477821297506,0.39339019697186306,0.2594885421211583,-0.23021599177145055,-0.38007554590482295,-0.09454681765257246,0.4294982910264496,-0.554660911487642,-0.589374614680626,0.2939745141354448,-0.010031400788038304,-0.19381887331240738,-0.10922851783595497,-0.7352784828974744,-0.6167206322574208,-0.09931044833718397,-0.03297858462949212,0.08137867753597461,-0.32234535108795415,0.06355076848470814,-0.41947214249574927,-0.735897016945442,0.16885270488333134,-0.1851586442486008,0.7604339507537033,-0.8109501718286939,-0.0456290597549878,0.17851382145002967,0.1438833003266669,-1.0851973923701608,0.39240017394848065,0.2720660709131602,-0.7321192244239245,-0.22917689683896217,-0.23966608163748349,0.475149848723616,0.352314153173213,-0.3334977486901799,-0.4157347270997911,-0.10826039486373346,0.7127096802870853,-0.11673816764540111,-0.5761614002715666,-0.6863017923612958,0.6167932048958416
0.40289006101368396,0.08946071127635759,-0.8772312455740668,-0.38057934275906374,0.3035116382452566,0.03518163132687135,-0.5277805871547471,0.390408566767342,-0.8536375524002984,0.3512039953554193,-0.20164303992592902,-0.27060799043838174,-0.6602346405190155,0.09803432380598233,-0.023575827105601854,0.8019452210826084,0.3202255165340881,-0.19410036919036072,-0.31910969767304753,-0.11754716763519833,0.6125860280021113,-0.03770295449031154,-0.2153064181193117,0.06448120124565256,-0.1912292910986515,-0.16809246139700687,0.5501990361625937,-0.42502288971443203,0.28227717847698464,0.25327233266495863,0.385743522914633,-0.26491888235046956,-0.5568451688925193,-0.194377520597794,-0.5290537387515919,-0.362605921310817,-0.19075917182211904,0.14081111538520352,-0.17359715484740953,-0.2536100529908336,0.04230201030205137,-0.9499616247482492,-0.21978573444784932,0.06228413063649434,0.72199772329909,-0.6304151593277012,-0.18863373846127285,0.01059264030709664,0.07815343472984085,-0.9610965184389864,0.2908844154618856,0.2403190147067821,-0.9357068148632376,-0.30020761920577266,0.3671080024498551,-0.5195421109132224,0.0733735628805133,-0.4220120537701904,-0.25287575474349056,-0.5424770326966324,0.7196030287425269,-0.31262820656924645,-0.15927864758753782,-0.8963812799147559,0.09124715954313739
0.23097875949968436,-0.061063342120369665,-0.6647295643735005,-0.38168095860203355,0.19471165393487191,-0.2877361107587498,-0.297510658618285,-0.029843348389753138,-0.4606025842064358,-0.16060676213291952,0.08271146147079916,-0.33603772395352505,-0.20360982401980265,0.24322540370745452,-0.04707620529261168,0.6030114341103598,-0.3068434133169217,-0.3909294050232627,-0.3400990225577666,-0.03422600477531651,0.6290902157772624,0.7145728438095029,0.0047475789998835255,-0.16947777101103928,-0.6896560852893618,-0.6015032807476745,0.21784520712141972,-0.8001479603353974,-0.4288393314705543,0.22126296247696473,0.10525420990672876,-0.5425592468327468,-0.030326237002327297,0.14300783321712598,-0.3878653041260686,0.1361459621536908,0.16000439202138905,0.16976649374961472,-0.2819726272772098,0.06678940970391692,-0.16728222384052505,-0.8838047301240749,-0.10028540566008472,0.4624371233426022,0.6030643286351218,-0.6318529519744729,-0.2524020153834873,-0.0383597975255333,0.09897359487969956,-1.49308743288611,0.2616678195471943,0.3244459546799857,-0.828148622251575,-0.24053444278901928,0.025982390800152903,0.05972226831896392,-0.1568002324805084,-0.6617362403599677,0.03265874038380963,-0.28253327758272223,0.3831749854757403,-0.08186483986810093,-0.30030281555378663,-0.4695240859144325,-0.07178043630583172
0.322156531727539,0.6085384510477148,-0.5055951580344917,-0.31777133303572824,0.23500456737287811,-0.28875935915504525,-0.3672180053587585,-0.016462164077077693,-0.5693015613337482,0.26848615081953603,-0.5512977827963604,-0.48426513381961356,-0.3919771791342513,-0.17095187791614375,0.2039282915811661,0.7464564175528601,-0.15624554652451372,0.2700370643171107,-0.20272462544826636,-0.44646896102875067,0.0987571027369678,-0.18750565314214881,0.33828358755942683,0.342653833709117,-0.24994597718124004,-0.16136372912626784,0.8254848789229554,-0.2984679281996037,0.2624910163827394,0.6752276774497444,0.33251926708363866,-0.34038415040945996,-0.7226118633131492,-0.41492318950498297,-0.4207442076135517,-0.8069267410663409,0.035354124880037904,-0.01934209994239966,-0.5663562643726637,0.17478992132405619,0.23827038123391625,-0.9712897550386612,-0.18475533875447148,-0.04034713126540029,1.075913425135278,-0.6371676771109358,0.007726060524250233,0.1564017498571414,-0.07795804134599171,-0.7342370532159082,0.5325001531955869,0.35097733904588907,-0.6539323582786531,-0.21334552994544959,-0.005191658203167623,0.37150395087485644,0.23212404675603787,-0.7299627661451715,-0.030021151008619934,-0.4772529608071988,0.7246543237893591,-0.27316274800181334,0.09072867117509081,-0.11410271954435311,0.47734419287752683
0.35400842884234046,0.3526472869498121,-0.7415852630709902,-0.5938891052803891,0.09164704919343288,-0.7038055983840967,-0.11419218356788811,0.39014713873935813,-0.45504498018370854,0.05377459121688008,0.3071583246280817,-0.10130705171034518,0.04289332072867805,0.11861310809849612,-0.2972799991499546,0.2970972650404511,-0.1831933792275517,-0.1312568350133105,0.010181941628958732,-0.06638548959386466,0.31506056394149223,-0.05037395324940125,0.1654230114912697,-0.07125938630530348,-0.6499172684742444,0.43920330218888426,-0.08016214880907972,-0.4084051484892478,-0.5803127981842642,0.1292342753947492,-0.12487583833403791,-0.20535569634810025,0.14095488744125545,0.5171842828598247,-0.21129340073099181,-0.058221960253200665,0.5583506203390567,-0.1815240403009362,-0.1873928426495809,0.24531913952664003,-0.78257218034094,-0.8172537381180985,-0.15781694493479054,0.05455342194659198,0.5717538605485544,-0.8552212401447377,-0.4375858043481933,0.6218670293239459,-0.05870525830183798,-0.8535617499233625,0.7765128712500745,0.22395508405344883,-0.5240145367285167,0.839497915304089,-0.5066678945441138,0.6920524939819008,0.1636353625092326,-0.5921568528900929,-0.8216985995010353,0.07362103833393117,0.5703459064773588,-0.06617423177185067,-0.3467777228053687,-0.048165006307753624,0.6515996116726154
0.3279276231346398,0.24082510459180476,-0.5211987741017625,-0.24453161492095327,0.1886102439208625,-0.53332773563117,0.24012241223555636,-0.3645630932732334,-0.4911302166766147,0.11262816862156112,0.39132133780581746,-0.2842668493780945,-0.3157023413397312,-0.08990596708213354,-0.006797044230549179,1.0085801946084976,0.18757311366222668,0.19976147149509205,-0.4401686427748823,-0.3949198458037136,-0.09096322130636253,-0.2379123946158549,0.5121559481710178,0.3346444064892883,-0.24097552087325133,-0.12633186655455558,0.3980284877091842,-0.11109902730121209,-0.21875324239378624,0.14773190678849293,0.6568481346391061,-0.1613259057484412,-1.2779809752042612,-0.19462021047616224,-0.4446693746816963,-0.4613076792440687,-0.29932650545735945,0.1672607956296301,-0.4189662937955523,-0.02080896093326811,-0.7005514930299369,-0.8937780178854912,-0.23444763692486065,-0.07329127581719114,0.6824630996985472,-0.8515480018711328,0.415494226424293,0.39577952703023406,-0.29839459715797,-0.8529194568187415,0.8559189526429174,0.19187275305986748,-0.09061315040527437,-0.43189559819113404,-0.009851485777765151,0.25639848042943614,0.37728316241880017,-0.3941883582261096,-0.46858286298468566,-0.8252335556112153,0.7433885777586831,-0.1115200785056488,-0.15498957956337364,-0.6547217783878868,0.3043192439483916
0.19234228302479095,0.22932556321191147,-0.27288723785456326,-0.17223783970757248,0.37248795040789934,-0.39303614300485384,-0.2795849979870478,0.4214368817095131,-0.38108223361579235,0.10082749989791623,0.1175753077784639,-0.02477907448304119,-0.1711467259796005,-0.06677721445586832,0.2942589238103053,0.36333852047111453,-0.32028539955962754,-0.4378649491789249,-0.26274925515963915,0.19409907528637876,0.1869250095128979,0.42626322449904724,0.3064773507483395,0.16302193289306782,-0.3529851334666557,0.054271279481305945,0.6077553566143623,-0.500561233736782,0.2878582409966284,0.42268782586900605,0.2718834959212569,-0.28530449900139526,-0.4211442928098833,0.2459198109680693,-0.4105020757065382,-0.24392731881177324,0.0656413244766891,-0.08784850075620922,-0.3046994652503004,-0.0037696323984833247,0.39155524992199203,-0.8159608689379344,-0.005190743279635868,0.16548853022001142,0.43651993689639734,-0.7303638626966271,0.028658039834763775,0.33932035164370256,0.32702807886498053,-1.0632421208666907,0.6051857246455495,-0.13408422838712808,-0.549277465812871,-0.2407777710560436,-0.10005183780738676,0.15454548420157974,-0.04013108859201714,-0.7301590865125179,-0.17347184120573536,-0.33781679963273736,0.10399602636516608,-0.07540427768173173,-0.4363691674737331,-0.1856167555374056,0.4927318728822502
-0.06303079045544006,-0.035276545626735864,-0.7656498939441233,-0.31486186083807527,-0.4079629702513954,-0.7094415691105197,-0.3648143969412896,0.24279827573859458,-0.22378085991160868,0.3361321109972948,0.21841722626497906,-0.20868867095183413,-0.8482685050741581,-0.11714399998946362,0.014755939160987101,0.6327083244107085,-0.2188703006132805,-0.0428259363712358,-0.37185328008290963,0.6207778811369431,0.056627720675382534,0.3487297889273152,0.38158821949229926,0.033852694954762036,-0.429093573672502,-0.2685115558399116,0.0646650082172444,-0.32712691783841324,-0.49994430118414823,-0.1345948979280367,0.08834978534244707,-0.14198159611907085,-0.18590549390162092,-0.3059413725977342,0.0030014310762620094,-0.628931878832699,-0.15180067210004944,-0.057838173531839426,-0.18475321097308775,-0.12001666242734073,0.4550987957951767,-0.8177793675074303,-0.09073557600271949,-0.39740144488707463,0.49392197823882017,-0.516335699101919,-0.18156051832076509,0.6133004207606787,-0.09225138690093615,-0.5829451061719033,0.4711154176397805,0.07466828284257361,-0.40069956629662346,-0.13672674722492367,0.02903601278488159,0.2338373356486655,-0.10471638463059098,-0.5684752835587707,-0.3400243216478661,-0.5743229051141634,0.21106520691510783,-0.16926907072637487,-0.2263635224492563,-0.5305638513613768,0.17524537367398446
-0.11440578491276357,0.18654294607546576,-0.36389428438284904,-0.005890309862119171,-0.17051287241229657,-0.012445698098826473,-0.35052165089293963,0.15513101637441717,-0.3259871191961742,0.44914563999088036,0.04098383790477196,-0.03862602255999466,0.0013391639652182152,-0.06468658205668285,-0.21276262771323734,0.9102439076214859,-0.20796129071863118,0.02166078434997215,-0.18948007621051033,-0.18578412898804145,0.7348303356468313,0.010403279098119056,0.12380255216128538,-0.6032065679949267,-0.34471976681026256,-0.36006815042114,0.08084501850699247,-0.7679454322524073,-0.533035186936665,-0.05854852309202052,0.4508536255651493,-0.59361270344785,-0.20151507908605187,0.014536397863549003,-0.47813185258165547,0.10212206679664404,0.0044614080181814356,0.4305247546760867,-0.24549253466156284,0.29675560949091195,-0.5661007199118576,-0.855483889907968,-0.05106639413474677,0.16624837179428348,0.8540090156745479,-0.8997302038799833,0.05949653708009772,0.413121934977835,0.023067852967224467,-1.047440220794798,0.5153374273872694,0.026406738539989677,-0.5794094781407246,-0.3952600948954558,0.08009211529516441,0.7387212181595517,0.31302861297413503,-0.27023803864641427,-0.5574982259073816,-0.6375897152136524,0.8544082025520725,-0.187523232718795,-0.38334935955873783,-0.12754981096651363,0.14480535065314398
0.02191994711308337,0.23397439541963605,-0.5577291062318939,-0.5401617813703653,0.5174648678051396,-0.18226281582898987,-0.24289613330906926,0.0514293877853834,-0.39934498176709066,0.5692168948489849,-0.1604459258564158,-0.07101148740976157,-0.42644646981992584,0.13579434678524838,0.02836634336073554,0.7740075033022948,0.06666645802208582,-0.004802204080437453,0.016926364237081694,-0.3136347623227989,0.23981046780043885,0.01128191990017767,0.5091537636929191,0.012464099774232212,-0.06565096196930137,-0.06205958417270528,0.4211559506693598,-0.46915294506155636,0.3601092831306857,-0.18387428897349034,0.31101906033749044,-0.22879525330363631,-0.9915354442938266,-0.4187613231348529,-0.056374826543203985,-0.3872681446758322,-0.11156780484979181,0.003926532142219705,0.009737034980234711,0.1169240014922852,0.27073925288249223,-0.6405743094278917,-0.010155235465684871,0.0932966095223065,0.6800083338710158,-0.522535906590593,-0.1542519902000767,0.5786814329583269,0.17737536249382757,-1.0946486104384567,0.5970306996462765,-0.020218290794518978,-0.3851499726441691,-0.178198275773706,-0.19609629890357183,0.27848744441382606,0.08123698939214621,-0.4690591449921936,-0.7151493757414149,-0.6509982365449444,0.26077708328744753,-0.13581580740941493,-0.3323312248500497,-0.555288550006842,-0.5136740780413883
0.2861185342345377,0.37249697549791916,-0.6599536993316516,-0.44420334078223817,0.7064467161860605,-0.29240667479494586,-0.38525366525490573,-0.16662629535346912,-0.6328516826850626,0.08543871885509605,-0.3988393556784768,-0.2370638240640499,-0.7461846577956367,0.11648213412575903,-0.03739699086408971,1.1242196939560327,-0.3484179888198216,-0.010521129397518675,-0.3388356093104256,0.3437728638843581,0.2741676807787848,0.022567575249571814,-0.04725776837130633,0.14118806008511647,-0.10992353181953649,0.09500220989185637,0.08091176597436707,-0.29269506175203486,0.038162574570080265,0.34845103651966736,0.5421847597891907,-0.3482124221259444,-0.4710485292193309,-0.39370352016198973,-0.6007110840645474,-0.21896834967342668,0.17167409575787757,-0.12855938643534703,-0.5154166222861127,0.19213954954519186,-0.12808183326143063,-0.9822286543413695,-0.00279489992493627,-0.04042160892160171,0.6379086936926137,-0.7587838913962612,-0.12351379817191273,0.23714192137710702,0.1933850723086179,-0.8976263293302924,0.3845753019830284,0.1437452558361932,-0.5759077074782449,-0.39203447241531664,-0.10389390774179597,0.26590818962030627,0.4331695739729239,-0.3224517350432329,-0.5272394035137287,-0.1646310854584087,0.329958434351144,-0.3102431356145371,-0.21917280570362346,-0.4942691051198221,-0.025453614295567306
0.02059798701095502,0.11243806755355079,0.0028878667634946315,-0.36933720575289475,-0.361469317456849,-0.3936884865017727,0.21199789063811464,0.17988416119873962,-0.3428191003829531,-0.01165783793703623,0.1310989618743344,0.19741915715665065,0.13906655108888552,-0.06374763618626483,-0.06224816389416803,0.6385062037208022,-0.5609990653510268,-0.28531522001213105,-0.10926115598914207,-0.14675526095089436,0.8785148976009759,-0.021729861541635594,0.1651833904125058,-0.5905095517955341,-0.3459760656866896,-0.2765011979220439,-0.3290068652933931,-0.7983133055506975,-0.8025731785433537,0.12312148661333924,0.2696110401631813,-0.4030983203159914,0.16959670853216913,0.055290018954676876,-0.30627283807191297,0.1659574443968654,0.09934077679452614,0.03730243022004707,-0.15225310951428384,-0.18531154659412613,-0.30500437505159406,-0.855471034929283,-0.07226471099506676,0.13223796341951183,0.8271935543109492,-0.9589275924070044,-0.3534817203670868,0.4065435214964622,0.06333121244242218,-1.0795697553292793,0.6607224830460464,0.028569675315808937,-0.38137365535871043,-0.21832028856697014,-0.19975837933639579,0.5175132304610226,0.27340273007243593,-0.43748618944848044,-0.6521503522782611,-0.18973198329902757,0.3442302856330418,-0.002599430030090201,0.03352350503371944,-0.24018131591850184,0.588981248513389
0.33556906473689824,0.5315811974953267,-0.8293385366651682,-0.07151850077348745,0.2501204550508983,0.04585682962015196,-0.37325672976735186,-0.3016463927341889,-0.4683339471226185,-0.21262583361755164,-0.048285273045537216,-0.3986688239208528,-0.7386510073254052,0.3337758339341935,0.28459327225297826,1.2840733878600854,0.2857915514054684,0.5789184994800801,0.2691893909291236,-0.3835895305015019,0.2603652995858586,-0.5339978682865577,0.06329974960607099,0.1268116089055835,0.07569073872421761,0.02891043202966856,-0.0315709964070824,-0.4488707772021147,0.24022693272062962,0.36098662548922517,0.08835147763752851,-0.11442508135838922,-0.6129474208206089,-0.4829717369483537,-0.5585881238575555,-0.6324641220727171,0.017413144924249155,-0.10418154582493899,-0.5746678910727291,0.4358857928776558,-0.8276078585535577,-0.924751052011269,-0.1718514355249968,-0.2384455116423208,1.139203161611498,-0.8667593026754733,0.1668780361412105,0.2700686340537861,0.29159324895968874,-0.8283944375822451,0.9795479484126968,0.21174068272152072,-0.5017632289927685,0.006979444678649097,-0.2046514027633195,-0.18525422498944746,0.5856960157534459,-0.3629637051330524,-0.5286976232671655,-0.5033874189722651,0.7967548895721908,-0.17341554818903604,-0.11237162376184821,-0.750160426759988,0.31200220802046086
0.24789140693586956,0.19803134026121666,-0.4774586866529764,-0.4848208106024752,0.8868700427911158,0.06258900862937276,-0.5257950254823965,0.2481250265021226,-0.5296701714872128,0.03797603540002938,-0.15679228544818746,-0.34907714299764514,-0.5273847439008205,-0.03732919422789134,-0.11333026285698494,1.2651639338519949,-0.32418721261227496,-0.005708795560839766,-0.1753306283085986,0.07470764054354741,0.17404661158817952,-0.24420439286608783,0.14612701443747061,0.013990110892147724,-0.31670527425447403,-0.508923536054397,-0.09477930808521318,-0.4200178339156819,0.11718781576244687,0.13960488597379184,0.373306511331462,-0.46278147954845966,-0.0346840824720933,-0.46868540972088385,-0.4561513519211725,-0.007835951474184075,-0.061152668335701675,-0.13031842532316223,-0.1423509071773492,-0.01485841443464829,0.26792665296032236,-0.8868138092598921,0.2455842929493656,-0.07619609311856822,0.48043252214924775,-0.8427008106744753,-0.16942271706856077,0.21756699910474042,0.2600196287560537,-0.7655981222727064,0.7541655731510697,-0.14167651348752447,-0.5878542895300732,0.17147108010181836,0.030203053251115435,0.48838153866110917,0.09364917350352359,-0.8269391647741232,-0.524811351362754,0.07132560987384806,0.587004915491232,-0.19381868941131933,-0.11397008027785892,-0.26304451844362886,-0.17708105610631839
0.31834838133774057,0.5143768189365711,-0.9286909647041516,-0.4554260582551768,0.4327726590774928,-0.4705949667615654,-0.08595507584839784,-0.17935298804268554,-0.7366861203941565,0.20120817748340794,0.17613192525235133,-0.4646347201445177,-0.12212064627825442,0.08007401501355425,-0.319396317372146,0.8815868069849416,-0.5231291280633728,-0.17529996731514863,-0.22696839638580754,0.037298503585555726,0.24181804342474453,-0.06151090071766595,0.0958094109158023,-0.03253813767444331,-0.11931571921169165,-0.01963906072387188,0.27323932211703045,-0.2905314411409359,-0.04134616168240236,0.33397237585937484,0.09293548890182732,-0.40433314777464047,0.00624920567280704,-0.277254744940294,-0.2888907922913651,0.09161764471747887,0.21939593003769656,-0.0005933770930287574,-0.43379318712253784,0.09657167004610394,-0.088013010106477,-0.7500675732214068,0.02584835575756876,-0.2189330299202124,0.5044400003058263,-0.6272091894443556,-0.14610596609425025,0.5497354001534321,0.3183674062148507,-0.5409829213602787,0.8424491571159503,0.020805743323776618,-0.44679328622947645,-0.40501234571402217,-0.16154512827351802,0.6144517898379129,0.03990678861169889,-0.5393007315405608,-0.7460078205333802,-0.33008538767564766,0.1087950510363641,0.07950281316831657,-0.22724656212431005,-0.6328343923001518,0.25675367469927823
0.41403777889580795,-0.02516420510751951,-0.5494679044419752,-0.4948975282791974,0.2951094156207196,-0.16133998209145475,-0.20521865955891352,0.2217800361581053,-0.28026803056771793,-0.03749504805622792,-0.16155434751930897,-0.2770705385423068,-0.41344753967926073,-0.22182250677086918,-0.23814060462610886,0.7231980395798148,-0.06549288308705759,-0.11722476364087561,-0.43202568993294566,-0.5328447892747867,0.4970549319036058,0.031665742497655726,0.6242704351259325,-0.31171071053805255,-0.44710443778477355,0.2010865174236057,-0.16345029453316873,-0.34684417751434293,-0.34579147281052536,-0.3260674709675219,-0.03709318851977944,-0.6310959242189601,-0.013082370666455151,-0.23847795294491492,-0.609666400739545,0.26237301865664076,0.48572883429560215,0.14867999599374102,-0.5524830137559951,0.05454992912248509,0.4289371553863725,-0.5364317595383628,0.26765745500018107,-0.043615361616969495,0.7422794709498042,-0.7912150674778389,-0.23282667137839488,0.11707594402886347,0.27065610407168855,-0.7974648074340827,0.5237397372504965,0.3626739213841683,-0.7417364099467993,0.24790532252851094,-0.2265777110271867,0.347686050554195,0.23940609514687794,-0.7767974865858372,-0.7076850607139341,0.3046797015245616,0.23565738184474372,-0.47313474469544536,-0.047080898403788166,-0.6522992614406123,0.1562588234673243
0.06725239503696379,0.21269547130355826,-0.679536937542054,-0.5274686688571691,0.18672113579905858,-0.6429002791041944,-0.22139172975899313,0.39740767494420143,-0.32609466832251804,-0.22987956875734725,0.11350361303932888,-0.06070681373930574,0.1715952585386843,-0.04866411179167745,0.1774581156408212,0.41271708585563527,-0.14586564512223638,-0.2112018219710431,-0.420801959736102,0.1466622952168864,0.152277775844203,0.3797811605694942,0.31160380322291814,0.11009901928928167,-0.25866638117093477,-0.3579727126774483,0.24515879124848391,-0.28540947290964935,-0.36609971832259613,0.04535023221432671,-0.021066749653679898,-0.4580291900772774,-0.31796716796910873,0.11963105407995141,-0.7771156839489056,-0.05687633732969401,-0.1241732921995793,-0.13044840894266413,-0.48437535895227213,0.5389010217565786,0.0878282595476293,-1.1596995868456634,0.028096349065243623,0.2950879049552264,0.6291359824211838,-0.507701734921829,-0.2168352565806609,0.6156229098363678,0.07650558500996156,-0.40431804311523245,0.7694656691752263,0.29256253618357375,-0.4459427703442656,-0.4411117300360274,-0.24638579607243952,1.0312246002124763,0.02856874441585626,-0.4781875251234047,-0.39790341355840164,-0.5707283103695997,0.012053319590568254,-0.06975364397597622,-0.16800650500677625,-0.18065239954173487,-0.09253071912242107
0.07004465566585215,-0.031506465534203734,-0.8451119570043247,0.05480557905732978,-0.44664247673055446,-0.5663338769273418,-0.3595319432722248,-0.0493463750670515,-0.07087156459770197,0.26108279660771444,0.1222773247759727,-0.2663020984091345,-0.538860423519806,0.06175953500010405,0.2376098211185232,1.1985972753600922,-0.10850688568022032,-0.08397551797570511,-0.10569534232908814,-0.1369040900657238,0.8043717496972661,0.07992939089841564,0.569185464228829,-0.35829994938220217,-0.4742864313568773,-0.3581123493317406,0.05766705231895636,-0.3135316578294322,-0.3550237349123765,-0.15552425592578312,-0.058741444807511804,-0.19286812666388087,-0.26601006948025846,0.043000288602637424,0.0203595508829797,-0.10043497050686395,-0.1628424680930827,-0.14240977931325105,-0.3327117875124817,0.53772510358565,0.6604571129412873,-0.6193940113896378,0.030186770920735385,0.25709517911712865,1.0110366663082146,-0.8661995434528922,-0.2895402906280852,0.3228917522880085,-0.12029865319317945,-1.1146939568297392,0.8834494469509675,-0.07852020553202785,-0.45458338496054573,-0.47250149638299654,0.11048895180750014,0.0704043115968351,-0.012889343489687705,-0.33212755869844346,-0.06836992386034735,-0.7590574464124809,0.6534616993601128,-0.392862024608897,-0.47190705946278694,-0.5695721115245522,-0.10061146201724981
-0.38290126621544013,0.012282073285907746,-0.07772508434706932,-0.47670303404500286,0.00424831292564995,-0.40337695971047344,-0.37316665226250423,-0.35938867841007227,-0.14951887019098115,-0.16080392816610423,0.5115696675611039,-0.5460215960151175,-0.29157309740379345,0.0878897070230368,0.08435914181614358,0.9881968215314219,-0.18380103049385485,0.20503707737196622,-0.3401239429950959,-0.055153099357886815,0.8830477034116646,0.11113305587304131,0.4260087970211268,-0.33161777239231116,-0.36840514776801886,-0.14151806997549884,-0.09398581715844158,-0.4807301835567802,-0.18011531321334784,-0.336866886119716,-0.4976055869413589,-0.06565413527851198,-0.24878818343017062,-0.27246311525467104,-0.4233241842011482,-0.23237820007781038,-0.46852550552794503,-0.0678094738032066,0.013108997631692876,-0.24183669923956613,0.07210597181738981,-0.49981252703885326,0.07678773975582034,0.178912902883582,0.7992498437444876,-0.9799586692581962,-0.3447367222159067,0.39819590126245674,0.18994003510786728,-1.0601631028998117,0.8187460781025029,0.3752373437471953,-0.3166250711983653,-0.43190285687561564,-0.017964802217859153,0.4056004373013444,0.5243002120903357,-0.45606145441939633,-1.0024025374938508,-0.4560229144855197,0.07154093777273424,-0.5261722969310567,-0.5107555943349512,-0.8345133479518572,0.1820451374234791
-0.04217996613807357,0.3445449620183689,-0.8887037957274897,-0.4684489256167004,-0.30861075081186773,-0.7574038614836849,-0.6272907897193456,0.22167457821893188,-0.33456104068448667,0.171377124541401,0.2204957021035226,-0.4538637843496442,0.28524164436125743,-0.29367290727972584,-0.235869204034318,0.5037146805499487,-0.1646285121647675,0.18026205753024047,-0.19868178055514274,-0.07857449978073447,0.6712461037529616,-0.034315698471044896,0.423072652884078,-0.4088710727429911,-0.7865755744172355,-0.39592157167507086,-0.05645655643801183,-0.3501638477537641,-0.42326233305034267,0.09592921488472848,0.21377075429391923,-0.43969985502695114,-0.20989275129328078,-0.132811655724624,-0.6438102872546658,-0.2036189609083408,-0.2800009949205339,-0.12864566167583724,-0.18333130856529406,0.26303038476194557,-0.23092367451938242,-0.846235457119214,0.1104338982469004,-0.26337632180738335,0.9363177799071405,-1.0533979784279617,0.11083798346605417,0.28956134504729286,-0.015744616727808566,-0.971772561448008,0.9942838263959743,0.18195399223797737,-0.33122221920513495,-0.6000323880781978,0.2599990526666545,0.4366291504338048,-0.0800540816938364,-0.3285720678344236,-0.7361497668925984,-0.30613303429988004,0.1454901381100565,-0.18922189567603248,-0.5215673663974258,0.21262026866487146,0.2682183024892457
0.1705908728642921,0.2651757810251643,-0.2889747923457921,-0.38353607736395234,-0.05534353038490902,-0.7248661252959201,-0.37591807943870054,0.37773609964869526,-0.5865786981443665,0.29892117978393695,0.21891247471476952,-0.21892587543318445,-0.07998484963919883,0.09721573237194596,-0.13772392357917262,0.9155614566114436,-0.3582554953440675,0.12745190101879558,-0.31478588070646313,-0.20624622067237106,0.1721578721794908,0.032844296638635376,0.640491578731599,-0.18019160834093934,-0.20487429695058293,-0.45439599557863114,-0.264160088241882,-0.2565607118307601,-0.4052869250070827,0.21925785661112834,0.4696293224171064,-0.2898141556331489,0.4874467240647809,-0.13357526578220819,-0.4590238908303051,-0.3181115896398193,-0.42410122359244956,0.2552057648274178,-0.4183051993232886,-0.36026362509189747,-0.17956315257079053,-0.8936397169269112,-0.06205765075482929,-0.26877572307749353,0.5672903878198626,-0.959244175285092,-0.46316419070517073,0.407885859396525,0.15361582780893313,-0.9786943352727181,0.7143987143823313,-0.172671623905089,-0.2868441281716566,-0.5855770555644818,0.09199646161325113,0.6359351099996603,0.39518608563531776,-0.3228500484234653,-0.720233836474625,-0.3095991680085004,0.66868989642436,-0.23420158872322816,-0.14984710367927118,0.05008630488961866,-0.21185881806115636
-0.477078572656784,-0.16061985120728092,-0.4020177741757062,-0.5388671930786315,-0.01288152904366252,-0.5065573814686436,-0.13742947974024533,0.5357138563264834,-0.46992215304351925,-0.3325819082302496,0.07770244329861271,-0.030754258730368567,-0.2603123906809757,-0.1232246471734688,-0.2911776712887304,0.5812330356312879,0.04298031399744869,-0.3932292551916183,-0.25193797448013877,-0.12019216394065116,0.7331418425531642,0.33039199530623187,0.2475463706798465,-0.20833790972756583,-0.4368209596288881,-0.3920432655215197,-0.30571740113788487,-0.4451654146828465,0.4787198141829351,-0.6942354109286778,0.23955737743456543,-0.34151846809160147,-0.17846545582534387,0.021876911759704437,-0.5828371879719572,0.03903998872490039,0.24049062511265434,-0.15027775488178505,-0.2387192606081456,-0.022525565018732395,-0.7553866699933108,-0.5087762725536367,-0.09714366072541056,0.014942181899302479,0.6568034966401407,-0.7531916953355535,-0.4984573075292003,0.5005494720644782,0.1579820818416029,-0.8642489327378398,0.7533745482185069,0.18242690571969108,-0.23342039540076362,0.08620634408503271,-0.35672662329327426,0.4209520757793086,-0.012374550289297903,-0.32730025667837104,-0.8012141188730515,0.022545641128451234,0.4885295668639005,-0.2725651321613262,-0.585206615475055,-0.6756957732526157,0.22502241070411633
0.010483870589473462,0.279368124850671,-0.45966893371690776,-0.4324205961834282,-0.13639942897860713,-0.03182787160977181,-0.10408064916150624,-0.1778885861708342,-0.11106963995991016,0.36655033710983287,0.08879262013623042,-0.7347390496207181,0.029851647574623316,-0.08502903220175523,0.1178669666641381,1.049697212411494,-0.33375519876335064,0.3958996312696691,-0.17111631520040013,-0.5618482855500966,0.46896702680242647,-0.06571738088700259,0.20419323034585102,-0.3623094306648842,-0.14823811461180827,-0.42551323631079163,-0.11123281995472765,-0.3410607538527863,0.2716286962288303,-0.486362206106445,-0.16351592194673947,0.045143786215785325,-0.9546103608977644,0.13723285743581398,-0.3319148433959238,-0.3146955667726763,-0.05602490390634101,-0.23031510325786442,-0.33589029806142745,0.25592469871066154,0.41128774085610886,-0.3935661811193527,-0.057757029906128944,0.23091704869061783,0.6385912776929997,-1.0729427754654581,-0.10249271633541497,0.6709618192575977,-0.11385705059404634,-1.3172243363862717,0.7486182869209103,-0.010165720425684942,0.008508814310075705,-0.12105880981246159,0.45334947902908923,0.566740200213671,-0.053814245217883874,-0.1647225325385259,-0.5535085865586628,-0.7208972213419601,0.3874751510735812,-0.07970640317141295,-0.05889821372337556,-0.5568301305927259,0.17129106866726404
0.5115203570536317,-0.1346596831198343,-0.7215744369648466,-0.10221807805665212,-0.1322211108343195,0.0828198867450458,-0.16945922401320948,0.30028185429160603,-0.48886651762676236,0.2392448560111621,-0.23966780751962272,-0.07631955128010497,-0.8257128810235554,-0.020861429933424415,0.3219413150968453,0.868659122709206,-0.5517437340507089,0.24460030509034644,0.07859374342066322,0.26927912506877694,0.17285187792377132,-0.03634994232354866,0.2771495096970902,-0.03437416171065494,0.037842534320503746,-0.045769122399089195,-0.13161946642149935,-0.4358734049838757,-0.17136894635618666,-0.2624253749559808,0.4580195177603984,-0.20574426041742358,0.0961784672360073,-0.2672965502342802,-0.44792024118191265,-0.1880890684531661,-0.07599467902501475,-0.35161435867478624,-0.4109445089961713,0.10783579166230649,-0.3449948833160039,-0.6776195009812207,-0.319197223745059,-0.16722772115995652,0.8694353125377964,-0.6753834366774727,-0.6582302158035092,0.3851896667351983,0.24119201659824335,-0.9581913348197193,0.4613775156157838,0.10443479628558243,-0.15125543831300492,-0.26290180638048405,0.030345954145652485,0.3722570092638457,-0.018152921295031252,-0.4828666681816313,-0.45749494533162033,-0.39797789368511216,0.8112896527970964,-0.49843545512156556,-0.04968976457522513,-0.44303370635855677,0.2569885984867683
0.3276722537090285,0.5713005490216267,-0.6777198672475399,-0.5721597013268621,-0.23562123294363466,-0.22674656400831686,-0.30539087737177645,0.016259039372657644,-0.6521558756661545,0.2836946260042807,-0.07833959521910948,-0.36078248047281325,-0.27834769613407956,0.1021743401396917,0.12374000541881297,1.0713745626114763,-0.6305000212741794,0.1801614009633447,-0.06212614867915731,0.24154069013785281,0.45705021589778166,0.12336611056261702,0.4738826483565224,-0.33440614757738,-0.31756167076762887,-0.25254962949544074,0.6083060705738702,-0.4345253998002501,-0.05563482666379496,0.1254101283219281,0.31622614263025467,-0.4270513741988184,-0.30231773100899306,-0.21560473498082894,-0.6884119325204723,-0.1949261994667307,-0.21621762488519897,0.037940045531623535,-0.12343942981360992,0.024830061752900284,0.0026093628838420105,-0.9606188946752598,0.0892659658963735,0.03114282094415184,0.673951729856998,-0.7779123199382707,-0.27914237999138475,0.21264440462140463,0.17448248770114833,-0.82301128420875,0.5261179071211993,-0.28792420444165917,-0.3851594446075424,-0.5952771402403076,-0.2691694938641197,1.0114443660923729,0.0029913424623786225,-0.4431502506077052,-0.4191947443930681,0.07135572923020202,0.7281165932949353,-0.11420142424707465,-0.054534009794298635,-0.7522444294745041,0.13771264488908352
-0.06534348153763134,0.24015114946539867,-0.5874321844461561,-0.367455467255108,0.004484596141577896,-0.7003633916118208,0.1048687091871578,0.09490221412322145,-0.11038767988497446,-0.08252829949506824,0.45556110478000156,-0.16412372954557833,-0.20621178127628975,0.05891879838066241,-0.07198659534327265,1.0225578013260002,-0.2865590431582866,-0.45915224438011515,0.1055088846876147,-0.03277252190838295,0.6084078906267107,-0.15700871396949198,0.6937383046970826,-0.544987487383514,-0.40144294059169106,-0.5691217020151811,0.04628916032457571,-0.7262573512301086,0.10158545423776474,-0.18153410181530277,0.3765531027159345,-0.22446093251305851,-0.269766290763957,-0.1320644636334333,-0.1751947828839432,-0.10085930374800259,-0.23452977210896128,0.2616354770083487,-0.23509999789751218,0.5236252049358363,-0.004245413914223242,-0.8208840077853531,0.41881562158235347,-0.31301277620380796,0.5513635405428623,-0.9875681311696273,-0.3301255941924995,0.6617272913945065,-0.1445531440100994,-1.1946175046722471,0.8096823289083295,0.36480391732332346,-0.01633154532424451,-0.8751433739922374,-0.008287534276392325,0.4863471013682221,0.029937929130571146,-0.48635230285618447,-0.5353520615610239,0.011380348930408948,0.9417634820850864,-0.4160066106617294,-0.2374374317061204,-0.8764219161891785,0.3843509837296947
-0.06999919597917066,0.2092848584740032,-0.4693570984658588,-0.6506333075698665,-0.3181546799919505,-0.1029628465658908,0.14575447008548587,0.4725424451505731,0.19301863343476702,0.32942112097826165,0.41975131121183074,-0.03637292459801189,0.01219536258728239,-0.3173016761235384,-0.299468833767642,0.6273987332951207,-0.3861367212085453,0.25752377483063416,-0.14526412486213514,0.4596125699938144,0.3053227439793958,-0.09052245437190566,-0.21218926900826474,-0.366427988406852,-0.12747525004913762,-0.41756016276229424,-0.3445037174878025,-0.6686780580302076,-0.32439022774806064,-0.6273171573052932,-0.21469414925704328,-0.22112402159626693,0.3562071131037213,0.001866583928316956,-0.6041502643013859,0.00100841707421747,0.05009952403813671,0.019620852477021514,-0.21781167179756197,0.08827263502702593,-0.333160252614529,-0.5093433838964313,0.3316652889807284,-0.012157948977781864,0.8209271175569581,-0.949999186386313,-0.6956725666806883,0.5159378811643396,-0.03167101561300717,-1.3083377227990565,1.1078050576598977,0.35868795266370207,-0.013442819740675828,-0.4352496916234738,0.15766125597789116,0.7433038519239179,0.274072637315516,-0.45613169406702303,-0.8423962141159197,-0.09112944411869497,0.38064764111604876,-0.059248692793175864,-0.15369281290504905,0.28599127291907556,0.04907870383557773
0.25017027108499035,0.0654097765183711,-0.9966162396250523,-0.11901018295184537,0.16499717072344144,-0.3728579218352233,-0.7223484700288549,0.2679098110371553,-0.18324546842007028,0.13018438613264324,-0.28675595654608144,-0.34669631183244976,-1.0016930421207948,0.040933530517777275,0.1671068569993349,0.9666334589065397,0.2819304829564629,0.02473592791127946,-0.0012446634359844846,-0.7607509617424706,0.6902879565220511,0.33974705689857626,0.3808393097701073,-0.445380264644994,-0.5320140739015886,0.1355113581065675,-0.173228815542376,-0.38810614840474617,0.03964430930409286,-0.19121759722258047,0.17760113084685733,-0.13129625149260113,-0.14382852172584074,-0.017023587811546746,-0.26408021254587055,-0.03201344819180078,-0.18258412229495372,0.0034155953849909562,-0.6851386911965284,0.4572807784930593,0.07617248075266991,-0.5681516862881274,0.1415793972999577,-0.5780093247759733,0.7378348695833843,-0.6389701780896814,-0.15434257026175002,0.35536917866183504,0.21868054720766167,-1.2517172039564897,0.4665923523557346,-0.045357599545189746,-0.5086882039512176,-0.5201383661050906,0.7488815956472601,-0.03239964108626734,0.3407937489011152,-0.2576433117592185,-0.6165880898926367,-0.2177054530158132,0.5029132561612771,-0.47602223168160296,-0.2667616628351659,-0.44699088901117595,-0.5557663028622423
-0.19482751591523917,-0.012236432833562405,-0.3803672461650088,-0.06803908552577359,-0.002386567915938831,-0.1942497873349128,-0.2513946992031699,-0.18194372449346619,-0.5606921978368267,0.01863210325577409,0.3960649746448672,-0.35592830558253064,0.027701791612890506,0.09279385115357701,-0.23111875838540846,1.0687786679807063,0.10148899238543642,-0.1472057732852896,0.0970855875790597,-0.21022404877287248,0.2999461369420509,-0.07499570254542809,0.46577536952155424,0.2435120587014353,-0.4260350898354999,-0.5565322777690853,-0.035931485296793894,0.08621287030874417,-0.27491006089880027,0.19349996056998464,0.25456364904719087,-0.15217759101669803,-0.4496191912789092,0.08084194533277834,-0.04557107994344891,-0.07881874554710705,0.20704548764210287,-0.23130892484619514,-0.6452360360157012,0.13088991568258226,-0.03336217982441903,-1.1274925583841027,0.13159730091849783,0.012306247885488591,1.1020246759081025,-0.43932609243942794,0.0037045975184172575,0.10839067168297145,0.22939062773544278,-0.7391606276853183,0.07709412306788781,-0.10083835046153691,-0.7459360332610475,-0.39089496070495117,-0.2032337237695722,-0.178948485320804,0.06987509109255838,-0.6204958339746443,-0.2702046975256088,0.28453451892997544,0.7082250716798189,-0.3753942363119026,-0.06899924763977074,-0.29507390519006876,0.31610989364204795
-0.10002546413069004,-0.1363273738484195,-0.3907449436495645,-0.5345294283941624,-0.38917662683529985,-0.7999304020209016,0.11035889982960875,0.37400217790764434,-0.20354748744956663,-0.23886942384322624,0.24497394311353282,-0.2031561929211358,0.42708325323704865,0.09838055340363028,-0.05512309998918935,0.3402142848116514,-0.34212863960578765,0.03463998821781171,0.09175342831461045,0.30383966537864665,0.35339379008630095,0.0886148257452349,0.17763279585543837,0.5148262789193366,0.09662066988109376,-0.4239624347393025,0.5686542798236405,-0.18111821948584092,-0.48671353589650745,0.53311224992771,0.05968305829004335,-0.16311334955373907,0.39141340989538764,0.8805948385621087,-0.04266462878628729,0.19679262160953875,0.3124470123913611,-0.10683090865643166,-0.38424704874253635,0.45826749936961503,0.5172723900156576,-0.8620501131248681,0.02317424335680171,-0.027882423981101516,1.1147993969250436,-1.2872890787902496,-0.1751834289668583,0.2997203653263998,0.13343372015160754,-1.0413049850740943,0.5659610362941931,0.36181439954374095,-0.27565150806285516,0.48489869880084857,0.31472943377248863,0.13801322257311485,0.2135387054763312,-0.3102901344538085,-0.5580851677034915,-0.39632924316275076,0.7245697165592547,-0.19509551792245824,-0.16990396522426834,-0.05656083985205844,0.10923484385857002
-0.09953943995999695,-0.012781836316451894,-0.3067576496023987,-0.38967292777025636,-0.027993194221446943,-0.45096471763939827,0.06039204963422614,0.4810933504295549,-0.09050950496958167,0.3369407711863356,0.1669012088286481,-0.052258792762797775,-0.06022432015608922,-0.08289582796038542,-0.46435207787558763,0.4933200736647353,-0.24235266424745447,-0.3815521004670027,-5.501439072450737e-05,0.06915174155868811,0.4948747569246144,-0.06470664188190961,0.3517100176123736,-0.23528687029737524,-0.36870370290036525,-0.170632204602768,-0.27133832964829235,-0.4688283960079363,-0.26543795667447695,0.05188373958569247,0.27790375015182356,-0.3479640439075875,0.03768219386188833,0.19703483405727906,-0.8734813077043342,0.05375416692686643,0.06271026491221454,0.4540529074984635,-0.45945134339190813,-0.029789380152367026,0.017661379273438086,-0.633823302070073,0.27462157665757997,-0.2323062278624433,0.8128038580682232,-0.9538334934595457,-0.16392801164402168,0.36298466880680585,-0.025642943769336603,-1.1532970673553111,1.072413509265153,0.12314491527876863,-0.16277395595739766,0.07977192132630198,0.04626357381889235,0.32743865522574206,0.4849851511019914,-0.39978542211005696,-1.1912693681496858,-0.1632027675356405,0.5784456057198095,-0.13925867353164653,-0.2611653559765704,-0.3717026525567019,-0.1634379689842564
-0.6007069637021938,0.2583588000871788,-0.14934587666668164,-0.4099103031831562,-0.5726348918443136,-0.5224681105172159,-0.14576228921507386,0.13804347635507097,-0.06309444893523422,0.28143109839195235,0.6590000898959548,-0.36756331485596877,0.06895454490422728,-0.1527585199037932,-0.19038465917454625,1.033097641972037,-0.07840920309365135,0.3429299395325021,-0.06177918825608881,-0.43782167526956994,0.45741073713205577,0.13045638804244683,0.2539193515133756,-0.010135166746903401,-0.19328032662127728,-0.19503911078315647,-0.17286946500460676,-0.7973730795751157,0.06418763463385459,-0.4167975235908016,0.19592507639053441,-0.34572273149253097,-0.33320648139937303,0.13331214362996086,-0.29071431175322704,-0.20813505063128862,0.14302054221666705,0.2893632242826222,-0.4646323003965262,0.018504440314955087,-0.20125577704227818,-0.635626017781134,0.13478010591924405,0.363190186048424,0.8742149598136221,-0.6961468083210709,0.08711237595604085,0.45523658552671503,0.04343911617347729,-1.24320353526663,0.9656920494183027,0.6201878973386682,0.29813398846388084,-0.2871594193843187,0.05619366927828491,0.5245269384614302,0.10818150460603591,-0.44238159555533346,-0.549782002958691,-0.12311431979611998,0.3202455654053229,-0.20970175779570036,-0.30729889441157954,-0.6143859039226476,0.5938585244863439
0.3582040293151384,0.325485990986524,-0.5354940254666559,-0.04750594213033839,-0.0319573841673632,-0.8326654904320745,-0.2978296208912394,0.5011046486685252,-0.5059293947664117,-0.07892647837175683,0.47092387891743087,-0.08680092818559608,-0.14066165415862747,0.01675575483606581,-0.20111142229604204,0.506082949685564,-0.4954343297623951,-0.23433859773271282,-0.1307206015929918,-0.2788297796434327,0.5166830126077584,-0.038317087672651094,0.007906320969470006,-0.5403833976149635,-0.008166707662442471,-0.477564606713355,-0.1406485824371053,-0.37450192488567857,-0.42536662853352303,-0.6370773066325072,0.11215016168736663,-0.34102234726145236,-0.4304201721357964,0.21697559579429743,-0.26578942612096085,-0.2626521994859219,0.5054785579984172,-0.07387063749974232,-0.6643530566963353,0.6949778665630721,-0.6274366851816716,-0.5381754259325492,0.19032440266972916,0.27281803424914214,0.7897150654488251,-1.0453922810795622,0.16394043714058515,0.4801419485582362,0.1330715577022158,-0.6532963486578086,0.7728974021206904,0.1057102272558026,-0.28533366880962485,-0.10480477869375365,0.19680215618658542,0.3550831086443994,-0.13773633774277103,-0.6731215029447697,-0.429090482744356,0.058291223778168415,0.452254002855637,-0.04823328344127292,-0.23506000023897955,-0.23440977002452335,-0.1909118098211828
-0.020360101496556725,-0.10808334919366258,-0.2633123013102889,-0.04821718711152251,-0.3099307360307739,-0.33378586777234326,-0.26728583582503407,0.3712272943393493,-0.21273013981273337,0.013749072670919935,0.4721388443273845,-0.03908654230224753,-0.6591091167059446,0.11256237546970854,-0.022961644954542768,0.645530422339457,-0.3754410701052402,-0.08040782980905983,-0.44595489990356446,-0.1560894885222148,0.22230447931105723,0.6849932852768804,0.3617429848626885,-0.22213584774601497,-0.23284188030299083,-0.5042865790482363,-0.18877899700334472,-0.2588223917567452,-0.2661631722014986,-0.36748066905921556,-0.2564813567765011,-0.2901086717525617,0.1739192405308659,-0.1886579604040338,-0.24121861511450526,0.03295116656821424,-0.050338790894034396,0.11795980237475695,-0.2937624605538727,0.18559975296429237,0.05402220889734428,-0.7247944907703806,0.11443477126167428,-0.05201493519706778,0.24018390824265407,-0.939124491905639,-0.012546906410155302,0.3231882130195391,0.18690668091335266,-0.8050983441252327,0.7390539616298765,0.15815648265798224,-0.39916079862962317,-0.5840674100366205,0.314022824534329,0.43474365873473325,0.3384212971069432,-0.513443606776933,-0.4917767609465754,0.26731514337128803,0.2184652275520736,-0.2880409765256581,-0.6769408958810743,-0.3525629670925243,-0.03841249239784262
0.2844556408042229,0.19003212700417546,-0.31955176899207316,-0.24526857337062136,-0.23078927006092048,-0.2943958796451274,-0.51260647834204,-0.39580353623019104,-0.6225018610415821,0.07628432867256879,0.4833995752680533,-0.32689511340811434,0.20250637759850754,0.07845254733115344,0.09498279421342173,0.7851433110267213,-0.2096677697020963,-0.2858899826725662,-0.0773547152738632,0.007526297751656946,0.2120894504031795,-0.049079115046514174,0.07968491508638496,-0.2377237533748021,-0.5419679779072797,-0.4694357851316665,-0.24508260415348446,-0.0414468854697389,-0.14317763788692808,-0.11295294991223333,0.36456271159689757,-0.4064684161911881,-0.24245281309958164,-0.25759336731071714,-0.28840913014403036,-0.14250163999121535,-0.11610910674861435,-0.28598991885105673,-0.3714626984092474,-0.11792335956686627,0.16757571705736185,-0.6302534671538416,-0.45728759950636316,-0.13502273823393857,0.8602918447373396,-0.7956517234615897,0.009090132745305714,0.2153458738040098,-0.01782373003415029,-0.6913953181291841,0.6458685536823433,-0.05010698115881658,-0.4234332700480291,0.08151339715622921,0.23290339660275097,0.0326120697283698,0.5120739157241472,-0.5826756184288424,-0.39395525883140015,0.36339699307710244,0.3889953777409705,-0.16868449388914436,-0.09656553560527906,-0.8518156526227891,0.09924617837917954
0.5624477277305271,0.18828102667035895,-0.2834633410989944,-0.2764554727905599,0.06768059628070112,-0.41786416574776475,0.004311973432052828,0.02778670806475357,-0.3534708112522838,0.30704715785103764,0.09475710141354744,-0.37344661910833743,-0.7975953479630173,-0.05715242158761847,0.279756372716541,0.9882231509099415,-0.224526224424912,0.24860779667254748,-0.15059032727501281,-0.3890895624811326,0.03675296003246864,0.0854545801476973,-0.0600575404860832,0.038427486608117525,-0.21820925441435737,0.22577398337972804,-0.25735623298626087,-0.0026583109192855545,-0.28288455812627544,-0.49521473511134223,0.3840345342040266,-0.4479294914123208,-0.12313816664650398,-0.093820143902553,-0.28247776765793703,0.044246426844890344,0.08602671352017781,-0.09859781539795741,-0.7476999249579194,0.0026056932675604313,0.44109214335504066,-0.5423913442840668,0.0965045445340448,0.08679628763339796,0.8452294498132472,-0.8610714108110769,-0.2593641809632597,0.38827322012606724,0.2676405257768636,-1.0264694789324644,0.9756202161383949,-0.2691700188844597,-0.14780887890907185,-0.4665382724939432,-0.08238934202929357,0.5435492617585906,0.7312057611930924,-0.6380645331331753,-0.5882912818822236,0.22761985162865359,0.6718474331005014,-0.5007898834468648,-0.10569297222456617,-0.3358921589304816,0.25973906875095387
-0.5835050195576742,-0.24061331583859835,-0.1488925464234007,-0.8143978844491999,-0.09831897759168234,-0.7804670140979604,-0.23400991545168243,0.8815878959474043,-0.31674240390053665,-0.30594928421261475,0.004679322262722649,0.2631300368322734,-0.39953911630511985,-0.11363550908739775,-0.46871351993926036,0.3654886913311978,-0.48830497532344824,-0.37601239872714515,-0.6854390186137245,0.00487144342027053,0.6924431404229007,0.5838416564573072,-0.07214304319930542,-0.7973333573287392,-0.9050465899709306,-0.542364935297235,0.13347034743201372,-0.7416808778205373,0.049859810860551815,-0.7010604742535362,-0.27895905529947934,-0.4674085321785091,-0.026067415678126565,0.2991864846384385,-0.8990573613680625,0.04472111716740097,0.5717379229322792,0.558166671475523,-0.31898303523551824,-0.5293777193395202,-1.1677018282879086,-0.3445826905287295,0.32256807040916113,-0.17022181599763975,0.6330062466091624,-0.7879154605359765,-0.32551307948495894,0.39122534880359894,0.189391483232571,-0.9800829346620333,0.7497437999914459,-0.14749782302844988,-0.2972023294450977,0.2832701440599308,-0.44684459085162276,0.6631447512670947,-0.035356693936782674,-0.5287206628759752,-0.5170833903617386,0.010598780728809855,0.005387946350136313,0.09712119643782643,-0.20968558921751668,-0.09563872010279056,0.10645148025922962
-0.1298959684965051,0.45607392580098943,-0.7066153774068924,-0.39727332115762026,0.07987830711286756,-0.1948420733223762,-0.3722319283997082,0.4066792730641873,-0.8805292941366937,0.03077087923061628,0.04553379113901891,-0.2864774430260493,-0.4411758774967684,0.16025095863450314,0.49351968679671954,0.8822332971830309,-0.14605776922474145,0.4271817348283211,-0.509251750334801,-0.7930149974071405,0.1480620116868911,-0.25628813879129014,0.3187515209484729,0.2596239215695448,-0.16017416350573077,-0.6263513554053729,0.4184226244972561,-0.1504179267796929,0.2666689630799789,-1.1571364970659346,0.9131287622496714,0.03543951762007744,-0.7236630948708176,0.0690803222486237,-0.3925409275100241,-0.1817498726603724,-0.490432188449097,0.2716723631215065,-0.22417088685391465,-0.36170177032584705,0.663479917151478,-0.5803464834517955,-0.4930992115087608,-0.594648861638796,1.0751107627448975,-1.1430613453124505,0.17537065222372678,0.10230223942386327,0.096980630024484,-1.1856003295312554,0.45335960849791707,0.20289251575432302,-0.24137324259603893,-0.5865471859287081,-0.010804873006030155,0.4978717955808176,0.10003509259891027,-0.478201705452008,-0.36232014479974406,-0.4108316648413648,0.3548066221753814,-0.37117249547077036,-0.1811331835784683,-0.5966129722285705,-0.12156275487739412
0.34787737885859316,0.34932559451010975,-0.6161498539652198,-0.2854788562637588,0.07803163846534707,0.02319401596445011,-0.1364482306818293,0.11476948378482267,-0.7830326057697609,0.45263098398256163,-0.2654413098371656,-0.18312231953654676,-1.0006117268369976,0.060952510847099635,-0.1470530261024985,0.943155798979122,-0.15328908682516654,0.02625299996328455,0.0011406353770457393,-0.2918237035953563,0.2701803999099135,0.11257518042279951,0.8532498254896316,-0.41336256065376586,-0.3560983798484562,0.2934215080833849,0.05515855559633208,0.24338556624726668,-0.11478083422553063,0.1392209581429165,0.34623014986942885,0.08243264298555758,0.21748615824989492,-0.19096763970784855,-0.23406668570017802,0.1485494773269133,-0.0393201880137177,0.03796467642252853,-0.6072840170596293,0.4937892249822155,0.19580363772192155,-0.6033218769266893,0.21817519776276567,-0.15547449761435286,0.9339424884093187,-0.5942821354523773,-0.6092089872302922,0.10631162547707994,0.32582077336406945,-0.8214341739622356,0.9103080733142531,-0.2682642143256022,-0.6056317521361716,-0.6094078617742693,0.1436481285093375,0.25619011506602907,0.28303563298219353,-0.20591531607305177,-0.5216342139749196,0.4902059127772468,0.7226277085788075,-0.25128178626573155,-0.28554312686925665,-0.7432599551229727,-0.07223902031980176
0.31442308019811815,0.116062518918441,-0.13063943397045463,-0.3930255087102843,-0.14335311904531642,-0.379908935192033,-0.022791103250025105,0.11569117335454848,-0.7086442186126116,0.14184710856305668,-0.21090056537113694,-0.34987885382504147,-1.1501813142490296,0.21711787003247388,-0.029651934689808188,1.1024885325787068,-0.17006615012999945,0.09820086346334361,0.2293750572746328,-0.25513710528659245,0.19176276251971539,0.5584265056126299,0.7387959438459076,0.022276373196388748,-0.46984644315347723,-0.3087202526790604,0.23628635137009316,0.0020761042248629014,0.12826156520460585,0.26396504692239936,0.1377571797565115,0.22117849573340703,0.749080597887846,-0.26093009616377755,-0.2784032785437329,-0.0842696417030509,-0.046611644961597525,-0.28904283485711474,-0.456528049118539,0.26468848387340976,0.7198323522116775,-1.1501623405195105,0.1553778035801687,-0.25173504689881016,0.5023714242396212,-0.7215629356442668,-0.7028924927908208,0.17539344266742632,0.26617445117564853,-0.7499372525360415,0.6595863624049083,-0.12910276908112706,-0.7525451555367813,-0.5006720424667146,0.06317003372926863,0.40427073919280726,0.7080109537034646,-0.41520845447396504,-0.44537504488384144,0.33008558309068214,0.3451216055421921,-0.15846152744256936,-0.5540670746881479,-0.6098962507575201,-0.39188219120805284
-0.004870950320533321,0.2713474955789379,-0.43610867532993774,-0.3575405032193841,-0.13657208275306534,-0.28956766158677416,-0.0831408400837338,0.18782679351056292,-0.4657489685742491,-0.02891291304186748,-0.15673433065030642,-0.3117233319349325,-0.6696433516148086,0.06490577105957236,-0.0033569539835333687,1.0596222829124182,-0.5317692513611945,-0.3344846980458121,-0.09657865086309592,0.2081705944420645,0.5732076922100596,0.12883810279366875,0.25768089109919967,0.006755740133552776,-0.2915690607755934,-0.31418429160449696,0.1194151792851573,-0.3005244299004862,-0.15856287888169854,-0.3371312030981097,0.2536206439556684,-0.05140822602467221,0.22383496025386806,-0.2646964756729663,-0.39146890746430035,-0.2865156366718552,0.06739496873555964,0.22247057465958944,-0.5017919474515349,0.07957590093289729,0.2358772602157419,-0.6961699611823838,0.12095121264495631,0.08393630352287229,1.119396709821999,-0.5435534719172965,-0.5690369121042216,0.5422749458053197,0.21026503813301173,-0.6893948871172867,0.6170289708837011,0.007449224269210526,-0.4820239945338268,-0.1393350454499659,-0.09316182567688491,-0.012510367699884714,0.34453739892355184,-0.5600679876089846,-0.36866430026365016,-0.5665660838348361,0.4212056299261566,0.09909495775110155,0.19814377854931794,-0.43701257308682234,0.10421516499251068
-0.3027749106597069,-0.17166757876983366,-0.32824557189445724,-0.42363409212785924,-0.1243901784767048,-0.9299394434049026,0.03594532494851163,0.15457985679814223,-0.44183266010415184,0.12059710123076768,0.48311721722756246,-0.32074428730180293,-0.6679170293495047,0.008071864500644527,0.23232044476713906,0.9060034207647494,-0.5528490595693459,-0.15061744263692267,-0.16307047665260643,0.388808676525729,0.6613814032518194,0.5349745006803679,0.14959462988983616,-0.26261110332239807,-0.4477420712713098,-0.6270977514014765,-0.12589482992832376,-0.6543587411838515,-0.36441363256888437,0.011403681579790173,-0.049111737867914715,-0.2904235379665338,0.1002301031059325,-0.0001824303564638488,-0.23088173164771347,0.13306993841014036,-0.044786737596387884,-0.10982717246356982,-0.2556122827569915,0.025734629930176778,0.11767058580739564,-0.5823820022800981,-0.17356009218898616,0.14075405407963676,0.6720454127044286,-1.0011214699764464,-0.35307910934931735,0.557901440047308,0.21862183010608718,-1.2190743992725328,0.7915355279402805,0.06050376600158015,-0.16986917511742033,-0.46449302809535264,-0.05720907217925941,0.0951613306604319,0.1819866691689614,-0.6007673932223795,-0.529112912957654,0.0007749021394395281,0.2867864144923428,-0.3913976659997024,-0.4419934141169846,-0.8743637606714111,-0.37276583791027695
-0.41765293126161285,0.40481407737380704,-0.09130275763585602,-0.4520631159233257,0.2842404602226608,0.011625534638016077,-0.28174378846835346,0.3758971724375473,-0.20749101852371446,0.33023248491481716,0.043698435145700654,-0.4318526781955222,-0.9768081888479463,-0.11452203896309664,-0.2929883190352195,1.1504933541895104,-0.12409084678198723,-0.2699075511370992,-0.3722891837025983,0.07347347692717456,0.1299093836421208,0.03313472201772164,0.03368171198805227,-0.03206409641887261,-0.1465122017886328,-0.5493483651707385,-0.0648714776686319,-0.18864779645475127,0.15068509127027463,-0.45766088534078375,0.10092784492674554,-0.3563063525835775,-0.4752935474783097,-0.14531133119220957,-0.4638520123228893,-0.3293611262446118,0.2746326223823939,0.2165490661398507,-0.6342539198066108,0.22855754179120294,0.2548790786511059,-0.20449395585572,0.09510460436936799,0.07109430353040724,0.8161150904036274,-0.7662963284330786,-0.33248314054053174,0.3232286939354463,0.05350275729490883,-1.1177640501075223,0.8208266079712101,-0.09649725229060754,-0.27590181917136475,0.1610829058405811,0.13925106218780225,0.44637608390092587,0.3885007283220515,-0.5451057152486852,-0.770282592271052,-0.2276493099857283,0.8183726918218367,-0.387125779938835,-0.1980984434783851,-0.3456557933633098,0.2589010289261384
-0.4898481854717083,0.18901493044852247,-0.5866782317397827,-0.32901323373543917,0.33375808266910306,-0.582901143240567,-0.32374668127987866,0.3523475606799728,-0.4225014693720288,-0.32938992145316365,0.21640876464382602,-0.07371988947487032,-0.9314046317061814,0.17170326320635904,-0.03289709328980822,0.9859986940877894,-0.2976086396752315,0.20143404542069876,-0.21324993085200153,-0.10443131115389287,0.5457230604398705,0.047033780003436075,0.08035817435372461,-0.4523867758382256,-0.4224893011352946,-0.5582456724215433,-0.27382119499327534,-0.27605390648899936,-0.48195401413355793,-0.26083754793372493,0.19564591923482777,-0.2995130120897991,-0.17849650134789047,-0.39348165915940814,-0.5573610601821442,0.029273024485360982,0.06739078315023139,0.08325317787497445,-0.5438557644114071,-0.08954326492716781,0.22986350595533078,-0.6320215093065604,0.33365940243651016,0.014237759109504498,0.8949592886434377,-0.7098641593532427,-0.07262461914975162,0.5689625632128069,0.2555898022821647,-1.0528023507572395,0.788657456147183,-0.22580958608580304,-0.9713566499112546,-0.15320941276439543,0.19963521317708763,0.40457069760409853,0.015735649256164365,-0.5706821294962002,-0.24579802844297358,0.15314363209442877,0.5081238737737668,-0.036000747953203883,-0.8346690363823189,-0.5087942610809933,0.08074736397342495
-0.27427400721267353,0.2409664516254158,-0.3271482926059632,-0.4550067515861966,-0.16929386164672758,-0.3073691565928199,-0.3910521744990746,0.20087726768628017,-0.40085614064379016,0.37090355118315854,0.0809222877927349,0.01627552260886914,-0.9333285167181679,0.10441457455302032,0.33988571632351205,1.0804555117021988,-0.2012854016996649,-0.19142241619143838,0.17225968721483506,-0.156014605068458,0.34072788145501337,0.22928760287294486,-0.25263839325585824,-0.6635006389805905,-0.5410741297642655,-0.4357673354741565,0.024339815351350283,-0.42841449429534495,-0.3357653301821451,-0.5987406113487472,0.5367779589961511,-0.14776209278650126,0.007955300464765905,-0.2504410194825342,-0.48848897556974397,0.04222758992965196,0.13288491959979978,-0.3701762707710806,-0.1780997955052838,0.2563103875718827,0.5354282797149145,-0.4653255985556574,-0.01712923623718944,-0.31472086226770174,0.8641832023003075,-0.5106907539661283,0.14048488130831205,0.5800623809828317,0.11564977776470123,-0.8175634472858146,0.7354673945902764,0.02615451130799703,-0.13593191786685355,-0.5378786384259335,-0.1900136728443062,0.5616222773902614,0.2581240903707419,-0.5061084969777028,-0.3735212469996594,-0.3317178048228865,0.34477408237832774,-0.24823794021157425,-0.4450159877968528,-0.7170690119896683,-0.5469956290914381
-0.12732076720828367,0.27228249662791004,-0.26697155958626406,-0.36978030590963956,-0.2373316705598227,-0.49603651407183885,0.0633404289732225,-0.31317278326747666,-0.24596639422386612,-0.11409410859563301,-0.004534560640456351,-0.017657342245849132,0.21205978884334573,-0.008372503841073173,-0.06580525947155402,0.8285559692556893,0.01842594009713,-0.043556205925855844,-0.018407908263683666,-0.3052859833145156,0.294951039654938,0.13232207517679662,-0.08960887690067515,0.12520108004120825,-0.26208912998843537,-0.49406609019232606,-0.1688627513511706,-0.13841721786624664,-0.7146545399194878,0.06491753421846215,0.23781720858556643,-0.4640968430076162,0.5804360172844847,0.07998402355725906,-0.5376034851952238,-0.0035823348201093827,0.1332265829723128,-0.04422713718547439,-0.3776841073078253,0.45608301480505375,0.17525383193243171,-0.9176135543887125,0.18273368907059104,-0.7778515880879805,0.9442681583211436,-0.827455001732654,-0.03761733998895386,0.2446618184188431,0.2639334605343988,-0.41176076099344494,0.893907897633767,-0.012020746607539353,-0.6098361606058869,-0.5533536361374268,-0.013356879275603327,0.3221681375230038,0.16596783301574233,-0.43306890541279963,-0.3825795720609967,-0.22596320036233858,0.3977365677356315,-0.3073880034020703,-0.467071569692907,-0.4014622781880158,0.24548307849980713
-0.009694398229138979,0.1405926070890486,-0.36335271281374326,-0.4720930938715067,0.03528041692548211,-0.2991533617345895,0.09101965883779453,0.7648796735972027,-0.5174596992731477,-0.07837139613239681,-0.1600385390338077,0.03751577985637897,-0.6471272735902109,0.08045207570047384,0.00883862757153525,0.2925748589512264,-0.4083933812738056,-0.003573555393425784,-0.16814461385422838,0.23775385917883196,0.5509261651709549,0.07597093742112458,0.26655121988997404,-0.13238072588541028,-0.156820942364272,-0.5806028648262976,-0.2574560650344434,-0.6707611945640876,-0.17142788674174916,0.060570945994568026,0.14411348739819285,-0.32807981715818113,-0.24857330966806707,0.2952989289917095,-0.0848045257630915,-0.18774788664867956,0.11668694379086972,0.13456104001628466,-0.17134742531639938,0.11793352684309144,0.3490969731574459,-0.24937582661205887,0.07398089665369095,-0.23272758770617089,0.7765130129635751,-0.8697084725742401,0.09701320834136105,0.31529524110131696,0.05795599363439399,-1.1006172498241782,0.4903731629873371,0.13255158788639484,-0.7138808828903845,-0.3189457194309302,-0.10098002940116776,0.3207509150381476,0.40884652428115476,-0.46756553922705235,-0.47459960128028633,0.04880118738353347,0.5796637172149753,-0.24328573679701326,-0.029578679765972227,0.16678584224217613,-0.15980114559130298
0.6057451832734203,0.4185944254793844,-0.9462483089278488,-0.2649815650668679,-0.06361077070943663,-0.2693767329342137,-0.004921423148106112,-0.35938215443703936,-0.4363720167006495,0.0669537136052105,-0.03464424963896326,-0.29776637109320114,-0.8913558355908741,0.22916493928095794,-0.25567184545490734,1.153645682259104,-0.29109352185283144,0.20743599322811546,-0.27189366565503303,0.05927541762361102,0.32931872161912656,0.1556577099906646,0.4156332376198387,-0.4850098038666483,-0.4725870082025622,-0.049611054613292266,-0.1709211082573062,0.058069473829837195,-0.42033249285685687,0.3997346086107378,0.23072743709011478,-0.03628442437174665,0.08737629930006657,-0.3010896141471984,-0.27428856797142037,0.10061751559553177,-0.04113007291455688,0.10629461037847876,-0.6616417925638616,-0.005504369979346169,-0.1187450132849397,-0.9948846081356634,0.008947605161091929,-0.29168732405408465,0.5418253536303218,-0.7962544984669866,-0.4814618859909875,0.5970166816049327,0.36060392454870976,-0.4375085994576597,0.7328944181600633,-0.015678803022398127,0.1586633123103533,-0.39452653736828247,-0.26243365760801884,0.09495405718163775,0.5540013736563403,-0.4452042216721292,-0.5956704666994382,0.20094443802543754,0.3696789166044621,-0.21785400442061303,-0.3990607203099556,-0.8086976795115841,-0.14340957021462156
-0.20736745485637395,-0.07467831929143309,-0.1118866559461624,-0.49563897238283144,-0.004353177072137386,-0.11913900337208931,0.22116787700530013,0.4211364693627385,-0.41387518267705736,-0.27462476645786893,0.151765801091228,-0.06682855172268687,-0.4721850054276839,0.11616498374437978,0.06857447740021676,0.9034989723002409,-0.5121742761291452,-0.2811965220283937,0.0019162744185916916,-0.14432065877455436,0.18263425068026137,0.3949784065646465,0.32058338672769615,-0.131106502818501,-0.5126978646390388,-0.5330167883389026,0.04840010065826278,-0.24389649035567518,0.4041387031846473,0.3705210411965112,0.49159669169737547,-0.14599962528649313,0.320779746886072,-0.00741018084591108,-0.4982023686799896,-0.2347596481984311,-0.30167154124641915,-0.017483493218002022,-0.14770950939493083,0.0271859633630758,0.2813711531368652,-0.6053348914848056,0.10701460521743963,-0.0929556617391416,0.8260600028903283,-0.3243620666233642,-0.5005241643826902,0.7279035105485832,0.329576494431944,-1.1136827450576785,0.911523051061109,-0.20201320608994305,-0.2593679594326279,-0.7549722952296339,0.0848702830789001,0.18723389524308004,0.15964330804077226,-0.6328107848185963,-0.35138054913889616,0.12827738685136056,0.5345366680312843,-0.3591924609811633,-0.40673264149265415,-0.46917381073354614,0.13840105242114212
0.30836614544900626,0.20328001729658918,-0.7438608107278893,-0.13459769655491335,0.2901552851668584,-0.1767797247930878,-0.5455604598889582,0.09857480182180081,-0.44611113975709576,0.3148479979644693,-0.2709056858539335,0.022460021189522547,-0.3426505029776837,0.15511466612129332,0.004688601353757572,0.4595478997751642,-0.059183456178550496,0.04731436938708996,-0.366531538164345,-0.42332087705974286,0.22526944415151945,0.0323874347454708,0.6246320770316666,-0.3315251221793782,-0.16286641784005043,-0.2556508849141299,-0.19764448432044207,-0.2713025297299453,-0.10090052033410889,-0.5253218435183614,0.08311218662405677,-0.1144630817964707,-0.6847389314943144,0.14544470408494273,-0.5732176496063845,-0.11484015558176558,-0.5194650169189352,-0.051279586231838814,-0.6331526370597229,-0.13829812580270034,-0.0339076602904262,-0.444766939694058,-0.28814689197659327,0.0608455122245536,0.9318855370235739,-0.2473589164532615,-0.2548705961396178,0.6700760336697097,-0.1555695928025752,-0.6203916560969779,0.7578760351808358,-0.6040749593575324,-0.7001592521422391,-1.0294025879524167,0.1105390737564101,0.41725727431547516,0.23682096338754433,0.03286461693403535,-0.6531145505543462,-0.520577916243168,0.26669362782188777,0.077144201912564,-0.15537184177398194,-0.22582028446959568,0.12313257485490017
0.2645037057323774,-0.04687453008393743,-0.26583991931959006,-0.07439906588431139,0.38989028112868046,-0.18747876903432625,-0.051168553106112166,0.37320513763663465,-0.6219874336280174,0.39369150312603596,-0.09399848108815233,0.33212673683447624,-0.39017249528185305,0.017670478552390616,0.2563888557934604,0.5073375666629967,-0.046996479997951125,-0.2046806173687888,-0.12014679619477842,-0.017515029774076697,0.12358796344659109,0.452624210944749,0.42378758654597193,-0.2989856357062574,-0.434478757736398,-0.44657480174023717,0.04386628500489203,0.09408956449472128,-0.373538947480461,0.04000038015919047,0.9599177095342656,0.30047831171656514,0.4747685248550806,0.6978571742339758,0.12114540449637569,0.2932790852526244,0.4447957496248803,0.20626399854220245,-0.5019870434266154,0.33087752374313706,0.17336949160477913,-0.6344833389418544,-0.10486556455003,0.17443442197093573,0.9357033677540766,-0.6894259538020231,-0.5754902591466226,0.5471964623735197,0.3694641644119507,-0.9421498301365354,0.7472290442902738,-0.3211586461555292,-0.29444067298663545,-0.2083388599814742,-0.0058997067067169395,0.1676075502236645,0.13544477327077142,-0.4403214255827267,-0.28696387404563745,-0.0464650026759271,0.7704158820251454,-0.28967883717455306,-0.22973620593923552,0.30548795274100327,0.21158945902977827
-0.1640239783609938,-0.11229740641430112,-0.3222647223631764,-0.2481481102034801,0.4200552170262536,-0.3140787844942957,-0.30890465411341583,0.2992591279120467,-0.5077485835963047,-0.26629024908744475,-0.26109490288975434,-0.16145947298579816,-0.8846156229818484,-0.12165700461006274,0.5587837918772017,1.027425382405764,-0.5206488771597793,-0.09767336373846189,-0.29926509707678123,-0.22236942431627238,0.40995198242986136,0.47811808321592314,0.1472638710272009,0.024534774262344308,-0.2628096114173001,0.0021163168346930716,-0.4852560181525969,0.05512259479118099,-0.2079085417667908,-0.05843389444103482,0.3513397294859091,0.06993580214139927,0.19617087825166413,0.011787205437339961,-0.30919201673805796,0.0698682179868851,-0.27512790278441,-0.21447561065128906,-0.41026882251612484,-0.3397714132406361,0.6753412530417031,-0.8098821474553746,-0.2811288155026104,-0.23493147447478335,0.2469449462313743,-0.5726088546076287,-0.5452057169365596,0.3869814139208734,0.0345855917939388,-0.5952383652145572,0.4080580683855495,-0.03069439890823605,-0.22794890688688135,-0.7486944901381206,-0.089377339204128,-0.06808113932716532,0.01059976127460642,-0.12645089577616347,-0.2337994076767769,0.44340320527420174,0.23230584294831175,-0.12849910146216428,-0.2818243614874931,-1.1201758153610448,0.013213700411775928
0.28676630055680125,0.3972632618200172,-0.3239850040410541,-0.11619098574240944,-0.004509660097682541,-0.3431611481759357,-0.1955582447490294,0.2257155296487845,-0.4446199409788931,-0.17691235986556694,-0.07497564280174229,0.08199375588077937,-0.6161508842183203,0.11119254089061362,0.4562180800205906,1.0837926814077206,-0.3400684782594309,0.19614840693451602,-0.3440115047666246,0.03414613856278306,0.19747311003214227,0.08346175652322871,-0.33210057756257316,0.2335322808851543,-0.07784532190362403,-0.31867318395906896,-0.4462652202009642,-0.4055956693688237,0.10150762254239384,0.08757729225182077,0.18542215709660126,-0.22330173187469987,-0.15531123541757935,-0.04288864557075631,-0.5137664183778325,-0.344108762556247,0.0752548318953647,0.18196760976101067,-0.3404494072588956,-0.017652560586838992,-0.1259100468915702,-0.6951474710262157,0.08457175111408528,0.2573212877772849,0.7344813860863411,-0.5209981739418554,-0.38225352518311756,0.37510455188457614,0.1373936591858905,-1.272064549922847,0.6295404101002224,-0.2337320154184265,-0.38130268687761026,-0.33626379327614886,-0.23103453872629476,0.4574265657803099,0.12515409000249814,-0.2429933752760976,-0.00862573670690591,-0.0021595015110212473,0.48866600883438016,-0.352675186368492,-0.4910671559940391,-0.944159704633936,-0.27621310127074883
0.2823569270249979,-0.20821497635250333,-0.460721884535632,-0.2140154810952062,-0.45921939658423594,-0.232942801973484,0.2439597593477067,0.5878970618057009,-0.4209410299012101,-0.15343170287069394,-0.2944131380082058,0.021940097473483383,-0.1309750075389419,0.001981884193787444,0.09769307776262035,0.8324556410338458,-0.6926233784909592,-0.27699490182864106,-0.2837755530173132,0.7377255968217833,0.10153436704026914,0.426757820934357,0.17795714264768492,0.11370218697362049,0.019682732547422213,-0.11281343440043892,-0.015286549523142623,-0.09188714586008175,-0.526133921515925,-0.17376873978990837,-0.13097177776431113,-0.17858481322116224,0.11033997485821401,0.35730877526309857,-0.16096572419033814,-0.22601453642864786,-0.08903360747118373,-0.06358995496181254,-0.2891465217931676,-0.1516661064572097,-0.5316863834833571,-0.2925436982036978,0.018373660165972208,0.2896017509978549,0.7838788217052459,-0.8758389772953427,-0.44691911512024163,0.45618715796056303,-0.005474579337197118,-1.2747700906561867,0.5843126200397873,-0.16341867727487724,0.08767164811960633,-0.29205271062842464,-0.0990152952103252,0.17410497847396095,0.14931098179814795,-0.11986815243593,-0.47584935514099774,0.07461757330725001,0.16085121145595124,-0.14870104230558823,-0.37463972935523326,-0.7281087276997281,-0.17373526272439807
-0.5771466277016197,-0.04292193916010218,-0.19810164146669323,-0.5490320044764003,-0.5559594584074083,-0.6133386851656953,0.03514341823194202,0.33182690517601204,-0.22032902832317516,-0.3772736163030731,-0.09626844019744507,-0.03768414719458906,0.5170818578859047,-0.022252264322423818,-0.23194514492232346,0.8115566891780641,-0.4711633699182296,0.05038159825099639,-0.6938376057057825,0.44653916696379,0.7245340035203535,0.3132865692444222,-0.10571945629136859,-0.4655140384660483,-0.37134861297432303,-0.5619302190778535,-0.3729679879474609,-0.34716831500132705,-0.2583712963126023,-0.7023614208734802,0.2304785056081739,-0.4860499495025987,0.05439568563072585,-0.10572631226371493,-0.5846103934850658,-0.1079278047703471,-0.0832420515675891,0.39718088029772775,-0.43791608452562225,-0.27613833164369017,0.2669977949177833,-0.14255620029553553,0.10688346169122898,0.16117632200443197,0.4895280761765646,-0.8361013682522547,-0.48882738417051974,0.4035315072329489,-0.10050431461526257,-1.3857779218879782,0.7401252390129759,0.06902767911511991,-0.616588654673015,-0.6249069543021774,0.03632571001539035,0.10321545328443352,0.11601549573705208,-0.64939848340864,-0.7169721754462244,0.008008968449899248,0.6611145525491996,-0.21120043009659656,-0.22958509707860056,-0.255081246631242,0.06230823213631494
-0.6255209675497198,-0.1545130028308706,-0.6140421916042773,0.14372844831962991,-0.3842588179752986,-0.09169344159611843,-0.5769059431586764,0.2380752502790022,-0.3732798471106931,-0.36796910268364236,0.01862024778692346,-0.037805252219441074,-0.2530214957537663,-0.047862485223626766,0.6226856458180375,0.9529382219965666,-0.2341470257103704,0.3376117318941073,0.04712863120400765,0.10603484223277554,0.4869464344626899,-0.2613215154778584,-0.04316035192851975,-0.03719050626447751,-0.1923118454775571,-0.1993528282391672,0.023129098577884706,-0.31061063483643736,0.13508474186487052,-0.17128413151364189,0.16439060001260103,-0.4630097065666591,-0.6988042887399362,-0.2394669347089894,-0.3194109790598192,-0.6210070391695216,-0.7166375289792124,-0.1461550257929654,-0.3992915885970815,0.13073005903038204,-0.23311004386092246,-0.5654984760504067,-0.21175721561390187,-0.5911496407461431,0.751754295172927,-0.8263643526686879,0.03763142973463356,0.4045812145721804,-0.050330230680806026,-1.109584015693057,0.5067023513864188,0.3374273986882488,-0.7727206014923358,-1.7004782989004255,0.06190154604530905,-0.08478520223651491,0.33051965200598604,-0.26186232646406055,-0.3854578367508724,-0.30816019654073934,0.5186314460553002,-0.1529826477566281,-0.385189424729604,-0.6524015938306267,-0.5074505206755648
