May_6,November_7,April_8,August_3,December_2,November_3,August_4,October,April_10,July,January_2,September,May_4,March_3,May_7,May_8,July_4,June_7,May,July_5,July_6,April_7,August_6,November_6,March_2,April_3,May_5,May_2,June_5,July_7,June_4,April_4,August_2,October_2,April_9,February_4,June_2,October_3,April_6,February_5,April,February,July_2,March_4,January,November,October_5,February_3,December,June,October_4,June_3,August_5,August,June_6,February_2,February_6,May_3,March,November_4,April_2,July_3,November_2,November_5,April_5
0.4260019187113472,-0.4147033812521358,0.13359087012143417,0.5774404302921131,-0.23330052882790125,0.8277892033169574,0.400172220494255,-0.33869992028621476,-0.05033274827907702,-0.4259635569300905,0.6050512670355174,-0.04404027722015532,0.07766919685753307,0.4223735513645177,1.4031298539409074,-0.233782778784479,0.8913837778298763,-0.060608615624575146,-0.22157932547640055,0.6674079836715192,-0.3390852376228275,0.231036473867401,-0.0818552580308206,-0.038135075898253754,0.23663478900987575,-0.07181918130333506,-0.10637636349380472,-0.6183638080598715,0.47294435093249154,0.4723406461302408,-0.27141442770205426,0.07926506218743698,0.0849644989401861,0.11389864035495993,0.32525204519056716,0.5116218673798955,-1.0125170735619065,0.08073659609482263,-0.4217746548085638,-0.18464646203442983,0.722768370971794,-0.1547844393484621,0.795002398855069,0.0713042716388048,-0.12652848460083949,0.052263572046487405,0.11633312725188867,-0.013547095758463884,-0.20707481393214122,0.05558572008176392,0.2539334629181206,-0.150866287294396,0.47906725078827317,0.362684967090365,0.5295160406744046,-0.8157398945226099,-0.11654888653795265,0.04490657795821906,0.10092761883851559,-0.2198965915958762,0.8742737152053631,0.29007998261239376,0.8741709033209131,-0.3601375609708948,0.5812960195704326
0.34389326132028036,-0.4147033812521358,0.14614587878441276,0.5774404302921131,-0.23330052882790125,0.8277892033169574,0.400172220494255,-0.33869992028621476,-0.20333185686820965,-0.4259635569300905,0.8714694184277725,-0.04404027722015532,-0.1216336202075388,-0.02085989495699718,0.9569975976576142,0.08517211912022485,0.8913837778298763,-0.060608615624575146,0.08600922481106693,0.6674079836715192,-0.3390852376228275,0.2713146494203016,-0.0818552580308206,-0.038135075898253754,0.18682600272346062,0.13133607837574196,0.08351084668796391,-0.7936888952520542,0.47294435093249154,0.4723406461302408,-0.27141442770205426,0.496970577399627,0.0849644989401861,0.11389864035495993,0.4345955491581249,0.2391092956442149,-1.0125170735619065,0.08073659609482263,-0.485244448555101,0.32490352321886773,0.6008863961881875,-0.10728661788531596,0.795002398855069,0.667920160604074,0.07218753394359563,0.052263572046487405,0.11633312725188867,-0.05956028056934576,-0.20707481393214122,0.05558572008176392,0.2539334629181206,-0.150866287294396,0.47906725078827317,0.362684967090365,0.5295160406744046,0.22172048100477268,-0.09099851809531452,-0.1586976441175075,-0.41945602395960113,-0.2198965915958762,0.35339749888560634,0.29007998261239376,0.8741709033209131,-0.3601375609708948,0.5098000008884147
0.19738249361853288,0.11977896344061502,0.10003266014557466,0.8063783924181477,-0.6756346384983987,0.1920616169703087,0.3292164275364561,0.32647862053668614,-0.14727186211609158,-0.16347880014517063,0.41526554511598374,-0.8016854300091342,0.16376071024676794,0.1746887174226075,0.9030436321154719,-0.03705739500392359,0.732999485648772,-0.9433333364309751,0.07357564766735916,0.24220744571485384,-0.6539510421801004,0.21863588420477587,0.12113838450389913,-0.3981473534369685,0.22171202297892365,-0.040617100783224044,0.03239158686932393,-0.7550805925020674,0.5335297343286147,0.3718253685800389,-0.04606112521763544,0.4842024500512371,0.1920225499561385,0.04523008310417281,0.37792563238243776,0.13202212178889802,-0.8271362007090972,0.27063039921941784,-0.6236850552711952,-0.13617341249779857,0.904918587943793,0.11300180138458962,1.0698513616328378,0.5092617332154412,0.27990629077959195,-0.07134979820659117,0.32041380195305946,0.04510825887780612,-0.07513479661782366,0.4452735417666538,-0.11099333641732587,0.05462333217612744,0.36232682267241106,1.1975020500625484,0.3858245750228789,-0.7509885509243237,-0.24141178748150047,-0.04288111688184813,0.0005033328521449765,-0.3168640167352672,-0.016249426034852535,0.09474315832509565,1.1593490026806283,-0.14726488936406465,0.5702831052609968
-0.06966535546264921,-0.08240101300574615,0.006053840169662601,0.5123099433299348,-0.4105183695377238,0.4846177469848799,0.3868581717016794,-0.09227680030695617,-0.40926399231627436,-0.31423377412039877,0.7282029913742006,-0.664677738976195,-0.7830509717516744,0.22116368036003936,1.2111353606149624,-0.22797506027786713,0.7641244677027798,-0.44929690677038914,-0.36598977885584155,0.5542114278958475,-0.7701143292606428,0.27313489784685,0.12295433675656155,0.15517928044471407,0.25511423581716,0.3911017413605411,-0.10947133579175701,-0.6693143825177738,0.5102831606325786,0.38601978954465394,0.03698716074316758,0.9053723346894804,0.3228847281296471,-0.040761351208998604,0.7788057002319789,0.22180536394029354,-1.082034945757877,0.35832073993415875,-0.46643277766034175,0.1864211864782459,0.9469817954924352,-0.15576321402336007,0.9060980379874222,0.9977994981649665,0.05911757291929214,0.11527619980105938,0.08509650365143623,-0.5749321774755387,0.12256927998086134,0.3588248799408541,0.5520618028741365,0.2385130370905019,0.35860534936310556,1.2544063629623219,0.4424886324824082,-0.6024574935677743,-0.12601639814762078,-0.43250559861246773,-0.8065412014251399,-0.6002560505532348,-0.1580230574599619,0.6149517048443736,1.0736380417741995,-0.2912645873214327,0.6228852205466837
-0.8358515853842599,-1.0151434647757933,-0.1242186904325337,0.21196240065254157,-0.23098020932628818,0.43422667583657876,0.4796748431533767,0.08041725522642407,-0.5230082589463441,-0.5730764453457987,0.7371249298593361,-0.11942745236721976,0.20530140979719275,0.3817365705075707,1.3266336645051247,-0.3483772690909611,0.6880856507900482,-0.41732326371512907,-0.09078939805900929,0.4090721484616747,-0.6813920475475513,0.06689025064799305,0.01403321472977833,-0.290390412305277,0.534342840323095,-0.38121816391202495,0.0031008961938283064,-0.6245568094360173,0.5736120307959438,-0.13627983895849577,0.10322412257622153,0.4133807416349942,0.7202541051391832,-0.3716390961119038,-0.22804192289265507,0.17328112097463927,-0.8596721630247096,0.1666087850964455,-0.06864436202049422,0.18412169716532176,0.7188609796098518,-0.4254888467570939,1.0092750948438975,0.96941357828974,0.20106782496703007,0.36327553727380846,0.1671385657648916,0.13468719959657108,0.21962835742369308,0.04940913669120392,-0.004434918832928451,-0.03552331280697132,0.7181758496808773,0.6673721479266037,0.3509432399328057,-0.4617162441862398,0.3005324787028989,-0.28826479033060665,-0.6537927068146067,-0.27381339477190736,-0.0729408969162371,-0.008510880766688524,0.6574522452590186,-0.1616330427343753,0.4073968360382932
-0.07052167614769732,-0.8186267300769989,0.016689229193782212,-0.2905739919143434,-0.4544158706010233,-0.22663974526486302,0.5939271692179925,0.08498223305006763,-0.5249214480193706,-0.6155040907204412,0.9249357001548134,-0.47505991380170853,0.3957231439933856,0.15985853711187437,1.0095811366808565,-0.05444785132130013,0.4746682303397764,0.07464471342701504,-0.20769212526031303,0.034120744369992406,-0.5833864374767965,-0.06550053702283634,0.0023743162123858463,0.6931614216141727,0.0259519920527798,-0.0710988599383077,-0.09282711644699385,-0.2398330566342148,0.6794021211316688,0.17747637668302452,0.02591620085486593,-0.20133233924044447,0.5066796468310332,-0.14003866575311777,0.5589101630280897,-0.5742282720160904,-1.0474324153425318,0.35159222509892896,-0.15486878967427375,-0.10857889161756246,0.6903585163102716,-0.1847966336552214,1.0648956948453545,0.1222959947726614,0.02251641590684628,-0.009648104725641739,0.14576899037961433,0.023211790376330838,-0.09565257601119195,0.4941164656641462,0.5756647122675843,-0.5160161191208801,0.5687599767859726,0.8844855050014198,-0.054890398668860946,-0.7282495041029957,-0.18371249474217582,0.0821798718677485,-0.3123648860400055,-0.5529172374693101,0.1736353766996877,0.27366372721439025,0.8246477767973597,-0.7743969880331683,0.5253766969653005
-0.5734129936395418,-1.0697538323323557,0.15475715984471333,0.5823911127676646,-0.42870909738274804,0.4480130744268893,0.5731809933930854,0.017252529840079668,-0.22167446415158532,-0.36247953828950397,0.4407633098880238,-0.3185690169481008,-0.20388944587726338,-0.12312195690805408,1.0058865422428405,0.10605191024204488,0.6838739071551858,-0.46405415983016474,-0.33770691005196435,0.8924565517140307,-0.5657412671186142,0.2542501402468823,-0.020669304397870708,-0.17023700462927216,0.32960089783401547,0.23567633420867118,-0.19420736142235157,-0.5692981215505525,1.2395338254600916,0.6578264819539718,-0.16820258366635876,0.26776969289119845,0.25257291643295515,-0.2330027801278911,0.09229844965384781,-0.11086709839807052,-0.8725800928379246,0.2888622294589314,-0.1442674768149626,0.056432164058254256,0.9340548843192447,-0.26127091372764644,0.7768903302167098,0.25932971234122054,0.31467943007209703,0.3905638980774245,0.3557084093719715,-0.37602565386987846,-0.08480941779440673,0.6046131193293856,-0.14415160642232303,0.3827238864663752,0.3882229633538795,1.2030056515270193,0.16567520571496777,-0.41201756105763876,0.004519160444191442,-0.32198610925504767,-0.4453094749880555,-0.681090446405665,0.16288707296071303,-0.19923932938269476,0.6581312528124571,-0.054764339816411246,0.35199788623898076
0.461886424755056,-0.7686270404639802,-0.18696308201979503,0.06657046102381181,-0.48589386229166986,0.4314785023726389,0.6290992235562161,-0.0011818815251474907,-0.46479163333169743,0.31372246036410945,0.7881821275938409,-0.9313118200299604,0.02922986799231843,0.23646772730564375,1.1927808032720697,-0.1113727312314237,-0.3347589594472734,-0.0695430441999716,-0.4245000990176963,0.7772268929755711,-0.8168061754553564,0.20964557351047447,-0.30344910654738966,0.2806363900680995,0.5670593158630574,-0.052102224163597416,-0.11408488778651649,-0.5529938011374527,0.7265925896550933,0.22449481522003384,-0.08167471904861312,-0.2896931929746928,0.8175230208328002,-0.0837305846554211,-0.3689320028399537,0.8833026959943441,-0.7416187828245387,0.3120477203368027,-0.3153754777706156,-0.1438130156897682,0.6867424606270536,-0.7916298996785547,1.4267098491104693,0.2800389068061719,0.04859295881379305,0.5865847873922985,0.30866251216838064,-0.4236338149454676,-0.3578222814916925,0.30629577536539254,0.27185031040511304,-0.41060269218221745,0.21580402421872782,1.0041135677732675,-0.104408119157358,-1.1550768704492964,-0.12572377039779747,-0.2673848615890406,-0.09202612633645778,0.02228050307547113,0.09508157986312712,0.5472441805195399,0.40761856391445056,-0.1718607398375815,0.5525200380658006
0.5487074827656272,-0.13788844748124426,0.08494421403092284,0.5943368117519287,-0.2513460379114143,0.6613889672316755,0.5261921373537914,-0.15810886308905947,-0.33135300075964136,-0.7057298153484981,0.45298347679748663,-0.8808982114458801,-0.20241532177872024,0.1918256566072519,0.9388273659159391,0.27717578749043165,0.6599439938713447,-0.3931387073092631,-0.42128053637824925,0.7910320402934813,-0.6850321747364018,0.29874998134411307,0.3729876602378267,0.13724165290961,0.2545320508215279,0.1565637457668744,0.05807429008628074,-0.6420003675281106,1.1195241567811733,0.27290779122690867,-0.2552743469496914,-0.2390942732160597,0.15918925120060484,-0.2629162475482201,0.8186863928182687,0.4890915715718895,-1.0984500436890552,0.3048880871546415,-0.48627971271859616,-0.40146962322047686,0.6909157133162235,-0.2552343625835909,1.1522977919411699,-0.05304197938014915,0.2360653982809035,0.13621024317901312,0.13183412338055556,-0.04034712721776326,-0.15938276090888814,0.2845929764834344,0.9593774561237721,0.5259733488972468,0.6798613110718353,0.654741699508787,0.17694226025173468,-0.8167113262550714,-0.32757636182767796,-0.6152877546927084,0.25598403495493666,-0.3525058425427476,0.0750626607353217,-0.33968011828251937,0.6730567413229855,0.07955644858362923,0.20946375385139013
-0.5221388577438201,-0.5487527950281138,0.1207133049799694,0.49827269513737116,-0.3579401976747502,0.23583824456027125,0.5530128813963124,-0.08349988713274345,-0.19484977568412323,-0.650601000617406,0.26732970958801605,-0.8469408803622449,-0.2537716307705598,0.27621004806175187,1.1210858300019384,-0.006919294047211068,0.6308419597716732,-0.8829755600531253,-0.5908994132610873,0.43985517701314486,-0.6942009916697228,0.31050094757378777,0.26785463827125,0.14888619276429468,0.10680271836156346,0.19329280004576382,0.15247589379889306,-0.42051804509523105,0.94336916954063,0.519074544233365,0.06858835121237368,-0.5795391258646033,0.42531005378833,-0.7093061038332278,-0.2436349900956393,0.15221623834585915,-0.9136025849191354,0.2812415274127177,-0.16453180515299004,0.15346802293302314,0.6350052897071535,-0.13919195389937092,0.984807435950404,0.10620209981395617,0.2017330024061744,-0.3964330455526404,0.12059878759193213,-0.044933297295817694,0.03792433783776445,0.35502796211083254,0.47800912545603824,0.2874512225318456,0.35550240234455793,0.6058149112055424,0.2229691096564778,-0.5537879950720042,-0.4005501705850554,-0.27953704781543,-0.24873521769015752,-0.0042256554951705175,0.17982676290111954,0.10568579395297187,0.28928190260418035,-0.5867739985924126,0.4899895290565701
0.1479719216003227,-0.530597773216084,-0.0029145304319902476,0.5425091915743877,-0.030573196404324945,0.22496807846940656,0.3571540223620192,-0.4378042194405878,-0.460464208658625,0.21148030697883735,0.5899679861541901,-0.8923513296441056,-0.21139209455504873,0.21305219842651163,0.9118846727038428,0.04993966033042117,0.14784931237713622,-0.3137058459823408,-0.1998274887204345,0.18797259182676018,-0.20522100016908845,0.008151116506336833,0.11191450655944021,0.6880942892822134,0.1541688598251304,-0.38932106379260883,0.3498476311269152,-0.711234826351284,0.5579847776739821,0.4468357392260668,0.08461346598495983,-0.20003952268403802,0.5370931243975692,0.2395385694740968,0.11148209171946488,0.21331746136029933,-0.8116672570471427,0.21204225702594537,-0.3446015766267136,-0.2424245077574756,0.836763283040427,-0.324151610988102,1.0282043862204575,0.2835722409218664,0.06890520916942076,0.15602282378604007,-0.0888422722572024,-0.17702114642111258,-0.472990754517355,0.35979736682507324,-0.0329034799808131,-0.062416793091279,0.420517590738979,-0.33648866126414656,0.2343244087747521,-0.7848153839585099,-0.09477195756028672,-0.12538018383710153,-0.2059042312507668,-0.3333585958998154,-0.16733764716277605,-0.3356603773982709,0.31731138499843964,-0.10728523747691643,0.7611914746530062
0.44770252060064464,-0.857653658996587,0.14797010070296168,-0.13302216553832924,-0.4860483985741569,1.120994879680635,0.32581649071472896,-0.6333260557684922,-0.12463061503432837,-0.05010997175413587,0.09209685584471453,-0.8380414962770006,-0.2561397444629275,0.5372098862282572,1.3252192922772812,-0.5024986973540134,0.3477949137760102,-0.3707755351490501,-0.23596474903650594,0.40889051934152476,-0.6517182454401644,0.0813537134038168,-0.5594338040156056,0.5151553934926901,0.4898824492379933,-0.28487552349069223,0.09020969148127943,-0.5563478320595986,0.15129458948155303,0.5088521914575173,0.24308368396830343,-0.057248522665018946,-0.002122160899932647,0.10609421369336497,0.06509808332883911,0.4365053331901037,-0.5442190654879692,0.2188867192734944,-0.3469881737259414,-0.12423021219890389,0.9286354954744029,-0.17975820108350987,0.8797224030582865,0.028250686311277654,-0.16407843804643163,0.22721459713936903,-0.6161070852275318,-0.11201875407105788,-0.02547281498723797,0.5127019200138713,0.94618216541053,-0.022702723720119812,-0.11606199266598702,0.7979703789905368,0.07975123505120642,-0.6658528272127465,-0.2540939295676334,-0.16798275251296796,-0.36082379154704847,-0.9457960572364189,0.5759318953428246,0.15108489703373051,1.2584468756836786,0.4411716617313749,0.6864381259536887
-0.12616568429357802,-0.8114149913729239,0.17931005727614593,0.8234363136871767,-0.15354535384433476,0.21936554174627054,0.09871549548032849,0.15636369406333847,-0.15435774910946157,-0.7451521993606133,0.9673925568267999,-0.7203621306244951,0.22085908564953832,0.4103712354576299,1.1483359192243674,0.00824069461117511,0.07585833440996255,-0.5211322202469912,-0.21599238925006525,0.03920826115228996,-0.7722243655150478,0.26792650620671166,0.4290568898467846,-0.2924165038984044,0.4390069911471459,0.036558217465742546,0.24225585259388488,-0.7224045508820575,1.2767383384017186,0.5061937650106605,-0.002040937904309613,0.41003082428441046,-0.3060369156364086,-0.6926900940629712,0.8107494092265635,0.0841461675837811,-0.6983799249701803,0.3691330920208968,-0.5638647705697913,0.265094755063959,0.907888137022478,-0.11569304659525192,1.0165768487352858,-0.07735392095303001,0.17890502868587604,0.4279294819727568,0.481338415853322,-0.25995672729255204,-0.17925826956911362,0.06202349172215811,0.1531008556205326,-0.11017812673279694,0.5090825923464687,0.3047854231932118,0.37560429138481766,-0.6066278843396006,0.21407254590828023,-0.5053179970442856,-0.33524863764871987,-0.1912905257342105,0.12620418797549074,0.14130412881833157,0.03559414138310156,0.035693677982262424,0.4046617182636555
-0.07858948816912488,-1.1693118595998204,0.302659916501009,0.4832343775828497,-0.4119275531921718,0.541564512984766,0.5477676503432529,-0.44413868096582626,-0.29178798803046135,-0.6787853788186581,0.5434293939531605,-0.5786232678049942,0.36336980113656026,0.582729320706,0.8051126112016385,-0.1397034959866271,0.7075105917583848,-1.0836994173534782,-0.21659679632638512,0.616562261531799,-0.954993034665216,0.15318009981811317,-0.10633546270417328,-0.47386602409951456,0.740374013501827,-0.024391779954863385,0.18595777530562463,-0.6367770844334787,-0.11376112540180222,0.57215545679864,0.2767239770849795,0.3798356411759871,-0.03209649809536322,-0.39203712417948705,0.09614328760591553,0.18026036321216177,-0.8739199022846392,0.13898569236610556,-0.43049538652873853,0.07419742753368724,0.8919467497245669,-0.20829998674059128,0.9216393406675042,0.3553355985265783,0.21020724902710403,0.415838664220261,0.190491938937199,-0.519057796503405,0.10251170386533671,0.23087314403725556,-0.14217795593412644,0.2318035007996512,0.3682029932467665,0.17368367189750233,0.358548020735616,-0.5085147211213598,-0.1775458020792558,-0.39439606453499043,0.00779205026558584,-0.13436502917216864,-0.3860578050697383,0.14903846964767445,-0.06580991308866764,-0.1947728827432344,0.845739024920685
0.20070910968783134,-0.40025580199263106,0.07696141219001262,-0.3945998671849849,-0.10369581183369875,0.26469867934726843,0.9569036818175054,-0.3648729875766963,-0.314299087496412,-0.3636355317939719,0.8757081479212526,-0.5591818306187917,-0.6043569970082531,0.2815324885459433,1.3685532620715748,-0.6718768915864792,0.03088144538724994,-0.10074710114916491,-0.43261871889845843,0.4384354323615337,-0.5058998701957976,-0.2190812847756979,-0.11790098437904467,0.07532600651064969,0.19450089649232813,-0.25773371512419085,0.0663245477717175,-0.47848273561521487,0.557561921775056,0.49198961190157886,0.12526027747676216,-0.13605077464376414,0.44829317524225987,0.13055674777975207,0.020372847677746483,0.12870724027951114,-1.1437201656879228,-0.02307028553165649,-0.25413310192804756,-0.10238160527198312,0.8479893675325207,-0.3202988388340393,1.18842056432621,-0.21865217662938619,-0.15077519059324207,-0.014687906410823279,0.0011261160196881226,-0.39870523625582155,-0.2517410925359215,0.658833126210966,0.4527357465050507,0.3892755161774992,-0.06913549535827543,0.04129076685859604,0.4030012393543052,-0.9844657278022492,-0.12565981498602632,-0.33789481230804885,0.05475391830591913,-0.35776799059354947,0.20682939652705223,0.04051498641502396,-0.1730938442343554,0.052355007867563634,0.22107203248564883
0.35996630079472247,-1.0892939112500384,0.11763805487799754,0.6215131859485339,-0.441662567179607,0.9008968746411916,0.31474044312382443,0.33028839330636056,0.1159846370728406,-0.22284319054100596,0.26503851117182575,-0.7949562860594466,-0.33570261282322034,-0.2452854643478131,1.145316235587196,-0.12116878486699845,0.08279654094760483,-0.28007115079589573,-0.1810042350948169,0.664701049171172,-0.6675909936767723,0.4197457391367602,0.19456968895367152,-0.589123982631125,0.5500120794594586,0.12013484060103372,0.1515739751051342,-0.5579555065476647,1.410870691646162,0.7916282548692163,0.3474857949291293,0.42258953798929916,0.027641389615053694,-0.3559967563951272,0.767595697254987,0.42498823403432,-0.515512791749959,0.3018000225417057,-0.9886997248803245,0.19792664090607395,0.7668462498243055,0.1262269266938023,0.9286209209948703,0.37373572459100257,0.39611539237661864,0.6092781272470413,0.5330003785591471,0.18911702375627637,-0.05355180209333808,0.21227454528475034,0.0918153693790082,0.4676433099363514,0.44370922032775784,0.262208379434304,0.3348801913220859,-0.47373446669840635,-0.0002091076839909889,-0.3206106207802828,-0.6744965664419537,-0.6925911006191718,-0.056786084259883435,-0.24011475457978354,0.5640800021665515,0.10890952155001807,-0.13232950842503538
-0.4855815332334508,-1.0621088826520173,0.189012478781104,0.0053522884922977965,-0.510809244889591,0.3795949976499479,0.4878983351832195,-0.15816616365508473,-0.2776991040678658,-0.27716224065211315,0.7134367696920245,-0.8109661884459624,-0.4446285485100354,0.03867808212297889,0.9726747807864173,0.14032323672712926,-0.13673764586578813,-0.5217027220823438,0.18226416719049615,0.18065894265968613,-0.3458946810593171,0.3862061224058294,-0.01680036624750507,0.16955634397607627,0.4195686065626515,-0.35272124960598167,0.14365298852679453,-0.5916254429121721,0.2197021695625409,0.7468230572785826,0.06617086270505493,0.3929561718318253,-0.42990285396538597,-0.42409069310384023,-0.35757986392060237,-0.188036612087955,-0.698690775605406,0.3734149766791525,-0.3010219044965036,0.15789925744768973,1.0309875901973036,0.18196760356618513,1.0687794411522609,0.32284991611818104,0.03839343169915401,0.3830488434065892,0.09110291757842243,-0.0592394468902778,-0.12625837219132655,-0.055531488146750616,0.647951870948403,0.3780747904811683,0.40707526477648315,0.28080365111969025,0.5832483049619324,-0.5714087751957752,-0.301745598667733,-0.5447585259359898,-0.012888963547383343,0.18725295076183363,-0.1599541723745444,0.08109440564373299,-0.5991699902008519,0.42163787642828054,0.2769885135009337
-0.09826138590646125,-1.4451400620867538,0.049448621390485815,0.47028377146163003,0.16610608914243158,0.586143265806899,0.40148454679738427,0.22139081404013955,-0.17568489237817092,0.33576624900164914,0.31564108640445937,-0.9625036524457353,-0.1019806051753636,0.18090809582633746,1.1236305312809531,-0.03218909509109025,0.3602491968557525,-0.03028344017411013,0.16952050232537355,0.5574628638800019,-0.49673463337008295,0.2986071202024858,-0.08542271707449149,0.6362569201907785,0.41077486257925944,0.022926224378062618,0.10966966559245214,-0.5896865211596692,0.44241055699332893,0.5603198726339307,0.23338076163595473,0.35688861936475436,0.027115861283461433,-1.3286811829641043,0.37079517443009585,0.14387699494093048,-0.5196973494103398,0.42747551425181385,-0.605554417231038,-0.005964830359286702,0.6936646092370762,0.011001156427471258,0.723416465867132,0.1801543445703943,0.09780170041025606,0.40965117057268563,0.21612110539579263,-0.30679571645868164,0.060178142821258385,0.9008280847383859,0.18339821022892405,0.26095426131183724,-0.16190719056254316,0.4518999424849698,0.2994395656669956,-0.5635409103013582,-0.2525257476665183,-0.4174196128653499,-0.4215243139754966,0.5352410378086339,0.22445457460569976,0.27292841933911777,0.42176087929376876,0.022778488386232712,0.554811998151979
0.03356474211050741,-0.4386563445397896,-0.051335452056735995,-0.2823874811828551,-0.44433920706232505,0.56361722487282,0.296418892804472,-0.17590393599804427,-0.2742489305460295,-0.30469420800192076,0.7523185311663089,-0.36480894497235433,-0.8921550069694277,-0.0786570832264427,1.2304691085569583,-0.40518399202630007,0.09748962371178262,0.04429979866665935,-0.3148566188151932,0.8110168295517681,-0.3542191351573113,0.20236644166342496,-0.25567029369083816,0.13553223270706682,0.054669257188762775,-0.24746411047584682,-0.10402774852278149,-0.5304762675162664,0.653648223949408,0.4977089809833036,-0.0342083752184938,0.3718933930860382,0.09425425689900685,0.13869734013846752,0.1095428760093225,0.3039743949351476,-0.7570859416768045,0.1767830689503809,-0.4673914717083749,0.021700559383046873,0.9666211989960791,-0.44160429857232547,0.9785121015048817,-0.49223017557574916,-0.21024237289464065,0.39567587567922946,0.009651442974839067,-0.31214399148822597,0.05729757222070957,0.07394449349484906,1.1505423912897157,0.6925835272724884,0.2560574356128823,0.5550923069676745,0.6484018018261692,-0.4126126559658288,-0.38191652129745335,-0.4384613915746865,0.07272814071373485,-0.20691867496944072,-0.13867930396012068,0.07696729391657695,0.12610469055587709,0.06586442772311532,0.41823120894298754
0.759252353478522,-0.7003444102348045,-0.14643257517923758,-0.3228281340606576,-0.5534742904453991,-0.05220284073829874,0.42147113414805526,0.33883528366450305,-0.5180855060969752,-0.15812740886852777,0.6805385254288994,-1.24845040802509,-0.3268922401753002,-0.2526206708555662,1.0399559452181049,-0.3118699136537678,0.38616768421447095,-0.127102068322228,-0.05576809540763172,0.28728266456375867,-0.24007054857818555,-0.2650004385610196,-0.5742871282053691,0.6448841367278612,0.14637402560616805,-0.393653132252289,0.23567763038308892,-0.7082291784732535,0.7853595819434945,0.6212413534989262,0.18569716200722328,-0.11817772051873304,0.15872030385077385,-0.0331402716510603,-0.33043907583148535,-0.09494765445707525,-1.0275825269415408,0.17635040193029472,-0.246346985462543,-0.18963362901510347,0.8314203381354,0.07285153979337267,0.6987002721076041,-0.32338404365449624,0.003359536117447756,0.19730515080195338,0.21441470910498203,0.13460505831683042,0.04870900678928469,0.7004425572420373,0.2241278151250021,0.43771468333059593,-0.05952336510684742,-0.09297711970981909,0.700688610176196,-0.46884420304769947,-0.3169663831709216,-0.3206597036924984,-0.29020231933707186,-0.09767427363300071,0.2926459185130686,-0.19300200772735182,0.5199946856231871,-0.12280098276416129,0.4002565920458415
0.1404130316888504,-0.036264133558717215,0.31765730213584026,0.6827134330637676,-0.13665128707080385,0.4520111610063439,0.2179819120040989,0.3304022775961697,-0.24319351221105942,-0.20969476128540063,0.6012720883343713,-0.3115129674112575,0.2795823265444974,0.17939634407994293,1.0240770834622068,0.042738459074562925,0.2951127601628379,0.12365731323679194,-0.11970234016582285,0.19019790306811823,-0.5299462491043901,0.3882293008525544,0.2606169341847577,0.04051265478904856,0.5796450000358466,-0.011540159650619788,0.1856893244870078,-0.9265210707482608,0.9118531018458695,0.5589260763327305,-0.06924313327987809,0.2183572403493364,-0.3007922741741045,0.030844129022789935,0.5322769666775861,0.009411016918670904,-0.9451240936871339,-0.13288908838055818,-0.5058971199588713,-0.14772864868882493,0.9664123321303345,-0.06312700038833902,0.8048866425390484,-0.0007225079353279928,-0.007804837977058211,0.616806788814054,-0.023661599255195676,-0.044722033430892906,-0.0062567111464256475,0.3262221597748327,0.5497624048917629,0.38496330706253457,0.21772632652386714,0.646722838493449,0.18565367800478438,-0.8997246181374542,-0.28097208576867205,-0.4293377328190128,-0.43794779286674546,-0.8245226589734546,-0.48186928492270414,0.2963592227620214,0.212711026903161,0.08033872153547705,0.7449840604361672
0.15327361317064186,0.03372232826953913,-0.1279037336718371,-0.038600358768496296,-0.22918302043285735,0.33461245719206445,0.3225324734227186,0.010874592178912276,-0.22050440048904815,-0.43769907070259706,0.4809477036444837,-1.4272380596026706,-0.2297866356620465,0.22461199769383539,1.2110743228459595,-0.2561783262437123,-0.02607764183764702,-0.10775807978973798,-0.28197165043661543,0.22163283127730998,-0.12282200703000266,0.10619338802099118,-0.2835405069567899,0.07911662140359171,0.10513491460782266,0.034837521197090576,0.14152207209516385,-0.6164722671996401,0.6525368787176177,0.6418641185883285,0.420335523967023,-0.15260906784251982,0.19372074023889044,-0.36106058835414995,0.4800942221504957,0.4776174858342394,-1.0790944824430921,0.12046816226300029,-0.5278036230991577,-0.13004591791740341,0.5085982827388529,-0.05213410828828936,0.8857263793461476,-0.6472523370653848,-0.49291742615529216,0.6555150043017893,0.509788085105513,-0.24635805029768268,-0.15299042873626084,0.6070114607799229,0.26225139070738446,0.8132164848419848,0.28144481020425827,-0.23954789984671065,0.20258732781022423,-0.9139585889384524,-0.4541150665534112,-0.3338173455014509,0.00517144991772287,0.286406239008855,-0.27856767361751716,0.2619648892206,-0.16292335803840455,0.14072109937651284,-0.02500713260371936
0.2165803788215106,-0.36483987990173905,0.16263295285776583,0.12753290373556314,-0.13591593677661254,0.5485039079103358,0.754169928872016,-0.2338592796951905,0.02958117856975749,-0.480220611798306,0.8682695434071092,-1.1016792687449255,-0.7026500333495638,0.0711689451815193,1.048428268272269,-0.4813846334628497,0.3293274401483023,-1.1151373174002541,-0.2833851046025678,0.005377447519171786,-0.4038440094953016,0.3511949577328768,-0.23291516620727842,0.3461431676409261,0.43577931944256204,-0.0444013261689719,0.4050144077290819,-0.8915588542358757,0.09671056514777293,0.5797597786445156,0.25537456095685235,0.08301733433214277,-0.07111413409018257,-0.7205366604144422,0.07488943212084584,-0.0007350313717498363,-1.210080247000773,0.09814750288158547,-0.5696882225580404,-0.26799059151169213,0.6196290178985465,-0.3980009766501525,0.7620627072880604,-0.4765822732284427,0.13489634635512676,0.07303407834215873,0.1578876743695387,-0.18276859852802624,-0.30621740307962825,0.42816749121404285,0.6070345001842711,0.11488428968650533,0.5644274734471258,0.31601170591391836,0.598293135216699,-0.7241906372200747,-0.1257591892265207,-0.4111121402784379,-0.12223851891846439,-0.09379756687200386,0.421298146929026,-0.08023426562178207,0.25526067091158433,-0.1022123058695592,0.1448744803674576
-0.012037028653228643,-0.7729201972370485,0.45871471562166244,0.24534121921320803,-0.2386611500198147,0.42469687102515835,0.04491648866325623,-0.20541666753496848,-0.40645280418168106,0.2473589981544307,0.19110837917091023,-0.6934577251607396,-0.24441594198503347,0.14793412002968268,1.0160253560096482,-0.21396588286827686,0.2744635984257128,-1.050764322163598,-0.3372150233193312,0.40966146319416175,-0.26349087702241336,-0.15327050246921214,-0.01766507163239423,0.799760841444256,0.4339777229571609,-0.04196780214441173,0.18234486245928927,-0.6768612332498395,0.4902637475800992,0.5237681200718427,0.3295432673308464,0.03804846509823647,-0.31560591400395704,-0.6548947025717575,-0.3770329827788227,0.37058919874271523,-1.1835310164328556,0.4007411769612126,-0.419199989882346,-0.2507406926320425,0.7455681279958946,0.10982536644380253,0.7027882340408068,-0.1292515321302412,0.2462022664382464,0.20242681894197495,0.1862623719433251,-0.36795489656278363,0.17636909379644733,0.6579020617947815,0.6725780915780456,0.7437181597484546,-0.3141819731575579,0.41782026840923076,0.5235040566370986,-0.40526087490383145,-0.3280094363003515,-0.37123608195750035,-0.5365415684055094,-0.48294940539522724,0.04275691950427522,0.4627309486111668,0.3696414594084479,0.42769551052425053,0.43554828151677694
-0.0008474953066643295,-0.6586735629273229,0.09406887624661464,-0.40480867875683485,-0.4538838221151394,0.1354753315165918,0.6865296727621183,-0.19172606819584193,-0.19346496234918575,0.07693601379879106,0.6315911409317495,-0.6495854099016295,-0.6481366485824008,-0.2084840953599027,1.1880265168112056,-0.27956183572544024,-0.15086702096537496,-0.24594222656487272,-0.3890127577884807,0.1203178155190093,-0.35836955296469664,0.11833444278474795,-0.20385227734009986,-0.0026618260615294907,0.2469898020726029,-0.007817921228436414,0.4103682143513211,-0.5205644210060975,0.17030082130936203,0.5016411184637474,0.10196856937584178,0.01149223344321243,0.22034420298788443,-1.4256965064659912,0.16300624008851852,0.048741073405791,-0.45994915196747144,0.13902602838804864,-0.5035231651236401,-0.25989340405691286,0.8096834918467531,-0.06201719608756974,1.0152072886295136,-0.14890596146038584,-0.10620026037653688,0.20000522156729153,0.0008944989482139731,0.0011013209226429926,-0.1995942963896411,0.5712868103866989,-0.3037462803523241,0.10868313350425826,-0.11669616363600346,-0.05632024729314444,0.2847465242271861,-0.8231762682337961,-0.48983991842538954,-0.3189126259413887,-0.2634947951504234,-0.6992644949101273,0.0024176949623074227,0.3801641841836334,0.3161362165333004,0.25834195751714795,-0.03666374771731878
0.6007179256349687,-0.3182890789946549,0.0052569698057467265,0.7935251632886544,-0.2049819705315088,0.5448515503954791,0.00895922961772816,-0.11757977965026489,0.145853458543414,0.3870110562604177,0.6609681241754225,-0.7552485610194736,-0.23045919877112736,0.08950674471320649,1.213938487047666,-0.24754032437863258,0.31873580197287193,-0.7344681085294399,-0.5157063475290443,0.26539293807820147,-0.269770457252247,0.4030420304027294,-0.020654427107422324,0.20488385922633445,0.46951609154401375,-0.19284831653030265,0.26293867688738753,-0.6006017933820177,0.7685482165941361,0.7208495579515772,0.06613045359595829,-0.22470637467687035,0.49118187809172537,-0.6804642833838236,0.6893183574863523,0.3397977871880344,-0.970027957640609,0.11322136104798214,-0.4124439975799268,-0.3724720136248607,0.5368355472457929,-0.3928763224912336,0.8182853200765077,-0.556689305920602,-0.2242881117103323,0.3488302740535583,0.2964631761279334,-0.40603072900010045,-0.20282003507733454,0.8674308968385889,0.12581182185116976,0.7540578003916187,0.46277289364250235,0.17345552825447563,0.25165479038610067,-0.5922104246942997,0.049752678664506715,-0.43696808335845194,-0.6604160037212395,-0.4101786018493504,0.22436465828218277,-0.03958237135580357,0.3873766073115491,0.3337977745378232,0.408952750767224
0.3611579119698571,-0.39293780154317676,0.021757552792903853,0.15592503939739916,-0.1724164779916188,0.8929089079093204,0.1174254499306449,-0.008722686393422555,-0.19259226949393357,-0.49224375030197887,0.4704258111358432,-0.2734023445689374,0.05240345267675297,-0.003840177193101778,1.1654836014800634,0.04673706706341844,0.40735316078389433,-0.7296411992670739,-0.16255774872362772,0.3587642371777977,-0.44331810762508916,0.5092344058306153,-0.12476617707344086,-0.3534643089584403,0.6660418997224595,0.08126641012659361,0.19703135306078579,-0.6872345724676506,0.3919481019604174,1.2157084875008188,-0.2913991300562499,0.2306086756664459,0.5573293998384005,-0.16635641116083352,0.35239098179841255,-0.39601359577228656,-0.732442309896157,0.19031938333846024,-0.4034976419478263,-0.05426677277902502,0.8982713795374605,-0.07333783785243762,0.9154607108783964,0.06413255588300523,-0.13988529618438006,0.6055473415493927,0.11842516282239454,-0.3901748494990027,0.0387334914781412,0.236922869963289,0.2947274119086618,-0.04718816410861229,0.3803613146665562,-0.0027466231333019356,0.2616397559258756,-0.765184009691945,0.01785666272153036,-0.4609315412137114,-0.2544405837369519,-0.6846438059096562,-0.22881485927937914,0.19833338640246753,0.32080700402898826,0.7781690447149245,0.1484058055690879
-0.4695364604245305,-0.7636044189247865,-0.043283354209417216,0.11615557013210752,-0.8866259363105748,0.8133363213852328,0.6057812320332869,0.24629167033947647,-0.4135826695832949,0.16428674574574592,0.4818097217417109,-1.0087072356566922,0.11649676080799717,0.38686775544434104,0.8211430849368242,-0.2744690966771659,0.5278145211261733,-0.7422672317422917,-0.2897565955238648,0.07014216979898519,-0.6265589936931952,0.27232449935055225,-0.19820122161355574,-0.2148837692112363,0.292748385262237,0.04064952346379708,-0.02378119570770066,-0.890453378906947,0.7150921631683402,0.5697733081328605,-0.043427902695600866,0.674894561342019,-0.09860821023318855,-1.1687636914141013,0.049083675228527,0.04053888675332874,-1.0416488938968234,0.1516589615382101,-0.45150169562557313,-0.2573113671343205,0.8366162404784933,-0.024841628675327652,1.0165698182902059,-0.05401867977053054,0.019989257554163545,0.3457789416951274,0.09951053752167216,-0.37765267528743124,-0.07558418727318322,0.4602549332494762,-0.11760933147821048,0.41554159937137225,0.22361866378976658,0.23785013718308906,0.5392586846407627,-0.7700939891341979,-0.16420434660250485,-0.38870740488576844,-0.38759736229755526,-0.5592065385680935,0.05144018857585013,0.018230213124321583,0.723965034552168,0.26676438926452134,0.49845680927882474
0.1690236912329069,0.25499272482359386,-0.1827855977941323,0.06014201392636876,-0.28867312480316104,0.500394605770123,0.5063926917088769,-0.07315151448960369,-0.4070584060430639,-0.17854466317971684,0.6424662890206763,-1.2761256165347836,-0.008140771595158941,-0.3444843693513136,1.1406251526346707,-0.2063864632668836,0.7181626097690658,-0.3936713140427842,-0.4131157429490348,0.2366913538574573,-0.616908934452761,0.19609395215416464,-0.1295448222711284,-1.1641698311821735,0.2521476358225483,-0.0681141960365601,-0.26950383688584284,-0.49260748348547645,0.5804939630208157,0.6853366081072892,0.07916135133987981,-0.2880062720628486,0.06827865800864902,-0.2388059480657943,0.21375331455259514,0.11346633115156425,-0.9452347772039101,0.05733221470925401,-0.27889251382505126,-0.7293707977906541,0.6905071637993534,-0.33876457416277816,0.7684302735228855,-0.2923019499360334,0.19464121487381494,0.13356958631587054,0.19088923502919755,-0.009806032343181018,0.1632868999286341,0.8684761561325847,-0.05846949203372338,0.3545898319451023,0.3711685273193833,0.45884943475534407,0.2813902750612176,-1.0718239756653833,-0.21011152907727676,-0.23664075744165597,-0.08474145315513842,-0.3381105486318824,0.2533917510903452,0.20387173211066512,0.31236417321303883,-0.10298493202230351,0.29276243897046894
0.7765465029548292,0.5021658429932483,0.10517476646266627,0.7142394782758494,-0.516110985272595,0.4198646634240474,0.524166054118763,0.2248696790358713,-0.31080115738938985,0.20281339285998834,0.5485581375216217,-1.0869113230244596,0.13928745231690412,0.018967913120595918,1.2603549055535628,-0.1321669989632448,0.3395274617009256,-0.15794860761911897,-0.4656250036168472,-0.07364266719592992,-0.3256405441192868,0.5233668776434852,0.04082195184174597,0.22175049613589964,0.5365496218973768,0.031577696224668515,0.022648327744315556,-0.5405581089812356,0.33674039699844255,0.4563002314465328,0.26752048680351104,0.1574731763265586,0.05369247042315092,-0.4141696582720583,0.020507730034504332,0.4803114008186588,-1.1422671571110223,0.10858488425918963,-0.5142438306115028,-0.13100446262499124,0.7664805196604839,-0.25948544247968164,1.0251446245199263,0.10937153402770655,0.5824009845356043,0.013612445129091759,0.12025902540312548,0.1655592334539535,0.06890129636094801,0.38052311338022426,-0.11263074995365173,-0.06799693054155226,0.11538576227964324,0.05934258648143095,0.10608939749944532,-0.6111678269691654,-0.11848579926701533,-0.1616731915760461,-0.26723388717016333,-0.4528853692932655,0.18689990157515698,0.00991458756972046,0.4174020911650367,-0.06954659176570024,0.44129188505396366
-0.19454460449325528,-0.20285947871186022,0.16117469212061317,1.2294350267106466,-0.06437843070699786,0.674656221405868,0.1218697984858646,0.5258902089519195,-0.14069060000321862,-0.35300289730333206,0.18642420849946306,-0.5053261662275571,-0.023735189673407382,0.31108665701629656,1.002124213865995,-0.2283363125266687,0.3307066910355762,-0.4053673790630725,0.025310318306537447,0.6266209879519018,-0.44317828733049647,0.313765842457664,0.0460137238262137,-0.17140012486032732,0.5375631083110791,0.5709036974380988,0.35889264131853965,-0.8793328794045195,1.0483925683046544,0.761708066202277,-0.08599129803920401,0.0639356710126559,-0.5420585364273168,-0.6066264516283393,0.7110793387158487,-0.11405011119336976,-1.0450285303024125,0.15743708592423006,-0.6466803761474674,0.13290206809197747,0.8537176204807938,-0.18979459714984884,0.7066522344117235,0.27130973046639795,0.17298562339277745,0.4135681802504252,0.26892217951867964,-0.4336967560531311,0.004227328370377106,0.13790019531887615,-0.20622703109399618,0.5024811886039615,0.5103802101883871,0.6686459561417222,0.4394335462069883,-0.5963186695511992,0.03361971315356177,-0.2592567833695224,-0.8046965317387428,-0.7944987096254071,-0.28823690525975937,-0.29866146070130517,0.47151176415515217,-0.007327405211489939,1.030927318755231
-0.4718207679323404,-1.104039376489528,0.2429901177260016,0.2023202723647055,-0.20800270866616175,0.4185901017798628,0.49223409232045806,0.03579182770589369,-0.08002598165029073,-0.2886116043964577,0.15650157942109222,0.07126397573795987,0.08847180366904075,0.04860833810455212,0.8554408368298387,-0.0425939935868407,0.3728279608560741,-0.5880630768177063,0.0638881420972185,0.09495886638298175,-0.7026382447708449,0.5443695763938734,0.5028888340040596,-0.23223035181922197,0.40727611422903615,0.2444139278338645,0.30368310442727636,-0.6878910759280467,1.078540915393912,0.497617875842871,0.17002246500507107,0.1881807644499714,0.30414153504049485,-1.1346705630091272,0.3583426634610088,0.6408098759790218,-1.09985874594041,0.29490334070319146,-0.36584310907478235,0.34010087165861214,0.6620861863473859,0.13187617616513098,0.773161310946471,0.6160783972791606,0.1532475906746718,0.3738324673936023,-0.3956192815604137,0.31714362833888793,-0.09141639253757936,0.49261209214938223,0.675757338879838,-0.34965657468263917,0.38439151702526075,-0.02338872820087335,0.1931747187414483,-0.3737445792338478,-0.3250729957630953,-0.35314036396417237,-0.33814970209184214,-0.6068549116775265,-0.07441168439742057,0.8197858320707231,0.05088589726709399,0.5490126486702072,0.8429846530307323
0.2621208455514732,0.04310802953131103,-0.10745449401265608,0.1479663255465219,-0.3512527435620694,1.016309361500066,0.40494432560869126,-0.31926112286678265,-0.02704547594674104,-0.3922508097563293,0.693051244426641,-0.7819292820869872,-0.13964058559010334,0.041115030151800604,0.6032467205394816,-0.2585282104594765,-0.2974589823062529,-0.09679533537355034,0.11777921719040987,0.06967969545004446,-0.16332674184319382,0.2398587917890137,-0.15844257265532738,0.037206513708408835,0.2526746126967178,0.2579384013706058,0.1763841132344239,-0.6056499032722062,-0.18453314121837952,0.889269338929622,0.3432483105835597,-0.3160102542650883,0.20369375709378526,-0.3233757477712694,-0.4359637636878674,0.22678269237006754,-0.7218738181660287,0.10429938985922141,-0.21128994198482573,0.4504078498790672,0.6666694746231381,0.190044328848886,1.1357794307237088,0.01832150822150626,0.003236376084262846,0.4905400696854298,-0.10901904019059375,-0.08355987092486261,0.1894422721580393,0.6559668885470095,0.6306615815849133,0.24833738606807246,0.02061835640489447,-0.018787135257567478,0.5837838473346902,-0.0798167760777472,-0.23150460283528718,-0.18257119263818344,-0.4232416297675499,-0.8559975454858898,0.40176019280559405,0.44863328309861283,0.3646131785170389,0.3949460223686746,0.5502976733698042
0.29647897640151555,-0.015936674202584346,-0.27228251687528093,0.19876581423506398,-0.44471580560669144,1.0412599012704857,0.5429993567949012,-0.1425041293274375,-0.22097096501342722,0.057590913034286845,0.7365181828123507,-1.369898421838567,-0.47656834999429115,-0.15066015638238073,1.2199378012780908,-0.2563172258398797,-0.27023304181005836,0.014199575045728004,-0.05605973554589945,0.0381863232668006,-0.20872635031971848,0.23416076230444338,-0.6758482735031744,0.09991696972048887,0.432341984306735,-0.06485449726237011,-0.04865979272931553,-0.37241128295853665,0.27841597138378404,0.5419592941064014,0.5804768061524633,-0.0846270010153579,0.47914539057340916,-0.31309164612409357,-0.015264276798878713,0.11465086829497653,-1.3822705534887385,0.23913740679500994,-0.1655213703308895,-0.4998576221578793,0.573654624919275,-0.5798708201506014,1.122411830297184,-0.31215194789975964,-0.19928430045164197,0.24199252235855973,0.06764650915434747,-0.012467727394607261,-0.33378852705668444,0.8038149755656363,0.9134532532189304,0.2604306700607253,0.24730112036512053,0.3242880863722352,0.3996299084670809,-0.6560589449299344,0.020642474896568196,-0.3595586938457531,-0.5335565474077649,-0.14190297161464646,0.5257309496772973,0.19881179091494205,0.08428970944906647,0.06952907394250556,0.4590485823541865
0.9615875241822285,-0.036403720446618215,-0.10314884187497717,-0.6474707170638552,-0.14255086931651773,0.5292071292906985,0.522341473336073,-0.2840661479201941,-0.25870070495947417,0.9139725890211048,0.7302618685634534,-1.3435666041783516,-0.15624367905440806,0.34822245546142394,1.0355976909268367,-0.019071730391391616,0.3241248407475273,0.014600435284161752,0.04211956225069394,0.06444235439555968,-0.32605480117980074,0.37943593410922055,-0.4964765420853364,0.5148696667137664,0.4902071475825265,-0.13462071838085626,0.023107632283003166,-0.2295680433245799,0.7598466991105058,0.3998502086707737,0.2606103270803512,0.23393746890513017,0.9069922804661712,-0.48148080911201807,0.3430160354267799,0.4720393217895692,-0.8390259657048557,0.1452169143725845,-0.6111907053087354,-0.09566651048205925,0.5655076788809247,-0.39955353719781445,0.7851996951218122,-0.33722562514365784,0.10420775723032441,0.3732397429404616,-0.014031396611568034,-0.11587683503795901,-0.15606843139357057,0.1935290266007726,0.2519629187123811,0.4416331583562542,-0.3041723289989831,-0.2427468055755343,0.3691460741238787,-0.6356342985449313,0.1477469241969695,-0.230279640686874,-0.32703022511517144,-0.23247357063103255,-0.08382638744927937,0.026912394634920553,0.188288915783607,0.10578544422566652,0.5600094941343848
0.5476967103958021,0.16445175906516712,-0.15788081642090854,-0.3485863577930886,-0.30265198307278013,0.4003375799054273,0.8329249029170649,-0.2515503116127506,-0.42149592590810325,0.31902280441304065,0.2673658769248683,-0.8069577664438505,-0.5963071925344545,-0.34049168620055814,1.040002453867362,-0.14557811604752305,-0.09613754340166251,-0.8267138366922425,-0.13759134274408208,-0.12338971799454296,-0.12827538921285553,0.40536336736148393,-0.21513129831850406,0.17245903026391388,0.6367842603686021,-0.08167592666519996,0.08795527144041784,-0.8631526060804594,0.578104762680061,0.3069253983576681,-0.01400909860730893,0.25771925900744297,0.34636295495145564,-0.9534350612133847,0.15121284614668254,0.17519915452186755,-0.595660455481811,0.14839669472092892,-0.36553427987051246,0.09372764554670729,0.7991504235340693,-0.28313765830111504,0.8101755374240366,-0.06778632050209843,-0.031792559197471135,0.5145086834773125,0.5400016912001011,0.22254057764460772,-0.030403719885554063,0.24247087671910644,0.7697022207917052,0.017728420181570212,-0.21938191622171535,-0.05842331481464746,0.23892873479377655,-0.5601351307131881,0.09005997411977587,-0.35620831295644895,-0.5192429323672454,-0.41852372184998454,0.23971801586579125,0.7593578120344666,0.11411272624767789,0.34051471005467354,0.7216396038942855
0.30881340791816003,0.13224612310124714,0.2771049284475519,0.16914347990726417,-0.3637268994952782,0.5937535151312299,0.5234428830412322,-0.23942309867623984,-0.23880649580462998,-0.465064259948213,0.8529955848655449,-1.0130962963042223,-0.5875718308834409,0.04776100783137637,1.0857937558412225,-0.1452413683670378,-0.1758441605943965,-0.04937006431801504,0.057853294596162855,-0.02351398529080005,-0.7239760699032126,0.0896128169538268,0.20901562962832473,0.18532789086760265,0.6456474323260942,-0.20770453829238147,0.045850084352534334,-0.7447071907421214,0.3508721180981567,0.6153235817268384,0.02847884496968076,0.07591049595670124,-0.027375001129246273,-0.6385868125439373,-0.19838081400978452,0.048123149059735484,-1.0280075692957427,0.21352235194069807,-0.2606898318608595,-0.1262394761485745,0.5691675489819935,-0.09178971090246632,0.8083905599811663,-0.6124042474776175,-0.1699526070736863,0.3921689744713326,-0.23028196945321852,-0.12248502058775171,0.09967551838322762,0.4844240407417708,0.544321800727785,0.3770227263057824,0.4698748374423286,0.3896550421080945,0.3117060246739047,-0.5185865345024504,-0.2825812222865002,-0.45023567053920527,-0.6979018695286542,-0.05825833900867934,0.23846197720766057,0.9301941665922734,0.5718691454772347,-0.39223390897620686,0.3498610206811116
-0.16265278203888908,-1.0595552006178555,-0.11746488088103131,0.3508973990428137,-0.11949200130984206,0.8754972944754844,0.025862566245083422,-0.16716745211046596,-0.29422487447832063,0.17628339260563827,0.34065501047886043,-0.650507034865925,-0.017752586823985263,-0.017076077641819953,1.1864561485895544,-0.3127635976070699,0.003313900221247182,-0.4852598326109116,-0.1816427827075492,0.04745332877871894,-0.31378579266275664,0.10593569553364138,-0.054499473851486666,0.6005370466032843,0.6223109379240725,-0.1588967177661671,-0.15930579168876854,-0.815043528156323,0.44297317551109877,0.642022259308521,0.49441107405792234,-0.030099116039369222,-0.04648362465515031,-0.26316970290753783,0.7164385930993605,-0.004651887160624053,-1.0234200379829608,0.301233767674417,-0.229154790728635,0.3962573483982417,0.7455367745338193,-0.02543122090007574,1.0156108517300673,0.23865005384609603,-0.21431625230758086,0.6938417373263288,0.04660248209995676,0.25002725566565986,0.1732365765904435,0.29346543827986643,-0.18520833842894716,0.23659340682310936,0.29201837562300925,-0.1528234925714296,0.3832912542317682,-0.4990109110528621,-0.11393597802042606,-0.2855093199412426,-0.5269650014973554,-0.32662066132779743,0.24081965674028197,-0.18689715054479167,-0.10476250355467191,0.09139524777946612,0.9250836195300484
-0.29599799296937535,-0.4966758938589153,0.010100619127680038,0.4311020788774683,-0.2633444975371697,0.36181609789678343,-0.380427787558046,-0.11520113988502352,-0.37325969117769037,-0.33518493619915296,1.024218489693318,-1.1621807890665932,-0.9539400574271556,0.0073796357708188765,1.2150871124158678,-0.1846565540804065,0.5752519296527902,0.06939902837406672,-0.11329658359269344,1.0237945123799503,-0.655772198920072,0.489363673663461,-0.1905574351013553,-0.35977039305215874,0.4520496313145686,-0.37582366042623305,0.40199632898607907,-0.5128915032583358,1.087262314245925,0.6453090928953967,0.2136643045395896,0.1569203156441432,0.2567952624827563,-0.11860892759802485,0.2964558989943956,0.24475768270198014,-0.8501658199924577,0.09095976431166924,-0.33459085793948,-0.02289610499804136,0.5175426531368503,-0.12079891775676035,0.35526779437840883,0.4595077063213513,0.4757731523136208,0.295511016841643,-0.2993269948436954,0.06270079745534787,-0.2034753961482069,0.1161954499878739,0.5926532339752821,0.008095664541963275,0.12356327588600709,0.6467230428432892,0.35097541006918015,-0.6643550612032912,-0.11281362660261456,-0.6409265561879848,-0.2788888777560536,-0.33415394458991887,-0.2548331686435404,0.28976303614851673,-0.01277605052839775,0.187397717141976,0.47616563047320537
0.408300204172053,0.037235499587141244,-0.42060762892688563,-0.07608981609958751,-0.7133164224172289,-0.09357317691237146,0.5127603661434759,-0.26697880416487757,-0.930315668943124,0.7647178865512453,0.9111714395236293,-1.3994482170581788,-0.873664576697012,-0.18262176887041745,1.160205073132912,-0.2739923434025777,-0.10985204810371915,-0.09782255900967013,-0.07602645510328954,-0.05266614492725015,0.1725539763557621,-0.016136709197612304,-0.1712688208586883,0.9600626742612084,0.33962371459369384,0.24258266408144105,0.010357625703712821,-0.6295795794868192,0.45707081921087056,0.5457197988028879,0.3431823997077369,-0.026516823205048667,0.2436147805265779,-0.31909794519224716,0.18467575332655206,0.5571434160625297,-1.029481682593267,0.02038588784051298,-0.15202465770167053,-0.0030469740994008634,0.6260091070856417,-0.19305723794505053,0.8564129080886819,0.12243324260772331,0.2957952896881173,-0.24487996081407085,-0.09244901302036049,-0.11397602132606144,-0.21516814073519336,0.5246881783400605,0.3212225402649696,0.6288168525978447,0.4778834526744577,0.29972710923506474,0.05478518456959373,-0.7088890814241637,-0.14596382642807001,-0.29539367166433894,-0.6144520968052803,-0.10907401100393811,-0.10617766963634859,0.23374528059218302,-0.40982529559726477,-0.41893858203589807,0.3147325940438583
0.20595870325552626,-1.6718184451222942,0.35316932135112933,-0.31785797985482755,-0.3512089310361426,1.1102757530041092,0.14496422583235818,-0.20321448710054546,-0.08511875358168333,-0.24923452809074573,0.7070903924118106,-0.31012826675197985,-0.4125878741902836,-0.07516062363895445,1.1069300665942907,-0.20000938601406398,0.5187025126798807,-1.2260472636297484,-0.14499855162855116,0.06674450804207291,-0.5654617215473836,0.6440887835595374,-0.340543858129238,0.7894607882938032,0.42764589900985245,-0.3093295494904615,0.4233320308618617,-0.6299221413652347,1.61162497005107,0.601379399412366,-0.3329789586960956,0.45986373467689384,0.09725459613662428,-0.8063471569109572,0.7380082331107767,-0.013050852089413017,-0.39653711900896566,0.4191542586303342,-0.16533272830044587,-0.010020588722774289,0.708923150778424,0.0034523856681993783,0.7452385520186168,-0.4172586202947432,-0.017778166070147164,0.02131384965660063,0.11562309508388269,-0.4398241187108295,0.010384420638084986,0.8882580671080219,0.28741336875950285,0.32791889877400116,0.35555811595685183,0.07472981467333015,0.34417531310686306,-0.6677924563773439,0.19660624917809338,-0.41073513194581207,-0.28949844307937433,-0.643404692029998,0.3281088194108516,0.1702573088088496,0.511489427756502,0.6262413109005083,0.7457280809798569
-0.747444182178613,-1.154535312846756,0.15959067914853076,0.15274273582690812,-0.27464537289490815,0.6773045007389059,0.20339967234887651,-0.18168892633796999,-0.29512498151485583,-0.4309882872930375,0.6288707245493231,-0.7192638598214048,0.019897243614316495,0.2750960417296219,0.9008833568779108,-0.0962243225576315,0.5827749796438527,-0.4555140170761343,0.004241809116706491,0.021287818631068055,-0.53189267733848,0.25089762179573416,0.17227138705050787,-0.3838471981811462,0.36660195532437373,0.008441255913221432,0.21754133019739832,-0.9283898532354775,0.15766063414022802,0.5059393756888887,-0.07157412047934196,0.6602703580255579,0.3598469135045846,-0.7416793868037735,0.21885903278903945,0.037506252082389606,-0.722849873206753,0.130573278739632,-0.6382467401047738,0.10615594369787582,0.9614134730136223,0.24956456995999293,0.6136657117979633,-0.3996981284061671,0.3612022488798138,0.045761687373731624,0.12886747880970617,0.23171221281178772,0.2216226595723555,0.2777831099089555,0.8099896174996183,0.7068950194293994,0.7660732301381052,-0.4065909290524342,0.3657231078665567,-0.35220069928805825,0.09951635690568966,-0.34997894978033006,-0.05088198804042733,-0.6432108007681477,-0.586140475798571,0.3830014714792868,0.44616685739376755,0.12378872732683456,0.33405787821043315
-0.26119989938071553,-0.5866289955307266,0.04358130951553627,0.13871127614939593,-0.03052204568362798,0.7140044109144386,-0.012936955186451566,0.16080486591844623,-0.29253025093134627,-0.013486864461039996,0.4535118022684287,-0.41714280844343665,0.1367229585804716,0.251736930926685,0.9504318740667721,0.2791542609864743,0.7294034198075502,-0.8142420377765186,-0.10369532878307001,0.5961189552371495,-0.8195682123797502,0.48784396574148065,-0.4799709865948549,-0.3123118569026495,0.590499451284268,0.016886269906576393,0.062382605281727725,-1.0259128956795631,0.6515725862052251,0.6530589853211871,0.14292490308958739,0.5946525821683707,0.560377617596212,-0.28105129919792854,0.14547283800690908,-0.12343495201548503,-0.7657019060000547,-0.09246465588821162,-0.2816267235438235,0.3168585016169231,0.6945279254590814,-0.15193134039086464,0.9083080856668873,0.42359585762674534,0.011314171799024988,-0.10480539337727547,0.13418943006357428,-0.07493104917676531,0.15502972167354861,0.22989688576278033,0.30878922608254394,-0.14478930800147383,0.6633913636745387,0.5276673776689798,0.4796811995158571,-0.514683103525649,0.09544739203622521,-0.4720678317528236,-0.28287507178199667,-0.760677091639506,-0.006973073094437107,0.35171950110787314,-0.07755211629981504,0.09150874730348482,0.22566062919358254
0.07535645809234537,-1.0542259368483728,0.015447889641379275,0.723949814165445,-0.06577314305923668,0.28164203418381956,0.2794285399800863,-0.03261648161018234,-0.3105823146882754,-0.2725817925591166,0.26011455187515287,-0.3643940195809448,-0.3160753743681241,-0.10509528202950105,0.9719744656011983,0.051806771173044205,0.17070218640959675,-0.6573979237612582,-0.0880913801343077,0.21539352016286967,-0.6137286909470375,0.3929279869570733,-0.12177078082274878,0.6694662679155101,0.32495448461333515,0.015294915457907576,0.018327754852835033,-0.8741203748158726,0.39671242529641615,0.2991782625345573,-0.01558576563625351,0.5164135427488068,0.2706913986820176,-0.443172901783033,0.20384963005778006,0.5941817489715628,-1.0882443245166682,-0.10595025160260357,-0.5559121149036674,-0.30247221470430335,0.6312911024396082,0.20689089177033262,1.1383197976856823,0.28438418952177447,0.22781263849106415,-0.029452541797826998,-0.06987764985008563,-0.11840875384137095,0.628460360043826,0.2836745340455888,0.05533196423837545,0.27543826906940516,0.2815364119145775,0.4869021791946759,0.5784468612559198,-0.6688730319258174,-0.11920328501698924,-0.33119804050050794,-0.2896643049434426,-0.4354709846837429,-0.1127258138207165,0.5294399768748862,0.5946145421916956,-0.0423849953994753,0.41003570237198245
0.17407939318746518,-0.4266124491812119,-0.2371130196051018,-0.34001150863049817,-0.3000183868694542,0.031609528404703116,0.30038622764158307,0.04222084187084573,-0.8257097467252986,0.023449709493780127,0.48889186211469904,-1.0188901024925474,-0.8751782973762359,-0.08169390421694568,1.307934400968444,-0.055557444442011224,0.14078488720791588,-0.323039389848256,0.015843380849321576,0.10713840906453287,-0.11251270366289069,0.4572328479145775,-0.5532043149953949,-0.19798030039431797,0.19480686107046052,-0.18576854281679472,-0.0368781715303641,-0.6963497466994623,0.32700338952997954,0.517423292650283,0.2755604942466743,-0.46485242014965283,0.5894123670504089,-0.12361470712264117,-0.019005428685881204,0.19038501885264825,-1.1368867722676501,-0.10675255526567066,-0.1956801835464479,0.3355468212203031,0.545506795185271,0.30606507735686456,0.8461104907650718,-0.08958947105540044,0.3519562134501789,0.03581745239547951,0.10704547130322871,0.18107369590811714,0.18685068951749909,0.3630366858029101,0.5232920181029359,-0.12028741221108227,0.15125827696036576,-0.3714346786386797,0.35564481801083125,-0.5462031482358499,-0.017079601262790095,-0.43405962614718746,-0.2869389956169513,-0.4202848557499644,0.15305392184630243,0.46684968448145936,-0.15441824436528334,0.16029685819149533,0.03683331455467545
-0.037975076679696275,0.10150855798118441,-0.15506273441643398,0.5800251182444537,-0.5014788164220946,0.3633393173499905,-0.21778503831453078,0.0198627078645289,-0.26256802006393465,0.009751627817676474,0.4539382748017743,-0.6201515070532916,-0.05232440075086632,0.08333516376848178,1.1499736227399204,0.18167375090046894,-0.054784858266714476,-0.7351643599088695,-0.1286827387413556,0.05704228151174556,-0.2539139100879605,0.4739810676146087,0.04624258890450418,0.4693731972613726,0.32050975966179546,-0.3392113458598296,0.06766486315445297,-0.6591298550767788,0.1906581043694876,0.4090685792523076,0.022213884755427075,-0.014709086852824418,0.44850133850212914,-0.4892457608258687,0.3433775041679753,0.342949898887405,-0.7206265771869446,0.4182981311565268,-0.2704922029244162,-0.14240552572527992,0.5808070276693659,-0.22557269155796553,0.9401943456370006,0.45628925597302583,0.38670581418517946,0.6415981608703867,-0.1855270206284627,-0.20707148636169997,0.5085920989556264,-0.11183232881624137,0.08948597661509508,0.19649680815429316,0.1710804252216716,0.24682006453853972,0.3071802800728987,-0.705393853230325,-0.1950252096784969,-0.41075994148202666,-0.3656837559727272,-0.8244185722712276,-0.015389637459886116,0.4913092724490747,1.2232840643676757,0.07909494530854586,-0.009764466445404525
-0.3908222424015836,-0.22115980459978685,0.12723583445724862,-0.15498284666090362,-0.47357104949063417,0.6838053524377364,0.27596065459332214,-0.2314568448761587,-0.7595436843969995,0.3716081470079866,0.8081165241669565,-0.55278221756995,-0.192922125072279,-0.33044395076079985,1.1869364524683923,-0.22044329530043033,0.2948613179288998,-0.5485842172184769,-0.24873663671532104,-0.23973972660964954,-0.12454146891516214,0.5631894288415267,-0.2834815991330534,0.7293340437369993,0.20669610268416036,-0.33232490410316595,-0.014787094931816819,-1.020911152129786,0.6511313759328395,0.5892720866337101,0.5066124604590122,0.48040139451409797,-0.3674576985851167,-0.9462335801177972,0.22448000693007827,0.61010704019142,-0.7608379051713804,0.17489284449759418,-0.49910013895759164,-0.20707997033595793,0.7164253915641962,-0.4107932063275441,0.7899890653236202,-0.7302527662681109,0.11590141591227154,0.06777890773349282,0.04047703507529682,-0.029287371174651924,-0.05286841252420007,0.4317552413129301,0.6712859586765152,-0.12345560300380579,0.6334110215920576,-0.11148268105842216,0.24521581655234703,-0.8867445666566249,0.07996506880805311,-0.3533851263241314,-0.020275221737086735,-0.13139971908463216,0.025690104920973775,0.7575904163739339,0.3093048367807513,0.08348811093484358,0.3707989036881402
0.6770450523027854,-0.41001011344485144,0.286343128216814,-0.08572750179420424,-0.44298408326800776,0.5866524611652894,0.2779267989527121,-0.1800825135104886,-0.17846825872211347,-0.7986642170090569,0.38588707569024183,-0.43405644768173424,-0.02580863446789572,0.06523050533042297,1.1209986676315915,0.0746432605593237,0.3383362113769552,-0.5514696678575814,0.06084127413876888,0.2560946951588966,-0.7166262903817352,0.4601820643896817,-0.14867523048038522,0.2969849995660133,0.6002007622482869,0.2702824664120001,0.051217759731310764,-0.7416504413679829,0.0728062251280645,0.40753047749881155,0.19611552642752011,0.03894193366925227,0.15993531269597577,-0.7052481897776612,0.5778178764755267,0.0723263334060358,-0.9832556561195765,0.22397268334352297,-0.5080586192010987,0.10972103296243517,0.7387819264512947,-0.034521408275757816,0.7829813202840561,0.11866525050895582,0.2882491199448677,0.33890265764233807,-0.37081865852986784,-0.0116351129661758,0.1998140921178314,0.7977588561628618,0.5808082416635136,0.36081670459758763,0.24193529055277052,0.435287323246347,0.3051735919911476,-0.4333583850709738,0.22460997903615446,-0.26696890399966483,-0.42094659444938676,-0.13044474269115736,-0.17296979948397115,0.27620589982490573,-0.18000320426486408,0.16320421748480038,0.17206332700412375
-0.1485276501975116,-0.5265682079236497,0.30645770396816396,0.22406560428244254,-0.6012535379442777,0.40046659168359505,-0.10283381635929432,-0.5235504786078493,-0.032602892798777955,0.14124909441107336,0.5866777985451858,-0.9830576128823343,-0.5219531913236806,0.19841622942070652,1.1508338187696676,-0.23805417993637154,0.49679468425485757,-0.23325085475284033,-0.4990634481328147,0.1011835400475912,-0.40224306244843405,0.4909503538894848,-0.12036917726911081,0.3208645117523142,0.27507736610528966,-0.21927612666187563,-0.046328570096666945,-1.104756306072331,1.2622287274365211,0.6722727341575271,-0.1549302709136662,0.370586158196889,0.11818392488216022,0.2312868534726731,0.43786880492324953,0.19584075908333196,-0.9630735669886357,0.06871251606753306,-0.44441286096964683,-0.15670798269131217,0.8334836175321152,0.05386905925080831,0.840150553755501,0.37590304095956434,-0.084972004363076,0.16636149004173043,-0.36991234402332696,0.3966422936394945,0.2601058218231737,-0.30713514775940687,0.5523677916967523,-0.25381321222414654,0.8411880291989113,-0.011446894668832776,0.22393089973783842,-0.4607755950194494,-0.3614721898785373,-0.5016456639527472,-0.47348555298460987,-0.44970265449181435,-0.10302267875333256,0.859397180470783,-0.07373019017729067,-0.2274997787321431,0.6779470436139517
-0.39465892218986176,-0.52353379650801,-0.18636949133637892,0.8418552110495168,-0.33760480521277225,0.28461203006185737,-0.26281315322138904,0.09277369540630831,-0.4356467981902505,-0.23379174337533382,0.14541180618474048,-0.13737938691695395,-0.013313392723136645,0.026270443806690705,1.2809113249339574,-0.06757846697842575,0.4088722821308985,-0.7641932252778263,-0.1646994361342723,0.5370455266786065,-0.5530431141810245,0.36507386318262375,-0.25594142975269973,-0.10425539136247768,0.03740691065032572,0.3163628348707506,0.18010360200473305,-0.6649804657070557,0.8522815881553497,0.5712923926650587,0.10157236730074876,-0.16900292671022177,0.28326991656199013,-0.4178921946449948,-0.49155897045793273,0.2345136338954532,-0.7905274599442635,0.021174652293919384,-0.3912783923676546,0.14622930783663327,0.7578054200881846,-0.19747484121343084,0.7966897067424288,-0.041186667424353916,0.04519314444910826,0.009914096569350751,-0.17390995610262533,0.12662040621489754,0.4257525366203459,0.597621790492419,0.5801210397714217,0.17834968086038835,0.4122985994070862,0.6299223278466611,0.6832542161761093,-0.5763785401848279,-0.09621706391249524,-0.3712551769263069,0.09844564623558276,-0.6135090708618645,0.2581214953862977,-0.03306303129910995,0.010409595172230661,0.010459496474418586,0.3120563653743556
-0.0637211662638378,-0.6192782734083655,0.41039604490950315,0.4334748903138755,-0.46194622445096406,0.06537519044651385,-0.106329799819357,-0.058950154701300723,-0.3643813498102551,-0.1904904600968656,0.00037712843628264284,-0.9017557907061376,-0.8042970793130868,0.17302758945437324,1.1095739342836444,-0.17255965167137316,0.281769436573516,0.16323667463753475,-0.20036387605820372,0.6131002114488701,-0.5523265611538093,0.35610029956906625,-0.27581299433847684,0.4992969079735484,0.6198682394557203,0.47848011888439834,0.06818977893966119,-0.7519943891153846,1.2783902408877823,0.3983883380055825,0.03490636530650996,-0.17023895969624342,0.22433439821951986,-0.5292512604184729,0.5203081201812201,0.050337889910843286,-1.01442591240383,0.17452596781005433,-0.7826413322669244,0.1551984639772505,0.8264106953864255,0.026945870794871006,0.6003804957149823,0.4174631534171681,-0.09534185431757554,0.45454391971504465,0.2594941073693692,-0.25473413241756226,0.15819546111707491,0.005981569903556382,0.6727032809589288,0.18405505216489254,0.8133968846347537,0.487652882700245,0.14721904543007142,-0.9108646458578763,-0.18034401067937625,-0.7938961656051254,-0.27662131043709104,-0.09125304068682341,-0.1694103866119754,0.6131515173496268,0.18875756129334875,0.2775968146599629,0.5033204360744449
-0.00719079432081781,-0.7499569877780892,-0.11775533475506557,-0.042938324557771704,-0.5511269844973727,-0.05490901967090288,0.5827454783480223,0.1319083703105287,-0.6770245531433327,-0.310185848082357,0.42778421495142777,-1.1863959997735358,0.028867566960092607,-0.12702126088360954,0.8050998965224113,-0.07137470720285305,0.5724849088035243,-0.5463057400441415,-0.568720792858835,0.3437836614222392,-0.45389054447675636,0.19785231826474353,-0.5045091768218909,-0.11188375255389656,0.3668023222662556,0.12190852835915023,0.07769429336488103,-0.7506011970738536,0.14934063773559847,0.555168378587846,0.15890176908065998,0.41047200573908504,0.1658784435524434,-0.11103407174027714,-0.2280616532545051,0.3183836495482646,-0.740669858707893,-0.10111703960514096,-0.14554463664355755,-0.06190765031929736,0.9446176319888363,0.19888213863029283,0.8634146733042817,0.0838141934431127,0.040246906035984215,-0.07132030475576102,0.2893356282198826,0.02444377796149043,-0.3101324153029444,0.5058955620471036,0.5684263786592494,0.1402957939919227,-0.027292498455503557,0.24552132062075996,0.3366938835048185,-0.6734914427255223,-0.18613976616514746,-0.5519749128076152,-0.23296692237458644,-0.575914101586175,-0.16995756974316328,0.24780613675408766,-0.13102262643318907,0.18387234097062216,0.3498442531749156
-0.24622874151693946,-0.9790280539702757,0.2632649875988141,0.5609648937648342,-0.26236879121223244,0.5439070426069517,0.28712774554065845,0.12900226415717553,-0.181452678260254,-0.05463327663602828,0.4294351334748011,-0.9577095933473124,0.3285201157295104,0.4471047592272812,1.139029391560644,0.1497266915546692,0.5845485275691925,-0.1302898261387377,0.06168031608701992,0.6509780320930854,-0.06967511395061235,0.4851417518462877,-0.0432474957006603,1.3512481187444452,0.5061600742605071,0.7292993519015064,0.5495580279091089,-1.0873876496815682,0.7919452101998756,0.8554183605893467,-0.12063500870927352,-0.26184664531001517,-0.1933778636460439,-0.7573455214757422,0.5589701896633952,0.19824587208056937,-0.6878125341902769,0.15334588489042966,-0.3729284456381271,-0.5660512923171537,0.7923912580294776,-0.2537387807668121,0.3551759189012762,-0.2019886594049938,0.416480815281463,0.032217203913968914,0.33042441359987473,-0.31855282439053695,0.4837656946469108,0.28088431178136447,0.03445455430275487,0.08121624390973478,0.16562052659888937,0.2670418461603951,0.042340690125340794,-0.9748331105412669,-0.185826639828902,-0.38108732897492575,-0.6012299382448935,-0.31056975904098405,0.1149646512699833,0.34976447203209216,0.6859790200665029,0.352678692884805,0.35944848762145976
-0.5000571426958926,-0.8170298996849982,0.34335246682426224,0.13366657002429522,-0.3164729886975012,0.6532796379431085,0.2829908085574667,-0.03144548361401696,-0.3624657120624026,-0.46954519971460684,0.3525272486309504,-0.5477955655771597,0.10996248883653689,0.10860955381952096,0.7961186226084912,-0.3006203963724092,0.25293387427745073,-0.5690416850985605,-0.09215828429826489,0.02892572482205373,-0.2672464216370062,0.5655168197496172,-0.25492851781190684,-0.3827277679080799,0.6558509873904811,0.5508162944467162,0.20631091714984062,-0.7739367894338526,0.5009029864422572,0.80044067223916,-0.14209237769548436,-0.3657135919177208,-0.8406163105639471,-0.4200489157222925,-0.19348937523841367,0.16856227726690867,-1.1414891441433612,-0.24219972412421953,-0.19211030037768695,-0.041673378499481335,0.7718532573618724,-0.24683216422584925,0.5454648795707971,0.5841081869126397,0.1332253456097252,0.742875631044789,-0.2989899428106844,-0.40937107234607806,0.3212348668846837,0.371904182697865,0.776452634436659,0.2728697811158787,0.6142838629137273,0.571898608764368,0.4015467802981385,-0.6875750720013629,-0.48782362734175116,-0.7898034170471513,-0.25883430741009567,-0.738434117021894,0.27870563972105333,0.9568515562886262,-0.41747728433083664,0.061157116014882204,0.45350235149653373
-0.12119654642615425,-1.0845603703051907,-0.3060032777313927,0.7833404800096282,-0.5103586014822322,0.325091000386363,0.3547035916098245,-0.4350521143800346,-0.5058808159760105,0.2324787600526832,0.5264432116488991,-0.6201277699041837,-0.2510259572694063,-0.01054745378126698,1.058933592599499,-0.041898949172087765,0.2722302286925371,-0.30225440500551526,-0.24102888020873017,0.3910809374666857,-0.4077233335888735,0.2535761762609247,-0.18777199249914966,1.0111278360934155,0.1792650219182011,0.19483264657311822,0.31608663037894424,-0.8057924532981204,0.6134794149445407,0.9014011063710471,0.04966147450314358,0.50172106218118,0.09008161883940327,-0.18427175582453306,-0.11282610904010043,-0.0049355870503483765,-0.8995534552758131,-0.2691808160805846,-0.25915437617471515,0.21469761291805278,0.9173666434288317,-0.06922358746807035,0.3296594585812481,-0.3997874053761008,-0.18045511003297812,0.19432606424438556,-0.20986015016985016,-0.0788897967735967,0.3245894964063999,0.2292364257562337,0.6616766338230026,-0.30194613204269505,0.6759790845804822,0.3928842025954381,0.26696505094888734,-0.27097412532730125,0.28910888618406066,-0.5525674401808874,-0.10817539500932738,-0.6335321228559718,-0.28492149647196163,0.4266425922258405,-0.023335503711122675,-0.024497071394648656,0.3149121354121097
-0.32919772468361036,-0.5686093158054616,-0.34161386484583084,-0.27804220115377337,0.007997351367559274,0.2697663719098049,0.16434971916045488,0.04128005735182605,-0.5176414913267591,-0.9337592564215718,0.6585994723832554,-1.0785975120177647,-0.6186466849401628,0.07438808728927862,1.214646083600757,-0.09118737795331364,0.28333625398533463,0.30514763583878585,-0.23761561166489695,0.4197870091229552,-0.39903958104157894,0.49364503969795104,-0.4932564795709281,0.4193694474218335,0.4386355074421006,0.07587667879457353,0.395123919396449,-0.8553183781256631,0.8257036501991961,1.1169040411307738,-0.1490880246458322,-0.007493915271340655,0.15040401855833005,-1.0764955622371828,0.06065532044380155,0.12121891536237005,-0.8432506151845262,0.40156255377935807,-0.30066871075905965,0.08280196301274875,0.5751308882495928,-0.1425789360022979,0.9138227073175376,0.198470992223426,0.12470056469349702,0.06998587003257485,0.04790874762672648,0.05224138213413401,0.09642066952660192,-0.1342686993888383,0.33225188607040707,0.0597483764366305,0.1530473078062968,0.18729437285432649,0.13118513126860318,-0.7533204543722446,-0.11429545726050977,-0.6313361179512145,0.11749196212242066,-0.7400500328553912,0.006329515697365395,0.5717255238763198,0.12457814571412948,-0.24912273240510546,0.2121571739035302
-0.12835242478437764,-0.16118489503347572,-0.37960702271524344,-0.19017662746067932,-0.27715699739204813,0.044806935310448395,0.3149817234359059,-0.5010464540829381,-0.20688116507905382,-0.012525038915158763,0.8168079946026489,-0.8623376152009967,-0.4053702216130164,-0.17306732090832425,1.040000534314713,-0.05894314512964553,0.3107976892915349,0.17745076412184438,-0.3596725674765845,0.2971511826419387,-0.6890776635189475,0.6253256233639624,-0.34659664969678283,-0.2566884359505456,0.3287109281806627,0.018103912427149982,0.05580074157771267,-0.6244988768733717,-0.1760988802921516,0.5496395796439334,0.5510537466323451,0.24805547534592792,0.31763900547074153,-0.23881510112766072,0.17695073566854597,-0.03039253203288157,-1.3473803517902103,0.024608613097149047,-0.10281583812660165,-0.17263634127035077,0.5512853435849805,-0.2697043500866377,0.6799604510762105,0.7434284915461375,0.0577691702757622,-0.012137147376889375,-0.2026701222039551,0.11050220235427707,-0.221659407390147,0.11487070337286293,0.9276558912787949,-0.43128582506038476,0.4784610406181814,-0.08377232066471298,0.43725230074483623,-0.3571111253553722,-0.3092834490543914,-0.7248699801166859,-0.426528675333331,-0.09625256134676657,0.3682891324955798,-0.010458385169047388,-0.6018478356286671,0.05514804081235603,0.7958066587432601
0.17814371206766327,-0.12942057243729976,0.1444877965865263,0.7713524430438028,-0.3736057140617275,0.20244217725838073,0.5311114437495681,-0.17737451648069164,-0.30103783840913767,0.35471837243731885,0.7528634341127055,-0.44371303114258775,-0.6769071843050689,-0.4398769820874263,1.3682438823634453,-0.6364961656148251,0.7152815175753426,-0.04423272600078578,-0.5486171529841503,0.015039781035353621,-0.02680314898317992,0.20373960532958924,0.1700271118088904,0.13522854468669243,0.29861657640720096,0.13006223576333598,0.34336208707618704,-0.48194282375225916,0.38022964943245474,0.5028210734299619,0.011479570963669472,0.3066455310546481,0.27193923009695503,-0.7543436873171314,0.5473051820549675,0.5181278009813953,-1.1442333127262962,-0.04463132743819238,-0.4123964163147272,0.21524895944195743,0.4986460618741395,-0.32346304672539694,0.9365271774887329,0.048811798775059784,0.0501506915667197,0.22981921188798213,-0.42729304503384635,0.3667034288461136,0.17155521188481765,0.8185369018944877,0.5783285373441621,-0.20227787035178574,0.1807862860396981,0.2103283302978846,0.2705644129003294,-0.5793690701873279,-0.30237216771944486,-0.2952989463619473,-0.18171556540009548,-0.44598000142336247,0.10162765054911432,0.4433817927258422,0.6115474515638706,0.3770931992795402,0.327711190908162
0.02990311990055472,-0.8006961135413528,0.13244345588995432,0.7119072570725986,-0.024085987893166697,0.6060577019188867,0.3189350866921958,0.14067372189998975,-0.13638830623471118,-0.7850394652042666,0.22304106843622554,0.006575222069998384,-0.8207774610873692,-0.20017619702831282,0.9823884850992141,-0.15740818660094566,0.9729107272935082,-0.44329521972608893,-0.4465513122631699,0.18773088858323778,-0.07589087506196517,0.29878232630168877,-0.30147907248364675,0.05572380545809379,0.5185696209155398,0.30411401280419786,0.44652774075753693,-0.7882545164933805,0.3354155120120983,0.8496767180683488,-0.12400545711854778,0.6955785431904178,-0.16633865455421087,-0.558113703848202,0.587476967040744,0.20691286920884583,-0.9432530678076717,0.3151492613798107,-0.46928048673536477,0.2058282059432222,0.9423050364955412,0.4318029504033456,0.33091886977948376,0.026137006083735568,-0.13149220871300699,0.5826166712711713,-0.2597495181216086,0.19462724549637514,0.2098340419147786,0.3771634194526092,0.3196093402112393,-0.04987101774801436,0.03471347021660752,0.2945994763388154,0.44039937745261715,-0.3022658235860575,-0.04308248119200041,-0.4359783490011778,-0.6856181581689008,-0.34160316261930973,0.1316528904353526,-0.3821732649741904,0.1368227768161293,0.1841276908153245,0.005084298200463844
