May_4,May,April_4,February_2,October_3,June_3,April_7,November_4,March_5,September,November,August_3,May_8,June_5,November_5,April_5,August_4,March_7,February_6,March,March_6,March_10,January_5,May_5,November_3,January_3,October_4,February_3,January_4,April_3,August_6,April_6,June_6,January_2,September_2,August_2,September_3,March_2,May_2,May_10,October,January,March_8,May_7,October_2,November_2,February_4,May_6,February_5,June_7,March_9,May_3,June_4,March_3,April,July,August,March_11,April_2,May_9,June,June_2,February,August_5,March_4
-0.1526881400864495,-0.5379322171469082,-0.5105026887761053,-0.23702450650459536,-0.2382366596610099,-0.20574905213295935,-0.1892292535879782,0.3334255148419888,0.3979968574986467,-0.4152827266318115,-0.5585819194393747,0.1996082382695823,-0.17527502695610472,0.3427148788457334,1.0158984681162042,0.036307629446937884,-0.7352207363001625,1.2476987037910028,-0.9873379306304568,-0.445315932179516,0.15843363401782937,0.7613572760404267,0.4453918211750988,-0.4762051069441419,-0.10939555010723001,-0.2151803206740477,0.3122061068405204,-0.30786578242346313,-0.4562295437852591,0.16004995562728644,0.1383124944119159,-0.9107727376111311,-0.1979117050764466,0.07996289826038666,-0.4449261725738181,-0.5767425349517532,-0.38492130594935803,0.916031332846462,0.4187164253713884,0.04479506703043132,-0.19599722556827046,-0.6212008534243973,0.3874557071644792,-0.07264061043237242,0.027195579405900012,0.27814727774104436,-0.7529571111389887,-0.1464784978124657,0.4518576897641016,-0.43796141270579325,-0.767584498274495,-0.7685208413980322,-0.10296391444747079,0.03621655688895837,1.2891676526202658,-0.5837058524323142,-0.8699120115287213,1.0795181902538138,0.08545918761604586,-0.43663881213971595,-0.21863556540843707,-0.4367148964861736,-0.7517888600673353,0.19636694185074097,-0.44813907168124056
-0.43427699887311083,0.14387474700970448,-0.23930702269175194,0.043111706285952296,-0.2382366596610099,-0.20574905213295935,0.24703480086774854,0.3334255148419888,0.526022872756089,-0.4152827266318115,-0.5585819194393747,0.1996082382695823,-0.7670875956198183,0.3427148788457334,1.0158984681162042,-0.2968765556375917,-0.7352207363001625,1.0386957896441131,0.07570393189928211,-0.4649588515830484,0.5423615436361243,0.12562740061686306,0.46901411934562565,-0.3761835962805085,-0.10939555010723001,0.2193726788131987,0.3122061068405204,-0.176187815325908,-0.05136685477096936,0.38781862049509475,0.1383124944119159,-0.6141877397962057,-0.1979117050764466,-0.12940712889698808,-0.4449261725738181,-0.5767425349517532,-0.38492130594935803,0.4220439545659669,0.4106790543856163,-0.29944437733348955,-0.19599722556827046,-0.9730942002266274,0.44938720574207536,0.08194856710229384,0.027195579405900012,0.27814727774104436,-0.9506202765702513,-0.11504296975722376,0.3301672033961611,-0.43796141270579325,-0.2941134230081213,-0.5440927370226987,-0.10296391444747079,-0.43339061385227806,1.3564950474680648,-0.5837058524323142,-0.8699120115287213,1.1562884267760927,0.22948981943207347,-0.4056112676369114,-0.21863556540843707,-0.4367148964861736,-0.365346492974546,0.19636694185074097,-0.35296437147776305
-0.4918363142180986,0.0625575075296605,-0.4902692898269544,-0.15432294579808492,0.024234193001395322,-0.29252499709405966,0.6278716696759986,0.4082717124663253,-0.15048144401757801,-0.23428889721946397,-0.8017319918332216,0.403886952247133,-0.22522283936669446,0.7782583154722837,0.9216313222138721,0.01388183081614643,-0.5577137942432718,0.5664934134681042,-0.6002636182357177,-0.248270029451707,0.3138231099113293,0.5725863393856058,0.7240279561632957,-0.22353501406988285,-0.31194005438113387,-0.07101042808338807,0.45156575699299284,-0.03286652085943093,-0.3627335952596733,0.013504816087398265,-0.5283161423663179,-0.5194069604531253,-0.15443492633642444,-0.0750909607784969,-0.3131042279722117,-0.5801051144228617,0.08215968025801729,0.16792697292377864,-0.18058306991837278,-0.27170649103869005,-0.19521935416896888,-0.39639476958460546,0.5435999742776135,0.4355832639634582,0.14790708629133276,-0.20660847609752722,-0.7583244002358249,-0.2717827086309954,0.5971419354463092,-0.49438624990045027,-0.20609146015017468,-0.24569384227925337,0.06665706715959653,-0.3122880024164149,1.3016162951270511,-0.5788032716718338,-0.5429359982850461,0.9181376341944885,0.1186328046289084,0.14621436508451857,-0.044665049285071576,-0.33806667930616763,-0.8982434486280256,-0.293017458485795,-0.42194798110539233
-0.4250016620871952,0.10507264705838411,-0.42906199674509843,-0.40500029877409316,-0.29229616395313873,0.042752730740205,0.33922870897245055,0.11878159667320934,0.26303596083524217,-0.43731918141547776,-0.7963250545856004,0.23558885976550947,-0.32177983603859456,0.5869212173055269,1.0289213940188944,-0.14754010785983168,-0.9747814431563285,1.4248532135865268,-0.1864134800475705,-0.3941587881729193,0.09501301718299793,0.34817222779265067,0.9034973920234142,-0.19480569517119703,-0.18600193234751328,-0.09501604786933296,0.1410572250398739,-0.5377935953246162,-0.07501267235570587,0.05606924811442615,0.10480871283749563,-0.39441129804428005,0.06204038839436181,0.00754748739038022,-0.46510355330868,-0.554865456681721,-0.49697565648238323,0.30783922286350246,0.46337142418468913,0.34234503158362617,-0.045162476520354766,-0.3677738126434629,0.11955664232124,0.38001157702964905,0.19729576034149346,-0.08367978730467675,-0.9138049241634298,-0.13470792124742223,0.7849889344629881,-0.520011773962251,-0.09207959846313699,-0.7480836601556045,0.2031423302967657,-0.5030840627440053,1.2633939871972883,-0.2481830182071475,-0.40812638816260416,0.534954134459655,0.4209072870474992,-0.23654147576136694,-0.12343395834846593,-0.5385515808373452,-0.49718513043651275,0.15519462602646514,-0.1382229426530566
-0.10019702527030154,0.5196447667011953,-0.32799414269884547,-0.28609072899419635,0.120233824079204,-0.230355815019736,0.33039240816569504,0.6399839000618474,-0.3108832253307927,-0.41832304960141,-1.0226866156910026,0.31896025524857563,-0.41973918143544064,0.30906857164360846,1.1210744693402368,-0.011438671656483372,-0.31483376404821223,1.1853281206019597,0.17443518715260306,-0.7097378642605805,0.33844959749835946,0.4147365070201987,0.5744075651578007,-0.468695021623811,-0.3465465602775482,0.2189755125705811,0.18638191045235286,-0.10055504336803725,0.28664254787854115,0.0004227425310494304,0.04324607310536035,-0.03185234106504227,-0.39756402960459125,-0.1884034831200728,-0.4574590049055116,-0.487195696262111,0.17253055679459234,0.5320388580810754,0.2929132703576163,-0.23552033739250208,0.08244798330104383,-0.7854663101784823,0.17581043709262406,-0.17178166245002086,0.5262817042114281,0.18552778790727553,-0.9563406270755967,-0.30651038854287777,0.4737530278512537,-0.319447988957003,-0.7883507320999729,-0.028512587460368992,0.051981736630952624,0.4767939451606294,0.467631345563139,-0.5711147609165,-0.37552773231638514,0.7242964191263798,-0.04949264791897694,-0.3122049403618413,0.5724829939815793,-0.7838878440379032,-0.5841003351626683,-0.17362126208249096,-0.5386991392818224
-0.5860504588867901,0.0486458262837661,-0.7114807929297577,0.18590528646045557,-0.48502548858981487,-0.3698288511047704,0.22468092427167416,0.12438447707009402,0.5337219641814742,-0.44755278273192634,-0.36311413394461173,0.2942928187234364,-0.5258455171280828,0.29398220462950897,1.2807692476980785,0.031906520583516056,-0.036195532876381484,0.7436445575008209,-0.31532826149167914,0.07850332895156202,0.3800994935033095,0.5128224706113501,1.0031371881498585,-0.27864136532265266,-0.2572438935959318,0.009507204846108001,0.6134510764611367,0.04539636439160091,0.12415826825798397,0.4279175391492944,0.12597767795852025,0.07423410565562122,-0.320099256228342,-0.08612745113640069,-0.666161300614064,-0.6976805520104872,-0.4002121532819097,0.40575239635046456,-0.213229386909916,-0.28178956596420557,-0.25522304084053116,-0.07965823257451439,0.32527487535091293,-0.2614890462128695,0.15951896539334406,0.4979400456978,-0.8276680302150766,-0.38943591206370937,0.5307813555857661,-0.39979208223141977,-0.19907935114710307,-0.5174728797573018,0.3326040063332709,-0.34364193052475056,1.0437449282466624,-0.10077499542161747,-0.29368759064741856,0.830957572864683,-0.19540604999180095,0.16040989301130096,0.07179655144974592,-0.33616562446046355,-0.9806127485767221,-0.18684766965685715,-0.2597386059019314
0.041169686027459185,-0.1858632147714803,-0.02315151337581961,-0.45390867360941484,0.061112567235675125,-0.12742872244000855,-0.024625575988980714,0.83290572470851,0.18189699496925907,-0.28879147067542066,-0.21972950199351088,0.3597536900561098,-0.04381017492521275,0.23698845828555717,0.6927862580568123,0.013617916293395654,-0.29205085810160414,0.8143685688145189,0.15486661388398135,0.06814761426203833,0.2727484384391964,0.401598665918974,0.3573089950632921,-0.20771731682518024,-0.4261765198866601,-0.015803107477060735,1.0083876751996619,-0.3410732809480305,-0.4471221489034103,0.33245944685784956,0.4026196354950784,-0.0936503776876467,0.0225080300028785,0.12968705040616132,-0.12969786046628468,0.17041162060284765,-0.5576578465255174,0.4823983226429605,0.28243198104429307,-0.03394823595322452,0.2564547805677075,0.4323932849469637,0.2245141906732581,0.05202390663173562,0.10323526799914137,0.2588995416910261,-0.5579631502737538,-0.41484760639824286,0.3196390027219689,-0.4489849592790805,-0.2363497300872563,-0.189290932458126,0.3533375213031565,-0.5571086054511492,0.8131236859987878,-0.2705397996879472,-0.24197190495854864,1.0275097565265106,0.34438021977803057,-0.08000736044614608,0.16602472225002482,-0.6099949020193202,-0.7722012129365883,-0.47803855553596214,-0.1896563665506271
0.3832461839859085,0.0435874933307341,-0.5889952286629052,-0.055207806586028384,0.12332151011220518,-0.4336577605833827,0.22944375740311634,0.30881747717304325,0.1302830677700073,-0.29365731286944163,-0.8901823066556213,0.110737200407132,-0.3911649695287077,0.16907603825934664,1.354658569936754,0.32344751956855566,-0.33732464932146405,0.6286491455020612,-1.1795228580344943,-0.1228352550047381,0.5333886114301328,-0.018096017917771236,0.8128973700934787,-0.4170652655448604,-0.6075924902628383,-0.14563565568035153,0.7362337883545519,-0.3064121394099901,0.2916039114954721,0.15391821249186521,0.026276199553450057,0.03075545267588564,-0.15823408276719952,0.044975799924798464,-0.27298468770253353,-0.4916859644479212,-0.20906166250438032,0.4380912107623842,0.8449751968524831,0.18992432783487853,-0.11587619318173845,-0.3506912818864599,0.3236527483457215,0.11468072819723846,0.015577328561560504,0.5480601395424067,-0.9757613803546915,-0.4664222600405423,0.30648363668512024,-0.32300856163706254,-0.2705813468794664,-0.26731806870271724,0.2514087272634821,-0.1672373990617214,0.6229443154382933,-0.13809265556105643,-0.3933904047479924,-0.257120124725768,0.010623631650499243,-0.4186590446122468,0.6154162685783371,0.24400878169611423,-0.4287672907859811,-0.12669981890602736,-0.6131823006412767
-0.13720270606249066,-0.07613896298877462,-0.47988400575494716,-0.2703883148780408,0.12690535678990633,-0.004318477090764612,0.16775332118819009,-0.06150944237749601,0.5521243174768763,-0.24151232442665516,-0.38334876068101714,0.6194242375450001,-0.26122721454384645,0.3325526138568944,1.1027483475534976,-0.0039771947512270145,-0.2697182923955682,1.4172572407779838,-1.014915245204605,0.038818672036879776,0.17011912939306617,0.28131525648286804,0.5720657347516932,-0.09661796968775073,-0.23515750899820873,0.4931787067735076,0.378488358592913,-0.058842001179790646,-0.24944375355016407,-0.031013166661536206,-0.17831435721032676,-0.6466558878018343,-0.15137583088775727,-0.025454875722388248,-0.5571835617057944,0.3363166298032363,-0.2837693700521289,0.6723809298104448,0.49576251201756394,0.38335264676089403,0.2617389681762837,-0.14724134348204393,0.4055975637311585,0.026789347799057582,0.2282938394248396,0.5697541139030217,-0.937847853862164,-0.1949217982579132,0.19556005588084957,0.06468248042213125,-0.04590912598257426,-0.46293282218304965,-0.30838890478087344,0.11154690305007806,1.3816698857761123,-0.3835031736114263,-0.11332951327856067,0.6964995711228847,0.44344047778741924,0.0983769946441666,0.057047003998733525,-0.39374215803367035,-0.4638990268351648,-0.2145394960066289,-0.5789749158720003
-0.39674583083181825,0.3066093133036966,-0.37440974724102716,-0.19526390765924043,-0.31050143764613436,-0.3240681962543162,-0.0035049263047808067,0.24549472609650805,-0.11491342496050927,-0.10921061467823154,-0.5544971791142322,0.20937899826843417,-0.571863008699174,0.37017591663271476,1.0284506156992723,0.3121843042512466,-0.5783214108114562,0.7110227969668346,-0.44939986528537584,-0.21724371713112492,0.48541417561714423,0.16688283225839096,0.5092671066676484,0.03960979737066675,-0.34757143861550877,0.2879063165453253,0.07864819791730474,-0.26657833358479155,-0.3387206185051364,0.05964547863752482,-0.02716376384819272,-0.06633774746640371,0.011401659648900896,0.2232641927760407,-0.45708042616745825,-0.5282508273489833,-0.5710112686559301,0.3530228501807076,0.4068236719283359,-0.31211468617074184,0.026317909404274704,0.3768161189355238,0.1585436445099068,0.08274984304590258,0.337291104186005,0.33749374425476664,-0.5611151242529675,-0.31151654867948064,0.25412970379696465,0.010042679166788242,-0.16098449348485164,0.12206385387169938,0.35247540747055356,-0.09587528026669603,0.44475085701748895,-0.3377496021311972,-0.44355526012414437,0.2760367016666186,-0.21212274260885858,-0.43677011031846774,-0.057090375819911054,-0.16969047416848523,-0.4340690669803928,0.12387250990974846,-0.33108102777430676
-0.17155922434762272,0.24278277787760338,-0.4342947243378947,-0.5219139979921485,0.056320381651852526,-0.33763791796078346,0.05187123893590061,0.5768671710207486,0.15422387478134963,-0.3487534429642847,-0.8309162501779904,0.4726497227493324,-0.5050853193844994,0.33073841219806877,0.9421626330962203,0.26846137943631726,-0.6395571190822557,1.1122285248539219,-0.5295278876543892,-0.5050480569079431,0.46513549002347576,0.266362011898662,0.46441387941123075,0.015401064114009363,-0.2698902313447652,0.04645355653329744,0.7210565194262538,-0.13932042320239596,-0.24739870511550396,-0.1587580199591816,0.13512563240427536,0.13329759857446863,-0.18896831064264938,-0.18832055349722007,-0.600711893060017,-0.09773262593915,-0.2371678014457638,0.8755926116847191,0.4207294561216186,-0.07506945949439042,-0.04966423021881895,-0.573031189327332,0.46965283110925626,0.17595978266984086,-0.18241658018139906,0.43645195787757285,-0.45092194119868223,-0.09918730122490077,0.6481529398151853,-0.30270768585854424,-0.465564976184165,-0.10165589011439802,0.019927800218265304,0.17105229036503833,0.6383654086838091,-0.2567438983279463,-0.2989658873654527,-0.12146268933209453,0.17268590165987419,0.11561449649495167,0.09388954228483028,-0.3484505638600045,-0.6609138380680172,-0.5951207716939377,-0.48337485433831523
-0.29962806536074327,-0.08558593855260363,-0.4632340001357642,-0.645141617838444,-0.48413192339464434,-0.06052293952041914,0.5304195626784035,0.5805664923625039,0.27051719638625515,-0.14347126241129868,-0.6611743946014537,0.35632220488009103,-0.5942579605760526,0.2588690713872721,1.1367648218635236,-0.013286273860076386,-0.6070158054478813,1.104751603897025,-0.7896083080827851,-0.3532868068870878,-0.21984822745286686,0.4062243177025349,0.3555434462241331,-0.22827697671868852,-0.024794868165012536,0.4856183646472711,0.09284023251423885,-0.2080412429831104,-0.3833919501460929,0.10130224251106884,0.6611177729462479,-0.33970245298643487,-0.17080764416250105,0.3663091117876272,-0.5892570017130513,-0.04467048714056322,-0.08298041805140108,0.3543860531002698,0.36279905367126636,0.1490845599940313,0.06083755608978933,-0.09140396532809623,0.23786465962933173,0.3686210309111754,0.150736470249349,0.25234379729698286,-0.29561509166033795,-0.11879246113288933,0.24712725949577244,-0.31989129308033554,-0.6922747289388858,-0.26336528530774017,0.13454229401797263,-0.4246419400229782,1.059601041029509,0.0544636908992464,-1.0031347131302364,0.9278346982357527,0.585029403241414,-0.27237594342876514,-0.31177893681798297,-0.031353236074770696,-1.161901782061098,-0.02925513396035213,-0.2433646906787489
-0.19809021512149574,-0.2831830700564494,-0.3236027733408897,-0.5445678184607071,0.12242130021388957,0.03657581874098493,-0.06538366218915291,0.6485343505162475,-0.1088966062525381,-0.09763492306126315,-0.7122085021547585,0.4427954933662645,-0.5504913871651126,0.31638393281574384,0.8210341268086437,0.08950826971711479,-0.5036192377693499,1.0565307536708934,-0.06246218666982895,-0.4682559329412117,0.05120557719482021,0.2448642124844441,0.4240359740095929,-0.31093515094883534,-0.14939587940143242,0.5420268873198401,-0.07541960412673912,-0.047317949348729044,-0.11108371893305495,-0.1553293200558984,0.022508186642830812,-0.2802284412395868,0.12162784186660902,-0.043976605649455484,-0.6032922177352915,-0.8203757429118419,-0.5023306916843246,0.36832214069838276,0.11330817918536432,-0.0919507637443072,-0.044413996940637634,-0.5795451682559208,0.18965925795165664,0.23916715106857125,0.13332595287733062,0.041842734587286386,-0.44522598842805683,-0.2523810116056613,0.4937071898282592,-0.28051922614601993,-0.3722353965693787,-0.5897442091976048,0.241593031706376,0.006866089363067006,1.1273189685527163,-0.1623671682873271,-0.10924910723841778,0.9788029977761851,0.4234656919286255,-0.10793830267580268,-0.32230183648240573,-0.3806133437856532,-1.429444394441402,-0.3537795859238759,-0.5130038850726777
-0.18192506035393397,-0.36930228980310004,-0.2746962090328957,-0.48367355327770045,-0.5713983721118528,-0.18338309773292388,0.9714985514211064,0.013591991046614543,-0.33148096188058374,-0.5692457051319753,-0.6001152152730288,0.3750142465699333,-0.40435641634283004,0.5049384212827607,1.2071949614475375,0.19266849100083666,-0.5726055816214491,0.9660953974747183,-0.5231803885057017,-0.5970950072164743,0.2622495479477101,0.14739444440220142,0.5154151668447621,0.045831459311195206,-0.11968250999410476,0.7143555405754107,0.14041478864504786,-0.052707253342184346,0.27730386566004683,0.19411100268474304,-0.03861197631765763,0.4568617371196793,0.09225531721869562,0.3272920344447972,-0.7407920207038754,-0.4119137404603217,-0.3221406935019548,0.5522911306175431,-0.0354347266648815,-0.19551769979250694,-0.37260305956912726,0.35472372307746514,0.45833410512237793,0.15170272224374265,0.2682716835936159,0.1342372325833509,-0.6071417840705915,-0.28044010683908027,0.4384376669616481,0.012633598971698686,-0.4204199119231712,-0.12120094179301913,0.32290310238175024,0.44360003320308383,1.4319532054845017,-0.3613627694718031,-0.464771782606479,0.9580676299500905,0.4841029387394401,0.11852728625177322,-0.2920927144509066,-0.3980121293389087,-0.766979866869331,-0.2126385338930976,-0.7134046324686762
-0.4266497566454339,0.11740783806339578,-0.588556377350616,-0.044887095738978144,-0.372947158624347,-0.05041573452850818,0.12617710712947489,0.5890260457441358,-0.0823973859334677,-0.2820768201507703,-1.224191753603293,0.2660805903929606,-0.6088840638323655,0.12912432803396853,1.1883885278126067,0.08065811717788834,-0.23358186648313528,0.9041241287021972,-0.7819201237453287,-0.3370181044848558,0.39124666721007056,-0.08720562697069184,0.17501726599925874,0.18475014912093615,-0.3299210014724044,0.15894738623220978,0.4814170712015559,-0.42557847031752827,-0.4245395232187857,0.2308867283787254,-0.47917838150572756,-0.09701169151170341,-0.2856485080547966,0.3980399787826294,-0.2733525405312169,0.7247285058070196,0.34614262241038213,0.5504945224972687,0.21152251336933925,0.018093214648760642,-0.0057347107831053346,0.32995515238289985,0.5393108547499775,-0.021041998929369685,-0.04037835135237154,0.41325941866939203,-0.7112376138454568,-0.435502040410691,0.046204049420492235,-0.5582186208856186,-0.3802471313860813,-0.22376849482074684,-0.21095788843332225,-0.07602600104771107,0.6567505555849746,-0.25672554845667866,0.19906909594024802,0.35127291306423936,0.07664856785625411,-0.3198264728571654,-0.08221757368668488,-0.5592097189592778,-0.3012569852490516,-0.47834266538917897,-0.5706413637689001
0.05593764126259395,-0.5730002616137052,-0.26209406550390946,-0.6191885522432192,0.14283703844048384,0.03600757715996664,0.3348562362247137,0.6549702423293253,0.7065029794648454,-0.2484366548058114,-0.5112955812452302,0.249170016260216,-0.5750920636242731,0.39136858594741764,0.7421504314983536,0.1409398202826707,-0.3379630453081811,1.3391904372447758,0.3960858933369769,-0.6879828200760861,-0.03409329573511288,0.4854726236182014,0.0030005816599533164,-0.30581882824736045,0.208119935004565,0.6569652360489866,0.006061651245442487,0.02906306584914929,-0.7118818928094762,0.4719473139088125,0.2739436693984683,-0.26664153535246604,-0.053861615881798275,0.28607951868636,-0.9399521711933472,0.5012327734922261,-0.16070600318789788,0.48120237196957005,0.2750843299505307,-0.1025541858305576,-0.4289238118191287,0.13619139011831458,0.0936900898339462,0.16696173104158024,0.7604480382644458,-0.19711308824147744,-0.6172543353497707,0.11946140353922191,0.13690567365972608,-0.2515767910786089,-0.38148880085608844,-0.040581892217356495,0.17907050991988394,-0.6149672876066431,1.684653941603494,0.047399591949629734,0.01519738253406917,1.4663528888918378,0.3167647981402853,0.13062625600332362,0.0744481569654038,-1.1098855169287876,-1.050741186048294,-0.7508362192936073,-0.3028090572928414
0.012949113911024726,0.02807821618585837,-0.3403228932701791,-0.08180039685021899,-0.7501900757620878,-0.3228815208961173,0.636353891900779,0.10017804844529912,-0.49805174445767414,-0.23476135524636124,-0.4760354306308408,0.5089287551355173,-0.17072032862123218,0.27404434804713046,1.0536520073532667,0.10915853885264623,-0.05195799844992199,0.6929983163517665,-0.3700990405148221,-0.5770418204834109,0.46185535615568,0.22416073555739874,0.2300617779075855,-0.4004968557115499,-0.2464866852456219,0.768547337596313,-0.18597172210365964,-0.005807323299417216,0.288962925152038,0.07224294385337766,0.1778086432259397,0.38771001197115035,-0.21025493729337996,0.057980419772457756,-0.3924196256450519,-0.47345549750464855,-0.40148932454690134,0.0829631974230022,-0.18733157537646478,-0.20817538696780108,-0.3212710423679549,-0.06213177734967856,0.4731336291406081,0.2026332348492133,0.33363501727109907,-0.02378766568214477,-0.4650534409316634,-0.3145967325449398,0.18457485534387025,-0.26768936461891835,-0.3126356513286386,0.24354819236453032,0.24751501489051975,0.02707470229316714,1.1740167931836136,-0.13027672340456323,-0.41813832106383525,0.8482944038626811,0.3573057529064142,-0.4802165359890063,-0.09112485498760554,-0.4719711638602449,-0.7644862707193283,-0.3989064457883481,-0.6267065340868955
0.0728420011549555,-0.06992191041214839,-0.5681893234532541,-0.2275047826347979,0.12125150737236019,-0.2323938238387191,0.3201090769851812,0.595017569298125,0.16264642662699902,-0.20422243713981472,-0.4695468899604176,0.2758398627907464,-0.19876319328821118,0.4677709978316918,1.6909660194108644,0.07499354100564497,-0.5447749114524529,1.2749474493972202,-0.6882234294106311,-0.5845357600931949,0.543859091411938,0.638989846423458,0.21427339185164776,-0.17291504260269963,-0.004904552301320433,0.07175298855170824,-0.1662930615311769,-0.21880081276675117,0.19427663439005274,0.3266600746667534,0.05502611920294457,0.20301451577382634,0.06735428954817901,0.4000397502094966,-0.003446577103506366,0.4264325994561887,-0.17735633221649763,0.873018938533953,0.12899389511679674,-0.33575086852410024,-0.32009893586900556,0.011959868986036744,0.2066412433692039,-0.02331571567521898,0.5940049959539192,0.39154896044165216,-0.6594074566338863,-0.3732151217255455,0.24170182562491951,-0.3624171461847268,-0.5816385106876406,0.0013284571457017544,0.19634629844127097,-0.30149432516412905,1.3817786710988766,-0.005643600626907212,-0.4302912097974462,0.16867265608831142,0.12965703148725372,-0.18391042787837136,-0.009133081640044942,-0.5144402992142865,-0.44966313383443124,-0.5727481812087664,-0.8556766730375258
-0.20657052424822278,-0.2988914730670541,-0.6576839856749525,-0.49951412626349756,-0.082730732977853,-0.22732450538537374,0.5652883146704264,0.1315018710239645,-0.42279025549414506,-0.2602095884639008,-0.9032381489585998,0.13147542156162204,-0.4115393911285693,0.20153675279260994,1.3635008560352564,0.1691645055878873,-0.23643742231856493,0.9390956938796949,-1.0814464411781828,-0.47540170354573014,0.45642423836751916,-0.24152254876373003,0.3126776949695229,-0.04928196095223428,-0.2259787441904469,0.3431027533852986,0.01886801695038659,-0.11057677157139659,0.015604414585302637,-0.0002573397127765484,-0.12718349825166095,0.6278284870207976,-0.3404957471921167,0.11760810803534229,-0.7211560969244878,-0.47719724664207,-0.19238004016534246,0.19208038931962712,0.1839054112246395,-0.19142805165787952,0.05339424838769322,0.06627615049429277,0.3899092280595247,0.16939595170002197,0.5103720931020628,0.4604385675170539,-0.7381118542480071,-0.44852938409806414,0.24555388751766102,-0.07654095388519874,-0.18360969894877424,-0.16589945869841327,-0.011251398848788785,0.013602604116328229,1.0440027093598088,-0.22521453587435486,-0.15135351764977678,0.47907474069093803,0.2104867355658703,-0.32890768909145945,0.46095089163007036,-0.6553842581448799,-0.5219815791460276,-0.12359168923877573,-0.2519638586924942
-0.15328277651759958,-0.1220270338175112,-0.516544381162438,-0.6208700630591956,-0.036879143109702195,0.056518591711473734,0.39333256046727405,1.0905965660804522,0.15142863900647816,0.16400037857779484,-0.46305234942559786,0.2865053600525094,-0.9776044563023436,0.10905351660288778,1.1649350506520295,0.19801015422150792,-0.2051187094220177,1.3449339368055797,-0.45130208444481373,-0.3745931940095398,0.21286981219524595,0.435624926766786,0.23470362205561004,-0.3314436275018391,-0.3408926158950052,0.5281180191389668,0.4562709404355104,-0.49745585952616755,-0.016681622520301496,-0.24754537065060955,-0.12324771269660165,0.024304936745206188,-0.19599545304739924,0.12544815230612705,-0.5555411107619483,0.2672695100112458,-0.3473819038476572,0.3165840465602812,0.3682705550785696,-0.23521559387225316,0.14788067469070518,-0.6730986316827667,0.47201858745704606,0.12941508974218097,0.3769050626976653,0.18846331067002048,-0.5633461712264302,-0.2818110950475495,0.5493525014483867,-0.12694537162019098,-0.44145459659042446,-0.3172303702385343,0.09080994298954395,-0.5716410287893521,1.3364234079050286,0.18393686160484174,-0.23391193865491894,0.8671612813953443,0.13057440478038243,-0.15066791230360307,0.07884740963127969,-0.7644248335591622,-1.1250611430533473,-0.24699803930539121,-0.3444160668277708
-0.25573658649421516,-0.39407557349655753,-0.5429612316583774,-0.9761136160324047,0.1300117502879318,-0.040149043410618694,0.6435488621479183,0.5925464051854579,0.2517106092789124,-0.09727370239950807,-0.6404921242697718,0.3105812370896609,-0.36897097705384496,0.3298844942655818,0.9214987638202816,0.14323393532790804,-0.9185416208396173,0.8577076447623716,-0.331598649909638,-0.6164276893226602,0.36036125741867864,0.2804445882822666,0.3364008352897619,-0.3542165969906859,-0.18207525224299592,0.5005528235003647,0.4222526829181591,-0.1382140279250529,0.14520972508241736,0.05983536111515078,-0.1429938559982144,0.033328815705957464,0.07210511694700353,0.10853129936983638,-0.6891634474803392,-0.0726825267343113,-0.15413030510474457,0.5534805558427426,0.22265898095295333,-0.0517221217559169,0.06205188696765794,-0.5797211579586026,0.43988037956555015,0.1490058723432642,0.20241242612503574,0.46139905769582046,-0.5043453982958627,-0.13249824520500636,0.4079698858930786,-0.40478414179789973,-0.4362204849414808,-0.18965845812667237,-0.32338556199726426,-0.31295742536405724,1.8098386450692014,-0.06748079423475378,-0.3177106838081022,0.5041493368456579,0.8566052203919999,-0.1655545489449838,-0.1740681414686024,-1.0012547902370876,-0.9096669776959699,-0.21854076579478732,-0.29110276766518095
0.10067054468946568,-0.4855661528776459,-0.3852558064197154,0.38444621758475384,0.35577974341721885,0.015485467324870009,0.46096020926399367,0.7149525058768453,-0.32656934720286634,-0.11234156995373018,-0.8740670169695086,0.16285981822646461,-0.5980147736414952,0.0025778926621142575,0.45696347086846834,0.030029008424904732,-0.23433224257045998,1.1620343928872008,-0.2580137918327857,-0.6393916387065623,0.0873545244043186,0.4044527264305475,0.08772399298956995,0.0033481989594686123,-0.37140053290506264,0.9089703320452366,0.4847090508896428,0.188253211485653,-0.5026632294648017,0.16860365455374218,0.06547013437479311,-0.4057609195173975,-0.08684307489743315,0.12776348525179337,-0.4183089616648826,-0.6294150001311444,-0.49218994180980685,0.6846592768782067,0.40950226752991403,-0.1278479006430141,-0.15203016133058628,-0.30518383026288565,0.601092673695019,0.20904108136049496,0.1588556589735377,0.07174133115942903,-0.8047759391677441,-0.5187854845061184,0.18342056723894856,-0.21240006913397644,-0.37012495769122566,-0.1452130432286498,0.07071358845830479,0.0476410330273619,1.8181907515647628,-0.5270232193560355,-0.5230317279229632,0.8817651764814165,0.5234699976801641,-0.22046269780971584,-0.4533921276607207,-0.930420754351935,-0.739615780351053,-0.00496356084347001,-0.6692380434910902
0.13278210567406395,-0.6095691946107558,-0.9481259803080115,-0.9585814828778326,0.3586129799883687,-0.1728082854908799,0.38213370959992843,0.4874576654047145,0.4548354100135167,-0.13394151452530959,-0.787290729048574,0.45608664731340093,-0.07018389118073808,0.2416049486868996,1.060142499821741,-0.00930222597802699,0.02303151440399783,1.3950933875248595,-0.8640855019298351,-0.6083802693739548,0.19060440937453105,0.2964594657281202,0.228589556787512,-0.14530390836489,-0.03249405124348709,0.346722764483864,0.38794526649364264,-0.46551631088888756,-0.1832300685625949,0.18376303937126504,0.25998607769712906,-0.6261945791977277,-0.2876061815487373,-0.10812614737777965,-0.8737810154536626,-0.7819558724772792,-0.7154717378845257,0.772785830668215,0.4366589804309117,-0.14934322294926083,-0.25036206600523947,-0.3137218363868488,0.3634593578100681,0.6304325683719222,0.3694231891473572,-0.10380362757574975,-0.43778414816268674,-0.26022374355506395,0.3245861883252233,0.12462279144391143,-0.5716263428894193,-0.14005676244879328,0.31709116945879434,-0.5757992235139611,1.6457496828661184,0.26365262156213753,-0.5800212258998624,1.2706840840932792,0.086478286935727,-0.43317561897658435,-1.0014009512083106,-0.36044009168453445,-0.9260173766691617,-0.2659515464502187,-0.18305628796855608
-0.4160599477896918,0.00794189459578052,-0.28664809927611845,-0.8031732442202916,-0.09572646895166854,-0.03632602565429408,0.379680189196836,0.633280144926763,0.3951294082951946,-0.3855080706951239,-1.0179126437090535,0.30840665404788736,-0.7168883013694363,0.5150076427008496,0.5468189090733508,0.2743284805503936,-0.5409617938787254,1.7576994945369533,-0.1620765305228935,-0.48002797090692617,0.3425904697885255,0.5727195684044796,0.7191675761613738,0.1924335516265888,-0.3812315560947213,0.42386113218265653,0.07045513080388252,-0.2695737144837445,-0.022944224419774922,0.14344233181708457,0.44377394433179085,-0.36857900780863745,0.07982438987518393,-0.13558848245758418,-0.9261245271692413,-0.2192463157816017,-0.6128714016314144,0.8026276032913263,0.3762824237013797,0.1426673767165854,-0.26906272030248013,-1.1693316549955992,0.32905373287787076,0.4309484345119493,0.0532530713199002,0.3949289836400588,-0.1775983054788863,-0.18311379629844593,0.5484741690868986,-0.17897272445686063,-0.8607879615150327,-0.039762280177207475,0.28642274370198667,-0.19121601475449693,1.3172695227970848,-0.24545690412943666,-0.1719000220506356,0.44699009105704596,0.4400865893723477,-0.11591670951297706,-0.3634595014183879,-1.0683670226477002,-0.9420996072996185,-0.7968628816112883,-0.426189422532138
-0.038356054610530536,-0.001465974379546417,-0.7445305767504724,-0.0358538116822882,0.04467566888317734,-0.32554948210932066,-0.030717736501162128,-0.02018828278208281,-0.22437832551477593,-0.35498135215569687,-0.8598472790768834,0.18931790407102012,-0.5673398337283491,0.39811653999224134,0.7016035640856968,-0.18906476341345418,-0.1884308203753194,0.7850156834562818,-0.2631055212615123,-0.5106503486143004,0.31488792442692626,0.29927396926875405,0.29602746819561965,-0.29496488354466016,-0.45347272859107274,0.9450919197850951,0.3995079784333765,-0.28841494934522005,-0.3453579196779699,0.30387113007229205,0.13989103364104533,0.2061935351963027,-0.2592001750984181,-0.1239152036370437,-0.636269591917608,0.49702434330427797,-0.49544381910940277,0.3934467385375144,0.599520463822356,-0.029303519025376635,-0.6401073490749122,-0.47252716390560967,0.3309222053751718,0.3064731894817092,0.3404835041069797,0.11182694516544842,-0.5895277983459982,-0.31562293967874977,0.3161300647965047,-0.212765979740296,-0.4475202396715762,-0.2825020548193983,-0.30800907018589857,-0.09264250728966444,1.274124969538644,-0.12987962585866575,0.02873167912194681,1.028644454814846,0.2845899953465948,-0.2324403600581307,-0.47144661178066316,-0.37950967843432004,-0.7892045581870669,-0.7790923982926728,-0.37323738628471764
-0.35366402424592064,-0.4245524228254395,-0.5648268442922937,-1.1076046256052385,0.3144966570698138,0.33138561142786593,-0.627091158187015,0.5931259094386708,0.5250188780920837,0.16360357413146026,-0.4239469617581515,0.19057937224807303,-0.5652526496962973,0.9776765483362418,0.7074980184190955,-0.2251418785875948,-0.48767159483555683,1.3998505239895758,-0.11360561336325173,-0.6722133510575203,0.2735781834845151,0.582282230313996,-0.049184679058195395,-0.1077971643685372,-0.22810629226554,-0.018352418780872612,0.40766211850692735,-0.3854056313334978,-0.2300389078748019,-0.0469492757205471,-0.12887069510910545,-0.40798602585723137,-0.1298639166023009,-0.05871356392327225,-0.9772531419588871,-0.8854424075403292,-0.3257956526939835,0.9773882648542848,0.3422559798991487,-0.054206510269323264,-0.1400128366698999,-0.16307880248462173,0.06899903132984361,0.19669560276102627,0.3750846421690794,0.5775105729778613,-0.6663848142767655,-0.3194874154180766,0.17235948083582717,-0.34096039895553776,-0.6157693489189774,0.029339689236155563,-0.457161706660826,-0.5301490044834665,1.4362713524377329,0.06436064347879807,-0.5919086357865201,0.8599920720538905,0.5081212372428157,-0.45801780962665556,-0.9303826750771,-0.427966380810835,-0.4067247035643329,-0.2206403498529601,-0.5783503733483384
-0.10038110250940793,-0.9007869205367952,-0.5398793716632613,-0.9684945044214486,0.007501362652645671,-0.07676530334126463,0.4600792708489592,0.646333441534937,-0.13126537431547464,-0.5331936783227891,-1.1299847913874785,0.36113848714995866,-0.9121152824680472,0.646597274533366,0.4908461637987877,0.3245428924500241,-0.5085437922732664,0.8286085777397003,-0.5103077213603192,-0.4887998626451497,0.13375497045409335,0.20349027152261706,0.5273779847570146,-0.12771579689198356,-0.12647555876618483,-0.12858003051572464,0.3931421329486678,-0.4352788523760089,0.3208560700834324,0.3343051042733004,-0.5723600109617337,0.052995023837413426,-0.16170087711965025,0.08671440900913312,-0.6945406524670571,-0.4543297974166805,-0.4383756520596078,0.6202401417234954,0.2401446126241113,-0.009022874046748133,-0.31885870521782533,-0.32856567526495434,0.37737033755839355,-0.31901795046101183,0.1795218955314946,0.42889147014584006,-0.48575914292305034,0.061551204422174675,0.26067613070219087,0.12297873407024472,-0.3047246317779623,0.13563864528879876,0.353921433771844,-0.21480347728222285,1.5332379733628223,0.46354876626781205,-0.3134697982580941,0.45631075766927554,0.41353636816577094,-0.09142463160789246,-0.07335345512430015,-0.8189483995376433,-0.7941403906232212,-0.23140382964341846,-0.4441597558935169
0.0642215065261844,-0.4373910205957828,-0.5310120946335861,0.18987289793781242,0.47799652855318736,0.04688895146859528,0.7590596711124572,0.37689525533250634,-0.06389244439006975,-0.2048749112610272,-0.6051592822448301,0.36733024951162707,-0.48662866742145866,0.3669005330464837,1.1751320509862766,0.1803630591266961,-0.466415951388442,0.9056861608496098,-0.2549175895782168,-0.5288095038754226,-0.041858318180797466,0.25779960419750947,0.43883923961346766,-0.10249626613579946,-0.11006167729231978,0.251390719909445,0.9201048721800262,-0.009574960573545704,-0.006253851574429654,0.0731275241593657,-0.02022008948232841,0.13235185147309342,-0.16409017614722213,0.0397592523520907,-0.5082134693966374,-0.19983278529955587,-0.32551772891817,0.6020153129559136,-0.0349736181705138,-0.14278565314424668,-0.4261140223639587,-0.748608690525056,0.4309876991925196,0.1686275517249148,-0.16890799578093874,0.3756107388563886,-0.5806032534152704,-0.24325758402793957,-0.032175211930532646,-0.12240796917177993,-0.2481361657211882,-0.12212661203127377,0.19991301573422587,-0.3298583558388606,1.165174824221239,0.07875625853548945,-0.06873443387868505,0.8579561812844766,0.5348587185597691,-0.10128914820933753,0.023735371051997425,-0.7444385598100034,-0.8040750521977614,-0.5052735342491279,-0.38579150152931174
0.34627380034301947,-0.42736002887427293,-0.8775717439275088,-0.7055076083883359,-0.08226843625857112,-0.04029950859251847,0.4859203890153134,0.6953829397292511,0.31014159263699864,-0.39615503668712637,-0.8963501877522713,0.2601767467982359,-0.6424742644034669,0.7514325053049659,0.6314688034530689,0.10775282446724399,-0.4399639124188489,0.7686393391545526,-1.0458359309375183,-0.287303941525644,0.38155425528285636,-0.09044547676566483,0.4599211955775985,-0.03422067788214174,0.11974864358778198,0.029881533002614778,0.4115545014924319,-0.3637259222305963,-0.028975465848052148,0.0279926132162817,-0.03664898934273424,-0.3848977982112374,-0.023329064037708323,0.06132395793135584,-0.9686440304401466,0.00034111633897997845,-0.17979859199608006,0.4331802325588946,-0.09332621363604325,-0.08511984881438375,0.05531531887427993,-0.1929180280622183,0.7531630085457267,0.13186803976294098,0.3713247464842346,0.02375242416741447,-0.36570196609769223,-0.14656556944692045,0.3437700091265939,-0.49269679062566035,0.12228632171185516,-0.2602477999584664,0.06795455650333464,-0.19133360918380404,1.1767245405718676,-0.07129658687404553,0.16115271555930666,0.6732002050548552,0.22833461586221387,-0.10142925280643586,-0.3931519763039193,-0.9840809967390473,-0.9053992579304373,-0.3540973236721767,-0.02752538414809358
0.006332412015901564,-0.2508652733373498,-0.6069271668442957,-0.8151558806205901,0.28378027947496587,-0.2824936988437983,0.3791236869408848,0.394262318962042,0.5402162885794195,-0.1132569504721048,-0.7333250014672348,0.12186993277801457,-0.8399658135936515,0.18250038212681502,0.36424722137780574,-0.016759949037814664,-0.1594329355649749,1.0071551070893097,-0.8397878417546751,-0.6340544722405038,0.07000451079035047,0.3743886188755646,0.01962130683664086,-0.05040631112421745,-0.43132831637170843,0.1489620459713667,0.5217211492557914,-0.35490074556921003,-0.37542957721064046,0.20301373853673024,0.44968771221206266,-0.442424431271322,0.22810027217675988,-0.0673932827825493,-0.493793300467024,0.25846768695971933,-0.3495482598597731,0.5949896096049982,0.16685648853189106,0.17546676144458162,-0.5257445811582434,0.09052610682431059,0.16496534424724416,0.2635403782681531,0.24199652841711417,0.0746779469074868,-0.8731585445568417,-0.4734511570306272,0.47056955488768937,-0.12444211093461319,-0.01348728480094654,-0.26772610907910155,-0.03753248200612026,-0.45398499834314543,1.6745229074136292,-0.11925775115029055,-0.2695343364133657,0.8803102402684446,0.4245491856611205,-0.41840411343754563,-0.34302856935746573,-0.7672512666467686,-0.6705445215027833,-0.47501375954901937,-0.05443840977002896
0.06976267361488227,-0.7733824253914879,-0.6275808913197222,-0.7217282742959145,0.25176144912966236,0.2128490189397139,0.30881216857595695,0.10962826718862935,0.5290934383681593,-0.18559832097441709,-0.47033518316179984,0.6144487351123689,-0.057362790897666494,0.4881280060529738,0.8121114706126167,0.07958289992544261,-0.7317993128607406,1.2879093691396104,-0.43572494891452906,-0.7634846723912634,-0.19643575513077594,0.37615819621626,-0.054937242998062887,-0.5481688963063331,-0.02534630015656493,0.6608002514356892,0.1617251069469416,-0.48940444565152824,-0.38349998800801394,-0.20548137697879845,0.39544063746776886,0.1799813578644802,0.07009370428492434,0.2220056108118644,-1.2759479231778945,-1.3813941306346496,-0.920035358349641,0.9116849014367496,-0.33346135048717074,-0.4493683275719622,-0.2277831657954235,-0.40181719390632054,0.14421828070213039,0.3092479480306475,0.6884298880838595,-0.19955694345180636,-0.5699953581504023,-0.036011719099466405,0.1585397034513015,-0.19414764197025752,-0.33201764542418954,-0.5416006788116116,-0.04022295062939438,-0.742256084737288,1.0701040722841353,-0.033246141758553484,-0.504451079857561,0.949852939140546,0.8591749643421851,-0.0026922197993084346,-0.2285226594075989,-1.3340579874710203,-1.244182959016199,-0.31987212725908554,-0.48089043185128133
-0.08173766381076193,-0.19343624809490675,-0.97387206624109,-0.573792162125322,-0.3610009612975351,-0.18121632872489604,0.8785912753570791,0.36117375691529885,-0.36298728766524346,-0.39782789870645974,-0.6894426958917529,0.5417086342482786,-0.949919409061578,0.4361880507100923,0.9819361381095651,0.16553875110000174,-0.9852022467590096,0.7393100202155837,0.03935870142571045,-0.6428240324594562,0.5668938917619987,0.37355385220718373,0.0033464139239572435,-0.27880266717148977,-0.3121990710579428,0.6008932436876223,0.2239419065460765,-0.03514281951685242,-0.16692901742597402,0.41881661879211307,-0.1172215725055906,0.07469433522002238,0.2536132754454485,-0.006477280363483847,-0.6747435040096066,-0.4988729903306112,-0.4485538305491427,0.774455431248591,-0.3471677286043365,-0.3823520143863029,-0.5696803531177028,-0.06571772009852049,0.514297840989602,0.2815424443712856,0.2697324159069918,0.4348151257068855,-0.38303523729830563,-0.22142755338291514,0.41450939326880404,-0.20151945540397803,-0.14361185160089276,-0.3627109566417213,0.20989056272824283,-0.29991197143382586,1.1786171732299697,-0.22294084022414032,-0.245960056867556,0.5830565497234731,0.33481268530265945,-0.4059312209116737,-0.041481800536963265,-0.970380730616105,-0.5642893445994647,-0.7450764861676707,-0.5487508652629164
0.14240471959729967,-0.40053961921505127,-0.5028679953322619,-0.6417329404645151,0.014263231566258965,-0.008640405497732435,0.20495535449890614,0.7336645104124914,0.4485766390886458,-0.2777273822737392,-1.115750304407897,0.4875920463433232,-0.5936930960977767,0.16301639309358334,0.8341994167940259,-0.07037290775954552,-0.739881051537461,1.1987843711258004,-0.045660559566729014,-0.5480582000002774,0.2241928352668081,0.29777079106680104,0.06837992683144584,-0.09840482591655159,-0.17782560962863497,0.36037643192596114,0.0958788507119901,-0.1515654916256622,-0.28342677845734915,-0.12703233929879526,-0.1992331465252389,-0.4610430403829944,-0.09945609475119503,-0.01578846438681445,-0.8054352249336159,-0.19383013594763226,-0.7484111452151065,0.934276769323769,0.5518435725180344,-0.35742688752063756,-0.4023485760677792,-0.6097660911722749,0.5557340975157214,0.6523833716416535,0.10745517105073751,0.24667869006511486,-0.5786041273313386,-0.27526835942718975,0.5760669984563229,-0.1333050043662928,-0.47087023694312863,0.11472451766667724,-0.11728284170299746,-0.3623763160366613,0.5122146792746952,0.2167195949794621,-0.38824042516033175,0.23658896010102165,0.3451220453439365,-0.2287971183846962,-0.6752455770600571,-0.7263476655525709,-0.5958015165094087,-0.2723874421494392,-0.4983894210626081
0.02594418239107353,-0.1488681558235011,-0.6875962375404903,-0.3577866481484535,0.2578227766375177,0.14597890116946377,0.4568053429719807,0.12383867751081437,0.0663034329809043,-0.35362735095173214,-1.1056866428537173,0.3559500075295619,-0.6374738097874073,0.25389142069705917,0.5821549186591007,0.4309119369130491,-0.6453063540897529,1.3016591102193498,-1.1627936075783012,-0.7784512901885935,0.36138361016733195,0.5308201614064413,0.07346949589173518,-0.31065063437777085,-0.36130695721556894,0.2962755188567552,-0.3859578789462744,-0.18644682413516184,-0.06750319915673234,0.10182823670936608,0.07771239628660276,-0.6599665881580845,-0.07352007294086998,-0.2082418057047311,-1.1868657474746982,-0.7485333442331872,-0.7602049417035674,0.5860567062217696,0.21061589246204496,-0.611659969198998,-0.3245222812204539,-0.47882625544672525,0.39235704391106574,0.1893379968428387,0.39983830039279367,0.27255866130234196,-0.5563762316701447,-0.42293972884411524,0.3985786560610777,-0.07980792135939793,-0.5646112724604915,-0.4168106524003356,0.16249441787001354,-0.3179268899566643,1.2385080298546938,-0.4300876183898555,-0.8015600254873614,1.4027859911418223,0.07880727565786405,-0.34785192015271055,-0.8196309247247805,-0.6783828429981398,-1.1843904978432727,-0.1301120743737423,-0.4075889437804604
-0.08446365603746955,-0.5428443599336048,-0.6972038912855346,-0.5027562904816679,0.6918132169439055,-0.1918507547217082,-0.2403727058370057,0.3263186259247469,0.4925263509682386,-0.26469241703047214,-0.7907011232040303,0.14330842302768887,-1.465676282654653,0.37714775906152725,0.6838808304694506,-0.08454815298510304,-1.0139048960340535,1.3059351586944488,-0.6552556979881689,-1.2064359749062057,0.49779876275804563,0.18349692638909249,0.1599326020915868,0.4284266009019596,-0.48799093262950394,0.0024573029209529473,0.3736109256430547,-0.2889709065320971,-0.27280373843008704,0.14016226311004876,-0.15459076444627942,-0.3184394457347749,-0.18039020799099476,0.017874360456392242,-0.7534531496927904,-0.06867654102902468,-0.8196798116190833,0.8983241034941094,0.4936135116303759,0.06502573715073501,-0.28441035445462315,-0.24664014591663902,0.5037076445198907,-0.013073916745262829,0.5058763271951543,0.5090931568992334,-0.6344989390560768,-0.33604985743920035,0.3550041227004202,0.11471926233221855,-0.6563901984818575,0.18465749339980966,-0.05612971845354727,-0.44811813549902946,1.3099650374918728,-0.37208166712953233,-0.6500059792833335,0.6741993701887028,0.5807066374551237,-0.10399405404884268,0.34336642515502064,-0.9632077825330424,-0.4449307002931761,-0.4720720809288492,-0.32054598935095413
-0.25649432896075497,-0.1335823585015316,-0.9736919516634821,-0.6539968466563904,0.035465498896236465,-0.21785668760541568,0.1719558410580676,0.34462928552622063,0.3081814492285042,-0.4605894539679311,-0.8710797580578762,0.24120188134171963,-1.1438019568053697,0.47956684900660074,1.1653686136112018,0.021658832494408337,-0.45232216717291596,0.5656052850599868,-0.5335213543188636,-0.5424946844617857,0.15512326917190142,-0.005674231655982992,0.26798265221626455,0.03406439996577404,-0.270315136571593,0.35824367669191637,-0.3281218540931809,-0.003954426205383582,-0.25011778717733646,0.12382884564500976,0.396517121648268,-0.3088272443866578,0.12058704618810581,0.3081265299893093,-0.8017584379214139,-0.06363389044302994,-0.3562386904536441,0.47748332272920624,-0.005661854414824592,-0.5784604486190684,-0.07198267534697561,0.007104361555084815,0.5710230103416655,0.31835161405458456,0.24813009827746724,0.6429522099255887,-0.9058609369428853,0.07201347498332776,0.3931727811983977,-0.2964314670354028,-0.06185323813906957,-0.45104659015844617,0.07883945032607104,-0.4176381399129371,1.4939772597780872,0.16332238111827796,-0.4818293381654187,0.12588434141623098,0.193691657335983,-0.24243618973820927,0.4034175821820607,-0.6223325220095812,-0.5864861271213838,-0.35139006655867105,0.005777391466444008
0.12180336031738347,-0.1668599540914285,-0.7284570293867033,0.3280619366567369,0.520138532030639,0.22511157107548843,0.14946625599225308,-0.041168900439551785,-0.203712419196133,-0.44475362644690775,-0.7881451050391851,0.37609346505368246,-0.6779687854850572,0.40122970781368594,0.8912109641730147,0.15326474262981818,-0.4748712716751365,0.5572678326589098,0.06422202979269633,-0.45442995997120794,-0.058572563830778135,0.15501308062360153,0.2833127252958901,-0.10144291623325771,0.09918046508465109,0.19934553564702936,-0.2602808311180768,-0.3854706937599687,0.01908367302545322,0.3322056411180127,0.14733475688083747,-0.42305072136045174,0.1958777388470047,-0.004182570217861704,-0.7312170426108566,-0.7550716248315569,-0.09963092984526575,0.5839869903023285,0.21281384320959354,0.05650529913751533,0.11446072147224406,-0.8659675002461336,0.3234843304724906,0.3882635472625135,0.4032450452195762,0.2474017147022248,-0.6323565442581975,-0.13778003091232133,0.17731058010166684,-0.22980060802149221,-0.13867897294688486,-0.14942483078450416,-0.007143602231739557,-0.6030907681898647,1.1610682163203543,0.2568627303081159,-0.2585348784234104,0.3268931092027445,0.3005167237938994,-0.3577080685679121,-0.650196181329981,-0.9555026138425877,-1.0463877233624939,-0.45565321155266,0.20109015066309535
-0.0727025345213281,0.0815550286080628,-0.8263956733267045,-0.41142354664058095,-0.08619594113022547,0.017106972663435867,0.671882360044225,0.3081889017811036,0.18443799849674167,-0.3919066508418949,-0.5279616130321207,0.06829233990791794,-0.7965125909309676,0.592076279589341,1.063751837438274,0.23395458473201,-0.6035115018934055,0.6056797785992776,-0.23252352976966587,-0.017457129053691862,-0.011881597432128323,0.29404085991908674,0.4439102781729191,-0.24230694619634324,-0.3677267251877175,0.26400004244456937,0.3211646709798125,-0.328430972752151,0.1279248114156226,0.16483587040235442,0.07755547214043276,-0.22669811712533122,-0.12612691524946873,-0.16282785955169063,-0.9220093710399537,-0.5127165116796706,-0.5157639344439721,0.7693414775067339,-0.00824458385423452,-0.5560513480882653,-0.17499842688526462,-1.2263062469127404,0.2640261784991819,0.5780282293722856,0.2910737092743786,0.604830081022951,-0.7233064503361164,0.024524493770969415,0.5806028636366938,-0.016941588352251853,-0.34881794788022563,-0.33768523567355285,0.06860560350121794,-0.46017851628613504,2.17181013169441,-0.033866986019009615,-0.350798404272752,0.7689410382950864,0.19344020051918298,-0.16842259827502473,-0.08665337329962483,-0.6444502559508869,-0.5098428046553467,-0.3699131146688651,-0.29381239909732376
-0.23058428572943737,0.2949202462872104,-0.916166957798856,-0.25793351890802463,-0.11440439951666208,0.27110848644852403,1.0021421643164619,0.17998763596800754,-0.2275973480814562,-0.3662924126567668,-1.018962687206999,0.32143756170788357,-0.7811698461309559,0.3768284148882049,0.5279279816161009,0.5203813117551821,-0.513645903376083,0.6717727476851273,-0.23188170757044935,-0.22089880924846486,0.40155812452825834,0.13565795435152242,0.45801691272199896,-0.07237425996542236,-0.6156521736478602,0.18174241707453823,0.20568307009939385,-0.22201150902334424,0.1758841890484381,0.007794802506477336,-0.11042763658423613,-0.07254343604678085,0.31624139638941795,-0.018342881868369985,-0.6282906476316524,-0.40258274228194024,-0.9056938486885028,0.4909364511565226,0.06504287737105427,-0.5375794918363446,-0.43554767942513384,-0.21914045910450405,0.21696124950056023,0.40091879537061786,0.035898370368283056,0.11570611757638452,-0.5395018120154857,0.232094920894664,0.42505229061043015,-0.020397779644241887,-0.2461619640706292,-0.0013981277194194917,0.4054258750679754,0.06246022115200749,1.686238223968966,-0.31980750420922616,-0.5413196455472389,0.8749204886683309,0.6550358343388017,-0.5019633110445775,0.16728050731045802,-1.140479421879956,-1.0849278421728668,-0.7102352850165019,-0.3526493422871771
-0.1755410058537501,0.17205012550267434,-0.4537590356388948,-0.4389777886208404,0.22935284053954513,-0.12843946210340879,0.13799025959708278,-0.05430115582116732,-0.03741322504848423,-0.0972263329908628,-0.8338466795255857,0.2775811867229964,-0.9403029983802006,0.31488399259306543,0.8768008035337636,0.20852699848970796,-0.76762617074152,0.8809289319991752,0.13754839210565326,-0.5757466592092645,0.2835336713266855,0.15569579135604295,0.48397982226676883,0.10717258995659795,-0.41250914106467795,0.29988912519536787,0.24329928620064306,-0.48924942428124757,0.16959992778267705,0.07930617741533047,-0.22732912766169933,-0.01531338419839421,0.039464769171811034,-0.3440675757852955,-0.44456082446907436,0.901182518346159,-0.44031430649042885,0.5136120566350397,0.3132222839490185,-0.05982556192355096,-0.3508676023246291,-0.0035976214863732148,0.3064573248072137,0.27838494767019434,0.1535317869984762,0.8162900647546805,-0.5425584576921874,-0.40157354950223195,0.3392080983858494,-0.2697203393052044,-0.575870377788255,-0.24829988736964698,0.12777769431447522,-0.21541586672441748,1.1084307727729668,-0.05049375730953742,0.2306959331414184,0.03696104042165031,0.32515253048937875,-0.5185871032557131,-0.10635964467210343,-0.8652249269227076,-0.7986770570366828,-1.1134569823716935,-0.3094721181436146
0.2164296479807964,-0.9077498270820858,-0.19991897086060734,-0.7221340186374133,-0.3529794444905885,0.13851024368250728,-0.48934364984514395,0.7608710752960441,0.6964409769798516,0.3460730591915042,0.023818527018596665,0.3244053802465243,0.22596355816439936,0.7071386106254207,0.9003649364920036,0.17031359567368745,-0.42875151902902897,1.4805803103216828,-0.2565867594244573,-0.7472984919071282,0.364017298617815,0.6402778467880205,-0.0608018672602962,-0.08621048861523599,-0.25826587688966046,0.5455878338264362,-0.1615604679584397,-0.4184915570320401,-0.2764749115670476,0.44580278212946944,-0.004595913262253393,0.045143328830629215,-0.13161706547879926,-0.32348773793539964,-1.0544655760530226,-0.3735707281092486,-0.3935995628884175,0.8205505805312813,0.1748915156335001,-0.18375867471137936,-0.34146379278295713,-1.0052509506153795,0.0294287966970299,0.15331426059310607,0.4010778991691535,0.6304501298539421,-1.1119694421456014,-0.3054706986554119,0.1876633446027568,-0.554058416280676,-0.522767639551501,-0.36714473572179807,-0.39777447167221197,-0.7011757193942376,1.6823976269027878,0.48028273538122673,-0.2917253173078112,0.9081998655925678,0.7655930268281997,-0.29283876088108907,-0.3851493520922462,-0.6291219404124035,-0.6013950894476772,-0.39961094343262554,-0.4749278318903471
0.15762868144535122,0.2136858060225551,-0.40032897855249605,-0.9725033592566488,-0.2787958570427529,-0.08451646033408057,0.864502542030594,-0.3411839186502334,-0.2911981467396893,-0.39361413937126777,-0.5023206370242538,0.5615727739848767,-0.41683869872822016,0.8716756916283097,0.9186919181020556,0.5926597681367777,-0.6592652237827255,1.4684411806833375,0.18786906985255494,-0.8200314329146883,0.006254130447467948,0.8031738878531629,0.3652939621059792,-0.0523450975902123,-0.06437771936158683,0.3306439048591843,-0.1643156383207879,0.03196933015759413,0.18116983418611224,0.5981263129283514,-0.17482703260456706,0.4319586184345948,-0.17977582437162498,-0.21591002396297487,-0.5338302380009841,-0.8912713361056688,-0.9184931733559923,0.39380820927806737,-0.14180105037342342,-0.27083236034485925,-0.737363239653109,-0.7559184598985486,0.5593662915117507,0.20960307395339417,-0.346976918784145,0.1541426379599758,-0.7941115908075396,-0.22885097431284432,0.5318856855251998,-0.2648791413481812,-0.3319272580671535,-0.3284712300615836,0.06427120449721267,-0.04319804889003199,1.6284600516230299,-0.22210603146350139,-0.3529719698667275,1.2618654127116833,0.2399507582496644,-0.26884066177077137,-0.6414619580305899,-1.2494145796374476,-1.0220379764012184,-0.13375483721001552,-0.7476874572209906
-0.12286596709028119,-0.3034074664969016,-0.2335498696456788,-0.7396600906274243,0.014775337557545523,-0.2268636597861489,1.0871917062849132,0.03780319342663202,-0.41130707506867226,-0.2174556373908129,-0.653000346568393,0.18455482064164452,-0.4895386293850588,0.6428536014251258,1.2127890452523415,0.28869909277970374,-0.3982753113553622,1.3348272250923878,-0.18836908651889858,-0.6405958292104614,0.04202671006008361,0.405242576449128,0.4602415165548641,-0.14051889258238537,-0.14622468277960907,-0.2378040962189964,0.14323849133119423,-0.6188208417281074,-0.14947523502529594,0.460288363517418,-0.4619236345454153,0.025160177826279828,-0.2136154993774911,-0.05253573145941372,-0.7393643765077004,-0.23210194471828371,-0.24133092998240427,0.5918148403442174,-0.10935233842211636,-0.3517652304167522,-0.5101201941171108,-0.3693827113465835,0.7429320388071329,-0.1354461144897073,0.13031946647793302,0.840171820645379,-0.50111953915223,-0.024864186448341256,0.38014182039033845,-0.24971856870236991,-0.37264660974181685,-0.04870875713182135,0.31273773104765185,-0.11717850068832547,1.1752970176141944,0.06872580314658996,-0.32918823615930315,0.5290629621101791,0.42853369209882547,-0.3034519723742616,-0.035465107086761975,-1.0050416359474732,-0.9869528834975535,-0.02643241780354797,-0.8750467530689888
0.5909686685237384,-0.6419091975332251,-0.47893487885518954,-0.8230105960920553,0.36241393432412994,-0.3066305431856133,0.42002725242928396,0.886361537318653,-0.4027859054877255,-0.49366472068890266,-0.2336245860864249,0.2966728814268244,-0.4807047597035973,0.5567150352313471,1.344956752792973,0.23802245251061258,-0.37403675171840733,1.4896698863454547,-0.9765776431103003,-1.051637463457897,0.25563399274388166,0.4459303365487926,0.48554308530024903,-0.2633539313888586,-0.1926781954353943,-0.07935273724045519,0.6900799057096176,-0.2108352719514226,0.0007617935005709477,0.23812039379831013,-0.20059413804893217,-0.04789318926914564,-0.0931739201429651,-0.09341584169290518,-0.5991847689044142,0.00628228197018274,-0.07157202258210864,0.6305512216307665,0.6037396549482976,0.10550132834436016,-0.4687067665428314,-0.21381582576457872,0.6651777980744391,0.12742730851047573,0.0795928573925524,0.33495756380040137,-0.07432001895272843,-0.016036121604470058,0.22453354551182036,-0.12363120764278684,-0.6026225090575796,-0.19348376295618153,-0.08476396997249269,-0.06388746829471595,0.9330679076568287,-0.13856463038213646,-0.19465144144689567,0.9890888688632635,0.19501502253347147,-0.3682973582330938,-0.5664547432612691,-0.510558042497954,-1.1555478332094873,-0.24848974061044077,-0.5525584238893283
-0.10080826196909905,-0.5039119343114025,-0.20184178566711225,-0.7319421942349704,-0.29458046657772335,-0.12769021433452707,0.14217301714571176,0.10199437525303627,-0.044615703611891835,-0.08772933574804573,-0.8955215626431745,0.3398045299954066,-0.49718140289606866,0.5474649109045617,0.5316510175122229,0.309003747964815,-0.5653007225469455,1.2715932394929632,0.5723011156392531,-1.1411996701974256,0.6566691929578422,0.07366464293851639,0.07493915024192428,-0.18340922235190346,-0.46518382642438477,0.3666556527178141,-0.054867031894582766,0.0593429922594766,0.002539806851759252,0.35304425580390036,0.2885108609132752,-0.15630071036225224,-0.15468504499937677,-0.2779171241921278,-0.8017499851720424,-0.7066782748117584,-0.7404805996695488,0.8177285288891188,0.2100115875675777,-0.49860629734386464,-0.5165057092620232,-0.546395690658176,0.334846505160609,0.45173848891251495,0.136763923616802,0.1721236038832466,-0.5573976331126445,-0.03702805559517139,0.5485880006326412,0.08015668905254622,-1.0863516371051145,-0.018211453316171862,0.29829919916383885,-0.3131596015493698,0.8107204601209484,-0.14447328046960278,-0.49361681322994283,1.1354159629559015,0.1208495953448348,-0.5236800416573264,-0.06889242354226446,-0.5969517061816773,-1.0788375240325785,-0.22407002531344755,-0.5695620204896992
0.17335590306679796,-0.4459050138582274,-0.367240650885492,-0.18584123938196564,0.32477198908573235,0.010010863006125678,0.20873855214796586,0.5123222042616555,0.332965726984401,-0.17148670777119945,-0.4517897804361433,0.3956904325010312,-0.22099221134597852,0.4845096480102585,0.538250344131604,0.3155167388236432,-0.7124705703899733,1.254559058615271,-0.782857200111728,-1.0244907287233735,0.4395885591992096,0.3309515820491722,0.4059937085728998,-0.23382213067131274,-0.39146032154014765,0.3798024211094422,-0.4837678210941109,-0.23770806707043865,-0.15730885635293743,0.12409818528674804,-0.10870835751619057,-0.21286510690529564,-0.18617644480429296,-0.06414123609357764,-0.8394289373257009,0.04225377281746519,-0.5216582255363293,0.4806906123217832,-0.30593561991874957,-0.4999421347238468,-1.074893593731076,-0.3756132938432969,0.445126490969585,0.38866197201236663,0.36701587626624943,0.27217457620373686,-0.503034891561729,0.05639794070189065,0.2590186597414289,0.12701091009427073,-0.5634441482286662,-0.18720028504688613,0.21470172324427964,-0.7241839023041056,1.2571613711818814,-0.05839611824624829,-0.5746682213631262,0.4630698673909916,0.21975063315249121,-0.4321558424193659,0.5924990717930441,-0.5454832784747647,-1.2229498656711395,-0.6338605751489913,-0.5614069349721423
-0.05398062072174143,-0.09355836754075804,-0.5642717624541108,-0.6764298520195048,-0.24063666838196784,-0.046777074720125246,0.6852318088930942,-0.03993290044510841,-0.032799197235697464,-0.5171752812412661,-0.46627073774907385,0.11439999141868402,-0.4761767307753992,0.7876490666523425,1.0666229775501903,0.515891226946601,-0.5084004643016312,1.084334750545762,-0.8720291990921002,-0.7564001065644438,0.42785731883739153,0.490959419158619,0.279423209294513,-0.6554428228446552,-0.3454007235579132,0.2669321797957078,-0.2270582771847535,0.03802851264766334,-0.16978840099582262,0.40053097255684145,0.4829386754056445,-0.28853512162027345,-0.20273905748434087,-0.20514494342663928,-0.5292878803636802,-0.22925243758046931,-0.6380634485761454,0.7880822799432488,0.22984104465619237,-0.4529702058126681,-0.6268593270768874,-0.6884534155941531,0.7238067371409185,0.28533497948842895,0.16711881587985195,0.27795371767836935,-0.7262644811251479,-0.15081922748882737,0.5295813827847119,-0.0687717627274891,-0.26306593387045374,-0.5408756307462613,0.09522158394352451,-0.410489113009681,1.746630093544399,0.309015091581333,-0.3107989905136895,1.492951743457277,0.5091413495836342,-0.690664869934861,-0.33688258539715144,-0.8230005995800436,-1.2491725084361132,-0.48186132082777694,-0.2718631121062379
0.17999802361236616,-0.07623336807798753,-0.6152920444381258,-0.5053136977428319,-0.08816439730149869,-0.1964904519001158,0.46230311230482196,0.6120017398516412,0.47406296377658097,-0.3179797522648742,-0.7109013389442971,0.17261430559114227,-1.2595054447788694,0.5687268073302041,0.7670717299311594,0.2863545509351005,-0.6950887349783109,1.4676126706967567,0.03350799512018836,-0.4989970248341148,0.28581349464854433,0.49888038313767824,0.07177721966093584,0.23351866251266176,-0.2759282265693852,0.42340735083437864,-0.27222991022591647,-0.10937700777330765,-0.05759219577813877,0.25675114320024417,0.550805280557535,-0.46192965117542045,-0.11664241258886474,0.0377906725860484,-0.7985773652776097,-0.3358294705669687,0.009799489082988028,1.0289106740499452,0.34521955184719016,-0.5191334455046824,-0.5351306925700972,-0.9527712011154715,0.3630070652446474,0.4561112372961706,0.3933358672911512,0.29536006040863055,-0.6137278171110947,0.015835447925820166,0.18639008099841628,-0.3497142086624714,-0.7572538426809574,-0.4263476167886065,-0.05303026614630964,-0.23231305839204427,1.4564272078900444,0.473322402716477,-0.9653553270301434,1.0432229014840073,0.40673818996171485,-0.3340144594101996,-0.854813106262982,-0.5519348859643093,-1.6844445392726632,-0.10315652512869188,-0.43989786538535486
-0.2733183549867032,-0.07461224558454474,-0.905364950922937,-0.5858169126943905,-0.07827123900702988,0.2740095966515132,1.2105095061000566,0.02359293043546464,-0.16329348959672102,-0.43591035311865567,-0.31931916058539933,0.5318454378948453,-0.7922188380028696,0.19518084560163518,1.173255965609575,0.5023820512149736,-0.6263792318027692,1.5612086390898585,-0.9747989403621549,-0.5301016202799538,0.15935513978740962,0.5622210481292101,0.2215155050679611,-0.17556973731234746,-0.3791457467420632,0.3717107629019179,-0.12748635704532252,0.09009606713716908,-0.2764571291796632,0.23996743613632213,0.12134885731791445,-0.03297613118644858,-0.03585279393507289,0.0008044807702176013,-0.6347749117298369,-0.3348015253051013,-0.874299753638401,0.8408561058234066,0.15456513825255125,-0.6935724901543333,-0.4615768552276764,-0.8839165833281186,0.5061267220001375,0.7653108386833263,0.27587961286278284,0.3848364706524195,-0.8956400643291067,-0.08919674384489315,0.07512273178903839,-0.11413839489054106,-0.63154063252076,-0.6351977515319048,0.021339578800228617,-0.1492468210513908,1.9929004968122574,0.057784710951977715,-0.593309483087163,1.4536355660974853,0.36549442015194383,-0.32088686158534213,0.027574989279663384,-1.0807688586834834,-1.2630296387178348,-0.51466363342709,-0.4837640088088861
-0.23886041662997062,-0.645268961618997,-0.5190762080366389,-0.0223442477222689,-0.1767626348392152,0.05554176682919165,0.7276866371113975,-0.20024881697983868,-0.1525950650892246,-0.24788518432873832,-0.5387485368656777,0.17820770235590794,-0.4463055438890878,0.669393523813404,0.6228050396136541,0.08489860431507593,-0.4764180490229181,1.3095288392583764,-0.5087107746781718,-0.5651759867138172,0.29527624231117144,0.16301594094433716,-0.10089482489151,-0.4185617015922877,-0.7685885110080624,0.6718964906941803,-0.15732977495460224,-0.016240275807611552,-0.2702176227551749,0.19945421640378908,0.2630909379696081,-0.17894005605600977,0.34697947625768893,0.04645140430632057,-0.5917963960946512,0.06563007509021421,-0.8170020639387447,0.8713937690571808,0.12512446744570715,-0.29001908793258263,-0.5612298863137202,-0.6831000721091154,0.6904680733798977,-0.023756368213021364,-0.015483349640027455,0.2053573070801118,-0.9688472232705649,0.24190622509438414,0.4783963348066024,-0.11270733717668902,-0.4395957002311801,-0.40426138925177985,0.14466123206191972,-0.3126897541519978,1.1625842171671177,0.3929617316822863,-0.23382476580263406,1.511127650162361,0.24241543399066715,0.128120084820464,-0.4142775637353221,-1.1594189899357537,-1.0657201201696314,-0.840506965826425,-0.18517220949583946
0.16472328657581342,-0.04159080516899756,0.15854379482335157,-0.35350881810025137,-0.1281448304742184,-0.061825007883672276,1.2191432985492514,0.3867645493939662,-0.18989929125765298,-0.6101027794577291,-0.7580144095182474,0.4811864664924661,-0.5207357631306844,0.3358601775509527,0.5883498585218261,0.33763609465724437,-1.0758171449509526,1.3514131991140663,0.11876073430395875,-0.9486486012495094,0.4490179040568128,0.758400604572431,-0.12364645098534546,-0.12161038730717766,-0.7535733891784917,0.4604283512170616,-0.18263096434044948,-0.08138401218692862,0.093450257917884,0.7190924015768357,0.0626958021342722,0.12900252400453027,0.04260294467799185,0.07273973386330582,-0.396614870078085,-0.41973127496748125,-0.66265679425148,1.0312860406287365,0.1139719761995239,-0.4444682364565682,-0.42316464395485615,-0.48050803103146517,0.20205297375536893,0.638572989706094,-0.05227958278901806,0.1869172793469458,-0.7468851495850867,-0.08247496030963591,0.4914939656645727,-0.46104810705636073,-0.6807091853631098,-0.7346506383759631,-0.0036764512703836433,-0.0932835122963243,1.5627942550662028,-0.20346075918889867,-0.6513711502642219,0.257065424299003,0.6909459195995771,-0.3337036101821648,0.19664655920783947,-1.0052704060188058,-0.9815651307963524,-0.35663323097014327,-0.5122041129678555
-0.41032920488701874,0.3086702232397602,-0.6074582527824558,-0.3328072809726671,-0.5138888782226692,-0.11672682193253694,0.6348029965578323,0.10230601694942057,-0.22482113290071554,-0.5073056802453172,-0.5166054105104331,0.32349711918806867,-1.2862276900528955,0.45477436925589887,0.6540776638833585,0.3599074780329983,-0.4338671570097589,1.1129444680431546,-0.49204699885567527,-0.8022086781981922,0.3520069701585126,0.4772871083414887,0.5124427720497687,-0.245793422050764,-0.35300648756947606,0.2940387636139738,0.2408094565181818,0.3049093128842943,0.0904677684035447,0.16885327074431178,-0.016770674657139516,0.2207351338464611,-0.18462582839612615,-0.16285267235433412,-0.4953490199167423,-0.6282951504545852,-0.762163862674957,0.7843019435339245,0.015002226862195392,-0.41771845031040933,-0.578264878631411,-0.6224142082259658,0.48323934197854757,0.7181790095245542,0.1942091424072791,0.5676872829696844,-0.48608320604491084,-0.1959716304384525,0.4130436512988384,-0.18188567475027612,-0.2229704354321657,-0.5253166349492426,0.14233232157493503,0.12995981535509932,0.9389047563227794,0.054164740942480416,-0.055979923334449844,1.3641084010703632,0.6234899429415734,-0.09451825428340577,-0.386212939624715,-0.6914510694133778,-1.3394018521543696,-0.47360151916520965,-0.6037273221371978
-0.3284080944663832,-0.0852667023713994,-0.5345894520337287,-0.6261026307434825,0.17243068907053333,-0.16546729608385657,0.45472224080582646,0.5615122301842557,0.637674002149351,-0.2391182632286609,-0.035582396610483444,0.7296867389665999,-0.556957673191494,0.4541212423335837,0.7494400729673132,0.05760771123596954,-0.7254029575554637,2.0402342247111616,-1.5062121245119597,-0.9259797192168849,-0.08240913763303864,0.575016662481864,0.2249981771985589,-0.44625854502766965,-0.501662660432249,0.07152144358690864,-0.2765287173417691,-0.09189257680162936,-0.5238490141559566,0.25403809104051633,0.5925141658438624,-0.18859863127733104,-0.14241251666903432,0.18329092874013808,-0.7440340145601891,-0.37540961429505965,-1.1608094460412588,0.9565143789583281,-0.0871080851340312,-0.914380958368379,-0.7202983763788728,0.41294820509474,0.20417193780701978,0.4389586504702797,0.11288648882700399,0.5117931243988201,-0.35048432793888584,0.23502806098932122,0.23895134295310358,-0.5120676653331829,-1.0550247043679495,-0.3912868870225462,-0.25432814404219817,-0.3911724658385593,1.6343743139677076,-0.31415849448580113,-0.7156490731740576,1.524764505442004,0.2757599119770347,-0.2289173918686365,-0.39533691157912954,-0.7429478791324756,-1.3513806740567775,-0.5133422293893387,-0.08678275558160854
-0.11041204587258668,0.0394541589949575,-0.23410847596011478,0.037553505536680666,-0.5377247539285429,0.09587215861426725,1.004786834397532,0.014275507259323958,0.014695754158544686,-0.7134178973589202,-0.8937243976661969,0.3530860220301495,-0.5968656333463377,0.16115636128037586,0.868683350998829,0.42998773716217864,-0.7792806080232954,1.3108859326815034,-0.0838628631817092,-0.5556890178487338,0.15621452465734903,0.07622866868943613,0.5546642606430868,0.08503471351398048,-0.32715417554837406,0.3486324181686494,-0.13109505335597607,0.13697363634796972,0.24250707710926453,0.546240219572696,0.3213442188448228,-0.07142539590030693,-0.22577699267627532,-0.15323616306445648,-0.45263550129989777,-1.1685433846807303,-1.1935041537822932,0.8281287357933618,-0.21530837003851985,-0.2829833712941229,-0.5810420592479942,-0.6425992971828736,0.13567892121122227,0.6241553357798388,-0.0966619804076624,0.4030675251464547,-0.5455820741693073,-0.3142559679301445,0.42957319614775447,-0.20536508971375,-0.6448329915974371,-0.37720151629478477,-0.24775592307588484,-0.10200965169201245,1.5270324509393776,0.4086037153374003,-0.5160633569837382,0.6054331528021439,0.3857110475678762,-0.20128035662343247,-1.186527520881044,-0.531055440222993,-1.2393170856530227,-0.18006506278618942,-0.6266706147976009
-0.05334891444607484,0.061536371621999986,-0.6260775694285011,-0.8705883335470458,-0.307286560327056,-0.0698428993072894,1.1061524384129702,-0.057377808281476095,0.042257676801432414,-0.7506562968216405,-0.39960311756384487,0.5442256397275963,-0.7307976919609567,0.21470282728681883,1.1579990007942644,0.49058419220245575,-0.35018608705727217,1.5004061707720049,-0.4224074375287631,-0.727484514115155,0.20608750809656864,0.5006805483996147,0.46133999247660634,0.04979427887479969,-0.6029601525922574,-0.311185086803621,0.005839537653117802,-0.1810905149916192,0.10230696938548044,0.2857056039923159,-0.05748308526300483,0.0296321282261211,-0.20173734444528935,-0.5060184545789762,-1.0365474206386196,-0.01223296217755275,-0.7611185272175532,0.731420468979911,0.2509417082154802,-0.3860461649962075,-0.4358179468120546,-0.7404641027314551,0.39427021108238614,0.39677978151238547,0.14275500747581932,0.579837711580703,-0.4357542001175368,0.0732926329894753,0.4076758440863869,-0.06719134584717776,-0.2734063953732865,-0.28569404087418226,-0.11215150652697531,-0.4407042963378374,1.403268480198165,0.08063618285437002,-0.2994728567824654,1.0875312889824482,0.5995400686188099,-0.3021498690147303,-0.7046295144769029,-0.7501933562059391,-0.8160999584038726,-0.6215792209543689,-0.30879990636420884
-0.42577443142264904,-0.5933814403357967,-0.3445456415670072,-0.30323989331892837,-0.112473466431746,0.189284765018167,0.38337959354119844,0.2627651860336722,-0.2973766663023345,-0.5529314206863883,-0.3086477430023639,0.4526498343178326,-0.6353398298021188,0.4032600085971759,0.7646519307614265,0.14882099304346322,-0.4864757749975178,1.6809590951272517,-0.18756133955096527,-0.6293822251935114,0.30393234081143955,0.6848509775871481,-0.1250387938912998,-0.290060053757287,-0.6805580506921793,0.2487111131814807,-0.3808444789882452,0.12149910787412382,-0.10073536302941075,-0.14819687688074237,0.07857637166891233,-0.3315238275493343,-0.616856364115915,-0.0999463568956083,-0.7171028124133372,-0.0362103066548128,-0.6404064390977575,0.7741078512409971,-0.3700694566488702,-0.1772501152870344,-0.4912097275012419,-0.4162230740146633,0.46666333452162473,-0.11633712920986741,0.6804382523856857,0.1673507318818345,-0.7220401629639766,-0.07664772631614561,0.41754324607657667,-0.05263864356646436,-1.2148512142434302,-0.22930500118222463,-0.2733587226092248,0.34308277924661784,1.4314862425263026,0.2928323458746419,-0.5024078852348531,0.9808387793712814,0.4927146398621773,-0.17993245529455076,0.1635073359291652,-0.8858449612524488,-1.2070058714055403,-0.20548859104986827,-0.8189023922266538
0.05981239645938754,-0.042894644830648795,-0.4623399659932893,0.18104021943795312,-0.30107973208922884,-0.06027666442045532,0.5397904714561967,0.6836203888570109,0.07205710324788211,-0.4412981432592943,-1.2206894574111449,0.5222850683635903,-0.788164617408482,0.5825255712464616,0.46448996178093066,0.6328115198904359,-0.1636210249643645,1.2381837140431637,-0.7008108788271935,-1.0212872223438474,0.6826473693489576,0.24146860948644921,0.277294158860191,0.05271825322896617,-0.7271727754394739,-0.2960591355849815,0.11179682464751466,-0.1739501771593141,0.017186210399164886,0.0958706501459488,0.14081163329939028,-0.07080342906803344,0.033073237674759406,0.1224715555281898,-0.8134340935734737,0.2600102293435734,-1.0444501192820521,0.6321205864610602,0.3402162205516309,-0.1177198537336827,-0.6250491484339668,-0.1152001520128803,0.4024333033427119,0.29252657187162,0.07661858116532773,0.20560661408441416,-0.5703219450710187,0.03646207042706237,0.33639171844184845,-0.09059866508077793,-0.7885658426663626,-0.042249880693198,0.4702038597415705,-0.09946231773078504,1.153061302153482,0.04023139509967954,-0.12665677408683132,0.6034791674279806,0.5544121871675478,-0.10775136927207857,-0.5940105620808963,-0.9500579204454173,-1.1322343161946122,-0.9595090578812839,-0.49503993414937747
0.031232866609761774,-0.1703700744885138,-0.572567520897261,-0.37853193150712805,-0.10505428479064056,-0.04559224547129895,0.5686110890276078,0.40938822714365075,0.39233518972581555,-0.3056324658047524,-0.7723566344625875,0.5959165201168949,-0.8274398358817882,0.2962013330873213,0.5626383692217949,0.13724592005697836,-0.8903065162090372,0.9370537807369252,-0.05344303442980986,-0.8218468415889326,0.6510289786943615,0.0537150165865215,0.3900966898767433,0.06373607319578528,-0.5873396024661274,-0.3552903630168246,0.5864808626705893,-0.3904406010160904,0.3212895878243053,0.29308629405826897,0.10085459904482356,-0.04938993022693121,-0.0927321181609762,-0.13073368410150601,-0.8762109715726073,-0.5847340198271946,-0.72102080816388,0.7167151406088818,0.37106608424054577,0.09907288613683018,-0.44578654086666686,-0.42579645362184465,0.6536876114710685,0.4346015351784962,0.2554758290956171,0.40870230556521847,-0.6934175745852594,0.03774577752262044,0.42200552350902576,-0.023474629091256756,-0.5085419318658866,-0.26151610998051145,0.06704365996625536,-0.4178808446087123,1.3851933429182037,0.0018300902511154335,-0.4067136232982197,0.8870116700207086,0.5549148761925115,-0.4267176785348156,-1.0476359843649679,-0.9012177271257886,-1.2878394472216423,-0.5511024851484694,-0.17072040307560726
-0.4049174683720159,-0.7246885772749416,-0.4410541468053319,-0.9002390408016488,0.1320352746275205,0.05628065944546877,0.12541669148514706,0.2750944222388582,0.8134180511852301,-0.043564055452001045,-0.38845505575369993,0.6107336508872048,-0.26715968729794354,0.3216452564220966,0.5042376341372479,-0.08952430731703459,-0.5548872577354008,1.8171582274556772,0.34478487898123855,-1.1363499559115742,0.277676144320942,0.899913585025695,-0.15191324718272917,-0.4745887419076628,-0.5309265469043631,0.03579189276772272,-0.21317024054316935,-0.7486707883927516,-0.5396969724212802,0.502663782104095,0.5152671365203163,-0.849465345808949,0.051399064366983695,-0.22149141116727955,-1.119911918560443,-0.7288661887381849,-0.6384651824082438,1.3017088319310695,-0.010876184944824834,-0.7038269302241,-0.06422683220137154,-1.8087223860690695,0.4146506674820877,0.484097179236495,0.6200639437216936,0.00550917185413672,-0.3666406123362043,-0.07974574077288045,0.48441673825661924,0.004719969506323085,-0.8868265800304082,-0.6088520175688804,-0.053741895709718004,-0.38753348318140285,1.9881705982700026,0.2562159951501917,-0.7640518232788786,1.6665962808695054,0.6524605020786631,-0.31340104640466093,-0.77586131056877,-1.1122069444635823,-1.5632743069430908,-0.39201406476259837,-0.40266564970949725
