May_5,February_2,August,April_7,April_3,May_9,April_13,May_2,November_4,November_2,April_12,March_5,December_2,July_2,April_9,October_2,May_8,September_2,October,November_6,November,June,April_6,June_2,November_3,March_7,May_3,April_4,July_8,July_7,September_3,March_6,May_6,July_5,June_3,April_10,January,April_5,February,January_5,July_4,July_6,May,March_3,January_6,May_7,December_3,March_4,March_2,April,November_5,May_4,April_11,August_2,September,December,January_4,September_4,April_2,April_8,January_3,July,July_3,March,January_2
-0.17527502695610472,0.4831857805637756,-0.469484055702695,-0.19290677584240318,-0.5105026887761053,0.056522818440219086,-0.13979758742099962,0.4187164253713884,-0.2732911177144445,-0.10939555010723001,-0.09902987190634219,0.3393167765552754,0.3039823245876313,-0.3526447000577337,0.4235674590887032,0.06633681288027032,-0.43663881213971595,-0.04745714896081319,0.09861331284613897,0.5768621269181917,-0.11852806537841826,-0.11491437969551506,-0.1845708502281885,-0.2709347277184708,-0.38483318633811214,0.187249114332917,0.05468271875697743,0.20671262743176627,0.7818234406901183,-0.6165851553426501,0.7799636920325878,-0.40122099956022594,0.7293132324458104,0.18479157408260274,-0.27971079911351987,-0.12956310915630256,-0.7335211893966193,0.9901847978997743,-1.001858340487812,0.07996289826038666,-0.6103232632328173,-0.4437676930828748,-0.5379322171469082,-0.1636551442121711,0.0742656418835816,0.3332504165128841,-0.4948433753518864,-0.8106740851091145,-0.2328217190305652,0.10876362847172358,-0.8401199895545765,-0.1464784978124657,-0.6718889102696728,-0.7352207363001625,0.9193452880964242,-0.1617468821747338,0.6044085127760789,-0.012602781975984585,0.08545918761604586,-0.9107727376111311,0.4806494675474018,-0.5998030268191388,-0.08447643831197127,-0.9071541926735976,1.0243500756051187
-0.7670875956198183,0.11614467836198639,-0.469484055702695,-0.15595029547232075,-0.23930702269175194,0.6507869575250087,-0.34326232807557683,0.4106790543856163,-0.2732911177144445,-0.10939555010723001,0.111644029592979,0.2044418247589237,0.3039823245876313,-0.3526447000577337,0.4117857868071225,0.06633681288027032,-0.4056112676369114,-0.04745714896081319,0.09861331284613897,0.5768621269181917,-0.11852806537841826,-0.11491437969551506,-0.2492538281800342,-0.2709347277184708,-0.38483318633811214,-0.14391193228096893,-0.14373036233786068,-0.5117530717386847,0.7818234406901183,-0.6165851553426501,0.7799636920325878,0.33145148823000287,0.8021472703955748,0.18479157408260274,-0.27971079911351987,-0.5112218133304602,-0.186654714090445,1.2165880929055943,0.21237476092012567,-0.12940712889698808,-0.6103232632328173,-0.4437676930828748,0.14387474700970448,0.30343016310301335,0.06880403411589125,0.16530918309843431,-0.4948433753518864,-0.044679012647524816,-0.8316194499388675,0.5955696050526268,-0.8401199895545765,-0.11504296975722376,-0.2796136371417915,-0.7352207363001625,0.9193452880964242,-0.1617468821747338,0.035629106640291675,-0.012602781975984585,0.22948981943207347,-0.6141877397962057,0.23004265761321097,-0.5998030268191388,-0.08447643831197127,-0.4435768389366979,0.7375225095910537
-0.22522283936669446,0.4719964235907753,-0.7206829721847703,-0.2710616247163805,-0.4902692898269544,-0.1178359003733486,-0.17624532465108242,-0.18058306991837278,0.15535718609082524,-0.31194005438113387,0.053781901395868,0.27476055881321737,0.06845455030044548,-0.48744241464727983,0.45592490603444824,-0.7018218999003928,0.14621436508451857,0.08578819434274426,-0.09838628668946163,0.6566677386143819,-0.4194535689394197,-0.46025808985934297,-0.3179359630464083,-0.6945182141641555,-0.647345425038437,0.07162387235958195,-0.13009229590090382,-0.25492697918028395,1.1997483229533834,-0.4005043850187367,0.28078609275072447,0.1527748026934991,1.6545489733368255,-0.060795740965579534,-0.05323845989873277,-0.29145320547028464,-0.2858558546956915,0.9134838603333,-0.4990561789223751,-0.0750909607784969,-0.7684689209545279,-0.019212108905952808,0.0625575075296605,-0.16758820894297036,0.3309121827142605,0.25072981894936996,-0.37717220505567767,0.11089170384647848,-0.32540471550259975,0.308116029795803,-0.23285203829573206,-0.2717827086309954,-0.2992340360351138,-0.5577137942432718,0.9436739123239036,-0.1439416384487105,0.18629390527696144,-0.4002639345895675,0.1186328046289084,-0.5194069604531253,0.6254983027530842,-0.506850289717925,-0.037637846505891984,-0.9856555406580858,0.7076072689676508
-0.32177983603859456,0.42050098396961555,-0.2702989025817338,0.42443699883282304,-0.42906199674509843,0.5735029457913147,-0.3503893892199322,0.46337142418468913,0.169538707357848,-0.18600193234751328,0.645205136097507,0.6925236807429845,0.03042113208458205,-0.5255022297947826,0.3676070192247203,-0.6788708654594486,-0.23654147576136694,0.3728475762575367,-0.4263834219837062,0.6395286924336486,-0.34706847707278193,-0.11396403804935006,-0.01929187731472702,-0.7167530242077668,-0.31054778840709873,-0.24792057311977211,-0.24040302156851157,-0.5847396894902886,1.2315466745868482,-0.5901153577292284,0.12462671522844604,0.6123212658989485,0.6455964276102115,-0.09052473363205155,0.21691646673838727,-0.5948882224407531,-0.5030964839017189,1.2895581136154504,-0.007917752578337753,0.00754748739038022,-0.643359618650249,-0.23295923643671881,0.10507264705838411,0.3516445104653326,0.07753529637870808,0.5214304492846543,-0.4748611769577683,-0.08577850914266069,-0.5240138810189231,0.2454586615137567,-0.34621263008690994,-0.13470792124742223,-0.29131393936377903,-0.9747814431563285,1.1400039850370132,0.15737885696504497,0.2486678404319202,0.11043784886175831,0.4209072870474992,-0.39441129804428005,0.10206497833234214,-0.3222035779318099,-0.33554593614751177,-0.320711974770157,0.5549188492301057
-0.41973918143544064,0.15894410493556216,-0.7941879445945458,-0.11567392691822932,-0.32799414269884547,-0.20122127871900425,-0.45775463383211795,0.2929132703576163,-0.21060010790167977,-0.3465465602775482,-0.15328255297966975,0.518571423735168,0.11604363868177436,-0.5960758747955034,0.4081891270263094,-0.7999999675638988,-0.3122049403618413,0.2648241492128472,-0.193307502356352,0.7695975996993825,-0.11556226930311639,-0.3447997496914906,-0.03175801043226026,-0.8683609215499953,-0.2988077825229479,-0.14989704454530267,0.24002999187610413,-0.31996343416968004,0.8553898574863225,-0.5037460794813979,0.43773898007480466,-0.10602696351874619,1.2812860862987452,0.2585276528587758,0.43336693414645255,-0.3062433691062571,-0.09090331622488057,0.27940354162850745,-0.8200508009911727,-0.1884034831200728,-1.0726062196288872,-0.41697505576253674,0.5196447667011953,-0.07227301177667689,-0.13163806423333776,0.4473884859757753,-0.5462371212855461,-0.43358070717816366,-0.18031986127675595,-0.3092948027267318,-0.5268036771421599,-0.30651038854287777,-0.40232569949112096,-0.31483376404821223,0.7067979460146353,-0.08223558745189408,-0.16298127050981234,0.14427732802981996,-0.04949264791897694,-0.03185234106504227,0.049448573982974545,-0.522520780878206,-0.23443214953995964,-0.5453581452712125,0.6469706469037517
-0.5258455171280828,0.5224598008267154,-0.8100972806098286,0.022826459730871242,-0.7114807929297577,0.8682952567515277,-0.22178790035162116,-0.213229386909916,-0.10133560748284733,-0.2572438935959318,-0.12960603207745497,0.47270914936361796,0.08131742702439548,-1.0213022235531515,0.259238925648532,-0.6194468060420489,0.16040989301130096,0.3744232424772574,-0.20464044318019056,0.5028139889507026,-0.33184405639806497,0.13033277520728825,0.15396749350010683,-0.2566658693927655,-0.5486188926962701,0.14847222529599038,0.08349514289801913,-0.11644381611593385,0.3701093950196117,-0.4227462433719711,0.21929524979413015,0.16780708223128726,1.0565600059319404,0.2941433694304269,0.6777592429361731,-0.2549384982243419,-0.1650872480360585,0.6971933566512843,-0.7775228057975919,-0.08612745113640069,-0.42045360972006757,-0.417625327138774,0.0486458262837661,0.1507349584162569,0.029573238792489798,0.11529800094355457,-0.5675012737009784,0.131193387557204,-0.4494885555272893,0.5108506629281958,-0.36582789560572065,-0.38943591206370937,-0.18760488786969196,-0.036195532876381484,0.57454691777466,0.15681551467891228,0.5097150642562366,0.0541225233669501,-0.19540604999180095,0.07423410565562122,0.21305449860925388,-0.5921745291436477,-0.37552573493886954,-0.2120495605189928,0.830451411478645
-0.04381017492521275,0.014395286998427112,-0.17783275666450893,0.09092196342391945,-0.02315151337581961,0.18459745982420608,0.1466270490361237,0.28243198104429307,0.04046279599979248,-0.4261765198866601,0.09244868512030915,-0.10022120593540784,0.2903065058416809,0.02136811094980029,0.1274438161905914,-0.2665213043122143,-0.08000736044614608,0.1819499449997789,-0.05608192697859424,0.505898300752595,0.07306519195167094,-0.289178572840502,-0.3910875386421786,-0.7446055989597239,0.07644300908731073,0.28708010165228903,0.20108406590532887,-0.5855878347848,0.5802225843185707,-0.28646063930748494,0.5409385052187825,-0.04520289822459208,0.9142800708330365,-0.012690325360106343,-0.20463933002270707,-0.3508058391011923,-0.5392487599835512,0.875696741864322,-0.3616168934149702,0.12968705040616132,-0.3555433926431065,-0.3509549283314168,-0.1858632147714803,0.17378336770038408,-0.44891157083202526,0.38862643225175775,-0.21797587050066392,-0.6808974546717457,-0.529125920439657,0.10390330286360043,-0.7659380711369506,-0.41484760639824286,-0.17544614920424573,-0.29205085810160414,0.5791378163973279,-0.4946945544266168,0.305775161271461,0.23787437402210207,0.34438021977803057,-0.0936503776876467,0.25670655525745883,-0.5633536689721245,-0.3450798401415769,-0.25908560231931693,0.7813528573325361
-0.3911649695287077,0.1718138544107065,-1.0102838324834515,-0.17724374953523186,-0.5889952286629052,0.14534105976232797,0.11182301274051115,0.8449751968524831,-0.19312631610022105,-0.6075924902628383,-0.355388082321402,0.42018027181441536,0.41014915512329,0.3513544673759324,0.2753636108902295,-0.2934617308550276,-0.4186590446122468,0.5369007283691869,0.027376440325880075,0.4037496687018262,-0.008137771525477674,-0.15816459132946964,-0.07412037468581961,-0.718018538776084,0.15240611112802746,0.22673642333892727,0.15020537595647307,-0.39353733978905037,-0.2629518990400921,0.1571087673115542,-0.11493531511633545,0.06598548168434848,0.9185989593068691,0.4535978798646706,0.5631709817553104,-0.05614541902267178,-0.5122806051543775,0.5593515291744476,0.008990211425126841,0.044975799924798464,-0.2615527300196007,0.041101771338322136,0.0435874933307341,0.027472339431823607,-0.10220784606061205,0.1859197141850072,-0.6835973793917186,0.07933554156845249,-0.06869998275282893,0.3853102829661507,-0.37959824008880416,-0.4664222600405423,-0.5214801968851894,-0.33732464932146405,0.949264019657861,0.10573605655936341,0.21993821826703366,-0.4311666513414009,0.010623631650499243,0.03075545267588564,0.39063434828600635,-0.2280928676802984,-0.5769472177101596,-0.17977777056516916,0.8057240337335083
-0.26122721454384645,0.44570786030432863,-0.4265082670614177,-0.057897223863328504,-0.47988400575494716,0.3332501907035451,0.07777031506240947,0.49576251201756394,0.32117120471618954,-0.23515750899820873,-0.013598348153795993,0.2851476082345222,0.22245696015984517,-0.3049342476003536,0.5900729564627454,-0.3430755320888997,0.0983769946441666,0.2724335567392068,0.30313882174011,0.5765964770000086,-0.0967382927522441,-0.21181895789230576,-0.37195382850362696,-0.9875191778181848,-0.007882295936773573,-0.30322242445826636,0.14938566282937538,-0.1728656032362661,0.16724788884120773,-0.6049226694663927,-0.07365432653705119,0.16675410767840892,0.9772271758694139,-0.13079299353963605,0.019760926064347276,-0.31155698784944824,-0.4535004382117852,0.8882236421632639,-0.526624239092692,-0.025454875722388248,-0.4298958173716675,-0.02236542797508974,-0.07613896298877462,0.1568557122759387,0.08567633292685184,0.4125988218183185,-0.9716957195410708,0.05472736701421542,0.5388239338325284,0.41665631868821495,-0.4776779474207569,-0.1949217982579132,-0.5309474207198831,-0.2697182923955682,1.1695662759429262,-0.1748632878494633,0.22115349619872077,0.020960262545136013,0.44344047778741924,-0.6466558878018343,0.262401598453021,-0.7144551579329121,-0.3336953488654619,-0.16262708029853207,0.4405868205693918
-0.571863008699174,0.26180441864793963,-0.5890035697861729,0.37709555936045386,-0.37440974724102716,0.44670903591240485,-0.1545378290571101,0.4068236719283359,0.11234900151061873,-0.34757143861550877,-0.37283276584450886,0.38508863409931,0.15492842346501703,-0.550967863650885,0.052097498354531334,-0.11481993802993894,-0.43677011031846774,0.3193058466555511,-0.21078525375553037,0.42244584259181045,0.030241489992116566,-0.33626382396607063,-0.07972787583784405,-0.49407822478971575,-0.2656952507688788,-0.0898630173456473,-0.11848757227164522,-0.39156893118790015,0.9585822682248547,-0.6045123117124109,0.044757446040413665,0.34415420122042284,0.6472842097841178,0.04120129286607883,-0.22531161871486846,-0.03399597680172135,-0.35094542119398225,0.46110257300267926,0.05237393529540682,0.2232641927760407,-0.7235810644011824,-0.36526819309816816,0.3066093133036966,0.1404553040765522,-0.18226890144281127,0.7643150497164967,-0.478129951876414,0.04120420003170899,-0.15581521252534755,-0.013073992972058017,-0.2228289731729874,-0.31151654867948064,-0.0014761235562360947,-0.5783214108114562,0.7076497716491301,0.0678062413302451,0.2996347124399105,-0.09721147275148978,-0.21212274260885858,-0.06633774746640371,0.34233068534076866,-0.738149158579854,-0.669065234102118,-0.041108679890781374,0.8735169721136367
-0.5050853193844994,0.4651987108853225,-0.5081376531035428,0.33432591896127944,-0.4342947243378947,0.23100972403647443,-0.19576343147074177,0.4207294561216186,-0.41646306206837175,-0.2698902313447652,-0.3199126563470482,0.367673062042737,0.02046163892779869,0.010175226962666449,0.43820185963109953,-0.040135664126005915,0.11561449649495167,0.3904414554039143,0.22231462279044323,0.3146711945886773,-0.245636732632162,-0.7787101034986872,-0.2293868848768264,-0.652846620298481,0.01776803458045536,-0.29673089113394696,0.05441624697214145,-0.3949578429570631,0.44170772486787274,-0.14408997361756593,0.13962525185384225,-0.3397490639505265,1.4262494482714194,-0.03841034543406094,0.16839643675962238,-0.14713464597980555,-0.431783298293011,0.7939079459378078,-0.5225887719559899,-0.18832055349722007,-0.49345548413582935,-0.08477671618353404,0.24278277787760338,-0.033747252100469964,0.0077602696796151924,0.5567154177582676,-0.44892667710042783,0.15575950640983044,0.09116466881201835,0.10385970657639493,-0.10419458609645761,-0.09918730122490077,-0.09749187297565051,-0.6395571190822557,0.9489579924709654,-0.07886213063256384,-0.4162186393492854,-0.11261555773192289,0.17268590165987419,0.13329759857446863,0.19502721961914407,-0.47591357758738484,-0.44120647229516896,-0.4420825562644169,0.7029790644047441
-0.5942579605760526,0.2445808483182992,-0.15769450701950852,0.4848929744487639,-0.4632340001357642,0.3820197023730863,-0.16165979714371234,0.36279905367126636,0.05700949872163323,-0.024794868165012536,-0.024203798516538512,0.16881343713674257,0.22121784257424276,-0.5804428579130236,0.5947761873246521,-0.3042569143346567,-0.27237594342876514,0.24038824109612378,0.061773186981642886,0.8329401206738385,-0.028663887870221325,-0.013081430303623201,-0.12469403563087791,-0.7029663302809135,-0.07811349503838844,0.0706689916031896,-0.10880441712731453,-0.06367854972004869,0.5434093045790206,-0.6235627771724539,0.1958542004221937,-0.31626868260309626,0.6137347746183334,-0.3369558007852464,0.43107966660683644,-0.2561282469673033,-0.32992284225489826,1.136987062773426,-0.29809459066913685,0.3663091117876272,-0.21522495878333467,-0.5750271126177313,-0.08558593855260363,0.11065362809213342,0.32526151784695695,-0.14571470178248255,-0.2729278981018794,-0.4716836333347519,-0.39464827148418263,-0.4325920712848574,-0.24656319908257196,-0.11879246113288933,-0.4068817697572153,-0.6070158054478813,1.3260863902118774,-0.1769659963393691,-0.23551139675971125,-0.06205022947393255,0.585029403241414,-0.33970245298643487,0.18991115870101372,-0.44579894358065786,-0.1737832816198178,-0.8648776189064056,0.6224466990256502
-0.5504913871651126,0.09649963684717444,-0.057424103487259896,0.5510703226455644,-0.3236027733408897,0.4204398953526274,-0.05127341932588303,0.11330817918536432,0.33910771235652615,-0.14939587940143242,-0.11914370284507542,0.274891213974378,-0.04846296184625133,-0.8948275855024285,0.4483127681908698,-0.5475951134444014,-0.10793830267580268,0.08874987284576191,-0.14845670139091707,0.6506428280936548,-0.09481748727567287,-0.7567375930705343,-0.2763066283920854,-0.4341184381096926,-0.12518859674811667,-0.2130386856505641,-0.008360471720985719,-0.01129580312481547,0.859436600521619,-0.08929801274170021,0.329320232951886,-0.1199597458808786,0.852589304326813,0.2570012982643403,-0.3141034432574297,-0.10144725449027352,-0.25944876200387995,1.0270546070829716,-1.1793938050589294,-0.043976605649455484,-0.29981163750908046,-0.2775870889900982,-0.2831830700564494,0.5586761152429772,0.1528047419375403,0.43315270907570236,-0.10756048218989617,-0.49666564720746337,-0.1313156835745218,-0.0699113208919864,-0.3132291707907445,-0.2523810116056613,-0.24114253234304234,-0.5036192377693499,1.2245666169282843,-0.017299499446556177,0.5774126933481232,0.03298711062007924,0.4234656919286255,-0.2802284412395868,-0.02598859961877381,-0.5126419717141192,-0.4181854159314761,-0.9607672593417106,0.39276863143796853
-0.40435641634283004,0.3338063720800786,-0.7437657228793846,0.5725073694495704,-0.2746962090328957,0.08098722277453008,-0.08464706594639437,-0.0354347266648815,0.11666441451448219,-0.11968250999410476,-0.15165516775872084,0.1883801304800569,0.19900016634574075,-0.49465919973356304,0.11323999438732396,-0.8087998720381894,0.11852728625177322,0.3897318833441836,-0.0020659399078717805,0.43313980670113333,-0.09523044852667796,-0.8224832475327758,0.022733484968084847,-0.7308357646383349,-0.13682441753874253,-0.2596365393728616,0.3191343551067403,-0.7701431174516291,0.8630636131560625,-0.49378085233630364,0.051219349359433376,-0.17875251153977384,1.3566138639183687,-0.2680932694684566,0.20769765514296715,-0.31583467054391856,0.24272214052541116,1.0747725774023023,-0.9641238854606113,0.3272920344447972,-0.6445272525416608,-0.2320610413944811,-0.36930228980310004,0.22804171590057778,0.08473132078196853,0.45632305874769824,-0.17015824436735463,0.055585697471993954,-0.09416449916213288,0.11003975630937377,-0.49622264181565406,-0.28044010683908027,-0.1377623566476556,-0.5726055816214491,1.1971568148944725,-0.02522293654029442,0.40995258453019934,0.13545172005279638,0.4841029387394401,0.4568617371196793,0.28395114773646535,-0.5602539873334219,-0.5245479504344737,-0.7450094902779226,0.5630060001243077
-0.6088840638323655,0.35246072821167174,-0.8453069362579567,0.27477446299174774,-0.588556377350616,0.6674291203829928,-0.15028701482740164,0.21152251336933925,-0.4513960795335494,-0.3299210014724044,-0.3685709448680109,0.30518090863480307,0.3209667174910291,0.2675679668191594,0.49531897317411266,-0.3783246019608535,-0.3198264728571654,0.39194938997395556,0.4036028578977712,0.2570315466935105,-0.11134319658801067,0.07633393058013634,0.022118517120375825,-0.7240494207522469,0.044665187982907494,-0.26653610434214176,-0.05631990607349023,-0.37100664193151656,0.3269216499591404,-0.40911284053009334,-0.3215913237664333,0.3777291702817122,0.7555319688134705,-0.5044837201744943,0.8130050945522983,-0.26018649430730656,-0.22083974244113033,0.6608643945011025,0.18684215213270863,0.3980399787826294,-0.5199336108472005,0.04327964030647406,0.11740783806339578,0.26896912881636825,0.3335376098891944,0.42264255116872074,-0.5566154100537668,0.49014839594016313,-0.2376687143168178,0.09477747950007852,-0.25476119721076973,-0.435502040410691,-0.10322672597411936,-0.23358186648313528,1.0188761051940185,-0.18376976743976703,-0.23927556485733073,-0.09802610681818119,0.07664856785625411,-0.09701169151170341,0.7200947077369535,-0.8473814353581846,-0.4310901200787367,-0.46605449351042894,0.7314474058071825
-0.5750920636242731,0.1968636656021563,0.02284016226189091,0.06854932438466035,-0.26209406550390946,0.17376174847685166,-0.31907274494549875,0.2750843299505307,0.25102447524517757,0.208119935004565,0.1834560125085896,0.3098898127207865,0.08596267947631638,-0.31008551130400075,0.06579586011490178,-0.9583678172531535,0.13062625600332362,0.07338290921141508,-0.8243280866043722,0.6914346779775384,0.030307202314952583,-0.6552882224641546,-0.577252425117868,-0.9905512296561185,0.3634081400029545,-0.1888089583342066,0.1753093985874135,-0.27929382048663454,0.8002119849121206,-0.525961566803697,0.08954287684992648,0.01734636918179193,0.9009665097559354,0.05391538662045405,-0.2576586036150658,-0.5664243241699006,-0.07692800590060483,1.4065520280974644,-1.0611868653056296,0.28607951868636,-0.7112993008900333,-0.32214804492179944,-0.5730002616137052,0.22955693833090335,0.030488642964911,0.14704813595180916,0.0007242000373408816,-0.4554935697148631,-0.6596829879852014,0.17856762883785082,-0.567625867643471,0.11946140353922191,0.18203093196291398,-0.3379630453081811,1.4043634225317598,-0.8077961102182186,0.062489135991249986,0.5607756573496873,0.3167647981402853,-0.26664153535246604,0.21416727785812611,-0.2815188364285422,-0.3963894764415448,-0.9535781340591148,0.7372910185904686
-0.17072032862123218,0.4834263785639434,-0.6684117193214509,0.007659467152185073,-0.3403228932701791,0.43582752411313197,-0.06711512694476404,-0.18733157537646478,-0.07927293725016257,-0.2464866852456219,0.040100185162933476,0.2626717838167314,-0.11388947480885915,-0.08652525918915162,0.12289357078696289,-0.7029487353693306,-0.4802165359890063,0.11797606027207068,-0.2242311330472198,0.6068335870826773,0.050175230579465144,-0.23669332999449538,-0.25089889195960036,-1.0139276214247448,0.49309915496738727,-0.19574199991944563,0.15433979144433238,-0.583803145529574,0.6162676161924603,-0.4758884489115844,0.2900605655412905,0.34416299384595556,0.8846079253674716,-0.06717160976774916,0.44147191757541093,-0.16047376495254304,0.3505432836457472,0.8326112650169165,-0.7164109628888001,0.057980419772457756,-0.501763694081606,0.04163043970848395,0.02807821618585837,0.23642274760898419,0.3141174524150157,0.6903342211319541,-0.25088462901179764,0.39488297478793555,-0.2876114286152233,-0.47944138134028647,-0.7016069399935971,-0.3145967325449398,-0.11025851338961237,-0.05195799844992199,0.7382324229013469,0.33886983464478293,-0.5421621022131512,-0.005970228504803603,0.3573057529064142,0.38771001197115035,0.47474805760564964,-0.7171288498061711,-0.1974925458723113,-0.8778702212119031,0.4448225679806023
-0.19876319328821118,0.24717916394401346,-0.7976159025685032,0.4884917171575778,-0.5681893234532541,0.1721186950512988,-0.5464619113048536,0.12899389511679674,0.08444377397286834,-0.004904552301320433,-0.2987772654405822,0.31977723868064767,-0.02896467931304003,0.12181295770236392,0.17947450746580815,-1.1144631635266604,-0.18391042787837136,0.31594764962153954,-0.8084234954693192,0.41688344717822085,-0.08833095121515928,-0.9942948374397069,0.03282634966665487,-0.6590852209062009,0.10553109271461308,-0.3038165424056517,0.25408830874671645,-0.6292509837464808,0.5867076578994096,-0.4762202510287605,-0.2737519650328641,-0.6556182423526968,0.9776436450744854,-0.28463384373297623,0.2382996523555419,-0.46606141144375446,-0.1264899701942906,0.9905865185198401,-0.39060071122026924,0.4000397502094966,-0.4897504248622221,-0.1143902577022541,-0.06992191041214839,0.2634326796955258,-0.1296555380137048,0.5842030995988834,-0.3056014408753339,-0.3901622294159531,0.17442822789064136,0.004489376785538023,-0.16822720606144434,-0.3732151217255455,-0.05352093164086302,-0.5447749114524529,1.033605828908562,-0.555513083739162,0.16156516505352422,0.13056610746368955,0.12965703148725372,0.20301451577382634,0.03473259725882353,-0.8830711776653094,-0.39067987887909217,-0.48047123624124183,0.5689330482864685
-0.4115393911285693,0.3581398384050279,-1.0590924161674473,0.21583157828972852,-0.6576839856749525,0.497148415379654,-0.06737428018883451,0.1839054112246395,-0.12775521899488945,-0.2259787441904469,-0.15577692010188593,0.11430759722479775,0.0604653331620633,0.24493102240490502,0.23285756384523512,-0.07350693433321112,-0.32890768909145945,0.39739525200081144,0.1754805374486926,0.35065404159575425,-0.21358914342365082,-0.21234360444946979,0.24523719832935537,-0.956442579304567,-0.15569034901281636,-0.12116151889104096,0.024037926664820165,-0.43864464081665044,0.18971528736760604,-0.3720602841619861,-0.41699542164539305,0.8073163162534652,0.7998813058296437,-0.04247539375034008,0.40054728150996544,-0.36155792344264526,-0.04923318428326964,0.7090886832378843,-0.3811890118063927,0.11760810803534229,-0.6977968774125375,0.12662523609487264,-0.2988914730670541,0.6691980959925358,0.028611127181591943,0.23050419875281836,0.03254483508995924,0.22732585820924595,-0.18780297871319762,-0.02863382506923631,-0.6320486280373654,-0.44852938409806414,0.025047933766919467,-0.23643742231856493,0.3022954754901712,-0.07449288859135203,0.47613180160112345,0.044630472152207286,0.2104867355658703,0.6278284870207976,0.22422956544657413,-0.3279329456983957,-0.3873197675303387,-0.48227256450764855,0.903573833960226
-0.9776044563023436,0.4310195030835419,-0.43760769366562874,0.18926185472147608,-0.516544381162438,0.35085870456078105,0.03308495302290811,0.3682705550785696,-0.017858514390339066,-0.3408926158950052,-0.4646865683825613,0.6206832468680915,0.35491515524656114,-0.35232900022085156,0.8980088002404594,0.012767335759367025,-0.15066791230360307,0.16504075660952122,0.07573975730423423,0.005810395927474912,-0.3035868641995448,-0.5109945668006138,0.056948488228553515,-0.7750513654613306,-0.14803168467875372,0.28085917427275403,0.31919057244510746,0.030603828054881946,0.2186997469497589,-0.4444690162184644,-0.02081548414446055,0.36308471685009025,1.2721272226096754,0.06310627928637147,0.10969998375814269,-0.22740798247544136,-0.5221023015688075,0.8332896769673495,-0.33508738766615126,0.12544815230612705,-0.7299119156613,-0.461860465110161,-0.1220270338175112,0.008765455678925511,0.36993487988858514,0.25155093562068376,-0.7270977425996968,-0.17070691414631983,-0.08431474893820476,-0.2231907362731157,-0.1441855264697669,-0.2818110950475495,-0.2607808329161327,-0.2051187094220177,1.260939764501545,-0.5699283897858067,0.5249298372154987,0.10240852650995112,0.13057440478038243,0.024304936745206188,0.17723388070947965,-0.3612609556625014,0.04886535008655848,-0.5911149436008235,0.8645217923642107
-0.36897097705384496,0.368795045130767,-0.6580907855816909,0.424503858604955,-0.5429612316583774,0.25310859050829176,0.03521779492641557,0.22265898095295333,0.06104242600443337,-0.18207525224299592,-0.09221832364401536,0.13608935634588656,0.14404318282564718,-0.16717979089934332,0.49082899644635736,-0.021740353457483635,-0.1655545489449838,0.2835529614706343,0.41374499677604926,0.3861253126372389,-0.24362008012496872,-0.5157830804351251,0.08574838768511758,-0.8674886854996093,0.25622034179569814,-0.2052827129773323,0.08292410226014982,-0.4855796159310717,1.0285201672228612,-0.9617611586166055,0.19029868958290583,0.30353707053223966,1.4386050603882001,-0.3840488598063569,0.7875301792356136,-0.11866962185633229,-0.26377951548226347,1.004479610435265,-0.49449800306714375,0.10853129936983638,-0.9998570665912899,-0.08753090863907571,-0.39407557349655753,0.32520247606941344,0.06823575261968423,0.044478500816213115,-0.11030957983830636,-0.38200111080616794,-0.06356291420481332,-0.48293480983061515,-0.6622677009358204,-0.13249824520500636,-0.26022338106072407,-0.9185416208396173,1.073410879361603,-0.6570487343279372,0.12173203346406564,0.21442148090057397,0.8566052203919999,0.033328815705957464,-0.4586459586867452,-1.1044490810037288,-0.34102176622588176,-0.5338492152941626,0.814381413098635
-0.5980147736414952,0.2738202487995951,-0.8665759771321467,0.0884310767283244,-0.3852558064197154,0.5192358019289385,0.34428481078710127,0.40950226752991403,-0.3456528245783797,-0.37140053290506264,0.09266081881749663,0.3364177241814411,0.2822443653803691,-0.1754670746761505,0.776067961974861,-0.064299496296597,-0.22046269780971584,0.3640506143353382,0.039574194033923475,0.11006960872738825,-0.015581414357221691,-0.7217554774505458,-0.3057426687820082,-0.43060922298220317,-0.16494568762501996,-0.10519849034473627,0.09215552260331301,-0.548071884386282,0.5429272238756747,-0.8738008678052732,0.07189376466418897,0.24223767124192896,0.8475776729303639,-0.006196666806860226,0.24405194573747704,-0.2644706727989097,-0.3102316672928929,0.9993876399473367,0.25674788182028824,0.12776348525179337,-0.7532733494652522,-0.2025880391863497,-0.4855661528776459,0.15551698890970078,0.4848101836318841,0.5918625526920648,-0.0665199074689631,-0.4168506814806322,-0.04796094402500664,-0.5095832674019845,-0.5503599588865168,-0.5187854845061184,-0.25457306873952673,-0.23433224257045998,1.3247479265311466,-0.4523470357662258,0.12737788076829137,-0.2463163991009819,0.5234699976801641,-0.4057609195173975,0.16558259356505556,-0.781788573328025,-0.4937044115490071,-1.0156768852273204,0.7833740006288
-0.07018389118073808,0.6071893614571235,-0.89959752454673,-0.1706364384498879,-0.9481259803080115,0.41822690019581366,0.19685773248452565,0.4366589804309117,-0.09586922970355707,-0.03249405124348709,-0.4089516547614337,0.36689949780223224,-0.17847639458263556,-1.3907922401096755,0.63594180059196,-0.18535221212467962,-0.43317561897658435,0.38704472168860043,0.18593857872289155,0.4321992766155638,0.1076726349420533,-0.8224549150974658,-0.04323546304463448,-0.17387599524004188,0.00599341143039521,0.0809622225167247,-0.1121011055327239,-0.0229495956612975,0.991352567143071,-0.8446149844675084,-0.13239692255602847,0.41450589954148975,0.957430650403452,-0.014895000091952063,-0.4863140506230437,-0.13981843411730563,0.07091422320628327,1.4179230600624122,-0.613831876249975,-0.10812614737777965,-1.062310909358321,-0.12819455580265696,-0.6095691946107558,0.15808475240607933,0.33905249708639285,0.3835819832251811,-0.10352373374148657,-0.47955408149876805,-0.6369507762091224,0.647401963366779,-0.2459715518707697,-0.26022374355506395,-0.57102261642734,0.02303151440399783,1.6706340766194132,-0.49678340307848445,-0.08798464836111322,-0.06577058360219605,0.086478286935727,-0.6261945791977277,-0.030369349322949137,-1.0277714056493363,-0.26206006975784185,-0.8224841393624976,0.8205359264055134
-0.7168883013694363,0.4250079983421249,-0.6949441774579459,0.16075033244513195,-0.28664809927611845,0.7223961537411132,-0.25376498603468384,0.3762824237013797,0.030338865564361966,-0.3812315560947213,-0.05622625207094328,0.5970207001325382,-0.05424281275650586,-0.09828428051061794,0.5359678315463584,-0.7137906886410514,-0.11591670951297706,0.03333149111648831,-0.4206310220527908,0.5438513474009309,-0.19486429602474947,-0.7426830252064204,-0.24524899450156665,-0.7195468147199486,0.12429849855266803,0.016885371438273608,-0.044114163183514916,-0.4044304714526402,1.0794305850163737,-0.9350699705921574,0.3727697576410999,0.23739805157215524,0.6062023996272382,0.5685155889725827,-0.23103471274443407,-0.20655085244404894,-0.44245466615635476,1.0616456959836353,-0.8257793458534163,-0.13558848245758418,-0.909701142744908,-0.2057148583867362,0.00794189459578052,0.31667996703554785,-0.20968756650654677,0.43413734996835485,-0.43431166304367463,-0.7975365559885672,-0.05425756082690987,-0.19555877844831107,-0.43919302602916227,-0.18311379629844593,-0.6064065335305373,-0.5409617938787254,1.428205693387282,-0.023095181898656884,0.6207170234581056,0.3517542205715451,0.4400865893723477,-0.36857900780863745,-0.41617116173742463,-0.7717601415479759,-0.44844411441063237,-0.7664027012811955,0.7841056036367446
-0.5673398337283491,0.5184744134632475,-0.7826145669567188,-0.10344318481094643,-0.7445305767504724,0.2430543074987897,0.07612756552612587,0.599520463822356,-0.03988793717025155,-0.45347272859107274,-0.14116735105346195,0.1567061659476175,0.17293406547140572,0.3897005497440472,0.1487860379206252,-0.7604674521766563,-0.2324403600581307,0.40843079777898367,-0.35770069264960624,0.6440734467596975,-0.10574248140704418,-0.1751358224674303,0.07863957393500351,-1.117680781167017,0.13989309260480817,0.33694606785027476,-0.03072646223213684,-0.19917696412794578,0.8574988427063069,-0.433949762149273,0.009187446305099708,0.40849304886734444,0.8486297419424885,0.035121019839594494,0.5678090442669462,-0.32861128086314245,-0.08973742630528453,0.6335251562470094,-0.5029359235439698,-0.1239152036370437,-0.9088104693074108,0.011766660495417903,-0.001465974379546417,0.37202904079754023,0.36790400622940767,0.07821927557484298,-0.26223392210436625,-0.007672636869364881,-0.6383695054374587,-0.9710813193668453,-0.250494173773839,-0.31562293967874977,0.08590818469498053,-0.1884308203753194,1.573461905980276,0.0884822880353601,-0.40262978150688655,0.013031046794648646,0.2845899953465948,0.2061935351963027,-0.21864569529436315,-0.8344048057459319,-0.624130461377875,-0.816874765253548,0.6881749139904025
-0.5652526496962973,0.37843388864774974,-0.515197044337277,0.46757329305416856,-0.5648268442922937,0.38059245334326397,0.03768133964391533,0.3422559798991487,0.3746055671231554,-0.22810629226554,-0.3215849876523321,0.2892152671036376,0.3721052223706164,-0.36114574328883775,0.6784426438007904,-0.6841988354126489,-0.45801780962665556,0.33284655576891764,0.02844077957872375,0.6262813786179494,-0.05414637200533511,-0.5197169796173274,0.21234354659486554,-0.6891769894450468,0.09150139240634972,-0.3919395696112938,-0.12647871084546253,-0.5029873375493777,0.844080487970968,-0.2500570222562535,0.21517809134033697,0.07531380655098871,0.6935300198888971,-0.05481039490202495,-0.01981534995475112,-0.4034960445436118,-0.6523315647956515,1.1863539160598355,-0.48287129046016275,-0.05871356392327225,-0.6227213909918664,-0.4334019051664218,-0.4245524228254395,0.325161299428029,0.02495172558290592,-0.01109325867156485,-0.26399176855736645,-0.36945092618411396,-0.6571565857257716,-0.4096972630753773,-0.411540557562047,-0.3194874154180766,-0.4672621404824402,-0.48767159483555683,0.8848897364106784,-0.5808447605267762,0.14318697023534827,0.05874961700622339,0.5081212372428157,-0.40798602585723137,-0.1888223162339665,-0.6844576061031139,-0.20492475341392308,-0.8376511479957661,0.7186256511871122
-0.9121152824680472,0.2831148577761599,-0.22381410585862643,0.2095465884275829,-0.5398793716632613,0.5873984089775309,-0.2337027796663592,0.2401446126241113,-0.4334629224822911,-0.12647555876618483,-0.20069041165911955,0.13191664110571572,0.30816581227643286,-1.333457647670582,0.37574793374126153,0.1133431267950766,-0.09142463160789246,0.18353852358993444,0.5405957929672117,0.5654712381079802,-0.0574993107939719,-0.7686291701540765,0.011210333821866945,-1.2990549807940595,0.39541423580659485,-0.1357271760554543,0.40267501146177326,-0.2525353146933102,1.0395106909653413,-0.7088936090258496,0.6393260771921941,0.045394110095640886,0.8787421246798444,-0.21469288929194577,-0.25588087772682616,-0.4819759721197412,-0.3625597810114277,1.1171952677223573,-0.367770319034823,0.08671440900913312,-1.058150982359911,-0.47383570211582676,-0.9007869205367952,0.4012304025744209,0.16662756101842954,0.751931549281983,-0.04475197615596922,-0.46337864697025943,0.11229050438144612,-0.11251850515212149,-0.4742544966884087,0.061551204422174675,-0.3047627057741648,-0.5085437922732664,1.2011304736652793,-0.20891860562107883,0.18286765846184214,0.3939455241815326,0.41353636816577094,0.052995023837413426,0.06367759566754147,-0.9831148211481305,-0.5391025476265922,-0.8290737645857916,1.1079578977716456
-0.48662866742145866,0.1303742920808311,-0.7969612693170431,0.2582907283484211,-0.5310120946335861,0.48854987464541955,0.15302945076256474,-0.0349736181705138,0.4290931607035764,-0.11006167729231978,-0.1683288772805387,0.2289486477293967,0.33590064010926995,-0.2892666669094641,0.42214771812345,-0.9247661032618513,-0.10128914820933753,0.5342572422841523,-0.04371721637119961,0.6607208058087137,-0.16539775524484512,-0.635506343469187,-0.31402756058822545,-0.5644009719045873,0.15619447856208843,0.013462415171951583,0.20635327967986206,-0.6233256851491429,0.5045931691246727,-0.34045463843008883,-0.20962132701649627,0.2446248877416571,1.1894504440607483,-0.18264266237717644,0.2584116912102424,-0.6402449022930387,-0.5128966858046607,1.218412434783686,-0.6669866741122676,0.0397592523520907,-1.084017732440032,0.2430526534197073,-0.4373910205957828,0.36912677722615744,0.448189852707018,0.3311222251462426,-0.006933044722123478,-0.14069628686414198,-0.03258017151030543,-0.1737152440344856,-0.134596977844073,-0.24325758402793957,-0.1114616912900917,-0.466415951388442,1.7311452412954649,-0.4587663099018151,0.6003670781508637,0.07327895128269599,0.5348587185597691,0.13235185147309342,0.10183591244026183,-0.8939041801232597,0.05483168938094557,-0.6533370789986268,0.8065566359898347
-0.6424742644034669,0.6575924832678739,-1.0359254938892708,0.25171983776515244,-0.8775717439275088,0.2676866801645805,0.146892409125843,-0.09332621363604325,-0.1250733173781645,0.11974864358778198,-0.6535877428536475,0.12312803572670188,0.38692565315092714,-0.5778665100109166,0.6418249715768874,-0.5674535844366876,-0.10142925280643586,0.16013933039296233,0.05424279847320854,0.5487652440111553,-0.2592237994665121,-0.25823374472755906,-0.03278065418043696,-0.9659810663365568,0.1775416684541452,0.014402178291099077,0.011538205293937027,-0.3382169001820672,0.64049902312294,-0.44216332386676405,-0.03862082892664289,0.3180329510638278,0.8818022436786473,-0.30425294142848813,0.5255829366903769,-0.27976418109180023,-0.2991126180944996,0.8294219760512443,0.09451492612110439,0.06132395793135584,-0.7513885713590337,0.11858178391708697,-0.42736002887427293,0.314805743734231,0.10665829510846793,-0.01604763761913511,-0.33792547160680064,-0.022820479482296922,0.042058337082687004,-0.19352474225739472,-0.36637540896207005,-0.14656556944692045,-0.5898647506470722,-0.4399639124188489,1.343166789501575,0.02528912813133663,0.5173255304890682,0.05446783587334855,0.22833461586221387,-0.3848977982112374,0.18555258406152547,-1.1119073197696776,-0.1989285778280037,-0.4508982098746517,0.7108583169627999
-0.8399658135936515,0.5243455871668539,-1.033374758476921,-0.009784493870339653,-0.6069271668442957,0.612330258080274,0.216211786491018,0.16685648853189106,0.06664512599284157,-0.43132831637170843,-0.11444888367241843,0.2684068007347357,0.20116007885501141,-0.23299191263453384,0.7462225125061157,-0.4955211817437449,-0.41840411343754563,0.08281418963485124,0.1242918251871545,0.17047480493038514,-0.4912586169438704,-0.3283204861111205,-0.029644180604916564,-0.28505644452898693,-0.19237509968484193,-0.06377668110527618,0.055126420943254636,-0.2621447417256772,0.7439429496465082,-0.3324887959760867,-0.11143224293164361,0.20985858521006767,0.9701855721057244,0.21607762705202382,0.41480313181422607,-0.5572810231849635,-0.3479778364980117,1.3888246607584995,-0.4606703363789582,-0.0673932827825493,-0.5999980812070682,-0.586273645608693,-0.2508652733373498,0.12561812997149313,0.2300468075902301,-0.20212713112633898,0.03722018934007214,-0.49173935240993605,-0.032690230374134155,-0.6776249099156908,-0.33714947935874257,-0.4734511570306272,-1.0534314524533301,-0.1594329355649749,1.356655671531649,-0.7387535705485905,0.3513267394244465,0.11259995709854624,0.4245491856611205,-0.442424431271322,0.2376484919311304,-0.5329972827824262,-0.4790428431962927,-0.7427061500226156,1.1428388642413967
-0.057362790897666494,0.03391541143324398,-0.06209429494849447,0.6657290806050048,-0.6275808913197222,0.133563279906153,-0.12456139163396249,-0.33346135048717074,0.13228044018481214,-0.02534630015656493,-0.358222895552871,0.1864949557358539,-0.2517966842851191,-0.585216541287584,0.7063082315078041,-0.7496029665874344,-0.0026922197993084346,-0.08551402690175369,-0.2394261699244652,0.7416884933511038,-0.050667071845361164,-0.9246336771467576,0.2514381222689362,-0.9996840308350002,0.09237745393439767,-0.1443788019539878,0.10905586291936226,-0.20765507941018624,1.1281754301084173,-0.6577228535083554,0.7176581651985514,0.05217749745506661,1.1165519601687337,-0.06082830961079401,0.027842424101794924,-0.019515742405407654,-0.10072117648320053,1.2809272170430588,-0.9612955538814709,0.2220056108118644,-1.097858339083262,-0.6310396086205532,-0.7733824253914879,0.1509089233048755,0.06349715899655552,0.03337208971135201,-0.036775289729468474,-0.8116911655240371,0.03303758322489663,0.16140201806575635,-0.36413587961108534,-0.036011719099466405,-0.2379269518092943,-0.7317993128607406,0.7645669374707689,-0.5724705993203303,0.27239693777121,0.34640917881075944,0.8591749643421851,0.1799813578644802,-0.28840610442460535,-0.9398439784516245,-0.41412522493240733,-1.0638515338421937,0.8582808630365342
-0.949919409061578,0.1901407561316853,-0.4110491552758499,0.21310953379303701,-0.97387206624109,0.3322862480581074,-0.521395011067126,-0.3471677286043365,-0.30254396710784376,-0.3121990710579428,-0.27659273890982716,0.36600105591820575,0.004482345102459982,-0.8546182283401683,0.5453131059657063,-1.0972199507938154,-0.4059312209116737,0.3088006794254276,-0.07744757002685335,0.5394817711613362,-0.3447928477466399,-0.8011802033643483,0.20886440299641068,-1.2968274697958493,0.6286590585846489,-0.34376836680901757,0.10903048915098956,-0.46750905352783123,1.2594054697371415,-0.7422825290556343,0.154626768021793,0.4184932511372304,0.6117215265403325,-0.3100952731519718,0.7218273864468029,-0.34260448887201733,0.045221417405636725,0.7940419941544741,-0.8640312927114393,-0.006477280363483847,-1.0605940174990336,0.03735957024283425,-0.19343624809490675,0.08674117560358718,-0.03888693683066896,0.2693758294674062,0.23051087487510794,0.3707779811486344,0.19441024303116977,-0.01348699548447187,-0.5614472721605451,-0.22142755338291514,-0.37254961045412777,-0.9852022467590096,0.6720996635528265,0.04615549019506,0.18361596755797238,0.14591424027641925,0.33481268530265945,0.07469433522002238,-0.16064632100577436,-1.1105884264358212,-0.482576650642693,-0.47687350139214557,0.6136056578050618
-0.5936930960977767,0.32684110232997576,-0.8411897865428765,0.07444629424954707,-0.5028679953322619,0.21381935758675874,-0.13921737623408098,0.5518435725180344,-0.24045363370398984,-0.17782560962863497,-1.0614496706406538,0.7349498769893131,0.7743934090895584,-0.3719611689736199,0.2758679971411681,-0.33704854751700397,-0.2287971183846962,0.48753584284269946,0.21885356692337632,0.7080384429449054,-0.3753087869059355,-0.43519737261190533,0.2895405311709838,-0.8913894383493219,0.09891993409546762,0.05120449322639218,-0.01202529706437492,-0.14411789972248573,0.3868074362852753,-0.1394059281748562,-0.08509394780154944,0.22510981540910147,0.6397047686586967,-0.09210415927036825,0.49772438171610434,-0.05385856015676717,-0.04425099661985647,0.8203607567141168,-1.2943906706346389,-0.01578846438681445,-0.6761292669625804,0.018512960126825503,-0.40053961921505127,0.16770245965558261,0.39658475846769137,0.20424019658902032,-0.3311693109521997,-0.059495206523374616,-0.31119881755042283,0.22223234943519163,-0.509149062975279,-0.27526835942718975,-0.4646972489957584,-0.739881051537461,1.2315708270817574,-0.3227176741102415,-0.4032373040665121,0.18709650450913679,0.3451220453439365,-0.4610430403829944,0.20982687946590942,-0.8282600517517721,-0.4767582961149476,-0.5946299463128394,0.8115833617607398
-0.6374738097874073,0.6517565719445083,-0.8327949082335525,0.04098120412954101,-0.6875962375404903,0.5209870936634017,-0.07962015710882243,0.21061589246204496,-0.018970982767560735,-0.36130695721556894,-0.7250423981222064,0.3008721573749936,0.13318472805325754,0.22372934217227486,0.8110249271069223,0.044277511431467964,-0.34785192015271055,0.4789628959473839,0.2825218508954695,0.6652363132432448,-0.3398488645581696,-0.8137216116561068,-0.10759086463103099,-0.6325131080312741,-0.18075775454941334,0.06694585846363861,0.035567837549769596,-0.09137395360967279,0.9270153682602762,-0.4263962916757836,-0.1536351551866141,0.02887974438262424,0.45573121661332244,0.1509373469168164,0.47395154092460595,-0.21027077364078042,-0.2145588554717005,1.1152245280104454,-0.05358248640942585,-0.2082418057047311,-0.9218070577084567,-0.03869072462108206,-0.1488681558235011,0.29053943697001394,0.24761923512678163,0.14806236808051176,-0.1723649680617809,-0.6275093619448722,-0.5373083149305482,-0.12370362524692684,-0.5583446584616836,-0.42293972884411524,-0.27792778788593897,-0.6453063540897529,1.6275731389169668,-0.3158327805776533,-0.330178108399828,-0.10670346917531054,0.07880727565786405,-0.6599665881580845,0.14447920404090006,-0.7009291733484941,-0.6858987525608429,-1.0290190102717531,0.7291544910357851
-1.465676282654653,0.5292018127660664,-0.8643213276763375,-0.18315185613366528,-0.6972038912855346,0.7086547359496422,-0.10105724932825688,0.4936135116303759,-0.17123496889216333,-0.48799093262950394,-0.18655992874867597,0.42184828887185516,0.19024427031909671,-0.24934108526969911,0.9394417763838386,-0.44293494523606847,-0.10399405404884268,0.32577239024727533,-0.009516700045848349,0.1809201248706355,-0.3907896074658407,-0.9878631270346975,0.19128516248039817,-1.0485081641445164,-0.2120979435262471,-0.12567842392095058,-0.03001976422149452,-0.475704487041868,1.0494699072251579,-0.6990811434886419,0.17578485633988233,0.32227231191017897,0.3756276314613235,0.0036020440171945223,-0.09150767310516,-0.47539527221606404,-0.5297180562383245,0.9599509598634521,-0.41099540790286365,0.017874360456392242,-0.7266000353237807,-0.31909739863309494,-0.5428443599336048,0.045383089968726684,0.08618489084705433,0.029902772177989846,0.0459735655991059,-0.08475018712516265,-0.6495150484656727,-0.5039503546117979,-0.2793514371004416,-0.33604985743920035,-0.5677024472419485,-1.0139048960340535,1.738299536495279,-0.5664645632913915,0.3483019958322237,-0.10436300430292714,0.5807066374551237,-0.3184394457347749,0.04324960236999245,-1.0399460324596856,-0.4461980331834915,-0.7043804679117326,0.8001545624043223
-1.1438019568053697,0.5145171316532887,-0.5576143348348218,-0.030128057341081507,-0.9736919516634821,0.637498202602513,-0.1200009693639052,-0.005661854414824592,0.1666492663895937,-0.270315136571593,-0.08369375274831303,0.4960324411137618,0.39219423717683916,-0.3096529049104504,0.7442156308469445,-0.5690025934760987,-0.24243618973820927,0.4513223745012292,-0.21896393460426694,0.34934656690898785,-0.3062812461987115,-0.5062492600750736,0.22496282762658795,-1.0050695362504423,-0.17398548899071706,-0.07648093994954078,-0.17265970891594162,-0.25318348021468806,0.0012398864800143572,-0.5056494673410115,-0.3449753452030081,0.6072836139162174,0.8619587756244527,0.22323645298849754,-0.28669161000443244,-0.2622348647861486,-0.17398802124551033,1.0649513594782558,-1.0246917133013547,0.3081265299893093,-0.22763539654399212,-0.220865295843028,-0.1335823585015316,-0.06200697204472581,-0.270811885199057,-0.05402640242503408,0.3571800404790788,0.051735087249339506,-0.16488136239847984,-0.37065798991359417,-0.6920949168501049,0.07201347498332776,-0.7367659255854088,-0.45232216717291596,1.7512365336576892,-0.15046575483748012,0.12973534803592762,0.2700173850378148,0.193691657335983,-0.3088272443866578,-0.2769498071263393,-0.7141660767723902,-0.5701659742392837,-0.1398630793410709,0.6777971908475392
-0.6779687854850572,0.313176303206713,-0.4313560914271405,0.10827730152426429,-0.7284570293867033,0.3817407984285714,-0.31503140834608506,0.21281384320959354,0.11985964423823217,0.09918046508465109,-0.3943185487992634,0.7525015004492827,-0.15013896920199324,-1.055104252180505,0.7960340233948,-0.5984556043615158,-0.3577080685679121,0.38332251089002894,-0.5582094355553608,0.24890618359516214,-0.6644728750611005,-0.7472638835478427,0.10062475303238055,-0.7876909255498743,-0.24744611042569795,-0.11025153706932099,-0.18869119303577703,0.008562826713842758,0.7045496273569245,-0.7371394603411233,-0.21400346855323074,1.242627611262411,0.4423748449806889,-0.11703236568909714,-0.4291808640981313,-0.21028337853830287,-0.41617598898828645,0.8349644389496024,-0.5119268889561819,-0.004182570217861704,-0.580934748582985,-0.00443010684349247,-0.1668599540914285,0.15909108807633207,0.23060241840056406,0.39959129800689464,0.05953026834048776,0.0833740708959651,-0.14475571706756704,-0.45005273451054784,-0.1614815373798363,-0.13778003091232133,-0.6701909096482316,-0.4748712716751365,1.3727878709692887,-0.21313147151001383,-0.22098257841434313,0.3631290579948209,0.3005167237938994,-0.42305072136045174,-0.1381946255576224,-0.9944570297326931,-0.6107932667350782,-0.6136234574777815,0.7087094814251343
-0.7965125909309676,0.32264140205343855,-0.947460487204867,0.013706448284587096,-0.8263956733267045,0.20059940551629593,-0.6998516093581849,-0.00824458385423452,-0.12791794638751183,-0.3677267251877175,0.052062435448956425,0.551173186714906,-0.29833672805003014,-0.21825742855983563,0.5533930403203104,-0.3999278805479648,-0.16842259827502473,0.5740376958381355,-0.06461307247216413,0.5748952224553642,-0.26314361491849025,-0.5317116485500847,-0.02408042118877996,-1.1045711329361303,0.3439123624646287,0.1434243972309114,0.126919642650865,-0.5711372495983651,0.6144583528306634,-0.789288245423146,0.17415718254175586,0.20705901546081662,0.7902402999371096,0.09313646771941994,0.4010279443824897,-0.22505887862014617,-0.43337362961719483,1.3111804697546747,-1.456585167458038,-0.16282785955169063,-0.8536038375496449,-0.20307145406196184,0.0815550286080628,0.03384634994342625,0.2169894846051272,0.16030926443410212,0.5202944477927319,-0.16983398240226455,0.10289382391983862,-0.5901910359752628,-0.8984636905836884,0.024524493770969415,-0.08351361721028899,-0.6035115018934055,0.9689194090008468,-0.7088030552105117,0.09348597124205439,0.4021466481489694,0.19344020051918298,-0.22669811712533122,-0.25489236869903265,-0.7669314141882332,-0.18303312429967056,-0.7633238493271235,0.7686189327037937
-0.7811698461309559,0.378289428777617,-0.19506630358529417,0.3015847562656811,-0.916166957798856,0.30784397296552224,-0.28043204539346744,0.06504287737105427,-0.18479123064703462,-0.6156521736478602,-0.17071692041009578,0.1371467680497002,0.03563525465286462,-0.03636975593798414,0.5821059555266237,-0.32559380003507177,-0.5019633110445775,0.2861827376372571,0.036221726572093715,0.6890578382339938,-0.2868065374045214,-0.8177999759158989,0.12609481257649433,-1.2561877674952389,0.09676520947551047,0.15395195088416794,0.24443436621959322,-0.62921703154004,1.0649080320876643,-0.7663043627495749,-0.1065192819351444,-0.23556071370022752,0.10238643175352712,-0.07809428540894373,-0.13690782264422544,-0.26362152210493367,-0.1331144038559307,1.4436671841741666,-0.7890157021352816,-0.018342881868369985,-0.9204260975228429,-0.6596487342466201,0.2949202462872104,0.13030331058009242,0.44492029778489367,0.5465623281221075,0.019565058373677467,-0.30000639085395026,-0.31814440438940056,-0.16885132796226787,-0.5083946912244338,0.232094920894664,-0.5885000153907639,-0.513645903376083,1.5512663989931188,-0.5686935381783101,-0.199761062731029,-0.20415159462758523,0.6550358343388017,-0.07254343604678085,0.2406041534846047,-0.9322658701133593,-0.5853716740744029,-1.3232848216337842,0.5824442500095971
-0.9403029983802006,0.46142004836707967,-0.8092777475816861,-0.15456762954528808,-0.4537590356388948,0.48233586540840284,0.35594360670559044,0.3132222839490185,-0.009236458457825253,-0.41250914106467795,-0.5097410326814211,0.47428008639244384,0.26632593466480076,0.24201004637612922,0.6971891256405853,-0.16130361929644252,-0.5185871032557131,0.5487873303752753,0.17336904345688348,0.3490092664554079,-0.509500240629346,-0.7031925158922705,0.5177544877028335,-0.3461788675735844,-0.12568792714618118,0.09749923452275211,0.12318715571638081,-0.32309740247001617,0.09930991726112141,-0.2649264683253836,0.4625410114269228,0.5874064490435087,0.5372992665730753,0.046500675258259475,0.2690244799949339,0.11045377275287913,-0.046665584202605484,0.8640010210802668,-0.48965430783578645,-0.3440675757852955,-0.5394549542245749,0.013416745056998795,0.17205012550267434,0.19472871465696923,0.20900295458572665,0.22895221086993608,-0.35964444532435275,-0.023586541782281603,-0.8240729944781513,-0.1960976549909476,-0.19618949467379698,-0.40157354950223195,0.01210333951270473,-0.76762617074152,1.6751868887428374,-0.029933686687154196,0.03381125567242606,0.153886929247789,0.32515253048937875,-0.01531338419839421,0.0028987958478140265,-0.6474206941394778,-0.49296567808800074,-0.8239284657999987,0.7635090001545504
0.22596355816439936,0.2085262289443765,-0.5757504315079222,0.693823964399504,-0.19991897086060734,-0.2098212962194565,-0.5549804249429615,0.1748915156335001,0.342227814006536,-0.25826587688966046,0.3724542518828144,0.10430325258698851,-0.10570193678890401,-0.964824730512859,0.7241743801921596,-0.7111027737023685,-0.29283876088108907,-0.09235299807851298,-0.21248839630757047,0.7113788001341391,0.054611760555769794,-0.9930610359115685,0.013416813597856195,-0.7508142039453275,0.13463270373356126,-0.22434946036614778,0.14068295056907204,-0.3689727154509471,1.0527131776034029,-0.910159557340519,0.12616726589528737,-0.36824706831321036,1.2073720585897398,-0.11239978848240284,-0.3144192274613644,-0.8608697417779548,-0.1111675648129312,1.6623243418061127,-0.5053655838940975,-0.32348773793539964,-0.9648300906393903,-0.637950520532152,-0.9077498270820858,0.6503008681329526,0.31608144177567016,0.1325704951647211,0.3541196042110689,-0.9007974170394071,-0.641673481699614,-1.260425465555454,-0.43985195199091454,-0.3054706986554119,0.17036407064716055,-0.42875151902902897,0.9633630139742637,-1.0598764081651786,-0.3832501666866037,0.5642457922336066,0.7655930268281997,0.045143328830629215,-0.17727744291949915,-0.8917652375730745,-0.24461241719978333,-0.9758026810219878,0.7954952078913529
-0.41683869872822016,0.21204070109043838,-0.6856162924138122,0.5772995791782183,-0.40032897855249605,0.017712925286891862,-0.7821153041629278,-0.14180105037342342,0.30511010855324333,-0.06437771936158683,-0.04167200130796787,0.1246513123469071,-0.037622750272458386,-0.6668104639723312,0.5122911469541257,-0.321667597864471,-0.26884066177077137,0.5061392506207512,0.2952993374406242,0.6653172043539384,-0.6279020837927184,-0.7178015748861979,-0.33955571538279045,-0.9335299453519242,0.240985450797669,-0.4903615242510716,0.3805970327026303,-0.7264821930382336,1.4522802637293468,-0.6086508231268679,0.45936834032725304,0.4781151135682158,1.0545756754477025,-0.3699061998997013,0.18147735100164014,-0.4444611254828783,-0.16036432888236998,1.1598260147870079,-1.0790216026204233,-0.21591002396297487,-1.203575275210393,-0.014601072568815238,0.2136858060225551,0.5233451888839256,0.24623466457475274,-0.08631640559892675,0.37729018565772465,-0.5755201312833461,0.5078557453951292,-0.5389787464605111,-0.36664390306635986,-0.22885097431284432,-0.3252050813317679,-0.6592652237827255,1.4322722576913094,0.026669119449119465,-0.0012984952339831352,-0.15151395999791312,0.2399507582496644,0.4319586184345948,0.3813603656677182,-1.0496940493864308,-0.5354162526704684,-1.0739732642247448,0.8539158248429057
-0.4895386293850588,0.46454566709070794,-0.9607407702332339,0.4965315094615858,-0.2335498696456788,0.13854725533681161,-0.5067360456046176,-0.10935233842211636,-0.1287073320201757,-0.14622468277960907,-0.27684473165322815,0.32051243998118123,0.019602766487342084,-0.6169539326294484,0.3252765865220053,-0.651040794162272,-0.3034519723742616,0.6710273778325454,-0.2858718672050088,0.537055847725661,-0.2788360433654291,-0.4534646541523144,-0.18294499145983323,-0.9190895391219085,-0.028642946293697628,-0.11352741956788434,0.3994211813891751,-0.5651608692681491,0.8426387709768375,-0.6672576206627923,-0.048616247557831,0.7185421182624585,0.992526472262186,-0.4103405449940969,0.9421113865166405,-0.3915330302900964,-0.5514580995312548,1.1383393793440648,-1.1042723577101765,-0.05253573145941372,-0.8975342095060586,0.04419313476406174,-0.3034074664969016,0.5849308471276379,0.2482341178362754,-0.08929649054407038,0.5055053909417986,0.054310237376108836,0.19095630374925915,-0.47684091881028823,-0.7671856434915098,-0.024864186448341256,-0.30003562017844576,-0.3982753113553622,1.1619048762640418,0.10423453014635212,-0.43129306190610556,0.10358096419131832,0.42853369209882547,0.025160177826279828,0.44546029567473916,-0.8355654692969403,-0.47761636557709714,-0.9602786363248887,0.9001705952212713
-0.4807047597035973,0.5275912542730881,-0.7850142660594543,0.27230497137358023,-0.47893487885518954,-0.28277578394227837,-0.15838110720253387,0.6037396549482976,0.016502337590207902,-0.1926781954353943,-0.21569469371218997,0.5614039209388104,0.41369749677406914,0.014330618277003146,0.40198024519554776,-0.8178885274086882,-0.3682973582330938,0.5378641144388328,-0.14530736243764014,0.47298101643951507,-0.5114683976208182,-0.11091507022240939,-0.2023178685304978,-0.8950838730452909,0.20339805290282922,0.06985929617260447,0.2067997646206823,-0.1610755193537084,0.40709690899789625,-0.6681812014987009,0.003510821080207706,0.37379219608232206,0.9682259887951566,-0.2356584270661805,0.7860828074364209,-0.31678727940305557,-0.10636147891758889,1.1365360485986011,-0.7829079063788704,-0.09341584169290518,-0.7343796706070005,0.3565561174459684,-0.6419091975332251,0.3527672136999413,0.6015097930027485,0.24136970009321376,-0.14864865512252742,-0.2486779492481603,0.009797802153527926,-0.14600251296569247,-0.3385885369842192,-0.016036121604470058,-0.22208347395869632,-0.37403675171840733,0.8119437825042461,-0.4571289658668277,-0.09315508549512828,0.193999861875852,0.19501502253347147,-0.04789318926914564,0.3371189672027942,-0.7367895735486228,-0.6121484780592998,-0.8618517628223983,0.8190265840097785
-0.49718140289606866,0.23486923517375285,-1.1292069538462424,0.23185261868263257,-0.20184178566711225,0.5433787873240844,0.2374295843209309,0.2100115875675777,-0.2600277979239175,-0.46518382642438477,-0.7818930189821429,0.3681383831063098,0.10915845732082285,-0.05198117141625021,0.43103409012755556,0.1326385574372171,-0.5236800416573264,0.5954400317579006,0.3399570616685296,0.6223387822423783,-0.2151670007358659,-0.4924552890877535,-0.20315275561940085,-0.5341749251052115,0.0005444682926446648,-0.4693980432744455,-0.08281421478484367,-0.6806849537869183,1.0033393010405998,-0.5964624356963713,-0.1945855663114867,0.08717485140592245,0.5119591342100309,-0.10730460954362137,0.5118035426917522,-0.1706615568632864,-0.6424391225402586,0.6368826408042827,-0.7397485281839874,-0.2779171241921278,-0.7869002770433443,-0.03667674713108921,-0.5039119343114025,0.2261545091142557,0.42010587648033354,-0.3365483209122702,0.3302218726225064,-0.3710272281882602,-0.7724049569683561,-0.453882009171575,-0.5640242829046346,-0.03702805559517139,-0.493208139123831,-0.5653007225469455,1.40277721953593,-0.11107697855868603,-0.20714810446220652,0.06837049918047733,0.1208495953448348,-0.15630071036225224,0.190258925370983,-0.8748604145076849,-0.4021946412594567,-0.4509065232162731,0.5954460973143441
-0.22099221134597852,0.4064469556252357,-0.41317974035853183,0.5683053552237934,-0.367240650885492,0.13337489637045336,-0.32074497720790396,-0.30593561991874957,0.053790366529487904,-0.39146032154014765,-0.42479525266789125,0.20401541337319146,0.23078503538228107,0.018449126931495974,0.6528826920720328,-1.7764245510638794,-0.4321558424193659,0.5451111555707604,-0.3955222496592975,0.10829833985024107,-0.6697832244882497,-0.6953006703909144,-0.09786053060570532,-0.8732565495157584,0.23579726876215354,0.06080351973799044,0.21543976704197296,-0.30659952703721444,1.1980081051784066,-0.4614603240329381,0.21812681455401717,-0.10416358153955131,0.7619194738337411,-0.05715539093288139,0.10153472044233558,0.032024373904333395,-0.5072197801076787,1.054397222468956,-0.023018727039948304,-0.06414123609357764,-0.49522733707469824,-0.08094923558371087,-0.4459050138582274,0.5587859874119555,0.3613004836072915,-0.19082346271216788,0.5089311277277754,-0.3323336127847248,-0.7287038372929336,-0.2638120789552698,-0.42097806223578327,0.05639794070189065,-0.37957646305662723,-0.7124705703899733,1.2403475964939359,-0.5906898019808918,0.4693245450576847,0.13287797971253204,0.21975063315249121,-0.21286510690529564,-0.09871817632313648,-0.7623778982482563,-0.4371040605463391,-1.0476948335727614,0.9349795440476891
-0.4761767307753992,0.388426021528445,-0.6690471601358264,0.14585373298532744,-0.5642717624541108,0.12006900449898349,-0.24114817431697091,0.22984104465619237,0.11055930281177555,-0.3454007235579132,-0.23438547404725918,0.3829230093782533,0.25568240155193134,-0.21048980105939483,0.5770122213740799,-0.4755465360603909,-0.690664869934861,0.5753756171224341,-0.43827046074239073,0.6166055062488676,-0.3695158633878002,-0.7463696743136874,0.03866723362512925,-0.3566828237105276,-0.0046352031217340925,0.23237825501650183,0.028508473657464534,-0.47057154602066753,1.1266263385518602,-0.592132568110049,0.10053488004159623,0.6229853280606859,0.9970464997859992,0.31166085432504637,0.2739762629694289,-0.2451254538456441,-0.5812328575035036,1.5247823098311042,-0.525137902614782,-0.20514494342663928,-0.9368816354684472,-0.09694140260381345,-0.09355836754075804,0.1623062678395001,0.6342014462242527,-0.09555250112533181,0.21569858215102716,-0.5605545359346796,-0.33281463319423177,-0.5898942994241707,-0.7049296247701247,-0.15081922748882737,-0.49828179855720284,-0.5084004643016312,1.3846271000264936,-0.28575298186166137,0.006318557373215711,0.02983869966328445,0.5091413495836342,-0.28853512162027345,0.3424986201558741,-1.018280339491954,-0.5553119253882626,-1.3606657377800522,0.9755397427454598
-1.2595054447788694,0.2151816664525457,-0.7632230996268186,0.4070861996461496,-0.6152920444381258,0.2246552433070334,-0.049664001058521236,0.34521955184719016,-0.41917078772506994,-0.2759282265693852,-0.18363371491166103,0.3835163324766316,0.43636164374740827,-0.5709361143254819,0.8155979477498707,-0.6803964526261104,-0.3340144594101996,0.5934406630811556,-0.27129108075238845,0.47814574799784904,-0.3400900747277763,-0.3712891931463841,0.024719227554429908,-0.4480423087947448,0.31608424008707475,0.09476777520018852,0.301075624146532,-0.07745181186533062,0.978982651956129,-0.5067117228963568,-0.10454566577096318,-0.587944558490497,0.5976206303970744,-0.2180861838205368,0.3705728560628955,-0.3114933302950713,-0.25540523538281845,1.436782801862576,-1.3677594748295856,0.0377906725860484,-0.8665841394837225,-0.08875241867281981,-0.07623336807798753,0.3834615179173376,0.25784757669052605,-0.15850723879210762,0.24998224536435126,-0.9356742513434758,-0.6007640242209125,-0.2149148924260388,-0.9036795595576189,0.015835447925820166,-0.6435277499986825,-0.6950887349783109,1.5736095615567456,-0.3721084052410527,-0.4009033337385704,0.1419902161685366,0.40673818996171485,-0.46192965117542045,-0.28476739888076724,-0.7148884947387587,-0.4582082464502416,-1.455400128057996,0.8824227699319748
-0.7922188380028696,0.34630490786225543,-0.5821404170820526,0.435672005495605,-0.905364950922937,-0.24215609459070092,-0.7355505663702462,0.15456513825255125,0.09647284156870312,-0.3791457467420632,-0.3955559994354739,0.42417049376099675,0.46069041013836076,-0.6098192121887576,0.3085533110514939,-0.6293400282010909,-0.32088686158534213,0.3509840886423091,0.17214344943720622,0.29210488847367566,-0.5291341825691257,-0.7730627737076569,-0.5346550143647506,-0.9574936639862364,-0.050750665711704245,0.09199574027045948,0.08297548972668115,-0.46351108962560356,1.1573008846005701,-0.904272340399793,0.016041029219550758,-0.08065320224241534,1.3294620732772993,0.2566913044682858,0.1971860609262538,-0.6209288401943153,-0.4816169066332092,1.5935424104585374,-0.9404988489128276,0.0008044807702176013,-1.00378652260647,-0.3718759571741653,-0.07461224558454474,0.14857285997685646,0.1621737128188256,0.01783635012752608,-0.5165495416332041,-0.5814583122706795,0.05891413393305505,-0.6886632576583706,-0.5793365037226976,-0.08919674384489315,-0.45661010060634544,-0.6263792318027692,0.8414761669993819,0.2831619047888053,-0.7520307715094916,9.307555159714098e-05,0.36549442015194383,-0.03297613118644858,0.44389922347690025,-0.8646977145924197,-0.1908004870221513,-1.1770465636763847,0.8096294961218083
-0.4463055438890878,0.366034350092779,-0.338983973777885,0.32229335113334256,-0.5190762080366389,0.12941559148588955,-0.26333344830410976,0.12512446744570715,0.24491838242208225,-0.7685885110080624,-0.4290271896379465,0.4632609716734098,-0.025227052894278575,-1.077466873573076,0.5253807436892942,-0.8215783380581174,0.128120084820464,0.484505918209359,-0.4487633501630615,0.660966544079876,-0.33246214767540605,-0.9320293044763582,-0.037446667788953225,-1.0412131726681018,-0.2616321890853608,0.12918175491012174,0.234902026450405,-0.5535012269919081,1.498184410394589,-0.7545854015713569,0.022628100170982275,0.35671881920060405,0.6378472933567173,0.033428680272385866,0.27278570070106095,0.052185242956593436,-0.24989909994270434,1.4540185748223138,-0.815857084865599,0.04645140430632057,-1.042073525044871,-0.41006317352902905,-0.645268961618997,0.3983201200717725,-0.04346336356793137,-0.01180353531059116,0.8515632368954575,-0.06898634510218597,-0.25177211718116677,0.35811498302397954,-0.8708714982967295,0.24190622509438414,-0.485650947187816,-0.4764180490229181,1.004067347046446,-0.4862699608070838,0.6109697252029984,-0.022309154469467192,0.24241543399066715,-0.17894005605600977,-0.19436282073090833,-0.6368691029745871,-0.23469329174657513,-0.8958489208481162,0.921416887984853
-0.5207357631306844,0.07392762848274981,-0.4260338687714101,0.579797766192915,0.15854379482335157,-0.18116602041906762,-0.5734920000188688,0.1139719761995239,-0.16995302974582038,-0.7535733891784917,-0.25456033722459986,0.7791968792735884,0.31583387790710965,-0.3497735329610645,0.27667446463801487,-0.12441203956330098,-0.3337036101821648,0.44548594410309744,0.07860071653090908,0.6335782615427239,-0.5105908118221757,-0.7381392151959605,-0.13738496370213138,-0.48638942160256227,0.05236978410178472,-0.1508419716127415,0.3162578255807632,-0.4857314816646921,1.155304637404721,-1.1248942901242518,-0.26159724958479763,0.209971016477896,0.8070351948681788,0.16931770074947555,0.7473633788723172,-0.32655194192753584,0.17566808598577954,1.4795922997286604,-0.6760036910948665,0.07273973386330582,-1.07952881390403,-0.12866622890624993,-0.04159080516899756,0.22549716055064517,0.31271841678025175,0.3709274315841928,0.16595162579389988,-0.38488715003067553,0.0687083581072034,0.3483466243859636,-0.7649092105861076,-0.08247496030963591,-0.051199794773498286,-1.0758171449509526,0.7876515737380163,-0.000988306315141664,-0.19246611827700053,-0.035812170820441275,0.6909459195995771,0.12900252400453027,0.043590382778487924,-0.8583376659027591,-0.4444795022653437,-1.0516635439524211,0.3058405693248094
-1.2862276900528955,0.4110388863713911,-0.7351342338100181,0.5245830678777367,-0.6074582527824558,0.5049473274791954,-0.027267713015571626,0.015002226862195392,-0.17674660148937707,-0.35300648756947606,-0.35836891765182527,0.5496724223600515,0.45529915724055625,-0.11274713185439075,0.6355340502900596,-0.039385945631113924,-0.09451825428340577,0.38392833253359404,0.03302038637333682,0.7315707039078739,-0.37297934631048707,-0.7173697116858666,0.3104258392804756,-0.3756879628480577,0.1358611568853105,-0.15399676552345082,0.3720069826609642,-0.22905748082706517,1.171985503548074,-0.5454270910914203,-0.11943512199696288,0.2925417155736345,0.813630535552894,-0.18089623641544691,0.047732413706571365,0.1351337554735968,-0.4280833870813359,1.1370552502485691,-0.550883488172093,-0.16285267235433412,-1.1496038683274217,0.06722267968618277,0.3086702232397602,0.3615146054759471,0.5009914226583085,-0.2064996022217857,-0.10037321509056979,-0.44992824896651074,-0.172057707878309,-0.3388390177723783,-0.3634827573142557,-0.1959716304384525,-0.14273309523989006,-0.4338671570097589,1.6332184200190178,-0.11510612714057519,-0.13847945159429165,0.13068753518603904,0.6234899429415734,0.2207351338464611,0.6432806923256978,-0.8870116048893403,-0.4549691746098935,-0.9763518441967022,1.0191950851693785
-0.556957673191494,0.3583535001644217,-0.29129370066853083,0.7795246162564007,-0.5345894520337287,-0.4570564607320765,-0.5713119707594431,-0.0871080851340312,0.3345059953607249,-0.501662660432249,-0.21796155103631,0.3334021694603297,0.28952676784948234,-0.46326795918453745,0.3962751770834001,-0.20122936181384535,-0.2289173918686365,0.40032541662466237,-0.019489267662727308,0.5289779860954138,-0.0668989895193879,-0.9700405288892391,-0.251610929656645,-1.078075258768591,0.06470392640076429,0.09364784673487725,0.06252164751166021,-0.3576189943770157,1.4005712657196956,-1.1938606463087453,0.38982081598125773,0.020095013121102,0.7234948596465528,0.23344319785689344,0.36294001623746774,-0.3770918772691624,-0.26162422094909804,1.7297153162627956,-0.6631700556512795,0.18329092874013808,-1.1197023809441629,-0.38297831905519925,-0.0852667023713994,0.25908776803822964,0.47794237567307746,-0.17629893673658859,-0.012043691679924369,-1.1358859280079046,-0.3348191730596913,-0.1761849220355854,-0.48732323654927273,0.23502806098932122,-0.4971421893530032,-0.7254029575554637,1.277267858663394,-0.40473207611886036,0.18928946651656972,0.012480470690727281,0.2757599119770347,-0.18859863127733104,0.5687963863432909,-0.6498881210834664,-0.6035687462885292,-1.2746390422281524,0.9268580209802951
-0.5968656333463377,-0.0855065863659189,-0.6423283830186304,0.4441235460667779,-0.23410847596011478,0.1372427019179746,-0.5601286010433235,-0.21530837003851985,-0.031254572731218636,-0.32715417554837406,-0.9179281774790091,0.09920948286593931,0.18185542264353977,-0.7846254561163446,0.02436551215103843,-0.408392754912912,-0.20128035662343247,0.4780581700028929,-0.1515589324903991,0.8773725561580383,-0.47774636693036787,-0.3619204258432452,0.12115090876900479,-0.6072239951068262,0.08030681471031849,0.02372856517085064,0.24550110287039684,-0.28017889247881994,1.8775789674090175,-0.565903480164163,0.03569039944283671,0.2676337311833117,0.915344720719828,-0.041689346359961944,0.4809558344993942,-0.16708383357429668,-0.021074571539625934,1.2381765918702512,-0.4520488202142178,-0.15323616306445648,-0.6778929124746843,0.11823650065960727,0.0394541589949575,0.45277031756006564,0.7616951006717941,-0.5608814408169411,-0.16862270931130144,-0.04275568285408893,-0.5133671425663793,-0.08587307188328175,-0.6698505623329641,-0.3142559679301445,-0.5740449356642178,-0.7792806080232954,1.6002544318752643,0.34182111767681106,0.3290971469862744,0.17769777310691767,0.3857110475678762,-0.07142539590030693,0.5881322812238211,-0.8864013768535693,-0.38576440660164346,-0.862802185926719,0.9958342335791601
-0.7307976919609567,0.15084558225273648,-0.3115198401889644,0.11451760881359481,-0.6260775694285011,-0.07687642658622616,-0.25653562347052944,0.2509417082154802,0.05876892642425348,-0.6029601525922574,-0.4410340364202406,0.5819535706984234,-0.08730967300801512,-0.1015035608126972,0.6377035788855594,-0.2748252042245341,-0.3021498690147303,0.5262760273554319,0.15475138692478382,0.7116683366900115,-0.6147462636026597,-0.4331468298242004,0.2321699070349472,-1.0118400978156108,-0.3606050553482323,-0.3166908932876375,0.4539432518595054,-0.587174778061763,1.4516454031802712,-1.0579498201857294,0.30838946406673845,0.9125377588183171,0.8247397964946769,-0.09994141332461212,0.9315280521261411,-0.4695665350993335,-0.36946374773404966,1.3543153048009982,-0.5056291954984339,-0.5060184545789762,-1.0592315934231844,-0.06993523919711835,0.061536371621999986,0.49722633406839956,0.4741345644986251,0.39375208495926767,0.29051863227550406,0.022092314128849905,-0.08311046611244877,-0.15768192767413342,-0.5483343882599019,0.0732926329894753,-0.08461862518066253,-0.35018608705727217,1.2159576247420534,0.1284709862493077,-0.1739899269188415,0.04470308808398611,0.5995400686188099,0.0296321282261211,0.6153498866549459,-0.8749806675484058,-0.7503223429915843,-0.7666862385497144,0.9235898135577567
-0.6353398298021188,0.09632239595227585,-0.8609338445081349,0.48132857355747727,-0.3445456415670072,-0.013170378512436631,-0.5672721501643134,-0.3700694566488702,0.05704408209659079,-0.6805580506921793,-0.42624754826235967,0.4271895143435827,0.04549919830597647,-0.6638140023561044,0.6943332776531923,-0.572498961084645,-0.17993245529455076,0.5336731547384905,-0.13503707411092364,0.557473331921323,-0.42746227904304973,-0.6831238282507794,-0.16849999335932295,-1.3310213516329064,-0.242755580295598,0.31423840661669744,0.16383636016850942,-0.6736389369040434,1.2168868930912726,-1.1358016850795027,-0.1238083805764937,-0.2110147817742071,0.634682563461553,-0.3483068332458549,0.6940240302777415,-0.29228312353199676,-0.20752772767150565,1.0272475098906948,-0.5121670664593023,-0.0999463568956083,-1.1924013506779487,-0.10546260195182769,-0.5933814403357967,0.40067078691684155,0.5868931258153349,0.23528067435800187,-0.22954771643102856,-1.037149972561415,-0.13239700053914877,-0.9674466568449928,-0.14245337537200337,-0.07664772631614561,-0.5470166809283422,-0.4864757749975178,1.1809567068976188,-0.20688984198860444,-0.14086372856635046,-0.11721631203653432,0.4927146398621773,-0.3315238275493343,0.4030777603056359,-1.2706952721789493,-0.15210425992146195,-1.3840901069454745,1.0966035222486432
-0.788164617408482,0.3350293601934962,-1.2178122052604115,0.3517238321249461,-0.4623399659932893,0.10468354997214709,-0.312618583448076,0.3402162205516309,-0.40186139282360517,-0.7271727754394739,-0.5685394030029974,0.33033691579078245,0.5971074746938437,-0.6229020634782916,0.652925701955243,-0.3221135486308147,-0.10775136927207857,0.6251684436934286,0.23747462444856246,0.5332097165537848,-0.3011640557551095,-0.7654057337293678,0.2111196324513245,-0.8594712997328142,-0.11796247884285627,0.2751711481390814,0.24353382397097725,-0.563849364371828,1.0757768127768788,-0.6239938914023939,0.4141673814440842,0.08843750993154006,0.6775762495965452,0.09979546081442073,1.1457763285590028,-0.03479660666645322,-0.3722956794256201,1.1925651123341168,-0.7601213339927338,0.1224715555281898,-0.9597255607278352,0.17391095093189823,-0.042894644830648795,0.6536360437566617,0.6915587966268871,0.2744516716961765,-0.3065216937423648,-0.48667790770298835,-0.7321086850164984,-0.6642935763308813,-0.4810699964505456,0.03646207042706237,-0.7863165625519392,-0.1636210249643645,1.536724660754012,-0.28609027107498564,0.30509503237336943,0.4170798448810086,0.5544121871675478,-0.07080342906803344,0.7668047342107909,-0.7655810597090463,-0.34475120231748296,-0.8511054939708199,1.065620391369665
-0.8274398358817882,0.3496390357318867,-0.6914903490451119,0.21808281197944063,-0.572567520897261,0.7927240757401006,-0.48574196337618464,0.37106608424054577,0.08917239854517373,-0.5873396024661274,-0.19836819837303674,0.3363902879809766,0.011539726247124727,-0.7202716062602885,0.6272763265026945,-0.6901533021313637,-0.4267176785348156,0.5240370037108694,-0.06123808688472705,0.4427033061717528,-0.21769216435150993,-0.7806083088100769,-0.10206724853043574,-0.35701312439685806,-0.4273091630068288,0.41216645148987124,-0.012104320480621558,-0.4016111110095281,1.2877695827520141,-0.4520948440258853,0.3774069658745304,0.37034919142774325,0.5239957322754871,0.3302824982682262,0.4927415861151693,-0.23710770357087366,-0.4341932322575608,1.445846943510426,-1.0511646096411889,-0.13073368410150601,-0.7542626824113113,-0.09056849288038771,-0.1703700744885138,0.3184638815152407,0.3225943473187942,-0.40624512632334536,-0.11273381329815171,-0.5511261767344807,-0.6696425793079352,-0.748162268902021,-0.28220787716933554,0.03774577752262044,-0.6742859270499467,-0.8903065162090372,0.6779461064334176,-0.13719807484541652,0.1452375675217404,0.37262230629644777,0.5549148761925115,-0.04938993022693121,0.2672728316792189,-0.3240169729573686,-0.36170525485827787,-1.0615347142621931,1.0955380790582583
-0.26715968729794354,0.3856051645494346,-0.4904187735883919,0.1287513240118309,-0.4410541468053319,0.2062834918014793,-0.39082588348045316,-0.010876184944824834,0.3450922563879862,-0.5309265469043631,0.031060241290579223,0.37638730144201454,0.08306284559893853,-1.2582146894198645,0.9674568075070102,-0.8929711973031715,-0.31340104640466093,0.0731440023590337,-0.4255955831754351,0.8300374364832689,-0.3503685493746136,-1.0030526300937046,-0.21242876795033136,-1.0408889896003137,-0.3820909073042996,0.08394583978455088,-0.0022596804373452156,-0.21149821813986175,1.677332026968678,-0.8524673697164169,0.31516192925337977,-0.6627607301377998,1.0417730969843242,-0.4390743689786055,0.2545585520209862,-0.4960838039985902,-0.33932374320182734,1.6147645095098497,-2.0717403329579542,-0.22149141116727955,-0.8407367335657174,-0.6393567213434362,-0.7246885772749416,0.4803585508000003,0.631180982724573,0.03156145891334677,0.5373058845277067,-1.270091025322539,-0.8044483293894568,-0.4325919353856611,-0.6715703707457396,-0.07974574077288045,-0.7237438149093935,-0.5548872577354008,1.3980191425129267,-1.0272438251897762,0.6294227244149956,0.6436294875593868,0.6524605020786631,-0.849465345808949,-0.14591284156409942,-0.9328306431489034,-0.5116090932725651,-1.6928063625000587,1.0296851987375661
