April_5,November_4,May_8,May_4,May_9,June_5,February_2,May_5,December_3,June_3,July,August,October_3,August_3,December,May_3,April_7,August_2,December_2,October_5,May_2,November_5,September_3,April_9,July_2,February_5,June_4,March_2,March_3,May_6,November_6,April_4,October_2,September_2,May_7,August_7,May_10,May,November_3,April_2,April,August_6,June_2,February_3,June,August_5,August_4,March_5,May_11,November_2,October_4,March_4,November_7,October,April_10,April_6,April_8,February,March,April_3,November,January,February_4,November_8,September
-0.5700609618944126,0.09285763686262419,-0.6767930055402374,0.06574109683791252,-0.3373099836022912,-0.5079006274406486,-0.32541376120068777,0.48807166067249597,0.4565700556635941,0.11176071751265132,-0.1367153392074321,0.4230204933301883,-0.41255101191470794,-0.03220935149468918,-0.3396392111435585,0.4204511541728234,-0.008383377800837394,0.15349127458591832,-0.1429295358054202,0.573017122609471,-0.9135082738817608,-0.9225834431672564,0.8208141485119184,-0.348152278708135,0.3302249468772266,0.06140164081209187,0.8207934795834642,-0.5026809414089051,-1.4165707534202234,-0.7087996279898483,0.2722916220381413,-0.1558800563529801,0.008638298028347632,0.7696763324862177,-0.5134849280904162,0.11418372632082618,-0.3169768878200449,0.39619388308665676,0.09587681210476479,-0.7330177487727944,0.4691017627983147,0.5012187296936409,-0.4118593864196286,0.00873537088609716,-0.16835218305056635,-0.8780505488126382,-0.75899418803519,0.21758627047776055,-0.21409237433538714,0.46261780975247097,-0.5608788516898888,0.2996459883202918,0.9638246947975908,-0.11035483057423892,-0.4075666901530148,0.2866288467686342,-0.3270948881275804,-0.04111567087388882,0.03597411887982509,0.8022831544333362,-0.9903051357265773,0.460893895189094,0.547220552263021,-0.12790105932977153,-0.32955454446988647
-0.6100545018561601,0.09285763686262419,-0.21339721302672982,0.06165803303253392,-0.29000351752375725,-0.5079006274406486,-0.21353186350603365,0.1473223734101462,0.4565700556635941,0.11176071751265132,-0.1367153392074321,0.4230204933301883,-0.41255101191470794,-0.03220935149468918,-0.3396392111435585,0.39799581367023096,-0.012246439167672575,0.15349127458591832,-0.1429295358054202,0.573017122609471,-0.6821543035588382,-0.9225834431672564,0.8208141485119184,-0.7255752539742257,0.3302249468772266,-0.3236266878608449,0.8207934795834642,-0.30345158842738873,-0.11307514741580241,-0.4468035829905488,0.2722916220381413,-0.19097785183205124,0.008638298028347632,0.7696763324862177,-0.7469964070921827,0.11418372632082618,-0.5679001528169176,0.23818254705374658,0.09587681210476479,-0.7371884825763537,0.9494135183847615,0.5012187296936409,-0.4118593864196286,-0.08468811648583235,-0.16835218305056635,-0.8780505488126382,-0.75899418803519,0.5431360685897054,-0.1192661944205694,0.46261780975247097,-0.5608788516898888,0.4173440418720225,0.9638246947975908,-0.11035483057423892,-0.3861215723264313,0.4327492691187922,-0.35973981355284246,0.9455518918925669,0.10122912238576887,0.637971653342375,-0.9903051357265773,0.2998199980840787,-0.16737045832524086,-0.12790105932977153,-0.32955454446988647
-0.4641045177169165,-0.14459052219539878,0.3762178152200521,0.022404018322471783,-0.08595347308845644,-0.34342492669328434,-0.3664025838663472,-0.05796388653497453,0.24614212749097425,0.6288306874960667,-0.036041265975722186,0.06796775545170422,-0.5714845560601367,0.4068427332226566,-0.37494277130659176,0.12723789813967856,0.5252372644528666,0.4071264881741543,0.2108560683713799,0.421335296896261,-0.6953999935913133,-0.5052122160697566,1.0157712433804662,-0.8423064826475508,0.31320659601745277,-0.0835809242360381,0.24970775539120915,-0.32972520381827014,-0.16200178345180385,-0.7653815592471837,0.5495622857401775,-0.3161329469429279,0.8142907870298989,0.641190986456163,-0.6900122399415265,-0.17071127532045494,-0.9115791243971507,-0.3984000003739673,0.01341441376248791,-0.5982088924801868,0.43361382034447205,0.1442254675020791,-0.05709498065673542,-0.31885959219380183,0.12572581570216762,-0.7404854702191996,-0.47456745623438357,0.2279363913473852,-0.23533924489740737,0.24779541424469473,-0.41343598016435157,0.5361937182850208,0.7012405968273063,-0.0262982748048126,-0.3053257469013524,0.5880850872550476,-0.4906875691364414,-0.6377592184629447,0.5574163418635835,1.1202920967910464,-0.39590564181347093,0.5928049352808342,0.5206278708208499,-0.39656009589623975,0.0508227985453769
-0.46485105896467216,0.21133759395540797,-0.14340295374436401,0.27788945409005755,-0.1618275104169125,-0.25638340179511876,-0.32562099645565445,-0.21901246542801822,0.04428512189566025,0.3615716699053314,-0.11846618040765856,0.5918129607602735,-0.44870951382172436,-0.04207807799375547,-0.1110838949680548,0.3983410751011974,1.2989486026658188,-0.40298311471382564,-0.13406681948193044,0.38692213566381445,-0.5455069696044607,-0.26731392783125024,0.8915678921573529,-1.0390271358175442,-0.21885919520091282,0.31107264343784813,0.002638742754702845,-0.6829620557315703,-0.8688058602271582,-0.5178732715493112,0.7046524899625688,-0.7073368662377282,0.21798368763156956,0.8445353577256752,-0.4909214651707001,-0.2818789973816056,-0.5279815172233393,0.2881831896008267,-0.09738650868974355,-1.1196768182471875,0.8030187490520915,0.21172454427455506,-0.4048828793839513,-0.4407059610491392,-0.1423609522069825,-0.7774422893066175,-0.16867623906729481,0.08609890279867272,-0.10380866816844313,0.13878526375447275,-0.5164073366624207,0.322072422502332,0.6593361631776142,-0.31637708401447584,-0.228640823167717,0.2917527758260844,-0.11084742944431289,0.3954392777253268,-0.23333610549234246,0.41571036193726835,-0.024761510429943914,0.3418129984803292,-0.019189312226156212,-0.7676624718841806,-0.318251010534394
-0.11249768007402798,0.22719880744472531,0.5150695552014217,0.2212166145152404,-0.05590495728284772,-0.3337272304182663,-0.12770905632154744,0.02006193238822357,0.06160275891669939,0.13181925775549552,0.21479341189433312,0.848634236574166,0.001681752199146,0.23960148435161913,-0.09479004868006996,0.06317777646193204,0.34929111427939663,-0.2993987850089915,-0.021562357814172893,0.2701473366568027,-0.7608339337438302,-0.9372223377629468,0.7128521161939786,-0.13259547962283805,0.057215321093433066,0.056287430705862625,0.5681896130288947,-0.46189552602457873,-1.0691923412559607,-0.23839094647578618,0.2075401857269868,-0.3270086884239928,0.7047857481022217,0.5765219157443966,-0.4204339236745319,0.013463297012552444,-0.697662390789316,-0.031162362999925523,-0.46857792136560705,-0.86696979219581,0.43247639711896935,0.38120324320311527,-0.26074879864391765,-0.47687098885833645,-0.08740451834437948,-1.0463970712177788,-0.3272053569860721,0.10802170839729205,-0.14118555267145472,-0.23620091224817613,-0.9530615993756131,0.3005527785453226,0.7591690030167167,0.20541774670707275,-0.6584557841365747,0.3560271552883939,0.014798188438676897,-0.14644734411878738,0.11773001085660234,0.9150072868595445,-0.3486306686922652,0.37461561136972166,0.7384212595344497,-0.25128321284041966,-0.2987240989497806
-0.461748614570812,0.489400031166139,-0.5389509702620384,0.05591294960297244,-0.2029064630490224,-0.30139751461894815,-0.3893143973964216,0.04038444821102087,0.16126198775757794,-0.3966153264924236,0.2017705426812771,0.49151001093473523,-0.27716105239803795,-0.3170775658916537,-0.4755919303693543,0.25918148547755715,0.4104163010414591,-0.4166787802363771,-0.020165587805001307,0.8006994498550186,-0.6884192464096182,-0.5789231628628653,0.878880322949856,-0.11669399275865003,-0.03064346775093971,0.4788825665180117,0.24100187310212295,-0.4484787014273478,-0.45557890551653263,-0.7876696061521266,0.4370577703684636,-0.1814518538345548,0.012604547565311444,1.0455195411539384,-0.7560828898355696,0.009910540864254039,-0.6537761054966813,0.2640893535945305,-0.1843350584271327,-0.8341403230193598,0.8356028608213558,0.10473326651973877,-0.1336033489095419,0.18891439716542358,0.3176205749733507,-1.151642388341229,-0.4157575532826198,0.5255938929578341,-0.11833225283908458,0.056410067189677775,-0.7548616692066704,0.5616738021207747,0.8442258922712538,-0.13392557173628872,-1.3370361835912967,-0.27735177220400664,-0.4845735182924432,-0.0229589414643293,0.042740269516264175,0.9079974440194282,-0.41100633575920587,0.6215573972392467,0.25733219137829055,-0.9762419408036488,-0.09297121704687414
-0.6082926792467191,0.1267461283140952,0.3228643148961168,0.2173555225388672,-0.197503272216869,-0.44302560820216663,-0.5762450591578352,0.0829093020412279,-0.3389801816617713,0.4695859135558523,-0.23582812889118893,0.8116298047091736,0.042359453616115615,0.22334755239562148,-0.1567207807650417,0.4143116623742234,0.9975377517665547,-0.10583134077474927,0.062379802061130654,0.6034457745695988,-0.7827179916641614,-0.6088533923157653,0.6309281402769343,-0.009693428936798767,-0.08530853771922962,-0.3067536788261241,0.9187205543216762,-0.5627548497408364,-0.9549178324476608,-0.7579167070968558,0.36317826329254277,-0.7192465667822914,0.9431245789316356,0.34064010359912883,-0.6527830713451285,-0.10236134565320291,-0.6975431435982703,0.4311384411499438,-0.10036389881006852,-0.534208936108872,0.08968813690486185,0.16290146806716438,-0.41960708270747105,-1.1454942435117972,0.16357882556908201,-0.6884692356553979,-0.3194926247602259,0.332443813504147,-0.02874390168789289,-0.32466080808086634,-0.600392216064881,0.4336777344514765,0.6387630531193149,0.37162745822041754,-0.44231286242015505,0.21130373157708876,-0.320440175858978,0.6623472178388222,0.2153328652524738,0.8009987884492515,-0.43255066233913136,0.7386947395265651,0.13400868076345324,0.12216744492015469,-0.15239339658342999
0.06866498226828753,0.23899459688286298,-0.21421562235244157,-0.1904886037406115,-0.5712123684200092,-0.24782203943770065,-0.19916156132565274,0.14241002580542322,0.5313336512219474,0.17980738905992205,0.09029085367324119,0.23124125995526884,-0.4774128935926989,-0.4725898158220269,-0.32442893409935836,0.20790842791471897,0.24849395665288448,-0.45548851455000644,0.004760286286594036,0.7244024096042485,-0.5377034783205599,-0.29193473147829085,0.9190243467649087,-0.17226228092928692,0.6575590078471165,0.37935602469587276,0.4945079303506803,-0.7862490482103619,-1.0514133505471335,-0.5422759385042066,0.4283806995311334,-0.32569861100616204,-0.2789859611915944,0.8105331117641974,-0.4030654592651926,-0.34943989014633814,-0.5250663511852129,0.3799581238140622,0.09577980078748456,-0.4432376479488651,0.9360637001190591,0.6720436052928678,-0.08555606320888559,-0.8796186706630924,0.534962948549611,-1.2027433020809355,-0.14128184853219128,0.3301481884005649,0.0008178423093076759,0.12899624800461124,-0.7504937781175087,0.7779477156992034,0.2657841248805509,-0.33527245768273534,-0.6370815363102709,-0.23493533064770575,-0.10484830818234725,-0.08576315495807693,0.22439717924201757,0.643762603939285,-0.34029836575622574,0.1733508782873378,-0.1261254200282534,-0.9148767647337832,-0.06643981477268711
-0.4080843426246384,0.17901476394156893,0.1608241616909062,0.2635464445761025,-0.40768042865920806,-0.46943316967685833,-0.15639697507513603,-0.635542630249382,-0.1443355968626742,0.5778312184291979,0.07656926519672322,0.8369804269028026,0.01853214207005144,0.44941383647035904,0.14806630264630238,-0.21291186700286457,0.03618633030715569,0.2218148236407673,0.042338290394014974,0.5168848132160934,-0.33520180748076606,-0.6124699326839856,1.0498401163411362,-0.6066794807280526,-0.06643087090109143,-0.4159802072781583,1.0312488110142417,-0.6737844634153802,-1.0241298992576047,-0.500162196331062,0.6184245284204194,-0.1891245600572089,0.6589990585872083,0.3735812262449132,-0.6618324247054207,0.1252376244599436,-1.3847778809624516,0.1723527680686135,0.10556881313302253,-1.1116830307110124,0.9262396063351043,0.07076037003797195,-0.3653073170272831,-0.38447253349773103,-0.4004515293115645,-0.5953862789781433,-0.15545552611250874,0.2653645047392819,-0.14188932664174414,-0.12720543762668968,-0.46614126513593385,0.09577311939826166,0.6607416054199405,0.36331558983988305,-0.5245543082716728,0.043562597284756865,-0.24553269495609903,0.18169041669579453,-0.1307070831642775,0.43542754407495493,-0.23902656786022952,0.5461945796921115,0.18737552959628842,-0.13535343117362306,-0.07446204911015718
0.04205359419258887,0.1418831747148824,-0.016717628505376787,-0.10460087344881366,-0.40387670309285173,-0.5123290575143854,-0.31427583182469393,0.5915047863884006,0.5241917416649705,0.5076358995171629,-0.3906158394913885,0.5199201403436885,0.08046883303250668,0.1728103455470257,-0.12059704843943103,0.33098072419023006,0.5003325216189204,-0.04613321719517143,0.007308506278397124,0.04839009843377958,-0.4191339023829814,-0.21598229996130136,0.5728050620825029,-0.4087596135275949,-0.021098442378045437,0.05069751632625813,0.7903069947527123,-0.7699805470527352,-0.9180537364566178,-0.8327220724949431,0.056605496552128515,-0.43724515118429336,0.16389324770152125,0.5599126153501439,-0.3664314400806636,-0.16047174282719512,-0.7094134738526918,0.05210814014233859,-0.3366368683991987,-0.6072754818841452,0.2731408085857206,0.5007293338219241,-0.34177076116918886,-0.2748856042300659,0.23006737519005893,-1.2093269220173135,-0.17706270441433813,0.26853111914883804,-0.22765240752280658,0.09459476673545775,-0.6455431921640917,0.28306831417888234,0.6864376638776282,0.017192861959774618,-0.9722844283382419,-0.6377172303356813,0.005784571090423747,0.21893335016176185,-0.06236777079937508,0.7636173641471552,-0.3227953877536185,0.6008824163201476,-0.15845769501837478,-0.17199901747466403,-0.5329465408611898
-0.2556710143694586,0.45500736615126,0.22892246840466898,-0.33835563397329954,-0.35356739373887625,-0.2656120295561412,-0.018877290491671084,-0.027264975318012225,0.29528519386663643,0.5077521470800368,0.19713256400899792,0.9524015266308288,-0.4241007450561998,0.08694854598206526,0.0012452479725941282,0.1375784674939824,0.44983006704420464,-0.2306464519474504,-0.05660321144744493,0.46749918811649466,-0.5208618406385876,-0.3349609983438312,0.8345734652165142,-0.11386672311701942,0.13630332830893965,0.35873205440137723,0.0019800829279518137,-0.9434901624405081,-1.3066401689090936,-0.5770432220789253,0.5019915540723456,-0.5185216951566326,0.5710355938390193,0.6639102912409667,-0.7827857914842601,-0.007529596441178753,-0.72815559553037,-0.17870503707407775,-0.10200804868415408,-0.939969752082767,1.8663353358647292,0.35845497349664923,-0.2899624755510738,0.3958802744612273,0.21912576045189797,-0.9763005265899598,-0.6301766126605326,0.6079667189429128,-0.11456145644962161,0.07556649345364158,-0.495886718641305,0.1416297692724054,0.5677129082867737,0.17764713425681122,-0.4405072293397928,0.26095621029313165,-0.23552172103633967,-0.017296922136357196,-0.22042847187096853,1.369831802347906,-0.5744942513088742,0.2593356252755835,0.45116202534498007,-1.0882945411160918,-0.39533331491404805
-0.15747385807469597,0.17913543103149504,-0.22989970073806115,-0.43933643174393205,-0.4683820412791835,-0.3128308661567634,-0.5237413465407508,0.1955950397342091,-0.2236894096827079,0.2048578992224659,0.11325242591946699,0.17447770608246116,-0.5431577416341711,-0.059259383143506976,0.2092046636725406,0.47386282306745103,0.23934853697167835,-0.22462235038323863,-0.0799242121019674,0.8801460628736821,-0.8153462037513896,-0.7079690420395846,0.6833347113181617,-0.3415043605414544,0.04454792173094583,-0.435544293381308,0.2851946930297933,-0.7555256007357116,-1.038440587492303,-0.5806357984327466,0.3394813433112407,-0.2031628906097202,-0.25266826476907367,0.6966358729872036,-0.16282051552711338,-0.10680760121268888,-0.14645579863635064,-0.12423794561368237,-0.0011810682520595195,-0.5211385148925425,0.3667456594693055,0.40271947103951183,-0.489136246308022,-0.9037465322375079,0.0653135103900597,-1.0563796771314216,-0.49873053636242337,0.2731419985100329,-0.14954281414843704,-0.06813690982552445,-0.5233971014810574,0.38545367944550435,1.0662471026088005,-0.389229744096793,-0.5543296030056325,-0.10634668708485587,-0.33844083468236724,-0.5643441553494567,0.21738796481514247,0.7741147426016468,-0.9566917209870108,0.642101547962366,0.5472688617386554,-0.7264242269602824,-0.3502533151119409
-0.7383916548008468,0.0050403024999611384,-0.030708898398394004,0.9522024388157678,-0.15765590010634264,-0.2891905595755107,-0.310806045418562,-0.14311332595538237,0.31262207281618476,0.44625248125616024,-0.07228662175210088,0.7045339018243384,-0.24311072136126388,0.6319235394708222,-0.21577296012793762,0.18256041344025598,0.625017501679664,0.407048540415699,-0.1444362524959501,0.0266635671350436,-0.9686942485542337,-1.1585136121484523,0.9465084792935932,0.04018539236408586,0.22153968366191545,-0.15891772478464708,0.852937702121332,-1.0869516377974238,-0.9881001243810879,-0.4231864111424877,0.577518873433776,-0.4851461106359283,1.079651659246642,0.8525756294580782,-0.5386228919561857,0.27931096490110224,-0.17930681444917085,0.3313253564965212,-0.23766142086565858,-0.8977551139013897,0.6512141099712493,0.1527934245850033,-0.4622541627771103,-0.48805297084065946,-0.37627503099756054,-0.6326439899069004,-0.7466706936093308,0.1307647840209084,0.05764966160996108,0.07658366506462463,-0.6889338560668893,0.1666471259168937,0.5968027275394099,0.12919511084098345,-0.9105404408511136,-0.12280764570763864,-0.32084595086870565,-0.36166557712629377,0.029854456812014714,0.5658889249350452,-0.10373014073824302,0.2863142783152271,0.4303869723852408,-0.681483470220106,0.1654922792074767
-0.19426578733399574,0.2237542855501611,0.33720716357276903,0.2849142037478141,-0.35772251723724,-0.45793799516692113,-0.41026512689772493,-0.7331211158098335,0.16020724078773985,0.6426165454459435,-0.6196064995556818,0.31454835941000076,0.022807504850904825,-0.015975023273266026,-0.34008893235729715,0.18120327373156642,0.8090928372336497,-0.29158066222717294,0.1659064052824345,-0.05463803402335132,-0.9102024006563608,-1.109068971534988,1.2085471007505986,-0.5415665347797435,0.030759027547141805,0.14344139598779496,-0.21302837572690092,-0.6262502149701326,-1.1228145613345581,-0.5111956072278291,0.5586646747586537,-0.5120453490654849,0.2896638238777849,0.8999942741427462,-0.41326555317105473,0.178162288287714,-1.0629411611617374,-0.06012013626923735,-0.510577388095457,-0.7875530896430446,0.2534509580495926,0.5155388418526071,-0.47022446660158174,-0.7976452414419752,0.3279931560677676,-1.1007455683635634,-0.7785984603172261,0.17040339296663917,-0.2831976585145288,-0.04828679319677803,-0.7587349919449742,0.2869430397606425,0.8441981006501665,-0.11430810632661444,-0.11739596537825563,0.3979308148962334,-0.3157409142344066,0.3444766523458007,-0.20572160092493025,0.7931842856610858,-0.2881928051888057,0.1980547714170161,0.1327320032594736,-0.08611127946689931,-0.007031342801464259
-0.2805526523410615,0.6333816587586368,-0.5173461846737373,-0.03586482700178003,-0.5085957491354006,-0.31786748959592975,0.043311170098108226,0.535561018511501,0.14784779332677053,0.39693803008972744,-0.3131482638890443,0.2761939080333229,-0.6746043557209358,0.18505972065482312,-0.3574072401020553,0.47032418218747396,0.37148576660516297,-0.172909044068613,-0.053067401394462026,0.8249633054472724,-0.5855852029472545,-0.5231842833676112,0.9103559251486322,0.10751722712473318,0.10090711952744526,0.4336861484335143,0.23412282585697208,-0.34974255489745393,-0.7929487871987153,-0.7491874451932375,0.47977370962019744,-0.26680818792591743,-0.39720854211024104,0.9322748887285929,-0.2120734151409683,0.11656771997713508,-0.22980577515012637,0.4112470093872381,-0.1990488280646059,-0.484065460350712,1.1371383776645776,0.3980769267605507,-0.4263259459739767,0.05036117583385518,-0.09214784558640388,-0.9478033759790508,-0.4948602186609489,0.41315096993477624,0.1897087383486837,0.28428887063989416,-0.49840848219271955,-0.08440993550894517,0.37579600166211796,-0.8735807045264251,-0.9433023415811874,-0.4241403471709268,-0.6152083569855442,0.567428504087704,-0.40187520249935205,0.4144864285185961,-0.0315901805398988,0.4556534856497112,-0.055332295161581745,-0.5111992928554444,-0.3010008960686927
-0.4924467515410645,0.03229919046897339,0.13400846990750295,0.37282717142782473,-0.328301754013205,-0.40580774486630833,-0.3973605151396471,-0.4927855823423745,-0.3865652501001861,0.652941617458145,-0.03416731068136826,0.2747123324891307,0.08904586415370713,0.20992132441515654,-0.002242354756818367,0.16966261855590528,0.09653805402527502,0.3229641515066234,0.08655387774520307,-0.33586677366321993,-0.7578211117376754,-1.2284865827422773,0.9734006803482669,-0.749928195638281,-0.002695051656207925,0.2468324421253809,1.0334805343004658,-0.3814129719161463,-0.49841290417500583,-0.5721047551728756,0.6071258588468246,-0.5146141902154161,0.6558178399149256,0.6546236010063196,-0.1794156739213188,0.3012431628580603,-0.5753824349660105,-0.012714017226671287,-0.3947069542344135,-1.3497087571465147,1.0463282688077333,0.2380126394778725,-0.10901746186221004,-0.5174583414108229,-0.26599779759273334,-0.6050520491145823,-0.8528638797686976,0.05998113106881489,-0.1354329986916511,-0.18733219954527844,-0.9898745850522718,0.46355214859589217,0.9604943743138378,0.40617173772260673,0.011664872477435924,0.6988654571689609,-0.35388030384136543,-0.04455481665252684,-0.2013744229339459,-0.024191637387254356,-0.8764114603856452,0.5734957229641187,0.37828192002391964,-0.6628367951546534,-0.23400908755093583
0.1660623584062937,0.21975752439093846,0.3602283836082786,0.33188043737324513,-0.34331339923857845,-0.2793027959107267,-0.3719375525556601,-0.09428825231221499,0.3249655330698362,0.6612175282102183,0.06485990458579274,0.5706401033319496,0.11570515013675223,-0.14468971338451156,-0.31521025775261635,0.27237308686562156,0.8745614523219667,-0.0268121947470797,0.034061909269137845,0.05411461543719446,-0.6961891176062294,-0.1672668284661439,0.5625097903098527,-0.802431390250042,0.3565376558471641,-0.22144039738094787,0.14047612116495334,-0.5788247488214766,-0.49095598953844327,-0.38849816986404445,0.6207819577346522,-0.7422260053917465,-0.26851416325497945,0.9983876155234521,-0.26409296082420225,-0.0243907951804646,-0.45649890105361957,-0.1406974528532244,-0.33574862867418814,-0.8840226305459823,0.3752496965345967,0.30497038889546274,-0.2897134708480147,-1.1223300929582916,0.19425022291122873,-0.8822367828600411,-1.0511348507416092,0.4641892817340663,0.14216987917821336,0.13738498410959388,-0.531433734005283,0.3634239163644702,-0.008575041054422819,-0.22890468192068927,-0.04019879526190942,0.568124877447965,-0.3356285097094902,-0.07536314372597683,-0.049042049611272356,0.339648679752963,-0.14500338322973827,0.32953316136956595,0.08144650980089375,-0.33403304906277553,-0.5195891106479038
-0.6603137517268787,0.18869244052536616,0.2494208107086928,0.4050566846292334,-0.27328896183747564,-0.43002122038449103,-0.267355181038602,-0.28320539679899803,0.4134059804679333,0.4469422209024845,-0.08232364595428993,0.49358226320110987,0.2964603743205165,-0.2236213221765999,0.019314246388491753,0.06180169170059523,0.48447745716035145,0.35228264523601466,0.19260173921216805,0.2668065386500357,-0.8773042381303526,-0.891529198472324,0.6267681291184568,-0.03884546879817013,0.31513829533533577,0.23402533553849877,1.072458379135753,-0.9042692099390683,-1.0985302270814674,-0.49994228504917115,0.11105000739185872,-0.4336925956549882,-0.3972522667947769,0.7955068474587838,-0.4623202750583724,0.0048947493304949685,-0.5967197307097614,-0.12468574536433275,0.1273419865932673,-0.7620456308693543,0.346319505774201,0.3163362495088806,-0.22819230260295176,-0.20943696855405788,0.5459596456639356,-0.8427536933682753,-0.0755391232849462,0.5701487811565498,-0.14160787327458924,-0.05315529707939744,-0.7898567140905666,0.34485490800875623,0.7297316659082483,0.045615084255788155,-0.3863842674521684,-0.02293654115487779,-0.3155150481654408,0.2617003426817447,-0.08451187435109095,0.661703703440649,-0.42713922703342555,0.23398941256460487,0.2514064792921593,-1.186067476594225,-0.6324499587426022
0.2131391142369099,0.3512165630754669,0.012462973059332243,0.11630790522707862,-0.3929772490297176,-0.4728174190428824,-0.33593504698259974,0.06795912440673116,0.3225646379849185,0.6878177417277693,-0.2827382603762751,0.450289859565317,-0.37338793356170547,-0.5750601222748657,-0.42233576607210027,0.3970637673880931,0.3255723116203304,-0.5612837625391365,-0.0012078118034647423,0.27560641645671946,-0.550264617694523,-0.6116382749023022,0.6460354652804382,-0.46997125308907706,0.12633008117286604,0.5701801408896118,0.8494291500760316,-0.5104947741539929,0.052590119549968346,-0.5907034450707105,0.6819655996987171,-0.595697729435033,-0.6852423079460008,0.8396159832186669,0.0066966795293175105,-0.02827549520250562,-0.47149943226052826,-0.13287494801422525,-0.31629181287388686,-0.8808181191726153,0.4807995167254791,0.6025886693161647,-0.4580530677413603,-0.3533530625588671,-0.42357348016669566,-0.9223227697426362,-0.6272149484453722,0.26219161748802244,-0.17803573698046032,0.425678110387851,-0.352921004551198,0.22102365126925955,0.5640780576978361,-0.6317665120006078,-0.38904225592029945,-0.026743885599257566,-0.26931659355884835,0.5006155327348701,0.06879869691918321,0.3112378511866582,-0.04020178323449102,0.4758217447397517,-0.04917780116394837,-0.6094478915439971,-0.08009319333611863
0.6063730077451287,0.3622473148606721,0.3105894590931848,0.31382306816181893,-0.5294980295365156,-0.22528165964097885,-0.4163247139140972,-0.2134440521355283,0.044070573071120056,0.5194033305334257,-0.3366277627172515,0.45201877760780546,-0.744172611162807,-0.17770401201950398,0.20724314414055262,0.20498699022309402,-0.006410663056479915,-0.7095689254042605,0.4344051390538979,0.6460834106878559,-0.8276980599096739,-0.7971674988863579,0.5133819526444353,0.3689529434385934,-0.1771432669232455,-0.24086324174360377,0.4033882257181653,-0.5943533093410853,-1.0521167535676914,-0.5729094783103669,0.5825784146215613,-0.23993685071409776,0.01486378829439624,0.852800874692255,-0.49432074912610546,0.007083995079776542,-0.8420905471707092,-0.14377818900738193,0.3291214083940719,-0.6154067032841322,0.7748340008458272,0.8740979514456403,-0.4458733883098072,-0.6079006955392038,0.16090712123462644,-1.2135325928905405,-0.3262632396497485,0.4246261221656302,-0.31703720252407325,3.1942157477413136e-05,-0.10448110733869898,0.07794971427739716,0.8951121053979022,-0.17107652791311903,-1.0995268301445495,-0.010641258271308351,-0.38851024439108645,0.10198413433615997,-0.03669605783973596,0.9716711587879312,-0.3152885223669403,0.8653752064520751,0.06042254757835895,-0.6501534987601852,-0.7825550950086294
-0.32602969195273646,0.15563103113760693,0.18135576299281977,0.23781613417053163,-0.49564610217987437,-0.5129431754838765,-0.40724734669086987,-0.26359439815015,0.0877892592194252,0.6992737295348644,-0.1740378710728595,0.42494829736303896,-0.481863367628493,0.23686758274899727,-0.07114977798153285,0.3384494497410596,0.18839663990466807,-0.04766789132587755,-0.17885912301463486,0.33904263170789284,-0.9773460006447836,-0.9945448734085393,0.4067135158817073,-0.3824982313655265,-0.15024568434034322,0.35618252678669177,0.6546438902809455,-0.7645765161689075,-1.1301504157063276,-0.6486575819831663,0.8568758609188457,-0.5730103134054282,0.07374184806372916,0.9524195672448558,-0.5346203101589465,0.13103113553735712,-0.2549169086020495,0.19146216645430092,-0.15214491462926588,-0.976796582860797,0.43608852738860265,0.3991355509393038,-0.38424106200008534,-0.4656246007172958,-0.002237008840754888,-0.8382033699089639,0.11572984309685157,0.43091704797825403,0.098234184971848,0.1094179434286198,-0.398886865057406,0.2665396758766614,0.9169429195912737,-0.4375941085943545,-0.6458935565097484,-0.09925649450556441,-0.22239725590041054,-0.3493002983283075,0.18606933729947603,0.5118094913238491,-0.47363290607840336,0.16481603265592204,0.8586297331392648,-0.7450066910355547,-0.7423835065129216
-0.8095908203952286,0.5198162091082112,-0.11469365750735282,0.3510488470412779,-0.3306005130417788,-0.42570949808912156,-0.19141965863118957,0.53982587332921,0.22739971662062686,0.6149564922782438,-0.5170718523164947,0.6291733930794414,-0.12083467357760334,-0.24621477474993383,-0.20243714545046215,0.30771127325553177,-0.3618176226711247,-0.5994226663018172,0.044975964327092346,0.036331362506788444,-1.0823005677617341,-0.25744443234489356,0.8830688820982012,0.19106949560633485,0.07820213741787514,0.3082287418001194,0.4270094704240699,-0.7431855378099695,-0.7293730461457621,-0.5222936180016712,0.6283099698020553,-0.298633661180428,0.04017921351684343,0.7369899109641024,-0.23147975934610618,-0.08448081953092403,-0.26312599133422065,0.4894517747481993,-0.2667981841515401,-1.0872537367290525,1.1260730038735671,0.6474724242799631,-0.39269431694945084,-0.08603334964489281,0.21619535671567208,-1.1406222266303863,-0.29207480480909076,0.31549219327764116,-0.042858196971555865,0.4133983053525109,-0.5425191517605462,-0.03415703155341364,0.1344274345758318,-0.2491247156376621,-0.8697809280129095,0.15181990729797828,-0.2524409081897305,-0.10573747229138838,0.3510771439856229,0.4476032560389359,-0.42806220182947985,0.328666574257486,0.15187711295538703,-1.1600681535168973,-0.5417326258388341
-0.2387488335135893,0.25756909106766884,0.08883145583574688,0.14856357493726524,-0.5708469330756354,-0.5470342591068484,-0.16632991746285392,-0.2783170117280774,-0.030515293122761612,0.6319347785687639,0.2653628359610649,-0.292050019768911,-0.3780848665553671,-0.16452974899667355,0.03039094457611692,0.6326359145432047,0.011558924289213443,-0.1833639476613812,-0.06987677073472824,0.3761107761546463,-0.9362336782476455,-0.8024497522385281,0.6896537109682439,-0.8358618242566437,0.41322236501151555,0.23621009087321312,-0.2503829307017027,-0.4583381388711332,-0.498620240964875,-0.5301217783227078,0.48875788559477007,-0.36216529426418986,-0.12639998614386788,0.5500632604549611,0.05268870778317005,0.11482410104424867,-0.19434206776217552,0.17953760504515937,-0.0162507199146653,-0.4174542443746048,0.957237320574583,0.48304344874411237,-0.3614998883005392,-0.5865012372922573,-0.3366100001505643,-0.815675514024346,-0.03397479162987002,0.1631490528086694,0.16659792642008336,0.27172102843547496,-0.3192947814235371,-0.3059968016656226,0.7803720463876183,0.09844463987851408,-0.1531168203510745,0.09240917321889597,-0.5037795347029089,-0.07651975333632642,0.20370422345343137,0.4740145534970071,-0.27986141034605594,0.4663503639948265,0.22858217475421305,-0.4350226609329595,-0.5745297341824372
-0.6290291936634149,0.24758641893800276,0.0760439733220832,0.19415855979863847,-0.28845085093024625,-0.3489328320185751,-0.027512088396972386,-0.23214273382565692,0.21421477237992245,0.5594219794462281,0.43190912455589475,0.6965328840521652,-0.3892725272724733,0.2571103892327914,-0.11787400553797979,0.1796956816576463,0.22812893659030153,-0.12143886416703654,-0.18164405099725983,0.5473467493100266,-0.619383836859675,-0.7018940626115122,0.8138262339533523,-0.47059135448737316,0.012893563702350286,0.23949590490050646,-0.026658705101523416,-0.8329555538006822,-1.2655348456374602,-0.514378002354584,0.28853661621410004,-0.481320451536026,-0.36656875584074333,0.6401389570505563,-0.48741968890038456,-0.37788517954956774,-0.5384674888675234,-0.180067933422446,0.029184005913942865,-0.8358510735049247,1.3340503183167018,0.4569384168886887,-0.1939215352576876,-0.39595245539637863,-0.16141467787342512,-0.806547867393882,-0.6739430622786032,0.2321227474500118,-0.033125508930695796,-0.14943653410650112,-0.29733779488405904,-0.0702248027271845,0.6329017951793885,-0.40714296614217527,-0.2682902279634642,0.0766063937122704,-0.20345142073432126,0.2318752011628089,0.35363135423522285,0.3433326585377156,-0.1927729001549287,0.5942393499761145,0.19654155588678351,-1.0849237393809728,-0.5463589642029563
0.3494323133479877,0.24546994788495746,-0.04607802918649546,0.0013362950473520888,-0.5518172320203796,-0.5271800762716103,-0.04986099022856359,0.4839422138746902,0.6131667066824196,0.2861236739322474,0.04077651483762409,-0.023596604619902622,0.43791113971264484,-0.25593009223121227,-0.5376787718228387,0.20137770383553852,-0.11464095758460607,-0.1873579494869466,-0.10764336626441137,0.20170236762449317,-0.6744755127930222,-0.9642009646385715,0.6122470345158548,-0.26631900466583597,0.39010270031092775,0.35681477786392696,0.17257355744685673,-0.27435813597622116,-0.3598730840841127,-0.7812551869223638,0.5023387645730808,-0.4043642962550589,0.006532732194408725,0.8641152240015608,-0.09235355892729605,-0.1517596180397551,-0.0826536664904962,0.26547145712998654,-0.10683589326174685,-1.1384365009702353,0.8069745814056288,0.5115727037566021,-0.49305156514715215,0.08410020834359647,0.13580432883070787,-1.0760359509081936,-0.014640046216135356,0.33030770207543797,0.07496321494741678,0.03619103824673463,-0.8493186744965202,0.3324045641109858,0.8026392746849401,-0.08000574942424603,-0.6633029438094726,-0.13652114079997313,-0.3084660467229752,0.40444741445008636,0.025173620601152306,0.45455374674736687,-0.2968568002106303,0.35499851036752333,0.0021984969823225058,-0.41314274209308616,-0.760549957408313
-0.5901916083600841,0.3126310201614457,-0.07467407612466453,0.3347855179853021,-0.6284205331304005,-0.6259732745291449,0.20017677473139361,0.1691653621133966,-0.13464190280944846,1.2083806812739768,0.101995229931703,0.9837441644836435,0.0003418704102184575,0.3866065509417384,-0.11531719955121461,0.4745280976879175,0.5497476179399339,-0.2658870986374913,-0.033672708258533954,0.20376470211518288,-0.9292400016730734,-0.42566213708754264,0.6794795006454869,-0.14080225062952256,0.2761784082995261,0.12349049309773508,0.22488606253022964,-0.7415428468178873,-1.179139065408347,-0.4171140583125149,0.5152798402616744,-0.3318723885402302,0.45392091187702754,0.991071792173297,-0.05924925578806551,0.4140360680961676,-0.1783170515038484,0.2577910451403557,-0.27230800370136776,-0.48554440121451403,0.9677349384105772,0.41691767165571697,-0.4356209913365755,0.13695994202533734,-0.032439194092616794,-1.3163642170213083,-0.5430842769133855,0.16704986318389559,-0.13083087347483824,-0.007309467514277301,-0.539697794625422,0.24312117199652436,0.9341907581504696,0.2614106606882917,0.1231013104097903,-0.39655115513637657,-0.20504736922591094,0.1773851467322119,-0.474623057224207,0.8064999757449273,-0.6233226716368233,0.34562517096166295,0.5597950819326528,-0.8235558059939432,-0.4283278478188372
-0.27585451269151917,0.3071915139505026,-0.06576462787412303,0.5663415946900021,-0.43727153888900316,-0.40261429923881475,-0.38394370821424373,-0.0009886833280638857,-0.045186086706576464,0.4987341393168881,-0.5400100633895127,0.5446926697612158,-0.4971754657187066,-0.3249402257863391,-0.03972929459333994,0.47350087293034815,0.7497414179140665,-0.6397654506509964,-0.009012386669793218,0.03763699277923539,-1.1882669770916228,-0.6295588948632516,0.686455180825188,-0.7279566790754214,0.12112944033762853,-0.25206860883020266,0.12387429082692233,-0.7214239912148324,-1.1354844672381204,-0.6001833320241943,0.264137964739289,-0.7678198278929598,-0.1619309363278755,0.7461740216446313,-0.390593137937881,0.08477037751499009,-0.6182247984143021,0.3309230273967384,-0.4651551323473929,-1.3040046825741067,0.7830070425078693,0.5498496580043496,-0.1297449254014882,-0.7304170595791241,0.3658642427439436,-1.3219275434453053,-0.2631431526384843,0.019029410771499104,-0.3189504081588284,0.10018475175786389,-0.3254949515813146,0.38370152260715185,0.6210674228185333,-0.5020555612263304,-0.4224434797794222,-0.36935147082033293,-0.48078486064242615,0.18516335644229934,0.2649449220711367,0.32802003388666257,-0.21914563685984592,-0.07686321463087238,0.13173564026065765,0.19245736688568765,-0.4099619905743301
-0.292579194219217,0.023683215508262502,0.11408545864342326,0.3959512054876607,-0.6154434737531508,-0.596398994396685,-0.3763717213705877,0.12768977009161162,0.23682105465572806,0.7284453345177456,0.04779242939181439,0.49206854568186514,-0.03448315452989882,-0.05548417090869217,-0.12936457803803283,0.2954534497727405,0.9226355146827536,-0.31552388542559157,0.04516290865392768,0.22507241937831882,-0.8763556513129643,-0.8610138700332267,0.731776984375755,-0.9757870486674408,0.2459224666408947,-0.1591166986183239,-0.11120749436160651,-0.423684294973392,-0.703764025585188,-0.3686293944093249,0.4028571976652552,-0.7375752314930231,0.11407679991458178,0.6522759566845711,-0.48022475643312446,0.08288731526809626,-0.5650155797157688,0.3646104551151331,-0.4687594323569069,-0.6244671437654835,0.6328559819962246,0.3760471835621196,-0.22957844950195055,-0.6235605404303153,-0.3030941816541563,-1.0474567258834673,-0.1751743280277139,0.2199476047917856,-0.2780117490331494,-0.1267595212460632,-0.32321670584107864,0.19139621312795482,0.4961087100106061,-0.4201639483604361,0.29378164568622744,0.7298865888112186,-0.09341879246317314,0.5502278273351607,0.12958554731552105,0.32552390125490166,-0.5164261939537884,0.533461000925142,-0.14023375538853103,-0.5759594032066945,-0.6290922286732583
-0.712350135939661,0.3035693888940693,0.12473748274050749,-0.5133048145405589,-0.678252258154836,-0.46815933718749575,-0.23276185730378585,-0.32284874958762666,0.8647140452395267,0.4856318366597314,0.18263366316225493,0.5458960574211745,-0.23082232679307554,-0.1151290308863685,-0.6649299122803323,0.5397919286615784,0.2216857078716598,-0.5883671842081413,0.1301741744700778,0.33694026860386533,-0.8375442061555587,-0.6811956111758674,1.0425513036986935,-0.24563323359483438,0.1946427012324612,0.4563894886280021,-0.012947602394143616,-0.4176845891313115,-0.4903284932388848,-0.6538628415888742,0.5697733906629604,-0.06085721047914208,-0.11566344499380368,0.9160940913680036,-0.10217819866499855,-0.005222875260337722,-0.4969880825881748,0.08481363823616125,-0.37176587763009383,-0.4028250860416467,1.0268393908977846,0.2076588745352529,-0.0699581294250161,-0.20281767404888834,-0.09855019071515618,-0.9640596851300458,-0.4560162656258938,0.3637189855962096,0.19051520432583727,0.1735946690754086,-0.4993865722488136,0.20135177148719532,0.3945359416452738,-0.3570489894686277,-0.9573112551240311,-0.2647842511381896,-0.2170431022856568,-0.29897768317726686,0.22960698634649146,0.8270911496366796,-0.5575628756141939,0.0001359693343295984,0.45405338272391765,0.08218050394990317,-0.38436075616824084
0.2833137408745469,0.539929272357051,-0.2467561492268397,0.11879752662884407,-0.7579831175793756,-0.2598413092168456,-0.11858323383130706,-0.19025212330296581,0.5938263595939953,-0.06096129946753847,0.571114974445771,-0.13294620431145954,-0.6191709655273954,0.07281835077772236,-0.5717342851695311,0.2612563582646669,0.2983273006831738,-0.2218447080034144,-0.05172443877887261,0.5674299651264455,-1.0433819278803966,-0.3459127606499364,0.4651367998525663,-0.4095376762721019,0.29227850677513106,0.21789340420773776,0.4566248144184867,-0.3856210475047198,-0.5362164521683628,-0.5429767486649588,0.9501733048583327,-0.4059442367233756,-0.7724627017779324,1.0719473814014877,-0.0706977163935074,-0.08353046210864859,-0.3712976971752261,0.5202186541485271,0.24889871303404443,-0.942506133513109,0.48079237869573804,0.5524851665709481,-0.14158371404785428,-0.36059136286754534,0.7905226684802954,-0.8398883120353403,-0.16456734919024274,-0.03936826576063272,0.12242735870744662,0.23357706199124756,-0.15690759839523274,0.3047889552035052,0.4640983048800499,-0.08017141336323386,-0.04413569225944488,-0.5483166480987188,-0.3340777654619408,0.18417909258555756,0.39324004518542827,1.0241999981718113,-0.38157022087143894,0.6168127627338809,0.5042050557944853,-1.0376217939733279,-0.9185654117229536
-0.5316029264858242,0.4353556998540927,0.3642033509643311,0.18170860407297207,-0.5586313925330221,-0.7233804076500184,-0.20648316200214337,-0.34995020690007994,0.16253319942341596,0.4841930182068202,-0.35713283669634227,0.9351057638628012,0.3699026832800707,0.45140244184567263,-0.27007977648794784,0.40725511103329604,0.6263896913466794,0.5264900295258024,0.033805523853110225,0.206239415064123,-1.0780359460430604,-0.8188521814781662,0.5138133524087063,-0.7856996388893359,-0.16279633297257368,-0.12040897313575985,-0.050153658928294514,-0.7931025685972148,-0.45051724687424405,-0.3913749539791148,0.6694245813562562,-0.5122769681046393,-0.16403045946221942,0.6159568166964471,-0.37005819292996006,0.1368001507630087,-0.411420943357737,-0.24828359629128868,-0.019934324101535332,-0.9271893885875039,0.730762340399881,0.38541033826965865,-0.40384768580141744,-0.9240993054430483,-0.6949170790459857,-0.9466646923869758,-0.5253255171558707,0.00927378145171738,-0.07206302215709931,0.32235677454711575,-0.6010628018918609,0.5209561009319927,0.8794219969126383,0.5453103455898469,-0.9446660309958044,-0.09994158356703792,0.1859013160718094,-0.26744758772097643,-0.011324494758466176,0.546905934765977,-0.45706161510747995,0.4853003715496016,0.5191922096042787,-0.59972724685258,-0.7207111807498164
-0.9077487240804376,0.31744553255670016,0.6466834886531408,0.716614675637116,-0.03848728952476043,-0.6234190943284472,-0.05169494196831233,0.10282273866227794,0.07005305868009215,0.631756662445784,-0.18152333282396224,0.8131347633770384,0.734984163682119,-0.042285202784135015,-0.4808253892198717,0.440781275177751,0.7104211503466265,-0.4377222731772969,0.31208380378098355,0.5194170188400049,-0.9842066201168415,-1.068588805848946,0.6318906449874664,-0.8174206741938497,0.038361957203513514,0.46596147158869505,0.7828649670865759,-0.6146906895019704,-0.6028454882073625,-0.5587801661448865,0.5178946669321572,-0.35437454927424694,-0.31124451430700395,0.958586797086437,-0.0004889549054525131,0.28772106335286807,-0.2330036638869187,0.40062085928914326,-0.5977399271223811,-0.4759320132969603,0.20913340115077023,0.5025805211723952,-0.7139958370242963,-0.5151350360950653,-0.2512167644272812,-1.0479401452221295,-0.2815557574304378,0.3685367102106084,-0.006617298024081661,0.18103977715758032,-0.6352007298020532,0.5741613174157194,0.4486572870059208,0.46302841303264836,-0.5533146314165065,0.23836097355605107,-0.17997659219520526,0.5948826932395189,0.02547979320074023,0.528514518154809,-0.4371416401199574,0.05995520397391545,-0.09991921472051693,-0.3968142709380802,-0.40176150964182034
0.1380535455303737,0.18370551192897533,0.21878223304772348,0.689552966246445,-0.3768514146920048,-0.24362784530977033,-0.14915382006167802,-0.9504327675216064,0.20399710920486452,0.6320225163121809,0.11561432374107908,0.571739185303113,-0.26556568070306086,0.17914331472478207,-0.3202251905938644,0.3078525627491415,-0.242636623061132,-0.26581808498078335,0.01615373701513252,0.678541947497314,-0.9381164881411623,-0.7524278213352797,0.8187401662664853,-0.4943422206200575,0.15077587203142073,0.5028390972795687,0.41820637634585184,-0.46563585549806236,-1.1023526422236043,-0.647067985876481,0.1460090048098163,-0.41064274461015965,-0.6755632598232958,0.5096504001635419,-0.14091521781673844,0.25671331973248424,-0.5506058027495024,0.1298059654111286,-0.33646395322282374,0.14597452049663578,0.6087288655976268,0.25275393036219373,-0.5446006118527753,-0.8687176992206179,0.4261606854788479,-0.700403995511186,-0.34839988907836594,0.2734660190327067,0.004504936252189666,0.3917382539482027,-0.3946221361278538,-0.04174644863818394,0.798213298845103,-0.5752332613987582,-0.41624271251680284,0.13825566499460706,0.03592460231119045,0.6613940288778278,-0.35758817012960004,0.7452244395816294,-0.36927771070928744,0.37909226506948657,0.2389384857603822,-0.4717975145522971,-0.5812722196673962
-0.2905289325482091,0.18080507403781593,0.0007905362293559384,0.1113457408627781,-0.5384618053440307,-0.26959963953252947,-0.01839363628583667,0.014586098179876487,0.32310578096160486,0.15836789795452003,0.1329812872567846,0.0884916133715434,-0.16853253368875487,-0.3332849872437175,-0.4902387192504893,0.32672953379217606,0.07788166785861936,-0.7443349412335595,-0.11442686590569973,0.5272714682252125,-0.8158302965442045,-0.5657929350025963,0.9501705771728101,-0.4662354824452693,0.43967915338075025,0.33748540081579553,-0.1209477402577196,-0.19536015726246314,-0.21149229008586778,-0.5348559579710733,0.40005117416815006,-0.30727725190174454,0.16768302015628403,0.797752606954115,-0.13893593398743861,-0.22838033035217292,-0.24081683735080955,0.40667015301848736,-0.3144032250942379,-0.3715250268411183,0.9660567906641182,0.30647119310954535,-0.07236317636535956,-0.04349006736846925,0.056089167643241636,-1.4987004907981165,-0.3829267003288055,0.3703344632236572,0.44639805458618737,0.42871944579652654,-0.4975052543627987,0.005478477290082027,0.5785372163741807,-0.43998503897633684,-1.1671736590260129,-0.0029403157019670806,-0.2809026349787711,-0.17350171639593842,0.26481217388797196,0.5799278812168785,-0.11629887690705477,0.23813746862597365,0.23521908496994584,-0.8509831158231295,-0.3863550165395766
0.004190369064239613,0.437062219689618,-0.027458794830474267,-0.41198709328147726,-0.7276645292366157,-0.42709068476197826,0.08394821453975788,0.3156463248559376,0.19280165271012356,0.3410418406212458,0.36248142463567007,0.25285824998086776,-0.10962278093734706,-0.09010084255071263,-0.11814346731612399,0.4753038479583342,0.09850164430688052,-0.8673939248467226,0.11030971293109251,0.5583134315111603,-1.208932014123384,-0.7373771481089995,0.877587476252903,-0.3667396724608904,0.05334261578170795,0.39942777704942845,0.6040475723388281,-0.8918081423211259,-0.9514791353108814,-0.6897763475896664,0.7515988641089278,-0.4311547678154301,0.37231072181630664,0.8913164547914689,-0.3953421491647634,-0.07980321997919125,-0.6271170684500468,0.39826669828899897,0.16584532979479016,-0.6381689282602157,1.3787197130810225,0.8188539330459452,-0.3377093187352725,0.4649758412898969,-0.3259908795466846,-1.2983673806784914,-0.36864509652640903,0.252473066079051,0.04501127747926121,0.02005820898785743,-0.9058362553404846,-0.012254383493803762,0.833606098637505,0.1484061458720846,0.07402243869104824,-0.031678262879725805,-0.12056305102274414,0.42161849000738005,0.1846292039781463,0.6748696659833172,-0.6043500537695228,0.519042252628154,0.08793435243319163,-1.0213966654970328,-0.4554025328599214
-0.017016733902237825,0.2432997223921638,-0.06208415848985713,0.5836180258435046,-0.3988666006723942,-0.13130108901857152,-0.05276558464046173,0.24077004369156474,-0.037347491353128606,0.8151675354750092,0.5992444090209837,0.6577392824321833,0.20016441623796583,-0.5363888400615775,-0.07613197387064008,0.48187271555797745,-0.39201137221220794,-0.6037802010045186,-0.1385615621938197,0.3433517760011081,-1.040157207650744,-0.8670332062700409,0.9594142393249363,-0.7874835558246258,0.029279364087901313,0.40623934063057693,0.1942097901042488,-0.4424858930123404,-0.7837047133966015,-0.4165036386778802,0.8406232251817608,-0.30901077144184885,-0.20733976376875357,0.9599265094473741,-0.2409971945902203,-0.029405188835479323,-0.12505924917974479,0.07190479322295448,0.05998470902307652,-0.7332711428294537,0.8761733759887017,0.7636280534249116,-0.19778672992849572,-0.14436942966808242,0.4337330432002993,-1.203723700524965,-0.4829924495580114,0.31428655256151566,-0.18981910663814988,0.04273329160987586,-0.3982677196715578,0.054752947121847445,1.1343451481594848,-0.1025262644325155,-0.8343197613721456,0.01932754597142122,-0.21840629686827157,-0.036048544592284085,0.34639555100182806,0.3935313898886822,-0.4206162193600805,0.36172917106478425,0.47697880849912083,-0.48555907314176305,-0.4702590256399101
-0.11641180579518084,0.3847176452744836,-0.292142299609935,0.028672475309143818,-0.6782702334125608,-0.3528822021196409,-0.13638699342601132,-0.21331798150535974,0.6581395683804094,0.22370854799220002,0.26840360298169863,0.2815737479426283,-0.13806547292441423,0.17079108775938992,-0.7444638448961779,0.3561594982669693,0.024340675139934972,-0.3514527616254314,-0.3081684099356554,0.39169660094283365,-0.5680956302166837,-0.8641616632403749,0.5508319376911016,-0.14371815026927207,-0.2038155735238787,0.05488900493237657,0.2768417438837584,-0.6879830388581609,-0.7398703951656366,-0.7657290441277029,0.5048245714094931,-0.43382238340912094,-0.5334603412705129,0.6662944518167686,-0.11307019958840445,-0.00037640807334683377,-0.4671456112321119,0.25969705300695645,-0.3615713733539092,-0.48432376929208254,0.7094753486101552,0.4338808092496166,-0.30535609139357855,-0.1826126891024396,-0.4364834946576032,-1.2209611362345494,-0.2604992427581693,0.14376614760602652,-0.10191630630752492,0.574327247252846,-0.7843250436963612,0.12093866644522785,0.9708998671238195,-0.15961456840688532,-0.6244068415934102,0.11828179712251571,-0.19125546998857615,0.11384867290631841,0.4587937280228048,0.6088178346485029,-0.7269402286649563,0.013963012340355078,0.1827397473559801,-0.848071809397804,-0.4412999248697434
-0.1086701524752687,0.24590416915082577,0.5084711674461545,0.626141163741403,-0.12233523928171142,-0.14463620777505892,-0.23940650911074388,0.25962675189051254,0.12007884546357514,0.6328978165965377,0.11340493281840255,0.6480957512016875,-0.34947446944929567,0.0009279769209661823,-0.3151199074248032,0.41339539595534164,-0.11347688490446119,-0.35893122021951085,0.1241908677528811,0.7780324673259135,-0.9755611483660425,-0.8455840742128475,0.7638961124157755,-0.4913273652096065,-0.04972809470345074,0.6215037726591851,-0.2916212339951405,-0.708733257947386,-1.3077289206288467,-0.5241312950403418,0.320344251622798,-0.2773509640185611,0.2895405961922528,0.5491490483090106,-0.06255030751241401,-0.20050753509234923,-0.2708461698763415,0.4864558052295022,-0.4172507608854557,-0.8774746489866015,1.0053845380491417,0.4149816626525634,0.13785037868664907,0.22551150580765422,0.24082392433905483,-1.161167017186673,-0.8148172998740735,0.38545203905780573,0.14023825012316826,0.010277859702091975,-0.7028274861707363,0.26626752437246193,0.7928851891497186,0.22428833747772242,-0.19158029366931523,0.002099503835336289,-0.21683900763967043,0.6134656115487565,-0.1057154034009418,0.8170816200477704,-0.5239875091670892,0.128697843551532,0.17585871700516287,-0.43316365046234717,-0.7259489358620584
-0.28909553129042875,0.22760755277980252,0.5342308970316416,0.23317074601554286,-0.418038353539638,-0.4090669564146366,-0.4885745197084985,0.051244229386822146,0.17725763347649354,0.6010035097308786,-0.9307685162825398,0.27863102455083943,-0.33211688611380497,0.4011286404933346,-0.5616434164526707,0.3273241301220824,0.49482512599537937,-0.0917417055272375,0.05454113649850924,0.14782130898148937,-0.7811368622335252,-0.5185055423489313,0.8504030687030122,-0.8315804182245553,-0.37767150481632256,0.21246648486499506,1.2425971110800498,-0.4398610842678337,-0.7623011398726446,-0.6644802845854209,0.2982888055397683,-0.6055946452215429,-0.26226707772995306,0.6691850958395569,-0.10383903454066082,-0.16177932735105754,-0.45733884357687193,0.15095096589641843,-0.19406020934823523,-0.8432823410580284,1.0017980717788468,0.22474484164966113,-0.3762921084256355,-0.4708230650789091,-0.06944292878220368,-0.9831229504565979,-0.83049910872072,0.5544656740745123,0.2557610407034719,0.31928290618929267,-0.7059297899865776,0.20273882887709999,0.43811525379838406,-0.4773357730628507,-0.28087281246274876,0.4793951268459785,-0.08368996129826278,0.0683530260578111,0.0568641741845508,0.6688381293313667,0.101591526570556,0.6470602247720089,0.10155462514598648,-0.15031971391099574,-0.6324665707823351
0.914951629321937,0.5189861779817189,-0.03600699724659931,-0.6643465159674697,-0.7087453941464702,-0.32331403465450015,0.2957832431647565,0.8208417818385775,0.14562510997081335,0.4628071163924222,0.51091597732063,-0.02984327508731087,-0.3098831477059047,-0.26867204769140546,-0.3498824942842765,0.8771105477220327,-0.36347552790425036,-0.6439179528749966,-0.20807509796685553,0.18712297214239224,-0.7265275091117,-0.27680485789907383,1.3284014048689394,-0.0753706674253657,0.2699365648433462,0.14195334620428507,-0.34095844474965964,0.01565991840489666,-0.5254481793967535,-0.40884106261968944,0.8965151353712387,-0.4971947372545277,-0.1947612991861846,0.7375927822270743,0.049225047385094714,-0.008893345293489896,0.0983026270830394,0.26645506359022875,0.5615198370567378,-0.8999704100906101,1.1443059038133594,0.40366404198132777,-0.04450177623337893,-0.33496080771628156,0.01803588033949965,-0.9540272307587185,-0.5037362564755642,0.4023876320339844,0.08911458743003706,0.10314916002436189,-0.39329499151676006,0.0639775961931882,0.5893250652935167,-0.9180167965834004,-1.5489700537356381,-0.43139289331978203,-0.32812276499696247,0.5974408722516233,0.15133325927507357,0.2485659680023915,0.05047231193758034,0.3073368323842671,-0.2509132362045169,-0.8612777298348618,-0.022811963044781544
-0.6340665248452974,0.24173849172650258,0.31533364498403194,0.4554457671301292,-0.6264100966657459,-0.6157113516968081,-0.2327016185672109,-0.5461618403018804,-0.06519977609600028,1.5891151327724335,-0.047518344166348044,0.4427663748567662,-0.1597074624692462,0.1158263284455911,-0.24064598911713153,0.12199447591563983,-0.09128699297258284,-0.5925601065953967,0.17175520390976615,-0.15120566222886106,-1.1450059285720684,-0.5018165274298174,0.5832412568685279,0.14823743190882044,-0.16540395729539215,-0.08999500101503081,0.9376700731115959,-0.3808652676199527,-1.0732461539992932,-0.6169100270228591,0.1790010431088052,-0.3039281649228986,0.3586972724826163,0.15195543197908185,-0.33239714326056313,0.14970856216072687,-0.33246716534696963,-0.06225634015873517,-0.10631786015751366,-1.0368736154075033,0.26867594038596343,0.5920640378059923,-0.5473153996304646,-0.13157197728913328,-0.6607792899566278,-1.2194722423701496,0.03184098125008397,0.22479481545834973,0.1399024643210008,-0.10691510144327251,-0.7195797742264978,0.28766576555035483,1.2132475478591547,-0.10799150555943555,-0.7151431966866971,-0.7130529110783562,0.09273242167387932,-0.3200198342769925,0.11788727534087907,0.4706429446628106,-0.1113123136643807,0.60149686114803,0.7836213689753886,-0.07938330983546357,-0.45696975334999534
-0.5898885035685856,-0.07716004674680545,0.801748783625119,0.13240423767693305,-0.2463010737429655,-0.5174819684007816,-0.3383755436625358,-0.191031173383189,0.16142952474552655,0.24942093131915485,-0.4797862067633751,0.5114620766322547,-0.10495683765040198,0.19555160881870398,-0.6976533429468741,0.12702923993910495,0.2678419789635071,-0.6899577050187201,0.19225552668694845,-0.028502831734583733,-0.9554385626971343,-0.687171277187668,0.687576470973576,-0.24904637416545786,-0.15800903028143662,-0.31961769650431066,-0.4100692442932909,-0.24387545367701113,-0.7242825403319656,-0.309449599707312,0.624631138993301,-0.7638893236638182,-0.34888600097042677,0.5586321605939679,-0.37664845623462145,0.10541609319971249,-0.5377232767281174,0.11893787186877851,-0.0068765578374434325,-1.3334563519865168,0.12881735608449865,0.3821842699158115,-0.5586299725461539,-0.8936533092225938,-0.6917256127866558,-0.924803888210359,-0.3383368594708857,-0.03978123812414257,-0.013928672610398887,0.2914311924534157,-0.5056743350429451,0.3352872640872115,1.0832433680842548,-1.0434081241222737,-0.836564627356218,0.5502306290996714,-0.2734634439200061,-0.3324884593063931,0.021028056299795116,-0.12430924626692288,-0.4131457968654055,0.378761665529838,0.5284710811942377,-0.5045081850097073,-0.4540502423963382
-0.18256428233505625,0.19108135059344294,0.7701399105915404,0.20390664680702078,-0.3803868157864384,-0.3339348601140842,0.04434326835310602,-0.3359827267195413,0.29129941660913505,0.7266212652396784,-0.04327120305539474,0.15889975955090768,-0.3253673602135779,-0.01728143781259343,-0.32093494283033963,0.2461758817513561,0.7397322935393794,-0.8023402396399422,-0.09811059466341898,0.008809822312115273,-0.8810727087026761,-0.3910860835067109,0.8746585679315739,-0.9159145311187116,-0.14329310556366473,0.08390554476548914,0.24410352568867927,-0.5675649879294827,-1.5621100854199195,-0.5352163609824111,0.18566848005045097,-0.6238496353043109,-0.3162643304685242,0.5299206840420277,-0.011539417662141976,0.06060159090810368,-0.5745954122439005,-0.13079207052677372,-0.46167806165729586,-0.6967278012117357,0.3656825964678299,0.447769583755962,-0.508072804278967,-0.10046332542282327,-0.24990540139076164,-1.3897114200536465,0.0467631794995666,-0.0942075093478909,-0.09773645863983027,0.6612634253336734,-0.4492057091443696,0.3698145582374904,0.47840330921442026,-0.6317124284253556,-0.23518173699577055,0.7426752244113458,-0.04884311752177695,-0.2727887667289527,-0.1278040895366368,0.2396076801546236,-0.47958399080022623,0.3508884461882953,0.035314048023649555,0.1025395135804175,-0.19278622769781723
-0.285420852154195,0.21547499714293944,0.4187975387018962,0.4564246171091298,-0.4843258445812631,-0.3613828374676981,-0.07767390303624044,-0.32978372587730376,-0.5126371458726128,0.49501254986783516,0.2986733244636975,0.25639674272154744,-0.3279549962512494,0.049004520917938936,0.022755703482174608,0.30603457756331426,0.7102062753517377,-0.09697406431125574,0.14974555193671574,0.47317935383279025,-1.0633349557215972,-0.6241803327651582,0.850322815030172,-0.46994991428514665,-0.03304745777098732,-0.05806356546025815,-0.25252530519651045,-0.28312977650956217,-1.1600436990827026,-0.34522522427692437,0.34532466233880393,-0.4536336812345458,-0.03694190942625133,0.6454861101361459,-0.10008287092096281,0.0054208256623973355,-0.4034322367630272,0.1003861396346971,0.3588506879277733,-0.4533102774189338,0.2261484064829583,0.5052740485806123,-0.4801620194707684,-0.680176588572414,-0.4508631435221655,-0.999879375438931,-0.2763091528805674,0.4188091082429709,-0.09579480717605454,-0.011055042642428535,-0.1444668809833533,0.30362527847151566,0.9903445971230922,0.0017862431915633484,-0.9253506023172701,0.4615766042958527,-0.03137223258104005,-0.4442607931118831,0.4111067334160577,0.5125215684926452,-0.449853081229439,0.4504958564495343,0.1877073000848351,-0.8303013964503907,-0.28820411585631667
-0.28106551887866255,0.2912624075114245,-0.07116530917425902,-0.42553364256878146,-0.6765419005412198,-0.2302832597817325,-0.250278244886301,0.1893361052391908,0.943345262347969,-0.22430968038590854,0.010053289365024726,0.4214582418858893,-0.5950966858563943,-0.13329333612123428,-0.48028968849306763,0.7152625574392494,0.4173659559066279,-0.8934539709366874,-0.20945051134072448,0.3930386352938068,-0.7378568701291396,-0.2591282513429561,0.7720478398397798,-0.5259901901437408,-0.0010198064464425893,-0.006046915468549132,-0.38475079353713165,-0.33160909883370776,-0.515241097313178,-0.7975383214133993,0.5014727526792108,-0.1950774498959698,-0.6907058707890543,0.7404938348501229,-0.09861330846224318,0.2058727279164821,-0.3354070601238514,0.16620206317617592,0.03897442466942718,-0.1884984537805698,0.8511601119888632,0.6607748789284752,0.009837818031292755,-0.7571467659405887,0.09889368698256792,-1.2857030998963006,0.1998698292781728,0.280964329677405,0.05662895062641296,0.36671448015309605,-0.0922748951396143,-0.03048915648900987,0.4380487445018821,-0.6065330714394717,-0.6370852637776364,0.27144215179319603,0.12177597984010007,0.0064416770368787395,0.07908884917322244,0.815561063634191,-0.38538120179115093,0.18207733387314798,0.5321887705529692,-0.16775073960848352,-0.2750979440477591
-0.6835275114533481,0.27076990850561455,0.5522079251280201,0.13993521939230957,-0.32118618729247334,-0.454762235519607,-0.024650599793495,0.14708670814753722,0.03967815743233538,-0.04972861098598304,0.22100189823112498,0.5352822782925186,-0.08396377293736315,0.14774745183885668,0.012323427957248962,0.5102678743812384,0.5150611696993443,0.23073930351826893,0.08055612263539827,0.08480288618290543,-0.8108936143712229,-1.0641481392136736,1.1805029811324954,-0.8464364190456953,0.2192028816228606,0.13537971057961987,-0.3822897082678206,-0.4822187161037197,-0.779548145211769,-0.7450769243259181,0.6030106317584903,-0.3646758400428996,0.6011912758963017,0.786409262223178,0.012160846430470489,0.2468464763283046,-0.5520983198378091,0.5426346830249658,0.12274096841899892,-0.5477413515598252,0.7859199743868899,0.4531460114606779,-0.09996608930269017,0.033021721170200476,-0.21192250375262642,-0.8947866789961122,-0.6230239565494092,0.08199971868340142,0.23969056179362677,-0.11579702429228902,-0.42530878701039476,0.19349979327543051,1.0525731435600694,0.2466200855292691,-1.0642241256379235,0.43553275005907305,0.03492172178506826,0.15569867163256595,0.16780019463701484,0.47334129919137113,-0.5626567420922867,0.2814871089843225,0.5043123981692688,-1.0003838169808832,-0.20797702500905718
0.19688890075260973,0.12934517613031962,0.1469153490377874,-0.32500433111560056,-0.7226666523569782,-0.23559850793533574,0.2761593046992089,0.26010832051531657,-0.031854308061507644,0.1593110328354178,-0.07171230813992278,0.5002952569118827,-0.9651589496135639,-0.1374092778784444,-0.4534365461094435,0.5390364592285145,0.3874236306553976,-0.11036708307109902,-0.13629216073673947,0.13158278631009906,-0.8739781386292381,-0.6057083984109177,0.8123812572066245,-0.6931793463524529,0.03729805216069347,0.48492439255205994,0.22361836803192345,-0.11115067606013959,-0.34026631910663147,-0.47818484227593044,0.18337335314880704,-0.5735101954760031,-0.272653517538761,0.8733662955911307,-0.20810701540112497,-0.051540610141064876,-0.0639514464580643,0.33437704915587724,-0.3566021187594008,-1.0461417891405191,1.019097503742078,0.5562692630256545,-0.5789861333556546,-0.49154647443872035,-0.2867118249859074,-1.238605049084729,-0.226079119481793,0.22342183601266286,-0.10633061931435628,0.054405242054402385,-0.6021966382675226,0.18239056230333822,0.8886919775965778,-0.22323145838133632,-0.13083244363881466,0.8907820743627783,0.08050729984441915,-0.5671976194136961,0.12948497426472663,0.41795857146129317,-0.5074390460468754,0.18091044374273874,0.29152688904664587,-0.795035346415285,-0.4913654583482048
-0.11921740063989816,0.5350289961539904,0.5244331584518912,0.2797818493286129,-0.34518045993619123,-0.447504660135347,-0.36485833280842106,0.2233628414728255,0.14007414771785467,0.3347594611676043,-0.20106047113311748,0.5709304284637592,-0.39647878262002856,-0.16215325933438504,-0.027973838889012732,0.4998064473182713,-0.03749073245084977,-0.5296891938628484,-0.15668454102654586,0.2626820673883784,-0.9364649327744498,-0.07081062308695313,0.5765154982893097,-0.47321356205229015,-0.21807632717113212,-0.11318866522464686,-0.6855084470473432,-0.4707273597699513,-0.9109849371115509,-0.4832298042589911,-0.05472964178496624,-0.25240522238945534,-0.14750494218057675,0.7589560377044061,-0.11205025265488615,0.1034011275508536,-0.15236650559813464,0.1862688958806332,0.10971293474574365,-1.000656566148506,0.37434604199469934,0.5942023096962433,-0.5569497976293449,-0.7874739235813285,-0.33655578816620374,-1.2527922946447885,0.27431120940811005,0.1394792512808949,-0.0328163316562915,0.3446277888255794,-0.5683569771126121,0.3807972030377711,0.621708047067259,-0.4064570996840915,-0.7837552515605977,0.031499643791579976,0.017278442516455536,-0.48468952199140586,0.10753139609946366,0.8041702990552599,-0.30519141983972425,0.14934964337122128,0.622229714757826,-0.14428602848995303,-0.2439968954900372
-0.06695774602892086,0.19880176285313578,0.1272189454655206,0.8713914364093386,0.05736354712295759,-0.3417853289274607,-0.42933580620421474,0.26584561993349815,0.47037812883700564,0.297363214674166,0.3828799453922065,0.5033110820825099,-0.8666041466506035,0.0721034830339182,-0.09519962742197492,0.25634431819841874,-0.25628286637258296,-0.32917148902959037,0.10713227808367108,0.6020303704327478,-0.7357957478793679,-0.6419166532637012,0.8890838602567065,-0.10358589585144705,-0.052713290080628805,0.04641859087801018,0.42226017251918374,-0.25041968934588643,-1.3451904346825307,-0.5848479543763716,0.6449166585661448,-0.5475879293336277,-0.30676067143816826,1.1048824131751178,-0.18961504222637096,0.26531694580687154,-0.32694646389569954,0.3222616830079608,-0.059152030491822334,-1.2243248531809106,-0.17918784051061715,0.19848253500793772,-0.2349190796620678,-0.7739400086933542,-0.5653662315607711,-1.1473098654146807,-0.3372269406069279,0.5990496698760481,0.03656728064377605,0.26570281453177225,-0.5263582467249533,0.37336159370405164,0.6014614964751408,0.034977411986138136,0.4542042256463581,0.10815450734405987,-0.3881405358087061,0.03672292771115321,-0.12392929636390052,0.757978437198183,-0.6364165803086068,0.49398881366589437,0.40213798842113796,-0.7435697815031885,-0.16717902330820386
0.2353714996325374,0.015514980830732519,0.2605326154569451,0.14083914741807801,-0.07409502719278357,-0.4867412681591057,-0.3356463725761002,-0.4825698585177004,-0.399811920349576,0.6034644109428403,0.12255296050757988,0.2543051751302276,0.24034528428324028,0.45803153256823637,-0.07397764230503039,0.18290111347813687,0.1647862039617905,-0.10515165241711755,0.06394771177511527,0.11781973661720171,-1.0385624844006,-0.362073416165009,0.43684568146058406,-0.9652447131692896,-0.05865017934279315,-0.18357188714170417,0.056651496249621174,-0.5819873617664737,-0.9843737860230134,-0.48045437446917805,0.580845685355629,-0.6196516749977553,-0.20209808956482286,0.7395922123353649,-0.330920581244542,-0.07453829464481737,-0.5233255510912482,0.25194525910638044,-0.3349356650788199,-0.7637094204802082,0.7177050908320629,0.27174453524882597,-0.39107974453552957,-0.08694830170593465,-0.12562787157714206,-0.8914584609388955,-0.6130865610950287,0.4835202736520439,-0.273661358291392,0.14891410757214615,-0.5435334045935468,0.259521252295544,0.7717624463137741,-0.7865002703288635,-0.5821804165784819,0.1508965790614719,0.024982292558599087,0.03653802253755564,-0.14572371965093342,0.4708178514633813,-0.5139357209426916,0.23950266031239842,0.3117298551682264,-0.3756965138079162,-0.40101087412706693
-0.7856944567677431,0.21649786996825288,0.9342915289229207,0.49109282204499793,-0.10810234156048858,-0.44616752769515916,-0.2968346431858666,0.04192801055882213,0.4999604912910717,-0.12062100082921087,-0.3949884556339192,0.01320672861445632,-0.11534509050376013,-0.03952723224029076,-0.4339495948805625,0.3262258182369526,0.3533049762902491,0.020927698692404385,0.12998049868343317,0.5361944769433407,-0.8487302497633136,-0.5570105823969549,0.9917777764558505,-0.5268142668428758,0.03652667208614563,-0.01393505961930605,0.3101525648166856,-0.708892055976262,-1.260516896844092,-0.35453930086914676,0.22677668720123945,-0.752001991075784,0.1656721930002387,1.0967255446705078,-0.3504090984978071,-0.01980662029364707,-0.709977955430191,0.2608515398238583,-0.021155817147059316,-0.9247612061756479,0.7835950921982373,0.13782097978485636,-0.1483989276946008,-0.42669498256584615,-0.1744181877926324,-0.8311569555003924,-0.3236536771005983,0.4276391182540016,-0.06258728152499288,0.09526921628521973,-0.5304457182193107,0.4710493642504536,0.2596731894059931,-0.34408577138148005,-0.6122462731498316,0.3647004825856995,-0.21145676292065976,0.2752690957727796,0.37859415868794005,0.3725744816546928,-0.28173284280609406,0.6374704933009876,-0.058616961785006756,-0.820684532508888,-0.4290708596257609
-0.6011823675645135,0.3319734993553935,0.23881510016345417,0.21705694602202433,-0.3639320452865386,-0.40639280362073543,-0.3165144796526847,-0.11459590236724879,0.4306036892901797,0.10660557315586536,-0.24253026232452377,-0.21375041509605608,0.5842877077677496,-0.1454604923733213,-0.21967887897915053,0.2610403625483924,0.43151265474882333,0.16143662236987927,-0.21340799934499982,0.14527816712857616,-0.9121996707716213,-0.995058599837632,1.0565120340118552,-0.4728343383885732,0.21901947378623904,0.02219255568476722,-0.07536009003134783,-0.4156502612945476,-0.8739663044394604,-0.7498399165368923,0.5206049747746321,-0.5316135749097178,0.03466203947519984,0.9851110773435083,-0.5976093077341037,0.03457742118405256,-0.43586303528428544,0.42064259984338753,-0.24098234867333795,-0.5664895738209947,0.5377111479846997,0.44788739560028334,-0.3649975513595046,-0.805187334396637,-0.5092175760985602,-0.8884961843602558,-0.18342646994356376,0.39921545197183106,-0.017602971453918495,0.3640731000184938,-0.6271647549275452,0.31807533860107756,0.7673018342904163,-0.4732493680669265,-0.9243202453327112,0.4454844580122005,0.009256907436238353,-0.2423653761131056,0.28162085753747823,0.6860743940614085,-0.39339518454289374,-0.028172285909976516,-0.0675102634882811,0.04305517903025235,-0.0006974204628051438
-0.2553718041788348,0.013509686021725809,0.8566236879020217,0.5931664639335331,0.05762641357747002,-0.54238555167383,-0.40083244724788025,0.10602033761985574,-0.0064779577647190445,0.3723784381474985,0.034123366096663714,0.5733065384085405,-0.07064720795970358,0.11076982095720572,0.1297926315245434,0.2955940294862139,0.022381977188030325,0.10754791139525122,-0.015057995215216391,0.10912795317529411,-1.2178938338040834,-0.44360594032569356,0.6625741502649675,-0.6998462810893897,-0.07404414085924707,-0.3459607849159593,0.5836000712912366,-0.1512006764659995,-1.2269717057073652,-0.4826956724727738,-0.32118138589342415,-0.4408587313505507,0.3099633019196688,0.8575902206006745,-0.3936349181507729,0.2201918633807701,-0.013629077903670336,0.014029458413303594,0.48051931015063953,-1.2281220031023121,0.0939593393863126,0.21380417714658162,-0.5633446176453969,-0.11565904359587639,-0.2015863345707407,-0.9684393082424153,-1.0912977116012614,-0.01728924320492013,-0.061116114178233566,-0.006991271411670413,-0.5211261058018577,0.31166440516075905,1.2491101352628247,-0.26323901005606437,-0.560834319435802,-0.9589059590120482,-0.389184383006233,-0.8197037154231906,0.2575191911907781,0.4525354624381893,-0.2627469756463389,0.5279563408264281,0.43612928781676513,-0.6329672006070554,-0.36567886255637283
0.09983584129947384,0.06567311419974418,0.9135176229753416,0.906221046503919,0.06580563820644436,-0.7260877912828155,-0.2912276806756725,0.15774427800628305,0.5292229751013631,0.301095453769088,-0.42620003964187225,0.02789183265105385,-0.15517237545812573,-0.6410047666238544,-0.0891378599167661,-0.0019862694243984735,0.33656457503491044,-0.2545078178410817,-0.17858416728775398,0.2619624807453707,-0.8020322085500323,-0.8814569563675665,0.7043791837329364,-0.4873525388767044,0.12082598080690202,0.4178559550027074,0.3905942260254707,-0.3950074612048841,-1.1245432483890787,-0.5235289520085378,0.21826507477261925,-0.8964568967599548,-0.976003918588311,0.6809483587355772,-0.31633585706809425,0.045619163833867014,-0.24352534078122165,0.32073835602793876,-0.07615516973881754,-0.941259716491908,-0.44624072246829016,0.2648276759913477,-0.867249293263507,-0.40779443266795906,-0.8973237256988893,-1.084447894911041,-0.7544599400787156,0.12907346154859084,0.11583946088765079,0.20132591501432262,-0.31210402859311076,0.5079673161861993,0.7340293097361831,-0.4424393707376668,0.2071697808269111,-0.2868496284362703,-0.13953276904026435,0.2765804697192275,-0.5097625489632942,0.47308555713922745,-0.26877022772348647,0.6309638460559848,-0.2563549169730269,0.809605352256322,-0.3232674134490264
0.04145050518342872,0.4624659987864381,0.7508685299589144,0.5929345606803574,-0.3874651563856905,-0.439989815034401,-0.2557560550796209,0.29964561520083827,0.7012442545820705,0.08026517521913414,-0.7046619753230968,0.17463807078773774,-0.017494707558614854,0.21384500612558305,-0.29884716824718,0.2416202110572836,0.5182750854251668,-0.3324103631592211,0.2027728962030064,0.14739373901992198,-0.7157467028107003,-0.19781575043020933,0.7114525612340481,-0.46626654419363983,-0.18837882221640478,-0.6695097801068235,0.31240381353380026,-0.41395534254733096,-0.7850014598188023,-0.39251427373744263,0.13015950593421366,-0.6758183917189444,-0.581519778031021,0.773498787633698,-0.05505687456435917,-0.083658500618609,-0.7552118238818525,0.46970582555398893,-0.07145416350968424,-0.37624181626968023,0.6056407649657786,0.30175467792881505,-0.4403929867732589,-0.4868223092970128,-0.2364586189519096,-0.816328507805437,-0.4499778048082028,0.05681993975712239,-0.0963737191690302,0.06986065581245147,-0.4736700116071854,0.35221274297962224,0.6785916449571752,0.2788626499123627,-0.025242220278897276,0.32387045439385687,0.0010525433251099559,0.015934627255133095,-0.23658815560496987,0.4225545854990984,-0.24445697149786222,0.2993243933759544,0.22190043298680268,-0.36583105357495704,-0.2115628755515055
-0.2482912888056462,0.4212386282749131,0.3721444849174188,0.45973655767787436,-0.4781402300273593,-0.26307049006530214,-0.3638402806641723,0.148908866556038,0.1710170946168895,-0.006499684631108386,-0.841938354224669,0.28086608169090427,0.08553564442915527,-0.22384045503323072,0.1593040893125337,0.0563816743833928,-0.11748125056187703,-0.7944603016451988,-0.12342943757161587,0.174002103143706,-0.9814668320896336,-0.38389837527022885,0.8301123491005393,-0.31247093950511684,-0.3524156446942479,-0.46232308125368393,0.1631557905746943,-0.23427014488199305,-1.4859309221108956,-0.38914112503095954,0.5907002977399961,-0.3944119159550046,0.7474710345501865,1.052940431439933,-0.3882136047827668,-0.18344829004686944,-0.3806168787066709,0.18362815186896878,0.07587207037955795,-1.0590528556413448,0.6853766644747311,0.3736701697988478,-0.20039828852864394,-0.5559629630255251,0.013197366325592423,-1.0960202746860226,-0.6168549325718892,0.4973685339645957,-0.13211822328972964,-0.03733269061774616,-0.6145403382872885,0.4504589277580656,0.8461365984794151,-0.0855856395001853,0.03773605925379517,0.5687769401486762,-0.18549771124976866,-0.05375889311351055,0.4958306816682576,0.4501854751219053,-0.747949523290251,0.18001749206720388,0.06017541879038282,-0.18442026820021518,-0.23877311666027473
-0.21004258548860766,0.513756846517184,0.830635723734299,0.10371140980911225,-0.40863044095754675,-0.19498141928523813,-0.15332343109296648,0.04425803504742337,0.3096946891738568,-0.1377788520526338,-0.09109537944496998,-0.1595649291368626,0.2522118069713631,-0.1934513433457308,-0.38860680363538763,0.007567883989005986,0.1001256916986081,-0.08689022947658027,-0.10408645216032386,0.36039243282307887,-0.7714468635706503,-0.21780650036723692,0.818600000012918,-0.6705603734087069,0.4858726602929943,-0.3906564804985987,-0.3205283321839976,-0.03520446866757715,-0.6665299254638463,-0.30064007282283595,0.6204195759768177,-0.47235310747630016,-0.4011846920676032,0.7331802432148302,-0.18063675846766375,-0.007797850595636355,-0.7321944096251148,0.4656437150385353,-0.10565885975378826,-0.24247383391810243,0.23726593680337918,0.38545621221415294,-0.29405814783399997,-0.2359756870156233,0.7615059376146225,-1.0685854274067044,-0.22958789178282288,0.36338920789161855,0.17612340741711655,0.5416142574277869,-0.4118433054121838,0.22273005539481597,0.600811235819177,-0.03720007717938893,-0.5400435526984788,0.1796047725430048,-0.20642630201689482,0.2626204820382037,0.1022060024166362,0.28961419212350414,0.03837284900752509,0.293926387032594,0.3920575584692153,0.30217121025349036,-0.4855214914981672
0.1442870013334758,0.2601447864137156,-0.4433422241845779,-0.15311635491782646,-0.7264577345853213,-0.320170051038923,-0.01753656396571885,0.023033316653141324,0.8296590307678979,-0.04171190116743301,0.21515343518146424,0.4025322394635673,-0.43528775943437437,-0.12936860531967936,-0.7064980455783979,0.5775879119341002,-0.011442619743133896,-0.26795863527922537,-0.19579147768917857,-0.04989782966753256,-0.6453416802532828,-0.4017841919378058,1.1309181238397565,0.05300211057382717,0.14396619332979557,0.5882303873641415,-0.6183856225847144,-0.39053644232080037,-0.17883125083734305,-0.7446316471986135,0.47709484659039375,-0.562560520715451,0.05873410364442232,0.726913087446408,-0.2047117103978498,-0.03786818620146056,0.3280846404343586,-0.12843247331852184,0.1639861140929496,-0.8108815199144411,0.3167952347665348,0.42742624543242225,-0.2726807949564589,0.3091396410263682,-0.2275980491830999,-1.2458674817382414,-0.17207940079549017,0.48059591898882636,0.03673301819847334,0.3166478826072824,-0.5050911016536995,0.33286535746257007,0.7087920217191268,0.044809831023050715,-0.440780549915692,-0.4436323112307877,-0.7255129698721863,0.8168108134913389,0.521681098656277,0.48873884319287714,-0.09427210165030343,-0.12138529575953196,0.18967876846913007,-0.33400713421865724,0.13864215335337138
-0.06941428394852651,-0.10782152242660994,-0.2083973882673113,-0.4241143092878082,-0.6920544948538445,-0.30147703011133625,0.2017782762430734,0.2855367486854723,-0.2511972944010572,0.2745079973513607,-0.3117092501811715,-0.2449996586293094,0.1300826542363475,0.2806395094867317,-0.2150332604227474,0.5675791762197656,-0.31077629442012245,-0.04774926402136253,0.04286401392806018,-0.15323582086003046,-0.7795500770555449,-0.775850410560075,0.46008201430200685,-0.7740368042492782,-0.27287675403279127,-0.687809248409006,-0.42742662117237507,-0.22494702269101693,-0.8806895701709534,-0.5193066790886195,0.4227895941549703,-0.3823180782143866,0.40921721917634646,0.6426431998735072,-0.1790306632843122,0.28318145546543977,0.06034163931111938,-0.04340859503095511,-0.009874297479520483,-0.9462857730968494,0.9161806728768183,0.16789057498897966,-0.33135807682947044,-0.8956496493783398,-0.3845247886187068,-0.8987708200716387,-0.278203719600517,0.1091022151044359,0.06019092252867031,0.2271169255505529,-0.723416105210853,0.20808867878629558,1.1346966781552665,0.6202139195819518,-0.2553209193666423,0.14447445967243316,-0.2994021651590475,-0.155631158660725,0.21831302179853276,0.02908358782085255,-0.3922480931348309,0.517545479602134,0.3269266406590501,-0.48369431444800404,-0.3131392051646415
