November_4,May_4,June_5,May_9,May_10,May_3,June_4,August_3,April_5,May_5,October_4,October_2,May_2,July_2,December_3,April_4,April,December_2,April_6,August,February_3,December,August_8,May_7,March_5,November_8,February,April_2,April_7,August_2,March_6,September,April_3,October,August_7,July_4,March_4,May_8,May,November_5,August_6,November_2,March_7,February_2,May_6,June_2,July_3,March_2,October_3,July,March_3,April_8,November_7,November_3,June,March,November_6,May_12,May_11,August_4,June_3,April_9,September_2,August_5,November
0.09285763686262419,0.06574109683791252,-0.5079006274406486,-0.6767930055402374,-0.3373099836022912,0.03368582305868756,0.11176071751265132,-0.03220935149468918,-0.5700609618944126,0.48807166067249597,0.573017122609471,-0.41255101191470794,-0.9135082738817608,-0.1367153392074321,0.4565700556635941,-0.1558800563529801,0.4691017627983147,-0.1429295358054202,-0.008383377800837394,0.4230204933301883,0.06140164081209187,-0.3396392111435585,0.11418372632082618,-0.7087996279898483,0.7953484700865581,0.17240591435552827,0.6730551029376632,-0.7330177487727944,-0.348152278708135,0.15349127458591832,0.2996459883202918,0.7696763324862177,0.7810868749713419,0.008638298028347632,0.5012187296936409,0.3302249468772266,-1.4165707534202234,-0.5134849280904162,0.39619388308665676,-0.9225834431672564,-0.8780505488126382,0.46261780975247097,0.21758627047776055,0.00873537088609716,0.4685152854557059,-0.4118593864196286,0.8416631131120687,-0.5026809414089051,-0.5608788516898888,-0.3005947013782028,-0.2708758033366754,-0.4075666901530148,-0.12790105932977153,-0.32080156681903355,-0.16835218305056635,0.03597411887982509,0.9638246947975908,-0.21409237433538714,-0.3169768878200449,-0.75899418803519,0.23084302493984019,0.45243346889369684,-0.39000166661290736,-0.45271770339100054,-0.9903051357265773
0.09285763686262419,0.06165803303253392,-0.5079006274406486,-0.21339721302672982,-0.29000351752375725,-0.016299255809797568,0.11176071751265132,-0.03220935149468918,-0.6100545018561601,0.1473223734101462,0.573017122609471,-0.41255101191470794,-0.6821543035588382,-0.1367153392074321,0.4565700556635941,-0.19097785183205124,0.9494135183847615,-0.1429295358054202,-0.012246439167672575,0.4230204933301883,-0.3236266878608449,-0.3396392111435585,0.11418372632082618,-0.4468035829905488,0.3128421200555606,0.17240591435552827,0.36382862081624057,-0.7371884825763537,-0.7255752539742257,0.15349127458591832,0.4173440418720225,0.7696763324862177,0.41493269192072935,0.008638298028347632,0.5012187296936409,0.3302249468772266,-0.11307514741580241,-0.7469964070921827,0.23818254705374658,-0.9225834431672564,-0.8780505488126382,0.46261780975247097,0.5431360685897054,-0.08468811648583235,0.9769130865180766,-0.4118593864196286,0.8416631131120687,-0.30345158842738873,-0.5608788516898888,-0.3005947013782028,0.04407764522796287,-0.3861215723264313,-0.12790105932977153,-0.32080156681903355,-0.16835218305056635,0.10122912238576887,0.9638246947975908,-0.1192661944205694,-0.5679001528169176,-0.75899418803519,0.23084302493984019,0.623135702528227,-0.39000166661290736,-0.45271770339100054,-0.9903051357265773
-0.14459052219539878,0.022404018322471783,-0.34342492669328434,0.3762178152200521,-0.08595347308845644,-0.4636743813746105,0.6288306874960667,0.4068427332226566,-0.4641045177169165,-0.05796388653497453,0.421335296896261,-0.5714845560601367,-0.6953999935913133,-0.036041265975722186,0.24614212749097425,-0.3161329469429279,0.43361382034447205,0.2108560683713799,0.5252372644528666,0.06796775545170422,-0.0835809242360381,-0.37494277130659176,-0.17071127532045494,-0.7653815592471837,0.3991877546419741,0.3406965131170955,0.2520590722120799,-0.5982088924801868,-0.8423064826475508,0.4071264881741543,0.5361937182850208,0.641190986456163,0.20893685360713699,0.8142907870298989,0.1442254675020791,0.31320659601745277,-0.16200178345180385,-0.6900122399415265,-0.3984000003739673,-0.5052122160697566,-0.7404854702191996,0.24779541424469473,0.2279363913473852,-0.31885959219380183,0.20976298743851374,-0.05709498065673542,0.7071944735478993,-0.32972520381827014,-0.41343598016435157,-0.061890094970249346,-0.23502307317296448,-0.3053257469013524,-0.39656009589623975,-0.3480546512021579,0.12572581570216762,0.5574163418635835,0.7012405968273063,-0.23533924489740737,-0.9115791243971507,-0.47456745623438357,0.5016301197535604,0.580641432293354,-0.15989315823408978,-0.03506489269584806,-0.39590564181347093
0.21133759395540797,0.27788945409005755,-0.25638340179511876,-0.14340295374436401,-0.1618275104169125,-0.30033783109081924,0.3615716699053314,-0.04207807799375547,-0.46485105896467216,-0.21901246542801822,0.38692213566381445,-0.44870951382172436,-0.5455069696044607,-0.11846618040765856,0.04428512189566025,-0.7073368662377282,0.8030187490520915,-0.13406681948193044,1.2989486026658188,0.5918129607602735,0.31107264343784813,-0.1110838949680548,-0.2818789973816056,-0.5178732715493112,0.6161310166367324,0.34020608367209554,0.3055569632127835,-1.1196768182471875,-1.0390271358175442,-0.40298311471382564,0.322072422502332,0.8445353577256752,0.0390832790430198,0.21798368763156956,0.21172454427455506,-0.21885919520091282,-0.8688058602271582,-0.4909214651707001,0.2881831896008267,-0.26731392783125024,-0.7774422893066175,0.13878526375447275,0.08609890279867272,-0.4407059610491392,0.6955714773226074,-0.4048828793839513,0.4168482929883538,-0.6829620557315703,-0.5164073366624207,-0.08929504370996827,-0.2048909324331783,-0.228640823167717,-0.7676624718841806,-0.3861333767465299,-0.1423609522069825,-0.23333610549234246,0.6593361631776142,-0.10380866816844313,-0.5279815172233393,-0.16867623906729481,0.37707669683503425,0.5254500224478612,-0.2611312581362188,-0.20071345258819867,-0.024761510429943914
0.22719880744472531,0.2212166145152404,-0.3337272304182663,0.5150695552014217,-0.05590495728284772,-0.4442150820424008,0.13181925775549552,0.23960148435161913,-0.11249768007402798,0.02006193238822357,0.2701473366568027,0.001681752199146,-0.7608339337438302,0.21479341189433312,0.06160275891669939,-0.3270086884239928,0.43247639711896935,-0.021562357814172893,0.34929111427939663,0.848634236574166,0.056287430705862625,-0.09479004868006996,0.013463297012552444,-0.23839094647578618,0.4496415289198894,0.49308334834195483,0.15651370341929793,-0.86696979219581,-0.13259547962283805,-0.2993987850089915,0.3005527785453226,0.5765219157443966,-0.15442020310970317,0.7047857481022217,0.38120324320311527,0.057215321093433066,-1.0691923412559607,-0.4204339236745319,-0.031162362999925523,-0.9372223377629468,-1.0463970712177788,-0.23620091224817613,0.10802170839729205,-0.47687098885833645,0.7236814830155619,-0.26074879864391765,0.49373945469298713,-0.46189552602457873,-0.9530615993756131,-0.42164038067043363,0.08898642439346732,-0.6584557841365747,-0.25128321284041966,0.05632939503166421,-0.08740451834437948,0.11773001085660234,0.7591690030167167,-0.14118555267145472,-0.697662390789316,-0.3272053569860721,0.3650468397770966,0.3866784005142137,-0.26885500168442755,-0.13126268544396721,-0.3486306686922652
0.489400031166139,0.05591294960297244,-0.30139751461894815,-0.5389509702620384,-0.2029064630490224,-0.05420872391918413,-0.3966153264924236,-0.3170775658916537,-0.461748614570812,0.04038444821102087,0.8006994498550186,-0.27716105239803795,-0.6884192464096182,0.2017705426812771,0.16126198775757794,-0.1814518538345548,0.8356028608213558,-0.020165587805001307,0.4104163010414591,0.49151001093473523,0.4788825665180117,-0.4755919303693543,0.009910540864254039,-0.7876696061521266,0.2541051016607225,0.28979746205653467,-0.0965816473934681,-0.8341403230193598,-0.11669399275865003,-0.4166787802363771,0.5616738021207747,1.0455195411539384,-0.04201285033674182,0.012604547565311444,0.10473326651973877,-0.03064346775093971,-0.45557890551653263,-0.7560828898355696,0.2640893535945305,-0.5789231628628653,-1.151642388341229,0.056410067189677775,0.5255938929578341,0.18891439716542358,1.0896404108724038,-0.1336033489095419,0.1641179817707482,-0.4484787014273478,-0.7548616692066704,0.01877998433354741,-0.263780318952067,-1.3370361835912967,-0.9762419408036488,-0.28153443587862825,0.3176205749733507,0.042740269516264175,0.8442258922712538,-0.11833225283908458,-0.6537761054966813,-0.4157575532826198,0.8592657530195132,0.7400505324276971,-0.3771473895418682,-0.26312588516497254,-0.41100633575920587
0.1267461283140952,0.2173555225388672,-0.44302560820216663,0.3228643148961168,-0.197503272216869,-0.2888417719351524,0.4695859135558523,0.22334755239562148,-0.6082926792467191,0.0829093020412279,0.6034457745695988,0.042359453616115615,-0.7827179916641614,-0.23582812889118893,-0.3389801816617713,-0.7192465667822914,0.08968813690486185,0.062379802061130654,0.9975377517665547,0.8116298047091736,-0.3067536788261241,-0.1567207807650417,-0.10236134565320291,-0.7579167070968558,0.7955799855998582,0.7415843516939755,0.058637711147268026,-0.534208936108872,-0.009693428936798767,-0.10583134077474927,0.4336777344514765,0.34064010359912883,-0.09483689971773254,0.9431245789316356,0.16290146806716438,-0.08530853771922962,-0.9549178324476608,-0.6527830713451285,0.4311384411499438,-0.6088533923157653,-0.6884692356553979,-0.32466080808086634,0.332443813504147,-1.1454942435117972,0.1208510892280408,-0.41960708270747105,0.19150468919241032,-0.5627548497408364,-0.600392216064881,0.26864554675150315,-0.018772713781384363,-0.44231286242015505,0.12216744492015469,-0.18716642580326368,0.16357882556908201,0.2153328652524738,0.6387630531193149,-0.02874390168789289,-0.6975431435982703,-0.3194926247602259,0.1691730698413738,0.22257515900242542,0.010913771440021737,0.3284651936704701,-0.43255066233913136
0.23899459688286298,-0.1904886037406115,-0.24782203943770065,-0.21421562235244157,-0.5712123684200092,-0.17043790085187824,0.17980738905992205,-0.4725898158220269,0.06866498226828753,0.14241002580542322,0.7244024096042485,-0.4774128935926989,-0.5377034783205599,0.09029085367324119,0.5313336512219474,-0.32569861100616204,0.9360637001190591,0.004760286286594036,0.24849395665288448,0.23124125995526884,0.37935602469587276,-0.32442893409935836,-0.34943989014633814,-0.5422759385042066,0.5220421804697183,0.3088066331081775,0.33344847824700996,-0.4432376479488651,-0.17226228092928692,-0.45548851455000644,0.7779477156992034,0.8105331117641974,0.24251855978770426,-0.2789859611915944,0.6720436052928678,0.6575590078471165,-1.0514133505471335,-0.4030654592651926,0.3799581238140622,-0.29193473147829085,-1.2027433020809355,0.12899624800461124,0.3301481884005649,-0.8796186706630924,0.031385170090607636,-0.08555606320888559,0.25817731471135497,-0.7862490482103619,-0.7504937781175087,0.6724996079542749,-0.21904614757061758,-0.6370815363102709,-0.9148767647337832,0.043008009338247055,0.534962948549611,0.22439717924201757,0.2657841248805509,0.0008178423093076759,-0.5250663511852129,-0.14128184853219128,0.3406343806313273,0.2705154475694377,-0.3001364541043461,-0.5027700755978906,-0.34029836575622574
0.17901476394156893,0.2635464445761025,-0.46943316967685833,0.1608241616909062,-0.40768042865920806,-0.43603277087778225,0.5778312184291979,0.44941383647035904,-0.4080843426246384,-0.635542630249382,0.5168848132160934,0.01853214207005144,-0.33520180748076606,0.07656926519672322,-0.1443355968626742,-0.1891245600572089,0.9262396063351043,0.042338290394014974,0.03618633030715569,0.8369804269028026,-0.4159802072781583,0.14806630264630238,0.1252376244599436,-0.500162196331062,0.6507289256957988,0.461761126904286,0.7818017201134128,-1.1116830307110124,-0.6066794807280526,0.2218148236407673,0.09577311939826166,0.3735812262449132,0.6575777792035887,0.6589990585872083,0.07076037003797195,-0.06643087090109143,-1.0241298992576047,-0.6618324247054207,0.1723527680686135,-0.6124699326839856,-0.5953862789781433,-0.12720543762668968,0.2653645047392819,-0.38447253349773103,-0.2214697289816929,-0.3653073170272831,0.6404568021687419,-0.6737844634153802,-0.46614126513593385,-0.3338128532551265,-0.32342888482200205,-0.5245543082716728,-0.13535343117362306,-0.5296009804741798,-0.4004515293115645,-0.1307070831642775,0.6607416054199405,-0.14188932664174414,-1.3847778809624516,-0.15545552611250874,0.027015443846386093,0.7329686723611868,-0.007257425697013285,0.054680528831325716,-0.23902656786022952
0.1418831747148824,-0.10460087344881366,-0.5123290575143854,-0.016717628505376787,-0.40387670309285173,-0.3336098473703788,0.5076358995171629,0.1728103455470257,0.04205359419258887,0.5915047863884006,0.04839009843377958,0.08046883303250668,-0.4191339023829814,-0.3906158394913885,0.5241917416649705,-0.43724515118429336,0.2731408085857206,0.007308506278397124,0.5003325216189204,0.5199201403436885,0.05069751632625813,-0.12059704843943103,-0.16047174282719512,-0.8327220724949431,0.7769920185879248,0.19416308197394305,0.19831915286300023,-0.6072754818841452,-0.4087596135275949,-0.04613321719517143,0.28306831417888234,0.5599126153501439,-0.4492810457744226,0.16389324770152125,0.5007293338219241,-0.021098442378045437,-0.9180537364566178,-0.3664314400806636,0.05210814014233859,-0.21598229996130136,-1.2093269220173135,0.09459476673545775,0.26853111914883804,-0.2748856042300659,-0.09168012812161061,-0.34177076116918886,0.5388888716088429,-0.7699805470527352,-0.6455431921640917,-0.03777784104245217,-0.01580853953286833,-0.9722844283382419,-0.17199901747466403,-0.11345199880015122,0.23006737519005893,-0.06236777079937508,0.6864376638776282,-0.22765240752280658,-0.7094134738526918,-0.17706270441433813,0.5261721031317441,0.217513005163836,-0.11902702833054973,-0.42553764885436635,-0.3227953877536185
0.45500736615126,-0.33835563397329954,-0.2656120295561412,0.22892246840466898,-0.35356739373887625,-0.383025638875695,0.5077521470800368,0.08694854598206526,-0.2556710143694586,-0.027264975318012225,0.46749918811649466,-0.4241007450561998,-0.5208618406385876,0.19713256400899792,0.29528519386663643,-0.5185216951566326,1.8663353358647292,-0.05660321144744493,0.44983006704420464,0.9524015266308288,0.35873205440137723,0.0012452479725941282,-0.007529596441178753,-0.5770432220789253,0.3725891097222012,-0.046905301294735496,0.27371911758571205,-0.939969752082767,-0.11386672311701942,-0.2306464519474504,0.1416297692724054,0.6639102912409667,-0.019436152929109538,0.5710355938390193,0.35845497349664923,0.13630332830893965,-1.3066401689090936,-0.7827857914842601,-0.17870503707407775,-0.3349609983438312,-0.9763005265899598,0.07556649345364158,0.6079667189429128,0.3958802744612273,0.07746261938363594,-0.2899624755510738,0.4099535043815642,-0.9434901624405081,-0.495886718641305,0.01915929798966047,0.02153240279853083,-0.4405072293397928,-1.0882945411160918,-0.24569513400106072,0.21912576045189797,-0.22042847187096853,0.5677129082867737,-0.11456145644962161,-0.72815559553037,-0.6301766126605326,0.6127150507887117,0.22115741808248895,-0.03961210380849994,-0.11119662243370981,-0.5744942513088742
0.17913543103149504,-0.43933643174393205,-0.3128308661567634,-0.22989970073806115,-0.4683820412791835,0.03606110125431097,0.2048578992224659,-0.059259383143506976,-0.15747385807469597,0.1955950397342091,0.8801460628736821,-0.5431577416341711,-0.8153462037513896,0.11325242591946699,-0.2236894096827079,-0.2031628906097202,0.3667456594693055,-0.0799242121019674,0.23934853697167835,0.17447770608246116,-0.435544293381308,0.2092046636725406,-0.10680760121268888,-0.5806357984327466,0.3914519181463654,1.0512905517436113,0.20027504026245987,-0.5211385148925425,-0.3415043605414544,-0.22462235038323863,0.38545367944550435,0.6966358729872036,0.36909299268078494,-0.25266826476907367,0.40271947103951183,0.04454792173094583,-1.038440587492303,-0.16282051552711338,-0.12423794561368237,-0.7079690420395846,-1.0563796771314216,-0.06813690982552445,0.2731419985100329,-0.9037465322375079,0.4936534598130247,-0.489136246308022,0.6748091515995364,-0.7555256007357116,-0.5233971014810574,-0.4867933546975571,-0.08448733715719334,-0.5543296030056325,-0.7264242269602824,-0.8284194213304613,0.0653135103900597,0.21738796481514247,1.0662471026088005,-0.14954281414843704,-0.14645579863635064,-0.49873053636242337,0.6223321930114755,0.3941517589228721,0.23257272128707968,-0.3738182946249317,-0.9566917209870108
0.0050403024999611384,0.9522024388157678,-0.2891905595755107,-0.030708898398394004,-0.15765590010634264,-0.3247531255018169,0.44625248125616024,0.6319235394708222,-0.7383916548008468,-0.14311332595538237,0.0266635671350436,-0.24311072136126388,-0.9686942485542337,-0.07228662175210088,0.31262207281618476,-0.4851461106359283,0.6512141099712493,-0.1444362524959501,0.625017501679664,0.7045339018243384,-0.15891772478464708,-0.21577296012793762,0.27931096490110224,-0.4231864111424877,0.8287760648924557,0.24589791073365408,0.3096715372108758,-0.8977551139013897,0.04018539236408586,0.407048540415699,0.1666471259168937,0.8525756294580782,0.12664093078904531,1.079651659246642,0.1527934245850033,0.22153968366191545,-0.9881001243810879,-0.5386228919561857,0.3313253564965212,-1.1585136121484523,-0.6326439899069004,0.07658366506462463,0.1307647840209084,-0.48805297084065946,0.8656078922237685,-0.4622541627771103,0.4443967631887652,-1.0869516377974238,-0.6889338560668893,-0.2608810898176234,-0.11756877301717994,-0.9105404408511136,-0.681483470220106,0.2160383958754728,-0.37627503099756054,0.029854456812014714,0.5968027275394099,0.05764966160996108,-0.17930681444917085,-0.7466706936093308,0.07847726450764811,0.34499034561217456,-0.06570205729908046,-0.14102250841431732,-0.10373014073824302
0.2237542855501611,0.2849142037478141,-0.45793799516692113,0.33720716357276903,-0.35772251723724,-0.24482549856710278,0.6426165454459435,-0.015975023273266026,-0.19426578733399574,-0.7331211158098335,-0.05463803402335132,0.022807504850904825,-0.9102024006563608,-0.6196064995556818,0.16020724078773985,-0.5120453490654849,0.2534509580495926,0.1659064052824345,0.8090928372336497,0.31454835941000076,0.14344139598779496,-0.34008893235729715,0.178162288287714,-0.5111956072278291,0.7189480635289446,-0.05415813198596187,0.08132827609066587,-0.7875530896430446,-0.5415665347797435,-0.29158066222717294,0.2869430397606425,0.8999942741427462,-0.3122168204796445,0.2896638238777849,0.5155388418526071,0.030759027547141805,-1.1228145613345581,-0.41326555317105473,-0.06012013626923735,-1.109068971534988,-1.1007455683635634,-0.04828679319677803,0.17040339296663917,-0.7976452414419752,0.3857386749458693,-0.47022446660158174,0.7303076683641848,-0.6262502149701326,-0.7587349919449742,-0.5352893677353746,0.03915073423476789,-0.11739596537825563,-0.08611127946689931,-0.05542255215942672,0.3279931560677676,-0.20572160092493025,0.8441981006501665,-0.2831976585145288,-1.0629411611617374,-0.7785984603172261,0.494499494386952,0.39964717188251053,-0.29654852241196983,-0.38918540810383345,-0.2881928051888057
0.6333816587586368,-0.03586482700178003,-0.31786748959592975,-0.5173461846737373,-0.5085957491354006,0.28839790668284737,0.39693803008972744,0.18505972065482312,-0.2805526523410615,0.535561018511501,0.8249633054472724,-0.6746043557209358,-0.5855852029472545,-0.3131482638890443,0.14784779332677053,-0.26680818792591743,1.1371383776645776,-0.053067401394462026,0.37148576660516297,0.2761939080333229,0.4336861484335143,-0.3574072401020553,0.11656771997713508,-0.7491874451932375,0.8242362076871012,0.22461604479096095,0.4341346491402727,-0.484065460350712,0.10751722712473318,-0.172909044068613,-0.08440993550894517,0.9322748887285929,0.15445932891166417,-0.39720854211024104,0.3980769267605507,0.10090711952744526,-0.7929487871987153,-0.2120734151409683,0.4112470093872381,-0.5231842833676112,-0.9478033759790508,0.28428887063989416,0.41315096993477624,0.05036117583385518,-0.06013779249329802,-0.4263259459739767,0.7318591200310788,-0.34974255489745393,-0.49840848219271955,0.15127291404991713,-0.08162693979398108,-0.9433023415811874,-0.5111992928554444,-0.05313644665660582,-0.09214784558640388,-0.40187520249935205,0.37579600166211796,0.1897087383486837,-0.22980577515012637,-0.4948602186609489,-0.1907367351605478,0.174939138450877,-0.10078124858991264,0.07261364215791763,-0.0315901805398988
0.03229919046897339,0.37282717142782473,-0.40580774486630833,0.13400846990750295,-0.328301754013205,-0.19005481119416529,0.652941617458145,0.20992132441515654,-0.4924467515410645,-0.4927855823423745,-0.33586677366321993,0.08904586415370713,-0.7578211117376754,-0.03416731068136826,-0.3865652501001861,-0.5146141902154161,1.0463282688077333,0.08655387774520307,0.09653805402527502,0.2747123324891307,0.2468324421253809,-0.002242354756818367,0.3012431628580603,-0.5721047551728756,0.6984974224752009,0.42059457379870185,0.16051802149052016,-1.3497087571465147,-0.749928195638281,0.3229641515066234,0.46355214859589217,0.6546236010063196,-0.03286869809440542,0.6558178399149256,0.2380126394778725,-0.002695051656207925,-0.49841290417500583,-0.1794156739213188,-0.012714017226671287,-1.2284865827422773,-0.6050520491145823,-0.18733219954527844,0.05998113106881489,-0.5174583414108229,0.054222233778798826,-0.10901746186221004,0.5023164838707521,-0.3814129719161463,-0.9898745850522718,0.4656815352792367,-0.20065472686872374,0.011664872477435924,-0.6628367951546534,-0.07941508438284514,-0.26599779759273334,-0.2013744229339459,0.9604943743138378,-0.1354329986916511,-0.5753824349660105,-0.8528638797686976,0.7214443453795906,0.5452591745670635,-0.017861317538918786,0.01587103687142294,-0.8764114603856452
0.21975752439093846,0.33188043737324513,-0.2793027959107267,0.3602283836082786,-0.34331339923857845,-0.1845345264416752,0.6612175282102183,-0.14468971338451156,0.1660623584062937,-0.09428825231221499,0.05411461543719446,0.11570515013675223,-0.6961891176062294,0.06485990458579274,0.3249655330698362,-0.7422260053917465,0.3752496965345967,0.034061909269137845,0.8745614523219667,0.5706401033319496,-0.22144039738094787,-0.31521025775261635,-0.0243907951804646,-0.38849816986404445,0.8781537670537466,0.27117215182358456,0.11898123127737373,-0.8840226305459823,-0.802431390250042,-0.0268121947470797,0.3634239163644702,0.9983876155234521,0.05498986666694178,-0.26851416325497945,0.30497038889546274,0.3565376558471641,-0.49095598953844327,-0.26409296082420225,-0.1406974528532244,-0.1672668284661439,-0.8822367828600411,0.13738498410959388,0.4641892817340663,-1.1223300929582916,-0.039014400506523855,-0.2897134708480147,0.7130319905914508,-0.5788247488214766,-0.531433734005283,0.31498365572335857,0.11566097462453886,-0.04019879526190942,-0.33403304906277553,-0.425166687691696,0.19425022291122873,-0.049042049611272356,-0.008575041054422819,0.14216987917821336,-0.45649890105361957,-1.0511348507416092,0.6077882093083947,0.17635149264609593,-0.2299050626860249,-0.15024258706797808,-0.14500338322973827
0.18869244052536616,0.4050566846292334,-0.43002122038449103,0.2494208107086928,-0.27328896183747564,-0.04946664350852737,0.4469422209024845,-0.2236213221765999,-0.6603137517268787,-0.28320539679899803,0.2668065386500357,0.2964603743205165,-0.8773042381303526,-0.08232364595428993,0.4134059804679333,-0.4336925956549882,0.346319505774201,0.19260173921216805,0.48447745716035145,0.49358226320110987,0.23402533553849877,0.019314246388491753,0.0048947493304949685,-0.49994228504917115,0.7232224610503871,0.3141573064836297,0.12402515630412611,-0.7620456308693543,-0.03884546879817013,0.35228264523601466,0.34485490800875623,0.7955068474587838,0.05706592704032956,-0.3972522667947769,0.3163362495088806,0.31513829533533577,-1.0985302270814674,-0.4623202750583724,-0.12468574536433275,-0.891529198472324,-0.8427536933682753,-0.05315529707939744,0.5701487811565498,-0.20943696855405788,0.1529002083045867,-0.22819230260295176,0.6159692470716238,-0.9042692099390683,-0.7898567140905666,-0.5164498354816436,-0.1543461544903379,-0.3863842674521684,-1.186067476594225,-0.23731862799047165,0.5459596456639356,-0.08451187435109095,0.7297316659082483,-0.14160787327458924,-0.5967197307097614,-0.0755391232849462,0.6360885297300353,0.23615747370778112,0.054064202125685426,-0.17192676811944732,-0.42713922703342555
0.3512165630754669,0.11630790522707862,-0.4728174190428824,0.012462973059332243,-0.3929772490297176,0.0805980497585596,0.6878177417277693,-0.5750601222748657,0.2131391142369099,0.06795912440673116,0.27560641645671946,-0.37338793356170547,-0.550264617694523,-0.2827382603762751,0.3225646379849185,-0.595697729435033,0.4807995167254791,-0.0012078118034647423,0.3255723116203304,0.450289859565317,0.5701801408896118,-0.42233576607210027,-0.02827549520250562,-0.5907034450707105,0.9905011435682554,0.18010958082794123,0.2826650701577526,-0.8808181191726153,-0.46997125308907706,-0.5612837625391365,0.22102365126925955,0.8396159832186669,-0.25369822177540213,-0.6852423079460008,0.6025886693161647,0.12633008117286604,0.052590119549968346,0.0066966795293175105,-0.13287494801422525,-0.6116382749023022,-0.9223227697426362,0.425678110387851,0.26219161748802244,-0.3533530625588671,-0.2554079338208936,-0.4580530677413603,0.8279120476739039,-0.5104947741539929,-0.352921004551198,0.12558810408441587,-0.013938198826580796,-0.38904225592029945,-0.6094478915439971,0.248330523333476,-0.42357348016669566,0.06879869691918321,0.5640780576978361,-0.17803573698046032,-0.47149943226052826,-0.6272149484453722,0.22013283485647533,0.24007652903484433,-0.38251178062925967,-0.3388247179342113,-0.04020178323449102
0.3622473148606721,0.31382306816181893,-0.22528165964097885,0.3105894590931848,-0.5294980295365156,0.10796775937720748,0.5194033305334257,-0.17770401201950398,0.6063730077451287,-0.2134440521355283,0.6460834106878559,-0.744172611162807,-0.8276980599096739,-0.3366277627172515,0.044070573071120056,-0.23993685071409776,0.7748340008458272,0.4344051390538979,-0.006410663056479915,0.45201877760780546,-0.24086324174360377,0.20724314414055262,0.007083995079776542,-0.5729094783103669,0.7139716023552505,0.22358183259188014,0.4521860334829071,-0.6154067032841322,0.3689529434385934,-0.7095689254042605,0.07794971427739716,0.852800874692255,0.16892510683903428,0.01486378829439624,0.8740979514456403,-0.1771432669232455,-1.0521167535676914,-0.49432074912610546,-0.14377818900738193,-0.7971674988863579,-1.2135325928905405,3.1942157477413136e-05,0.4246261221656302,-0.6079006955392038,-0.007653810435692708,-0.4458733883098072,0.3175836639323479,-0.5943533093410853,-0.10448110733869898,0.012030746563294475,-0.32641446104395233,-1.0995268301445495,-0.6501534987601852,0.13226443666355658,0.16090712123462644,-0.03669605783973596,0.8951121053979022,-0.31703720252407325,-0.8420905471707092,-0.3262632396497485,0.18197143334318103,0.27829837063981844,0.20593312793454446,-0.7979736470388186,-0.3152885223669403
0.15563103113760693,0.23781613417053163,-0.5129431754838765,0.18135576299281977,-0.49564610217987437,0.011640464093733448,0.6992737295348644,0.23686758274899727,-0.32602969195273646,-0.26359439815015,0.33904263170789284,-0.481863367628493,-0.9773460006447836,-0.1740378710728595,0.0877892592194252,-0.5730103134054282,0.43608852738860265,-0.17885912301463486,0.18839663990466807,0.42494829736303896,0.35618252678669177,-0.07114977798153285,0.13103113553735712,-0.6486575819831663,0.747294184569157,0.311479598163201,0.4264642118559121,-0.976796582860797,-0.3824982313655265,-0.04766789132587755,0.2665396758766614,0.9524195672448558,-0.021804431834047976,0.07374184806372916,0.3991355509393038,-0.15024568434034322,-1.1301504157063276,-0.5346203101589465,0.19146216645430092,-0.9945448734085393,-0.8382033699089639,0.1094179434286198,0.43091704797825403,-0.4656246007172958,0.3701988136072343,-0.38424106200008534,0.5244561651350861,-0.7645765161689075,-0.398886865057406,0.02515601920877099,0.19609712618737807,-0.6458935565097484,-0.7450066910355547,0.2485990506134079,-0.002237008840754888,0.18606933729947603,0.9169429195912737,0.098234184971848,-0.2549169086020495,0.11572984309685157,0.37575898007856945,0.19731143601267065,-0.19321044698147902,-0.4214821482896462,-0.47363290607840336
0.5198162091082112,0.3510488470412779,-0.42570949808912156,-0.11469365750735282,-0.3306005130417788,0.013250992881389279,0.6149564922782438,-0.24621477474993383,-0.8095908203952286,0.53982587332921,0.036331362506788444,-0.12083467357760334,-1.0823005677617341,-0.5170718523164947,0.22739971662062686,-0.298633661180428,1.1260730038735671,0.044975964327092346,-0.3618176226711247,0.6291733930794414,0.3082287418001194,-0.20243714545046215,-0.08448081953092403,-0.5222936180016712,1.0369623801648167,-0.6609333081596026,0.5027898419577984,-1.0872537367290525,0.19106949560633485,-0.5994226663018172,-0.03415703155341364,0.7369899109641024,0.12704816356374973,0.04017921351684343,0.6474724242799631,0.07820213741787514,-0.7293730461457621,-0.23147975934610618,0.4894517747481993,-0.25744443234489356,-1.1406222266303863,0.4133983053525109,0.31549219327764116,-0.08603334964489281,0.09582910717680963,-0.39269431694945084,0.6864918012618745,-0.7431855378099695,-0.5425191517605462,-0.1623756319179346,0.15235161340159747,-0.8697809280129095,-1.1600681535168973,0.7698605193359611,0.21619535671567208,0.3510771439856229,0.1344274345758318,-0.042858196971555865,-0.26312599133422065,-0.29207480480909076,0.3079847654945542,0.17989125092022154,0.174050584593065,-0.6229381532326166,-0.42806220182947985
0.25756909106766884,0.14856357493726524,-0.5470342591068484,0.08883145583574688,-0.5708469330756354,0.02629284371063313,0.6319347785687639,-0.16452974899667355,-0.2387488335135893,-0.2783170117280774,0.3761107761546463,-0.3780848665553671,-0.9362336782476455,0.2653628359610649,-0.030515293122761612,-0.36216529426418986,0.957237320574583,-0.06987677073472824,0.011558924289213443,-0.292050019768911,0.23621009087321312,0.03039094457611692,0.11482410104424867,-0.5301217783227078,0.7845812995077918,-0.04134705069017878,0.30477531347526704,-0.4174542443746048,-0.8358618242566437,-0.1833639476613812,-0.3059968016656226,0.5500632604549611,0.16909776903031226,-0.12639998614386788,0.48304344874411237,0.41322236501151555,-0.498620240964875,0.05268870778317005,0.17953760504515937,-0.8024497522385281,-0.815675514024346,0.27172102843547496,0.1631490528086694,-0.5865012372922573,-0.08528795780677922,-0.3614998883005392,0.7723457120829604,-0.4583381388711332,-0.3192947814235371,-0.46400211459367746,-0.3582755954155872,-0.1531168203510745,-0.4350226609329595,0.15951566256722932,-0.3366100001505643,0.20370422345343137,0.7803720463876183,0.16659792642008336,-0.19434206776217552,-0.03397479162987002,0.47644741233184656,0.7830833511640382,0.3492510932118977,-0.19950298564127533,-0.27986141034605594
0.24758641893800276,0.19415855979863847,-0.3489328320185751,0.0760439733220832,-0.28845085093024625,-0.02231297002241426,0.5594219794462281,0.2571103892327914,-0.6290291936634149,-0.23214273382565692,0.5473467493100266,-0.3892725272724733,-0.619383836859675,0.43190912455589475,0.21421477237992245,-0.481320451536026,1.3340503183167018,-0.18164405099725983,0.22812893659030153,0.6965328840521652,0.23949590490050646,-0.11787400553797979,-0.37788517954956774,-0.514378002354584,0.9505929187286764,0.3674938586522637,0.19571423549168498,-0.8358510735049247,-0.47059135448737316,-0.12143886416703654,-0.0702248027271845,0.6401389570505563,0.1031676124842702,-0.36656875584074333,0.4569384168886887,0.012893563702350286,-1.2655348456374602,-0.48741968890038456,-0.180067933422446,-0.7018940626115122,-0.806547867393882,-0.14943653410650112,0.2321227474500118,-0.39595245539637863,0.06834689116652014,-0.1939215352576876,0.8891574143431354,-0.8329555538006822,-0.29733779488405904,-0.2624283746164293,0.10410624230642383,-0.2682902279634642,-1.0849237393809728,-0.4233416496720927,-0.16141467787342512,0.35363135423522285,0.6329017951793885,-0.033125508930695796,-0.5384674888675234,-0.6739430622786032,0.24998940548421728,0.49916241870450473,-0.08790659868840964,-0.09313062058422647,-0.1927729001549287
0.24546994788495746,0.0013362950473520888,-0.5271800762716103,-0.04607802918649546,-0.5518172320203796,0.1754530449817906,0.2861236739322474,-0.25593009223121227,0.3494323133479877,0.4839422138746902,0.20170236762449317,0.43791113971264484,-0.6744755127930222,0.04077651483762409,0.6131667066824196,-0.4043642962550589,0.8069745814056288,-0.10764336626441137,-0.11464095758460607,-0.023596604619902622,0.35681477786392696,-0.5376787718228387,-0.1517596180397551,-0.7812551869223638,0.7647876312108622,0.14866310776048436,0.45981824385375,-1.1384365009702353,-0.26631900466583597,-0.1873579494869466,0.3324045641109858,0.8641152240015608,-0.33469878199981845,0.006532732194408725,0.5115727037566021,0.39010270031092775,-0.3598730840841127,-0.09235355892729605,0.26547145712998654,-0.9642009646385715,-1.0760359509081936,0.03619103824673463,0.33030770207543797,0.08410020834359647,-0.1048311154224587,-0.49305156514715215,0.34874963276935234,-0.27435813597622116,-0.8493186744965202,0.14131740018460998,-0.12650542576561022,-0.6633029438094726,-0.41314274209308616,-0.1756671770289376,0.13580432883070787,0.025173620601152306,0.8026392746849401,0.07496321494741678,-0.0826536664904962,-0.014640046216135356,0.23848283897812578,0.148475581378764,-0.11313164493975877,-0.4038449032282387,-0.2968568002106303
0.3126310201614457,0.3347855179853021,-0.6259732745291449,-0.07467407612466453,-0.6284205331304005,-0.10429514967970352,1.2083806812739768,0.3866065509417384,-0.5901916083600841,0.1691653621133966,0.20376470211518288,0.0003418704102184575,-0.9292400016730734,0.101995229931703,-0.13464190280944846,-0.3318723885402302,0.9677349384105772,-0.033672708258533954,0.5497476179399339,0.9837441644836435,0.12349049309773508,-0.11531719955121461,0.4140360680961676,-0.4171140583125149,0.5672657716081819,-0.2310131514607125,0.39653177311720256,-0.48554440121451403,-0.14080225062952256,-0.2658870986374913,0.24312117199652436,0.991071792173297,0.12985669733454205,0.45392091187702754,0.41691767165571697,0.2761784082995261,-1.179139065408347,-0.05924925578806551,0.2577910451403557,-0.42566213708754264,-1.3163642170213083,-0.007309467514277301,0.16704986318389559,0.13695994202533734,-0.4563734965996558,-0.4356209913365755,0.7250969204731967,-0.7415428468178873,-0.539697794625422,0.525563434391313,-0.05360724720697945,0.1231013104097903,-0.8235558059939432,-0.07059421058767747,-0.032439194092616794,-0.474623057224207,0.9341907581504696,-0.13083087347483824,-0.1783170515038484,-0.5430842769133855,0.123791900242548,0.017403986110976502,0.14093371864768595,-0.2146481791945843,-0.6233226716368233
0.3071915139505026,0.5663415946900021,-0.40261429923881475,-0.06576462787412303,-0.43727153888900316,-0.045316440893420455,0.4987341393168881,-0.3249402257863391,-0.27585451269151917,-0.0009886833280638857,0.03763699277923539,-0.4971754657187066,-1.1882669770916228,-0.5400100633895127,-0.045186086706576464,-0.7678198278929598,0.7830070425078693,-0.009012386669793218,0.7497414179140665,0.5446926697612158,-0.25206860883020266,-0.03972929459333994,0.08477037751499009,-0.6001833320241943,0.9962882449913412,0.3702307879621623,-0.15891719377108748,-1.3040046825741067,-0.7279566790754214,-0.6397654506509964,0.38370152260715185,0.7461740216446313,-0.34479180828969963,-0.1619309363278755,0.5498496580043496,0.12112944033762853,-1.1354844672381204,-0.390593137937881,0.3309230273967384,-0.6295588948632516,-1.3219275434453053,0.10018475175786389,0.019029410771499104,-0.7304170595791241,-0.28413815264097875,-0.1297449254014882,0.7408223915560312,-0.7214239912148324,-0.3254949515813146,-0.04981386928012861,-0.011940146934940162,-0.4224434797794222,0.19245736688568765,-0.02134501555780079,0.3658642427439436,0.2649449220711367,0.6210674228185333,-0.3189504081588284,-0.6182247984143021,-0.2631431526384843,0.46706262576685537,0.3941992831674966,-0.07155028907477051,-0.5373875002437033,-0.21914563685984592
0.023683215508262502,0.3959512054876607,-0.596398994396685,0.11408545864342326,-0.6154434737531508,-0.12741446590150995,0.7284453345177456,-0.05548417090869217,-0.292579194219217,0.12768977009161162,0.22507241937831882,-0.03448315452989882,-0.8763556513129643,0.04779242939181439,0.23682105465572806,-0.7375752314930231,0.6328559819962246,0.04516290865392768,0.9226355146827536,0.49206854568186514,-0.1591166986183239,-0.12936457803803283,0.08288731526809626,-0.3686293944093249,0.7087475800081772,0.31943321204237596,0.3748485416322902,-0.6244671437654835,-0.9757870486674408,-0.31552388542559157,0.19139621312795482,0.6522759566845711,0.047455993363693175,0.11407679991458178,0.3760471835621196,0.2459224666408947,-0.703764025585188,-0.48022475643312446,0.3646104551151331,-0.8610138700332267,-1.0474567258834673,-0.1267595212460632,0.2199476047917856,-0.6235605404303153,0.45401494086780886,-0.22957844950195055,0.3776264775845461,-0.423684294973392,-0.32321670584107864,0.019385840502239328,0.036686184242402005,0.29378164568622744,-0.5759594032066945,-0.6592495120989668,-0.3030941816541563,0.12958554731552105,0.4961087100106061,-0.2780117490331494,-0.5650155797157688,-0.1751743280277139,0.050780352637826,-0.10824369464424784,0.307999337362069,-0.7030653857104973,-0.5164261939537884
0.3035693888940693,-0.5133048145405589,-0.46815933718749575,0.12473748274050749,-0.678252258154836,0.07261073441983318,0.4856318366597314,-0.1151290308863685,-0.712350135939661,-0.32284874958762666,0.33694026860386533,-0.23082232679307554,-0.8375442061555587,0.18263366316225493,0.8647140452395267,-0.06085721047914208,1.0268393908977846,0.1301741744700778,0.2216857078716598,0.5458960574211745,0.4563894886280021,-0.6649299122803323,-0.005222875260337722,-0.6538628415888742,0.5978561570046635,0.8749441944830518,0.2906759294712734,-0.4028250860416467,-0.24563323359483438,-0.5883671842081413,0.20135177148719532,0.9160940913680036,0.11734816551833223,-0.11566344499380368,0.2076588745352529,0.1946427012324612,-0.4903284932388848,-0.10217819866499855,0.08481363823616125,-0.6811956111758674,-0.9640596851300458,0.1735946690754086,0.3637189855962096,-0.20281767404888834,-0.28428363288744163,-0.0699581294250161,0.4619934325813265,-0.4176845891313115,-0.4993865722488136,-0.5914345775133972,0.053154130523201684,-0.9573112551240311,0.08218050394990317,-0.1464410193684396,-0.09855019071515618,0.22960698634649146,0.3945359416452738,0.19051520432583727,-0.4969880825881748,-0.4560162656258938,-0.009153390730008173,0.38026211716245445,-0.13769717933935335,-0.05083794240855172,-0.5575628756141939
0.539929272357051,0.11879752662884407,-0.2598413092168456,-0.2467561492268397,-0.7579831175793756,0.10567278280859124,-0.06096129946753847,0.07281835077772236,0.2833137408745469,-0.19025212330296581,0.5674299651264455,-0.6191709655273954,-1.0433819278803966,0.571114974445771,0.5938263595939953,-0.4059442367233756,0.48079237869573804,-0.05172443877887261,0.2983273006831738,-0.13294620431145954,0.21789340420773776,-0.5717342851695311,-0.08353046210864859,-0.5429767486649588,0.6784796437086676,-0.13011771016391097,0.5261791013919968,-0.942506133513109,-0.4095376762721019,-0.2218447080034144,0.3047889552035052,1.0719473814014877,-0.13148184610854496,-0.7724627017779324,0.5524851665709481,0.29227850677513106,-0.5362164521683628,-0.0706977163935074,0.5202186541485271,-0.3459127606499364,-0.8398883120353403,0.23357706199124756,-0.03936826576063272,-0.36059136286754534,-0.4917005378220802,-0.14158371404785428,0.36530148646558214,-0.3856210475047198,-0.15690759839523274,-0.5851924433764983,-0.0057111850828468515,-0.04413569225944488,-1.0376217939733279,0.26519335323417975,0.7905226684802954,0.39324004518542827,0.4640983048800499,0.12242735870744662,-0.3712976971752261,-0.16456734919024274,0.46322876444432687,0.257355593845363,0.26311113352795307,-0.4101164079299555,-0.38157022087143894
0.4353556998540927,0.18170860407297207,-0.7233804076500184,0.3642033509643311,-0.5586313925330221,0.1964848171351229,0.4841930182068202,0.45140244184567263,-0.5316029264858242,-0.34995020690007994,0.206239415064123,0.3699026832800707,-1.0780359460430604,-0.35713283669634227,0.16253319942341596,-0.5122769681046393,0.730762340399881,0.033805523853110225,0.6263896913466794,0.9351057638628012,-0.12040897313575985,-0.27007977648794784,0.1368001507630087,-0.3913749539791148,0.5827041966033938,-0.006411992569589908,0.29943778830920176,-0.9271893885875039,-0.7856996388893359,0.5264900295258024,0.5209561009319927,0.6159568166964471,-0.3345192796272071,-0.16403045946221942,0.38541033826965865,-0.16279633297257368,-0.45051724687424405,-0.37005819292996006,-0.24828359629128868,-0.8188521814781662,-0.9466646923869758,0.32235677454711575,0.00927378145171738,-0.9240993054430483,0.2489622540806139,-0.40384768580141744,0.9451023636271715,-0.7931025685972148,-0.6010628018918609,0.24254599271612393,-0.08139660677395033,-0.9446660309958044,-0.59972724685258,-0.43084777493939486,-0.6949170790459857,-0.011324494758466176,0.8794219969126383,-0.07206302215709931,-0.411420943357737,-0.5253255171558707,0.3620897813124592,0.6147116444245263,-0.13211665592092534,-0.4397519169948108,-0.45706161510747995
0.31744553255670016,0.716614675637116,-0.6234190943284472,0.6466834886531408,-0.03848728952476043,-0.06038347595903308,0.631756662445784,-0.042285202784135015,-0.9077487240804376,0.10282273866227794,0.5194170188400049,0.734984163682119,-0.9842066201168415,-0.18152333282396224,0.07005305868009215,-0.35437454927424694,0.20913340115077023,0.31208380378098355,0.7104211503466265,0.8131347633770384,0.46596147158869505,-0.4808253892198717,0.28772106335286807,-0.5587801661448865,0.7951486639110948,0.5394161049234352,0.268475634508471,-0.4759320132969603,-0.8174206741938497,-0.4377222731772969,0.5741613174157194,0.958586797086437,0.1295940703603748,-0.31124451430700395,0.5025805211723952,0.038361957203513514,-0.6028454882073625,-0.0004889549054525131,0.40062085928914326,-1.068588805848946,-1.0479401452221295,0.18103977715758032,0.3685367102106084,-0.5151350360950653,0.2658871300291568,-0.7139958370242963,0.7488522387204437,-0.6146906895019704,-0.6352007298020532,-0.4425900930094823,0.13090443892758669,-0.5533146314165065,-0.3968142709380802,-0.11113521809945298,-0.2512167644272812,0.02547979320074023,0.4486572870059208,-0.006617298024081661,-0.2330036638869187,-0.2815557574304378,0.22058875540127076,0.19286063791621882,-0.24011709711406018,-0.4849527794542874,-0.4371416401199574
0.18370551192897533,0.689552966246445,-0.24362784530977033,0.21878223304772348,-0.3768514146920048,-0.4002190058231988,0.6320225163121809,0.17914331472478207,0.1380535455303737,-0.9504327675216064,0.678541947497314,-0.26556568070306086,-0.9381164881411623,0.11561432374107908,0.20399710920486452,-0.41064274461015965,0.6087288655976268,0.01615373701513252,-0.242636623061132,0.571739185303113,0.5028390972795687,-0.3202251905938644,0.25671331973248424,-0.647067985876481,0.5142598911129059,0.193668315655647,0.48674535604081137,0.14597452049663578,-0.4943422206200575,-0.26581808498078335,-0.04174644863818394,0.5096504001635419,0.32159632364159585,-0.6755632598232958,0.25275393036219373,0.15077587203142073,-1.1023526422236043,-0.14091521781673844,0.1298059654111286,-0.7524278213352797,-0.700403995511186,0.3917382539482027,0.2734660190327067,-0.8687176992206179,-0.6450118993939863,-0.5446006118527753,0.7929575508543552,-0.46563585549806236,-0.3946221361278538,-0.010022543442562874,-0.08543896770680273,-0.41624271251680284,-0.4717975145522971,0.25757984999573547,0.4261606854788479,-0.35758817012960004,0.798213298845103,0.004504936252189666,-0.5506058027495024,-0.34839988907836594,0.3950064379511734,0.4377566228216865,-0.14635328258299227,-0.33734084435943285,-0.36927771070928744
0.18080507403781593,0.1113457408627781,-0.26959963953252947,0.0007905362293559384,-0.5384618053440307,0.12465840186489428,0.15836789795452003,-0.3332849872437175,-0.2905289325482091,0.014586098179876487,0.5272714682252125,-0.16853253368875487,-0.8158302965442045,0.1329812872567846,0.32310578096160486,-0.30727725190174454,0.9660567906641182,-0.11442686590569973,0.07788166785861936,0.0884916133715434,0.33748540081579553,-0.4902387192504893,-0.22838033035217292,-0.5348559579710733,0.5972232651152742,0.10251305434501666,0.2245297495028778,-0.3715250268411183,-0.4662354824452693,-0.7443349412335595,0.005478477290082027,0.797752606954115,0.3976886511731448,0.16768302015628403,0.30647119310954535,0.43967915338075025,-0.21149229008586778,-0.13893593398743861,0.40667015301848736,-0.5657929350025963,-1.4987004907981165,0.42871944579652654,0.3703344632236572,-0.04349006736846925,-0.13589420569042981,-0.07236317636535956,0.6148620055202797,-0.19536015726246314,-0.4975052543627987,0.06451897990903716,-0.13248831374224088,-1.1671736590260129,-0.8509831158231295,0.44813788200515914,0.056089167643241636,0.26481217388797196,0.5785372163741807,0.44639805458618737,-0.24081683735080955,-0.3829267003288055,0.00605040304104177,0.42203665219260567,-0.020471009231445764,-0.7097253377504992,-0.11629887690705477
0.437062219689618,-0.41198709328147726,-0.42709068476197826,-0.027458794830474267,-0.7276645292366157,-0.27553155755000186,0.3410418406212458,-0.09010084255071263,0.004190369064239613,0.3156463248559376,0.5583134315111603,-0.10962278093734706,-1.208932014123384,0.36248142463567007,0.19280165271012356,-0.4311547678154301,1.3787197130810225,0.11030971293109251,0.09850164430688052,0.25285824998086776,0.39942777704942845,-0.11814346731612399,-0.07980321997919125,-0.6897763475896664,0.5102509177513229,-0.08564542182066795,0.44903352409609987,-0.6381689282602157,-0.3667396724608904,-0.8673939248467226,-0.012254383493803762,0.8913164547914689,0.5395971791363952,0.37231072181630664,0.8188539330459452,0.05334261578170795,-0.9514791353108814,-0.3953421491647634,0.39826669828899897,-0.7373771481089995,-1.2983673806784914,0.02005820898785743,0.252473066079051,0.4649758412898969,-0.8441441765904892,-0.3377093187352725,0.7743290450262557,-0.8918081423211259,-0.9058362553404846,0.10467972913438699,0.18408969975202658,0.07402243869104824,-1.0213966654970328,-0.19343138532686097,-0.3259908795466846,0.1846292039781463,0.833606098637505,0.04501127747926121,-0.6271170684500468,-0.36864509652640903,0.26125837746065583,0.13693982647157357,0.21444890805094632,-0.6434737539684735,-0.6043500537695228
0.2432997223921638,0.5836180258435046,-0.13130108901857152,-0.06208415848985713,-0.3988666006723942,0.11502007574311174,0.8151675354750092,-0.5363888400615775,-0.017016733902237825,0.24077004369156474,0.3433517760011081,0.20016441623796583,-1.040157207650744,0.5992444090209837,-0.037347491353128606,-0.30901077144184885,0.8761733759887017,-0.1385615621938197,-0.39201137221220794,0.6577392824321833,0.40623934063057693,-0.07613197387064008,-0.029405188835479323,-0.4165036386778802,0.3763939741369535,0.23994222092446324,0.18858219071500315,-0.7332711428294537,-0.7874835558246258,-0.6037802010045186,0.054752947121847445,0.9599265094473741,0.26381573746996007,-0.20733976376875357,0.7636280534249116,0.029279364087901313,-0.7837047133966015,-0.2409971945902203,0.07190479322295448,-0.8670332062700409,-1.203723700524965,0.04273329160987586,0.31428655256151566,-0.14436942966808242,-0.19115251193556707,-0.19778672992849572,1.0081734616285996,-0.4424858930123404,-0.3982677196715578,-0.006416331539987316,-0.039712836003799386,-0.8343197613721456,-0.48555907314176305,0.10970539684515283,0.4337330432002993,0.34639555100182806,1.1343451481594848,-0.18981910663814988,-0.12505924917974479,-0.4829924495580114,0.19613660199178945,0.30819667022283187,0.2005152169058658,-0.4210032948793593,-0.4206162193600805
0.3847176452744836,0.028672475309143818,-0.3528822021196409,-0.292142299609935,-0.6782702334125608,0.10297571842106326,0.22370854799220002,0.17079108775938992,-0.11641180579518084,-0.21331798150535974,0.39169660094283365,-0.13806547292441423,-0.5680956302166837,0.26840360298169863,0.6581395683804094,-0.43382238340912094,0.7094753486101552,-0.3081684099356554,0.024340675139934972,0.2815737479426283,0.05488900493237657,-0.7444638448961779,-0.00037640807334683377,-0.7657290441277029,0.6299940927816406,-0.10294012550769494,0.4841100462032875,-0.48432376929208254,-0.14371815026927207,-0.3514527616254314,0.12093866644522785,0.6662944518167686,-0.07084083449568905,-0.5334603412705129,0.4338808092496166,-0.2038155735238787,-0.7398703951656366,-0.11307019958840445,0.25969705300695645,-0.8641616632403749,-1.2209611362345494,0.574327247252846,0.14376614760602652,-0.1826126891024396,-0.3268981618224943,-0.30535609139357855,0.6290846127639884,-0.6879830388581609,-0.7843250436963612,-0.21816155874887053,0.012065773840022118,-0.6244068415934102,-0.848071809397804,0.27537278328302284,-0.4364834946576032,0.4587937280228048,0.9708998671238195,-0.10191630630752492,-0.4671456112321119,-0.2604992427581693,0.2963940486322447,0.1877785014382785,0.20176101973729726,-0.30555050066571,-0.7269402286649563
0.24590416915082577,0.626141163741403,-0.14463620777505892,0.5084711674461545,-0.12233523928171142,-0.13669073639647358,0.6328978165965377,0.0009279769209661823,-0.1086701524752687,0.25962675189051254,0.7780324673259135,-0.34947446944929567,-0.9755611483660425,0.11340493281840255,0.12007884546357514,-0.2773509640185611,1.0053845380491417,0.1241908677528811,-0.11347688490446119,0.6480957512016875,0.6215037726591851,-0.3151199074248032,-0.20050753509234923,-0.5241312950403418,0.6731938928901218,-0.33985691201323165,0.3529186922604074,-0.8774746489866015,-0.4913273652096065,-0.35893122021951085,0.26626752437246193,0.5491490483090106,0.0018108018809748425,0.2895405961922528,0.4149816626525634,-0.04972809470345074,-1.3077289206288467,-0.06255030751241401,0.4864558052295022,-0.8455840742128475,-1.161167017186673,0.010277859702091975,0.38545203905780573,0.22551150580765422,-0.28025991513763643,0.13785037868664907,0.9861369044733154,-0.708733257947386,-0.7028274861707363,-0.06193297919065405,-0.1134263266615948,-0.19158029366931523,-0.43316365046234717,0.288568690784444,0.24082392433905483,-0.1057154034009418,0.7928851891497186,0.14023825012316826,-0.2708461698763415,-0.8148172998740735,0.1622922941124851,0.5848759345941209,0.09143732928705192,-0.6204566451380021,-0.5239875091670892
0.22760755277980252,0.23317074601554286,-0.4090669564146366,0.5342308970316416,-0.418038353539638,-0.010834592806956617,0.6010035097308786,0.4011286404933346,-0.28909553129042875,0.051244229386822146,0.14782130898148937,-0.33211688611380497,-0.7811368622335252,-0.9307685162825398,0.17725763347649354,-0.6055946452215429,1.0017980717788468,0.05454113649850924,0.49482512599537937,0.27863102455083943,0.21246648486499506,-0.5616434164526707,-0.16177932735105754,-0.6644802845854209,0.9720614462521535,-0.006301491919253263,0.1321127846166677,-0.8432823410580284,-0.8315804182245553,-0.0917417055272375,0.20273882887709999,0.6691850958395569,-0.22006551780456055,-0.26226707772995306,0.22474484164966113,-0.37767150481632256,-0.7623011398726446,-0.10383903454066082,0.15095096589641843,-0.5185055423489313,-0.9831229504565979,0.31928290618929267,0.5544656740745123,-0.4708230650789091,-0.33680007100499804,-0.3762921084256355,0.6625881189006064,-0.4398610842678337,-0.7059297899865776,-0.03303759601782762,-0.009437798054748966,-0.28087281246274876,-0.15031971391099574,-0.33695690055082533,-0.06944292878220368,0.0568641741845508,0.43811525379838406,0.2557610407034719,-0.45733884357687193,-0.83049910872072,0.2529683010600956,0.5184650489199994,0.09068679007254354,-0.3926522695765089,0.101591526570556
0.5189861779817189,-0.6643465159674697,-0.32331403465450015,-0.03600699724659931,-0.7087453941464702,0.14604109373885052,0.4628071163924222,-0.26867204769140546,0.914951629321937,0.8208417818385775,0.18712297214239224,-0.3098831477059047,-0.7265275091117,0.51091597732063,0.14562510997081335,-0.4971947372545277,1.1443059038133594,-0.20807509796685553,-0.36347552790425036,-0.02984327508731087,0.14195334620428507,-0.3498824942842765,-0.008893345293489896,-0.40884106261968944,0.34564052789627553,-0.11100143801829318,0.47627678789053524,-0.8999704100906101,-0.0753706674253657,-0.6439179528749966,0.0639775961931882,0.7375927822270743,0.07960974053709735,-0.1947612991861846,0.40366404198132777,0.2699365648433462,-0.5254481793967535,0.049225047385094714,0.26645506359022875,-0.27680485789907383,-0.9540272307587185,0.10314916002436189,0.4023876320339844,-0.33496080771628156,0.14453601883189976,-0.04450177623337893,0.692156635401907,0.01565991840489666,-0.39329499151676006,0.35480153423533284,-0.033106602598625766,-1.5489700537356381,-0.8612777298348618,-0.25434067945685734,0.01803588033949965,0.15133325927507357,0.5893250652935167,0.08911458743003706,0.0983026270830394,-0.5037362564755642,0.6229787834231576,0.6802763052476172,0.15212947770166296,-0.21167078142568616,0.05047231193758034
0.24173849172650258,0.4554457671301292,-0.6157113516968081,0.31533364498403194,-0.6264100966657459,-0.20949890002431149,1.5891151327724335,0.1158263284455911,-0.6340665248452974,-0.5461618403018804,-0.15120566222886106,-0.1597074624692462,-1.1450059285720684,-0.047518344166348044,-0.06519977609600028,-0.3039281649228986,0.26867594038596343,0.17175520390976615,-0.09128699297258284,0.4427663748567662,-0.08999500101503081,-0.24064598911713153,0.14970856216072687,-0.6169100270228591,0.8761738452266454,0.4789784329495978,0.3207177391399305,-1.0368736154075033,0.14823743190882044,-0.5925601065953967,0.28766576555035483,0.15195543197908185,-0.08790509438305835,0.3586972724826163,0.5920640378059923,-0.16540395729539215,-1.0732461539992932,-0.33239714326056313,-0.06225634015873517,-0.5018165274298174,-1.2194722423701496,-0.10691510144327251,0.22479481545834973,-0.13157197728913328,-0.12018917477896136,-0.5473153996304646,0.2672622527161581,-0.3808652676199527,-0.7195797742264978,-0.24895047570865372,-0.17389352370517863,-0.7151431966866971,-0.07938330983546357,-0.7151483502685292,-0.6607792899566278,0.11788727534087907,1.2132475478591547,0.1399024643210008,-0.33246716534696963,0.03184098125008397,0.13260626618189347,0.49144356703643804,0.34906713952621393,-0.45192177637891934,-0.1113123136643807
-0.07716004674680545,0.13240423767693305,-0.5174819684007816,0.801748783625119,-0.2463010737429655,0.023878819256096785,0.24942093131915485,0.19555160881870398,-0.5898885035685856,-0.191031173383189,-0.028502831734583733,-0.10495683765040198,-0.9554385626971343,-0.4797862067633751,0.16142952474552655,-0.7638893236638182,0.12881735608449865,0.19225552668694845,0.2678419789635071,0.5114620766322547,-0.31961769650431066,-0.6976533429468741,0.10541609319971249,-0.309449599707312,0.8136178083015413,0.40304501034512025,0.03359501939516184,-1.3334563519865168,-0.24904637416545786,-0.6899577050187201,0.3352872640872115,0.5586321605939679,-0.18270806614724527,-0.34888600097042677,0.3821842699158115,-0.15800903028143662,-0.7242825403319656,-0.37664845623462145,0.11893787186877851,-0.687171277187668,-0.924803888210359,0.2914311924534157,-0.03978123812414257,-0.8936533092225938,0.036177164930420884,-0.5586299725461539,1.0301569068630603,-0.24387545367701113,-0.5056743350429451,-0.5477060342885887,-0.1722460729218683,-0.836564627356218,-0.5045081850097073,-0.8671170320481391,-0.6917256127866558,0.021028056299795116,1.0832433680842548,-0.013928672610398887,-0.5377232767281174,-0.3383368594708857,0.7049149490036437,0.1491203070760419,0.30914980138823395,-0.2370046445617407,-0.4131457968654055
0.19108135059344294,0.20390664680702078,-0.3339348601140842,0.7701399105915404,-0.3803868157864384,-0.12384480535207983,0.7266212652396784,-0.01728143781259343,-0.18256428233505625,-0.3359827267195413,0.008809822312115273,-0.3253673602135779,-0.8810727087026761,-0.04327120305539474,0.29129941660913505,-0.6238496353043109,0.3656825964678299,-0.09811059466341898,0.7397322935393794,0.15889975955090768,0.08390554476548914,-0.32093494283033963,0.06060159090810368,-0.5352163609824111,1.1713225138508634,-0.13234434979521775,0.460072382903284,-0.6967278012117357,-0.9159145311187116,-0.8023402396399422,0.3698145582374904,0.5299206840420277,0.12969554696197952,-0.3162643304685242,0.447769583755962,-0.14329310556366473,-1.5621100854199195,-0.011539417662141976,-0.13079207052677372,-0.3910860835067109,-1.3897114200536465,0.6612634253336734,-0.0942075093478909,-0.10046332542282327,-0.4376138270424944,-0.508072804278967,0.67868058163568,-0.5675649879294827,-0.4492057091443696,-0.19314676228128533,-0.12900356595394677,-0.23518173699577055,0.1025395135804175,-0.44070667946537145,-0.24990540139076164,-0.1278040895366368,0.47840330921442026,-0.09773645863983027,-0.5745954122439005,0.0467631794995666,0.386022460036774,0.23943645168186578,-0.004401499560604524,-0.2842835148802565,-0.47958399080022623
0.21547499714293944,0.4564246171091298,-0.3613828374676981,0.4187975387018962,-0.4843258445812631,-0.07607694640268017,0.49501254986783516,0.049004520917938936,-0.285420852154195,-0.32978372587730376,0.47317935383279025,-0.3279549962512494,-1.0633349557215972,0.2986733244636975,-0.5126371458726128,-0.4536336812345458,0.2261484064829583,0.14974555193671574,0.7102062753517377,0.25639674272154744,-0.05806356546025815,0.022755703482174608,0.0054208256623973355,-0.34522522427692437,0.8521654714742316,0.3501845356602807,0.2669480354189932,-0.4533102774189338,-0.46994991428514665,-0.09697406431125574,0.30362527847151566,0.6454861101361459,-0.059153540505584565,-0.03694190942625133,0.5052740485806123,-0.03304745777098732,-1.1600436990827026,-0.10008287092096281,0.1003861396346971,-0.6241803327651582,-0.999879375438931,-0.011055042642428535,0.4188091082429709,-0.680176588572414,-0.08700670278637906,-0.4801620194707684,0.4295087519643531,-0.28312977650956217,-0.1444668809833533,0.2595592953263259,-0.236846315386566,-0.9253506023172701,-0.8303013964503907,-0.470810653612155,-0.4508631435221655,0.4111067334160577,0.9903445971230922,-0.09579480717605454,-0.4034322367630272,-0.2763091528805674,0.22083530869479456,0.36651488779273683,-0.23292579523784276,-0.15409526464755297,-0.449853081229439
0.2912624075114245,-0.42553364256878146,-0.2302832597817325,-0.07116530917425902,-0.6765419005412198,0.14226775663567953,-0.22430968038590854,-0.13329333612123428,-0.28106551887866255,0.1893361052391908,0.3930386352938068,-0.5950966858563943,-0.7378568701291396,0.010053289365024726,0.943345262347969,-0.1950774498959698,0.8511601119888632,-0.20945051134072448,0.4173659559066279,0.4214582418858893,-0.006046915468549132,-0.48028968849306763,0.2058727279164821,-0.7975383214133993,0.3838627379601633,0.028112415366567736,0.36024559023981007,-0.1884984537805698,-0.5259901901437408,-0.8934539709366874,-0.03048915648900987,0.7404938348501229,0.20398451042656826,-0.6907058707890543,0.6607748789284752,-0.0010198064464425893,-0.515241097313178,-0.09861330846224318,0.16620206317617592,-0.2591282513429561,-1.2857030998963006,0.36671448015309605,0.280964329677405,-0.7571467659405887,0.3678830743834812,0.009837818031292755,0.5381151461480825,-0.33160909883370776,-0.0922748951396143,0.28535756952518443,-0.3295230431802607,-0.6370852637776364,-0.16775073960848352,-0.37560925201563766,0.09889368698256792,0.07908884917322244,0.4380487445018821,0.05662895062641296,-0.3354070601238514,0.1998698292781728,0.40118807980673804,0.21213820995894792,0.3877907857220293,-0.6546667082137637,-0.38538120179115093
0.27076990850561455,0.13993521939230957,-0.454762235519607,0.5522079251280201,-0.32118618729247334,-0.08091661812182344,-0.04972861098598304,0.14774745183885668,-0.6835275114533481,0.14708670814753722,0.08480288618290543,-0.08396377293736315,-0.8108936143712229,0.22100189823112498,0.03967815743233538,-0.3646758400428996,0.7859199743868899,0.08055612263539827,0.5150611696993443,0.5352822782925186,0.13537971057961987,0.012323427957248962,0.2468464763283046,-0.7450769243259181,0.6974257479410851,0.15765922049096642,0.34149990832063376,-0.5477413515598252,-0.8464364190456953,0.23073930351826893,0.19349979327543051,0.786409262223178,-0.36590983758955,0.6011912758963017,0.4531460114606779,0.2192028816228606,-0.779548145211769,0.012160846430470489,0.5426346830249658,-1.0641481392136736,-0.8947866789961122,-0.11579702429228902,0.08199971868340142,0.033021721170200476,-0.0818707558278412,-0.09996608930269017,0.5204083364715095,-0.4822187161037197,-0.42530878701039476,0.434557020522657,0.10075936328329871,-1.0642241256379235,-1.0003838169808832,-0.18172155728132733,-0.21192250375262642,0.16780019463701484,1.0525731435600694,0.23969056179362677,-0.5520983198378091,-0.6230239565494092,0.10279774136925457,0.5770036435009553,0.26781281854373723,-0.18525337579788295,-0.5626567420922867
0.12934517613031962,-0.32500433111560056,-0.23559850793533574,0.1469153490377874,-0.7226666523569782,0.07113996904843181,0.1593110328354178,-0.1374092778784444,0.19688890075260973,0.26010832051531657,0.13158278631009906,-0.9651589496135639,-0.8739781386292381,-0.07171230813992278,-0.031854308061507644,-0.5735101954760031,1.019097503742078,-0.13629216073673947,0.3874236306553976,0.5002952569118827,0.48492439255205994,-0.4534365461094435,-0.051540610141064876,-0.47818484227593044,0.6737440117862443,0.23643392880755804,0.3705033774116302,-1.0461417891405191,-0.6931793463524529,-0.11036708307109902,0.18239056230333822,0.8733662955911307,0.2356914378725028,-0.272653517538761,0.5562692630256545,0.03729805216069347,-0.34026631910663147,-0.20810701540112497,0.33437704915587724,-0.6057083984109177,-1.238605049084729,0.054405242054402385,0.22342183601266286,-0.49154647443872035,0.584680522266923,-0.5789861333556546,0.5401851804723695,-0.11115067606013959,-0.6021966382675226,0.32737491837370186,-0.4027893891393415,-0.13083244363881466,-0.795035346415285,0.30009683002363374,-0.2867118249859074,0.12948497426472663,0.8886919775965778,-0.10633061931435628,-0.0639514464580643,-0.226079119481793,0.4335541865465098,0.4071577723760652,0.26422517792007355,-0.4032282459434753,-0.5074390460468754
0.5350289961539904,0.2797818493286129,-0.447504660135347,0.5244331584518912,-0.34518045993619123,-0.1569815133620965,0.3347594611676043,-0.16215325933438504,-0.11921740063989816,0.2233628414728255,0.2626820673883784,-0.39647878262002856,-0.9364649327744498,-0.20106047113311748,0.14007414771785467,-0.25240522238945534,0.37434604199469934,-0.15668454102654586,-0.03749073245084977,0.5709304284637592,-0.11318866522464686,-0.027973838889012732,0.1034011275508536,-0.4832298042589911,0.6228665800095696,-0.48003997405155163,0.03471463457907487,-1.000656566148506,-0.47321356205229015,-0.5296891938628484,0.3807972030377711,0.7589560377044061,-0.07503379374890892,-0.14750494218057675,0.5942023096962433,-0.21807632717113212,-0.9109849371115509,-0.11205025265488615,0.1862688958806332,-0.07081062308695313,-1.2527922946447885,0.3446277888255794,0.1394792512808949,-0.7874739235813285,0.36420081032857954,-0.5569497976293449,0.4096144944676602,-0.4707273597699513,-0.5683569771126121,-0.2432120799251219,-9.497627999028452e-05,-0.7837552515605977,-0.14428602848995303,-0.16344496776622405,-0.33655578816620374,0.10753139609946366,0.621708047067259,-0.0328163316562915,-0.15236650559813464,0.27431120940811005,0.026903859945052254,0.2711152248045171,0.17914551255437053,-0.6618285296272399,-0.30519141983972425
0.19880176285313578,0.8713914364093386,-0.3417853289274607,0.1272189454655206,0.05736354712295759,-0.1236761335931734,0.297363214674166,0.0721034830339182,-0.06695774602892086,0.26584561993349815,0.6020303704327478,-0.8666041466506035,-0.7357957478793679,0.3828799453922065,0.47037812883700564,-0.5475879293336277,-0.17918784051061715,0.10713227808367108,-0.25628286637258296,0.5033110820825099,0.04641859087801018,-0.09519962742197492,0.26531694580687154,-0.5848479543763716,0.8886057857436302,0.3136462779603779,0.24546566455340288,-1.2243248531809106,-0.10358589585144705,-0.32917148902959037,0.37336159370405164,1.1048824131751178,-0.18308713038906613,-0.30676067143816826,0.19848253500793772,-0.052713290080628805,-1.3451904346825307,-0.18961504222637096,0.3222616830079608,-0.6419166532637012,-1.1473098654146807,0.26570281453177225,0.5990496698760481,-0.7739400086933542,-0.09173907566010302,-0.2349190796620678,0.4206623313916678,-0.25041968934588643,-0.5263582467249533,-0.10928911022883084,-0.3823914425992281,0.4542042256463581,-0.7435697815031885,0.06891992210166606,-0.5653662315607711,-0.12392929636390052,0.6014614964751408,0.03656728064377605,-0.32694646389569954,-0.3372269406069279,0.01625551884503723,0.12413629464979192,0.1403868719778305,-0.6252805271390142,-0.6364165803086068
0.015514980830732519,0.14083914741807801,-0.4867412681591057,0.2605326154569451,-0.07409502719278357,-0.14964163193283314,0.6034644109428403,0.45803153256823637,0.2353714996325374,-0.4825698585177004,0.11781973661720171,0.24034528428324028,-1.0385624844006,0.12255296050757988,-0.399811920349576,-0.6196516749977553,0.7177050908320629,0.06394771177511527,0.1647862039617905,0.2543051751302276,-0.18357188714170417,-0.07397764230503039,-0.07453829464481737,-0.48045437446917805,0.7638680963511034,-0.07793254749074963,0.6990798498705493,-0.7637094204802082,-0.9652447131692896,-0.10515165241711755,0.259521252295544,0.7395922123353649,-0.07610667375064722,-0.20209808956482286,0.27174453524882597,-0.05865017934279315,-0.9843737860230134,-0.330920581244542,0.25194525910638044,-0.362073416165009,-0.8914584609388955,0.14891410757214615,0.4835202736520439,-0.08694830170593465,0.4053604184952449,-0.39107974453552957,0.72292158691549,-0.5819873617664737,-0.5435334045935468,-0.13956122757043657,0.030678069551335063,-0.5821804165784819,-0.3756965138079162,-0.1206261563817025,-0.12562787157714206,-0.14572371965093342,0.7717624463137741,-0.273661358291392,-0.5233255510912482,-0.6130865610950287,0.47780506501606756,0.5248996119619196,0.06393004241321501,0.050506035145302816,-0.5139357209426916
0.21649786996825288,0.49109282204499793,-0.44616752769515916,0.9342915289229207,-0.10810234156048858,-0.2593790909216582,-0.12062100082921087,-0.03952723224029076,-0.7856944567677431,0.04192801055882213,0.5361944769433407,-0.11534509050376013,-0.8487302497633136,-0.3949884556339192,0.4999604912910717,-0.752001991075784,0.7835950921982373,0.12998049868343317,0.3533049762902491,0.01320672861445632,-0.01393505961930605,-0.4339495948805625,-0.01980662029364707,-0.35453930086914676,0.826393320167674,0.1285508148909978,0.21641819929776268,-0.9247612061756479,-0.5268142668428758,0.020927698692404385,0.4710493642504536,1.0967255446705078,0.13458306262093617,0.1656721930002387,0.13782097978485636,0.03652667208614563,-1.260516896844092,-0.3504090984978071,0.2608515398238583,-0.5570105823969549,-0.8311569555003924,0.09526921628521973,0.4276391182540016,-0.42669498256584615,-0.11912811397697406,-0.1483989276946008,0.8862228237592181,-0.708892055976262,-0.5304457182193107,-0.011584391485385134,-0.03965119264358198,-0.6122462731498316,-0.820684532508888,-0.11750974589916244,-0.1744181877926324,0.37859415868794005,0.2596731894059931,-0.06258728152499288,-0.709977955430191,-0.3236536771005983,0.3404625742970937,0.341634566365781,0.45355102299696887,-0.2861457215361558,-0.28173284280609406
0.3319734993553935,0.21705694602202433,-0.40639280362073543,0.23881510016345417,-0.3639320452865386,0.3113159579172348,0.10660557315586536,-0.1454604923733213,-0.6011823675645135,-0.11459590236724879,0.14527816712857616,0.5842877077677496,-0.9121996707716213,-0.24253026232452377,0.4306036892901797,-0.5316135749097178,0.5377111479846997,-0.21340799934499982,0.43151265474882333,-0.21375041509605608,0.02219255568476722,-0.21967887897915053,0.03457742118405256,-0.7498399165368923,0.9525839079517358,0.04020935109061226,0.32287261012913787,-0.5664895738209947,-0.4728343383885732,0.16143662236987927,0.31807533860107756,0.9851110773435083,0.23258553387073802,0.03466203947519984,0.44788739560028334,0.21901947378623904,-0.8739663044394604,-0.5976093077341037,0.42064259984338753,-0.995058599837632,-0.8884961843602558,0.3640731000184938,0.39921545197183106,-0.805187334396637,0.41128226072087803,-0.3649975513595046,0.2790995959331105,-0.4156502612945476,-0.6271647549275452,-0.43638793380277785,-0.02018630118888872,-0.9243202453327112,0.04305517903025235,-0.29232012175724104,-0.5092175760985602,0.28162085753747823,0.7673018342904163,-0.017602971453918495,-0.43586303528428544,-0.18342646994356376,0.15000775099967917,0.0798788338088969,0.24336167048832477,-0.36144212475608534,-0.39339518454289374
0.013509686021725809,0.5931664639335331,-0.54238555167383,0.8566236879020217,0.05762641357747002,-0.10536143658842648,0.3723784381474985,0.11076982095720572,-0.2553718041788348,0.10602033761985574,0.10912795317529411,-0.07064720795970358,-1.2178938338040834,0.034123366096663714,-0.0064779577647190445,-0.4408587313505507,0.0939593393863126,-0.015057995215216391,0.022381977188030325,0.5733065384085405,-0.3459607849159593,0.1297926315245434,0.2201918633807701,-0.4826956724727738,0.5455323363734519,0.24807302000844517,0.5647059759539531,-1.2281220031023121,-0.6998462810893897,0.10754791139525122,0.31166440516075905,0.8575902206006745,-0.3578498092998892,0.3099633019196688,0.21380417714658162,-0.07404414085924707,-1.2269717057073652,-0.3936349181507729,0.014029458413303594,-0.44360594032569356,-0.9684393082424153,-0.006991271411670413,-0.01728924320492013,-0.11565904359587639,0.8994843195648621,-0.5633446176453969,0.8522486799019878,-0.1512006764659995,-0.5211261058018577,-0.4638400918213839,-0.157473965455056,-0.560834319435802,-0.6329672006070554,0.05428613700067424,-0.2015863345707407,0.2575191911907781,1.2491101352628247,-0.061116114178233566,-0.013629077903670336,-1.0912977116012614,0.49396665398087763,0.5963455796000117,0.032498066338695106,-0.14609296644326156,-0.2627469756463389
0.06567311419974418,0.906221046503919,-0.7260877912828155,0.9135176229753416,0.06580563820644436,-0.30474948702032084,0.301095453769088,-0.6410047666238544,0.09983584129947384,0.15774427800628305,0.2619624807453707,-0.15517237545812573,-0.8020322085500323,-0.42620003964187225,0.5292229751013631,-0.8964568967599548,-0.44624072246829016,-0.17858416728775398,0.33656457503491044,0.02789183265105385,0.4178559550027074,-0.0891378599167661,0.045619163833867014,-0.5235289520085378,0.6367307829525101,0.39531432919279896,0.15349220454638962,-0.941259716491908,-0.4873525388767044,-0.2545078178410817,0.5079673161861993,0.6809483587355772,-0.24051166007993902,-0.976003918588311,0.2648276759913477,0.12082598080690202,-1.1245432483890787,-0.31633585706809425,0.32073835602793876,-0.8814569563675665,-1.084447894911041,0.20132591501432262,0.12907346154859084,-0.40779443266795906,-0.07410956789692302,-0.867249293263507,0.8710175894227994,-0.3950074612048841,-0.31210402859311076,-0.3397684287799548,0.0015599983766635059,0.2071697808269111,0.809605352256322,-0.3111061077584644,-0.8973237256988893,-0.5097625489632942,0.7340293097361831,0.11583946088765079,-0.24352534078122165,-0.7544599400787156,-0.17791204895665713,0.4328353762914149,0.07996521632610631,-0.056778632710293306,-0.26877022772348647
0.4624659987864381,0.5929345606803574,-0.439989815034401,0.7508685299589144,-0.3874651563856905,-0.1661746478759455,0.08026517521913414,0.21384500612558305,0.04145050518342872,0.29964561520083827,0.14739373901992198,-0.017494707558614854,-0.7157467028107003,-0.7046619753230968,0.7012442545820705,-0.6758183917189444,0.6056407649657786,0.2027728962030064,0.5182750854251668,0.17463807078773774,-0.6695097801068235,-0.29884716824718,-0.083658500618609,-0.39251427373744263,0.5230073801866412,-0.8126701812604941,0.2741995178783881,-0.37624181626968023,-0.46626654419363983,-0.3324103631592211,0.35221274297962224,0.773498787633698,0.07249307897112046,-0.581519778031021,0.30175467792881505,-0.18837882221640478,-0.7850014598188023,-0.05505687456435917,0.46970582555398893,-0.19781575043020933,-0.816328507805437,0.06986065581245147,0.05681993975712239,-0.4868223092970128,-0.012443970071409492,-0.4403929867732589,0.13317389508533523,-0.41395534254733096,-0.4736700116071854,0.259191516950775,-0.1490470908637253,-0.025242220278897276,-0.36583105357495704,-0.001976931114330019,-0.2364586189519096,-0.23658815560496987,0.6785916449571752,-0.0963737191690302,-0.7552118238818525,-0.4499778048082028,0.06607514169116574,-0.18563398857197716,-0.18598180872787826,0.014822382346216051,-0.24445697149786222
0.4212386282749131,0.45973655767787436,-0.26307049006530214,0.3721444849174188,-0.4781402300273593,-0.06171306237629023,-0.006499684631108386,-0.22384045503323072,-0.2482912888056462,0.148908866556038,0.174002103143706,0.08553564442915527,-0.9814668320896336,-0.841938354224669,0.1710170946168895,-0.3944119159550046,0.6853766644747311,-0.12342943757161587,-0.11748125056187703,0.28086608169090427,-0.46232308125368393,0.1593040893125337,-0.18344829004686944,-0.38914112503095954,0.6363307460803559,0.14963856493326763,0.18760373416062373,-1.0590528556413448,-0.31247093950511684,-0.7944603016451988,0.4504589277580656,1.052940431439933,0.3756379633112707,0.7474710345501865,0.3736701697988478,-0.3524156446942479,-1.4859309221108956,-0.3882136047827668,0.18362815186896878,-0.38389837527022885,-1.0960202746860226,-0.03733269061774616,0.4973685339645957,-0.5559629630255251,0.20891747414595407,-0.20039828852864394,0.4212429378404422,-0.23427014488199305,-0.6145403382872885,0.06862501202810414,-0.14228739205478466,0.03773605925379517,-0.18442026820021518,-0.23743947061935916,0.013197366325592423,0.4958306816682576,0.8461365984794151,-0.13211822328972964,-0.3806168787066709,-0.6168549325718892,0.11064630157866998,0.28062853536748783,0.11085461091130497,-0.1760240839190753,-0.747949523290251
0.513756846517184,0.10371140980911225,-0.19498141928523813,0.830635723734299,-0.40863044095754675,-0.43805592469371535,-0.1377788520526338,-0.1934513433457308,-0.21004258548860766,0.04425803504742337,0.36039243282307887,0.2522118069713631,-0.7714468635706503,-0.09109537944496998,0.3096946891738568,-0.47235310747630016,0.23726593680337918,-0.10408645216032386,0.1001256916986081,-0.1595649291368626,-0.3906564804985987,-0.38860680363538763,-0.007797850595636355,-0.30064007282283595,0.5107629837457968,0.07378450146272575,0.578135578597882,-0.24247383391810243,-0.6705603734087069,-0.08689022947658027,0.22273005539481597,0.7331802432148302,0.1750539054981659,-0.4011846920676032,0.38545621221415294,0.4858726602929943,-0.6665299254638463,-0.18063675846766375,0.4656437150385353,-0.21780650036723692,-1.0685854274067044,0.5416142574277869,0.36338920789161855,-0.2359756870156233,-0.403077791044275,-0.29405814783399997,0.29824828336292364,-0.03520446866757715,-0.4118433054121838,0.37091482018249544,0.017901635694342832,-0.5400435526984788,0.30217121025349036,0.8508414421054288,0.7615059376146225,0.1022060024166362,0.600811235819177,0.17612340741711655,-0.7321944096251148,-0.22958789178282288,0.19980876579410692,0.471706783428266,0.5288070491728352,-0.23516442250100106,0.03837284900752509
0.2601447864137156,-0.15311635491782646,-0.320170051038923,-0.4433422241845779,-0.7264577345853213,0.14445537700415662,-0.04171190116743301,-0.12936860531967936,0.1442870013334758,0.023033316653141324,-0.04989782966753256,-0.43528775943437437,-0.6453416802532828,0.21515343518146424,0.8296590307678979,-0.562560520715451,0.3167952347665348,-0.19579147768917857,-0.011442619743133896,0.4025322394635673,0.5882303873641415,-0.7064980455783979,-0.03786818620146056,-0.7446316471986135,0.4943962624893511,-0.11048184247616859,0.3616420320944327,-0.8108815199144411,0.05300211057382717,-0.26795863527922537,0.33286535746257007,0.726913087446408,-0.28003447917854424,0.05873410364442232,0.42742624543242225,0.14396619332979557,-0.17883125083734305,-0.2047117103978498,-0.12843247331852184,-0.4017841919378058,-1.2458674817382414,0.3166478826072824,0.48059591898882636,0.3091396410263682,-0.14661444924292724,-0.2726807949564589,0.5117317014586876,-0.39053644232080037,-0.5050911016536995,-0.2815493906340357,-0.3554408693868553,-0.440780549915692,-0.33400713421865724,-0.3493195577814315,-0.2275980491830999,0.521681098656277,0.7087920217191268,0.03673301819847334,0.3280846404343586,-0.17207940079549017,0.024222291032563806,0.16796302504633281,0.1409167230487362,-0.022413197516090666,-0.09427210165030343
-0.10782152242660994,-0.4241143092878082,-0.30147703011133625,-0.2083973882673113,-0.6920544948538445,0.07027730184911932,0.2745079973513607,0.2806395094867317,-0.06941428394852651,0.2855367486854723,-0.15323582086003046,0.1300826542363475,-0.7795500770555449,-0.3117092501811715,-0.2511972944010572,-0.3823180782143866,0.9161806728768183,0.04286401392806018,-0.31077629442012245,-0.2449996586293094,-0.687809248409006,-0.2150332604227474,0.28318145546543977,-0.5193066790886195,0.8687688626447247,-0.7013432432380005,0.31792599072175254,-0.9462857730968494,-0.7740368042492782,-0.04774926402136253,0.20808867878629558,0.6426431998735072,0.2303342442974224,0.40921721917634646,0.16789057498897966,-0.27287675403279127,-0.8806895701709534,-0.1790306632843122,-0.04340859503095511,-0.775850410560075,-0.8987708200716387,0.2271169255505529,0.1091022151044359,-0.8956496493783398,0.06790404718393758,-0.33135807682947044,0.24436092777040952,-0.22494702269101693,-0.723416105210853,-1.0600927914944454,0.064250658856767,-0.2553209193666423,-0.48369431444800404,0.6359208110274704,-0.3845247886187068,0.21831302179853276,1.1346966781552665,0.06019092252867031,0.06034163931111938,-0.278203719600517,0.24968525259200525,0.3596024043718384,0.0033887623247206428,-0.33977809536062464,-0.3922480931348309
