July_6,April_5,November_7,November,August_5,May_2,August_2,February_2,June_8,July,April_2,March_3,June_2,September_2,March_2,October,November_6,February_4,June_3,April_4,April,April_3,June_7,March_5,March,April_6,June_10,August_4,April_7,October_2,July_3,November_3,September_4,September_5,July_4,May,September_6,April_9,June_4,January,December_2,February_5,June_11,August_3,February_3,September_3,November_2,May_3,July_2,June,August,November_5,April_8,December_3,May_4,July_5,September,November_4,February,June_5,June_6,December,June_9,January_2,March_4
-0.6870682445295841,0.38635495803955466,0.05269802404532775,0.5419022822757099,0.08534460864458573,-0.3593947728884555,-0.16458628094418276,-0.07151760862572318,0.21452849495478077,0.5114398407863903,0.24989031756806357,0.24880814540086005,0.16490107844573565,0.06805904235920454,0.7980498516661579,-0.07148304145376774,-0.272763267171965,-0.3657050811308522,0.0915481543354523,0.08456076423099593,0.819613952356528,0.8631260535297816,0.3929147737610186,-0.15792741158009144,-0.48535351011954525,-0.3016856314249178,-0.4188762432571009,-0.3435498841482437,-0.07628357728050573,0.17587679717638588,0.0027399527614810973,-0.6610826285274498,-0.23047464389362174,-0.39198169218978685,-0.6147049979307769,-0.27769812265064336,0.21240110181648586,-0.1480390382254608,-0.3168309944262449,-0.40203758900290865,0.5150915854090093,0.04656625780261786,-0.035698368246012455,-0.18336375519360146,-0.27341864205506183,-0.41242466295125035,0.0504612055458549,-0.5668499318267723,-0.40933655315697326,-0.06524565630601425,0.09554007562458781,0.582851980767435,0.16577905701246665,-0.45276723532869156,0.321928550619273,0.15906362676555602,0.021618628430983944,-0.4123373739064272,-0.04996925696947245,0.09737079120307933,0.2360850241323399,-0.3927837220739996,0.11779668718022515,0.28126596066688225,-0.32344079070696563
-0.6870682445295841,0.2005146589405753,0.05269802404532775,0.5419022822757099,0.08534460864458573,-0.4103968441475474,-0.16458628094418276,-0.2700646639623666,0.21452849495478077,0.5114398407863903,0.11333583784524752,0.3322418302572908,0.16490107844573565,0.06805904235920454,0.5721111447676074,-0.07148304145376774,-0.272763267171965,0.02923596364906151,0.0915481543354523,0.7096116648001513,0.5642551615004623,0.6963027217323591,0.3929147737610186,-0.00981066100610057,-0.5224441462616023,-0.2345690219935268,-0.4188762432571009,-0.3435498841482437,-0.17702168097389526,0.17587679717638588,0.0027399527614810973,-0.6610826285274498,-0.23047464389362174,-0.39198169218978685,-0.6147049979307769,-0.09103433997189686,0.21240110181648586,-0.31757105359872,-0.3168309944262449,-0.8546623466108038,0.5150915854090093,-0.08748835998381753,-0.035698368246012455,-0.18336375519360146,-0.20284024432536596,-0.41242466295125035,0.0504612055458549,-0.9794149587065153,-0.40933655315697326,-0.06524565630601425,0.09554007562458781,0.582851980767435,0.5465064527155941,-0.45276723532869156,0.4750030235954751,0.15906362676555602,0.021618628430983944,-0.4123373739064272,-0.25418354044138847,0.09737079120307933,0.2360850241323399,-0.3927837220739996,0.11779668718022515,0.09371185322951076,-0.33374294485302786
-0.37916712005183734,0.018637565647565232,0.28473382073475095,0.607632672375219,0.06593685599605323,0.1724556646556812,-0.042085772474037664,-0.51564804747665,-0.028832610002356235,0.5925370994884253,0.11092901651204866,0.4995935687116489,0.755739157174849,0.02919636077562735,0.7289719859289208,-0.23009867578610857,-0.17659992614335618,-0.3655415489573885,0.09839836230349719,0.1857278893823966,0.2871857926000484,0.5386626714465814,0.5658348634925808,0.12219230497660281,-0.7666159292369306,-0.36537278102907333,-0.6316494301195327,-0.48228706249168607,0.06300475580851657,-0.013912221696954174,0.4223067096245432,-0.7184915233925354,-0.4294295350680219,-0.4507525631176311,-0.4133761599519044,-0.3212212000702994,0.31714576173504455,0.21261723570670427,-0.3667760299392038,-0.7059977831266347,0.20795746225412629,0.17110558918808252,-0.2981429066954183,-0.1676553807564039,-0.15631813858193164,0.045941279440828146,0.1370299571434588,-0.49176131764159214,-0.3034630130997211,0.0820677916446578,-0.3154925794311828,0.29812624384003034,0.18034348594299757,-0.5099472707267121,0.26479072296769696,0.28463787269415997,0.3873692065141246,-0.48825710680828815,0.14025780022848477,0.09270943061161978,0.3125408705825999,-0.08638337409224037,0.41045381491506755,0.2998654196793797,-0.21711024986317862
-0.15271721781746386,0.15184948034734996,0.2364671055392552,0.5241243246477524,0.08633653817277465,-0.2221679965303617,-0.10364176669036768,-0.3001070544258508,0.28488109578916765,0.42140886572487574,0.5021941821293957,0.4115494834519187,0.5322243376734803,0.03740192105359644,0.5250189964425148,-0.12439473640148221,-0.050499107812826016,-0.27731148179603177,0.09444428254288678,0.7337897834056273,0.6515195437464157,0.5210345663439914,0.6627318414706544,-0.16106005350508606,-0.2870820844632086,-0.2657049288412232,-0.49468163328445824,-0.7088194644534083,-0.06653993126946636,0.17812144073338948,0.7269383690452432,-0.32317216840691665,-0.08198110851481934,-0.8079339073701992,-0.519072030320672,0.13817363231212643,0.05423644827831947,-0.16972308990091323,-0.24749191201696702,-0.31830577854903114,0.5179350676460474,0.19389729524144314,-0.11567037845899109,-0.38241827890692615,-0.3281815023989834,-0.19480297489455517,0.03558713732350084,-0.8104432625061284,-0.29774978553760706,0.13570013715896523,-0.03619016119678638,0.4213990863206867,0.43016742126101126,-0.8279849956107366,0.6888016934708594,0.24333556744837437,0.11220740441821829,-0.42033967931647603,-0.12670596823711425,-0.018424541934607644,0.2663223776306045,-0.3028236826980123,0.25309694171005026,0.2839772497422292,-0.13020411715701988
-0.36653029350544264,-0.11945399658257141,0.12039488934196232,0.6246250952673353,0.0747376993432774,-0.023508483012845055,0.1552225577211638,-0.31710691486920084,0.24353757022914535,0.29969759884010766,0.08179210871169,0.6273894074651588,0.5989741985006866,-0.09219950840809246,0.5110599710379667,-0.34420672263174196,-0.17199968132034943,-0.04264671042786089,0.08657280522628939,-0.10813907518478538,0.1101121423996642,0.4968408564306497,0.46281875469813855,-0.443562416968745,-0.33440313367674557,-0.28809804797097843,-0.17789632738132438,-0.3174964595750168,-0.2899949321729838,0.1481459876025309,0.2670267957878805,-0.4164629369665833,-0.20317250201418124,-0.6327606363182592,-0.1250392379029684,-0.23257702543857026,0.06113671142106303,0.14971062813430827,-0.1835899577842055,-0.5790555848026191,0.2604690724694926,-0.12988781016931158,0.1725546501791832,-0.3007588493436912,-0.10537641766285856,-0.0624198072361586,-0.3292046835221515,-0.1467879458400964,-0.25342537314375274,0.09928576998744883,0.2420841808185514,0.2719093413154095,0.21222982009946292,-0.10037639396613214,0.049873113939321534,0.10375700344112312,0.19802481693086055,-0.510549210675524,-0.311119653682257,0.1183942959568969,0.3862680493504488,-0.4017136487113496,0.27965652442244615,-0.08280030238822408,-0.16211810900382856
-0.611834635044551,0.1510461212390484,0.046850164700257026,0.6157183193737792,0.14651347857342575,-0.36483395343088754,0.08191518810650879,-0.27296355865094024,0.3245459466221908,0.0699612199537564,0.08404357869251781,0.35547836145195005,0.11037996840533458,0.049914950703414146,0.35095073151719525,-0.35442559620762926,-0.07049148781232031,-0.15751992220499658,0.3074714105655793,0.20218145724698164,0.47144767131108656,0.28220518792103744,0.13187491979870908,-0.23791831368398028,-0.9383293437556919,-0.39819748119138326,-0.12828713977030015,-0.3523786627804495,-0.32547083335416094,0.060970563800517436,0.113475638508148,-0.012020889612604724,0.08597670840332261,-0.658004154966759,-0.5358900893950385,0.0906495273449168,0.25540686941744123,-0.1503440568490852,-0.07010789307989573,-0.7649378720789961,0.4045571308533868,0.14233978960579988,0.1561275771810739,-0.17500726813897052,-0.00030888783047492915,-0.255973291178296,-0.2664215982955504,-0.35030009334741513,-0.4873780103434437,0.2582017993035408,0.04072318583387694,0.6049870785819736,0.36479029392495,-0.22975614841242076,0.5038134902548325,0.4728671893601381,-0.1237694231816304,-0.6518214253005541,-0.13140976231967397,0.11892182903520111,0.27410315012166503,-0.23460124339205451,0.3866628544501591,0.31349438172210126,-0.40128357524043445
-0.8996863439074168,0.13453622076907928,0.32416933257431046,0.7663355669322739,0.11064514927377533,-0.4151966954892544,0.3702438806343223,0.27151723882785994,0.2240380732959932,0.22131065534160108,0.2423740601330705,-0.04039838692187915,0.5094021347444981,0.07446915471426463,0.5157101578200433,-0.10411095744031229,-0.3077175454047068,-0.05532567150275378,0.21652763813559672,0.3313972978979805,0.6898099239814454,0.7143219688746365,0.22236521566165013,-0.047212224379051496,-0.7469629558647511,-0.2701093626220097,-0.443774564876194,-0.187932821122147,-0.25733132198666087,0.24257566999957444,0.05176054089487315,-0.40334594180776634,-0.02261940899817584,-0.5816246939334762,0.1637794687498617,0.1073861497088302,0.32476444352502093,0.0310506380817702,-0.13741093577565516,-0.4939057037703971,0.32291240274322347,0.09578535767126203,-0.14091700181215772,-0.33898872637866695,0.0015207935606508932,-0.09844850829373651,-0.23939957952105767,-0.420435484347471,-0.32334124729584035,0.22898261435456024,0.0909499703554756,0.23182198572698776,0.23383998670533196,-0.29123886724251347,-0.1715744200766353,0.047173191109439246,0.0156260472129945,-0.5741495080161705,-0.14477160425824145,-0.03341723460412635,-0.1405978871306705,-0.6750321590319383,0.24768571589214536,0.024787790617436634,-0.4778350267238367
-0.829043167210809,-0.374646170499079,-0.08766180678970516,0.24305635770617517,0.31388536562511093,-0.14011737818630404,-0.05879913171397598,-0.4237043114606528,-0.27922114657847136,0.3267453364330295,-0.15412902434248718,0.5967917601066194,0.6748603930065826,-0.06383429627380897,0.24592269081816479,-0.4523528482938832,0.21502857834244868,-0.8253853801579947,0.32424099443855725,0.049633264431064486,0.1301939664388605,0.0718417015562362,0.6145693303073151,-0.7318307098031345,-0.448006496967769,-0.4364683569491113,-0.1984443465521815,-0.22871368161892466,-0.4507974670409326,0.31852835041022376,0.13248920616567916,0.05170528782734242,0.06634046004330553,-1.0213692572451905,1.0210386589170355,-0.2176435356141075,0.10658771760526436,0.09878571222542984,-0.261739937004451,-0.4968363870715433,0.5889651939292107,-0.012049098513302672,0.1765284180087319,-0.016833151159874098,-0.4803537084070306,-0.19285901310331033,-0.32475484183308345,-0.22866385376308573,-0.6140545796404423,-0.08568876093707795,-0.05999540781680726,0.6347309699479915,0.21412311427364783,-0.9503947617286442,0.2195732473809875,0.08396949662400503,0.3771843146702236,-0.7012880863389824,0.26165906069327405,0.21665785667256865,0.13412726926399993,-0.3290004226001718,0.2947222909563476,0.32196438847244724,-0.18602587098547657
-0.5505185586134873,0.3304372064583323,0.11320240777343606,0.8803210734348248,0.43195088468646187,-0.27966970322742174,-0.2241758236258387,-0.09578079225463489,0.37150340872780996,0.25142432714615226,0.11543765620572072,0.5077439492500566,0.13373331913059888,0.2656159130071274,0.5723747799312948,-0.2581175553927126,-0.08458874332174808,-0.3984721508140536,0.017858136291215233,0.37991614245561983,0.7672612093641218,0.4690555824867114,0.21550594200624895,-0.14667834841564253,-0.6101798406526984,-0.20430894171874128,-0.1072019061022412,-0.299378584903095,-0.3112630341252651,0.3324160787402768,0.07689132838533586,-0.3754605106984134,-0.18393191393522693,-0.821782088631384,-0.0044884237673289695,0.3746286822800995,0.03504046261604018,-0.05266865183886747,-0.16724511329228697,-0.46685819469134004,0.5411545044823974,0.03518785996648112,-0.12534781739126166,-0.22965100022422125,-0.635882466290714,-0.11635588862161374,-0.31374840441825563,-0.6494941641447896,-0.2965612416187027,0.30145846930248477,0.0598213868179456,0.4881935568648946,0.03905723607670522,-0.6103861866779667,-0.035389053739448506,0.10848422792029412,-0.06107556023504571,-0.4942587626387349,-0.29036410082870195,0.07318856799865195,0.21140836063974477,-0.24736469013982704,0.21354040437306884,0.07895078626723175,-0.6634811629890696
-0.3850544454770538,-0.26106419854302154,-0.2888174733639457,0.5718456205547207,0.29629563371861517,-0.3281111851262044,0.036304091835825565,-0.3308881808901205,-0.20911849440969388,0.4428399722050931,-0.2146653708513207,0.6399650140285498,0.3345347418561842,0.05220783178888926,0.372200338190419,-0.11438067090476972,0.027545610359014955,-0.2573801922467075,0.15779829216388266,-0.42688582883707826,-0.002891547898911502,-0.11003601346450641,0.43791134476068516,-0.11451153198796507,-0.4603743640857414,-0.40711307804486635,-0.48448438753750667,-0.6149505309458522,-0.4160966297034916,0.3689780673022638,0.3050039769389554,-0.14820468621500088,-0.1818466121502323,-0.614156524278966,-0.22175365439470301,0.4501184542751005,0.4906570427447066,0.15774336862575639,-0.7176648802251939,-0.5614967229602595,0.6097370225642701,0.41705371603279073,-0.24472895799759845,-0.37647239612326144,0.014099572649830958,0.16710124719686312,-0.2605922198378982,-0.5320403256166939,-0.5150020669844653,0.04259896728621168,-0.001853100013294258,0.47934189714269976,0.29908964976345365,-0.8567723600036719,0.24212457320586958,-0.025386171229727132,0.4899715217994904,-0.4791307222947672,0.03982731786544984,0.38849848990418706,-0.27373865933415575,-0.2455667382276172,0.04878953034192224,0.2692302926563479,-0.3881001084899196
-0.7095601205045501,-0.13017483248660128,-0.009333580140304974,0.21156027409822672,0.2654362530836908,0.1700268586530622,-0.23149051234679685,-0.22912300304078023,-0.28784970283689126,0.40766488084890895,-0.04781883319795371,0.25356723562581923,0.4584460167410105,-0.11815740390312572,0.776286486753746,-0.18002239944902,-0.05858451677407154,-0.2556011542767796,0.3430726006588233,0.12218003124475443,0.355504806791115,0.3183129732921213,0.40358036291919475,0.22965637747038814,-0.24683312004009222,-0.47094443438498923,-0.5495220135512888,-0.5050340991314668,-0.4358119464242729,0.18157954500932186,0.12942731124856846,0.15920907756842623,-0.005792297773485569,-0.6127734835230255,0.04314189339201516,0.19613163399937733,0.006602395234529997,0.13776079639042382,-0.6044289277396437,-0.6085692802205854,0.6166931380498619,0.48362267245938717,-0.01237801409595747,-0.33263314978120834,-0.12774997278477823,-0.1950424419502515,-0.2694692871220181,-0.43488272892102336,-0.33587534217203424,0.0571066534484726,0.2350844575606918,0.5380511273875306,0.03898290471812113,-0.8392225448963796,0.48579266885210876,0.07091030292897518,0.34963526737549205,-0.41480544871936753,0.11206507997064845,0.16544808116551432,-0.04824954307332044,-0.48917654152575224,0.3954780804461701,0.053707162095387756,-0.10139528018736045
-0.3985475172987906,0.29741427051140207,0.195102661473401,0.26886507875163046,0.3826664636126656,-0.40071162868127363,-0.11504754535824087,0.15240122310096846,-0.06324537679885875,0.3953981627420242,0.22507629989897573,0.08895127241645948,0.12184609549513349,0.024682006049374115,0.4982090596421402,-0.31622426351454713,-0.13103895857099235,-0.1895556517944064,0.23598606849845696,-0.19682032407324362,0.5897689502645791,0.47992625721100485,0.5087517937878717,-0.0173002771434463,-0.36180525875060154,-0.43796908080706426,-0.30943681097479897,-0.7462465409992655,0.137592718671543,0.339428092855087,0.33131855411317984,-0.009218121949963506,0.16505305480200505,-0.6679400852909365,-0.6260609564199002,-0.4124578393057486,0.12365909068705001,0.19665674544209114,-0.04243140607661423,-0.6948950216497566,0.39328592577010413,0.2329133887487841,-0.12102447785736496,-0.07871604333759191,-0.21514758163293232,-0.16711330038753078,-0.048625958502860306,-0.9260928360487553,-0.683189257556509,-0.15646985637746255,0.03054327164133241,0.7174663391860284,0.2122063149714954,-0.49896553304815006,0.5264032186083469,0.26742014141431825,0.3518792066704051,-0.28989904104033637,-0.22881157199392071,0.19641053912651124,0.025804141990465407,-0.6468540944437613,0.24458645685903224,0.03107934674794159,-0.057527537355946054
-0.44300808319009033,0.22819393704691782,0.39568414719355127,0.7470247956152721,0.20586009689065266,-0.2240182297113209,-0.1162960948481128,0.03516151663825653,-0.40052154354747105,0.7725143254896918,0.1806302763484101,0.3402137698427888,0.24973868253529075,0.06870872708230805,0.6716158679601352,0.16947536832766807,-0.17621559607882953,-0.08268940802135502,0.15916961130334742,-0.091533416684434,0.7157775465691354,0.4024210314354803,0.29316927467520215,-0.13072832241344215,0.023022237133586212,-0.33460865447548616,-0.5476680216086979,-1.180156834616659,0.09396164983885653,-0.19677277766369627,0.45357808392343335,-0.5756027347781313,-0.24172000432555624,-0.624139033990881,-0.606692779506713,0.07940955726671439,0.29338686607826187,-0.07763843420971651,-0.482297077265711,-0.40153155638091753,0.2850875573022359,0.18647718297192895,0.058611926995898046,-0.4131847346577063,0.2321359945276001,-0.08778486523519581,-0.3523500155996111,-0.6217528267291649,-0.4641896783765599,-0.357144198296656,-0.06256453341059512,0.3328992197697369,0.1554972812155332,-0.7372334758849933,0.28711014881007757,0.08662005581803375,-0.04249670626359818,-0.33684087010685787,-0.31365426222293896,-0.10678408637278361,-0.1406941548658377,-0.35021207327052867,0.12070441071251733,0.2611135217928625,-0.24177771383770558
-0.49818420335503555,0.2631820016069857,0.21683139649541966,0.5387374548526982,-0.034867293745666536,-0.048798656699553064,0.1272781761853068,0.30507124528422697,-0.3231736154733619,0.6499701108513006,0.17464378621052978,0.5076954265240017,0.5408372367691135,-0.038266207843870616,0.8021572509862869,0.1303833888560717,-0.006888344133623166,-0.3288816466371847,0.18181060853865633,0.5369852327600443,0.47575422806370177,0.49924836110279047,0.6557661970227636,0.3136266780012643,-0.44619504062169313,-0.5044122454397976,-0.7050869519149401,-0.7060143960028922,-0.23923333574874095,-0.11364917890934337,0.5345475364125212,-0.3532590671316639,-0.19427600368737494,-0.7651533275150788,-0.34601816497838694,0.035078940517923415,-0.03471156058815527,-0.030621794856373813,-0.5284548449350843,-0.6568956058486357,0.3711964641798095,-0.050921552658234434,-0.214289255766895,-0.22134152618872435,-0.3800940156827571,-0.10702394963479309,-0.29473332141590014,-0.15299209371394001,-0.5206266813575234,-0.20585662312683795,0.4360627450961305,0.2866967208343034,0.3853816028677721,-0.4140362489037219,0.050128289892126685,0.31463569246216755,0.04602268497944326,-0.42105436410654973,-0.6128637427684648,0.18337505131571938,-0.34402101601717083,-0.061018148230764624,0.09326721138328742,0.11780417370889039,-0.1673921443735067
-0.803335489471876,0.018221049827187197,-0.2679712383955757,0.14276331605854145,0.9170050808666342,-0.42030027172276896,-0.07979652072525197,-0.2925861860641617,0.5012072516629724,0.300725543794352,-0.027740989887344067,0.6248210831477649,0.04106954592355847,-0.21297707370134228,0.6022009911886321,-0.12512255201663738,0.21569818611424912,-0.2899101810141248,0.19793993788544806,-0.020413173302123513,0.4159625316264659,0.021544921701659697,0.1476174341085806,0.21682236670502567,-0.5709362493599688,-0.6525054956958091,-0.349672679348705,-0.2830312641599879,-0.42391068022923106,0.13751007010464483,0.31778983366134717,0.02990110748233736,-0.1103580850524144,-0.8734032732712711,0.07695033206530222,0.005276990892108854,-0.028668333775632764,0.14144968339491473,0.02332329512200678,-0.5984603348773014,0.42854380355174615,0.14414428619460873,-0.043671452505595884,-0.1926945647450609,-0.37728411218465235,0.1081251526871583,-0.36685580778651056,-0.4895666678967156,-0.280187255108702,0.49548970544445636,-0.03470838414095039,0.32906456353414537,0.25974839503628944,-0.8132112790772881,0.3136558211022861,0.23552172522649645,0.11931228914490608,-0.28793161183043764,-0.14031351249481844,0.01544531599502158,0.06617232082942881,0.21294630950943427,0.2514970295208008,0.7069484677209187,-0.4046829675703105
-0.6521776102770318,0.24443773506438096,0.4930684798457789,0.7853145872424101,0.5188490676628695,-0.24538893455781474,-0.005843980363398574,-0.002242263443324021,-0.15021590293256362,0.5456169453465032,0.1960532354719255,0.1858124781645266,0.6449588426377422,0.47348325301665484,0.39039661210203824,0.1770003137914053,-0.428060307543813,-0.026077535890992813,0.15201175972866698,0.7417047172880855,0.8332676634691161,0.43549199969033114,0.1815863017226596,-0.1246566209170069,-0.3752422653504321,-0.043352511293928545,-0.3036938721981023,-0.46367068055418803,0.17676694127181558,-0.2621214094372937,0.6926905505835553,-0.4692858714762894,-0.2592116776863914,-0.43377379550959383,0.06632202174857506,-0.02432565139200924,0.014613506028534035,-0.3812253159667607,-0.5037569773522569,-0.45993917454564676,0.3416641471657695,0.21189038731353976,0.0706214054277348,-0.2925806724615174,-0.04603637135481323,0.23833395597318335,-0.2796879038313038,-0.5402555573287562,-0.37907156861867475,-0.02283703175079327,-0.18265650519822968,0.5429628448968612,0.3666184000453288,-0.4683645067165674,-0.006385330335028666,0.14781674307411857,0.12428660866520576,-0.2893330544869194,-0.24545538387814353,-0.032808598891079316,0.03887944044939697,-0.283497586048613,0.1753690569719193,0.0706373995495541,0.1182469007365042
-0.8022994575313905,-0.05775913493116217,0.254793814221804,0.6507814166043482,0.5268313559634652,0.04778125760147585,0.023951638784754516,0.039954935787143445,0.01089330799760703,0.6438904357620687,-0.008587361997388413,0.44974795584212496,0.5005234163423259,0.10504253110659328,0.27776842381657973,0.102865862449253,0.10925982351519564,-0.12102727958848257,-0.08216763468213553,0.6892024602976877,0.10009746529326163,0.6665927230770627,0.5204457331594111,0.3280501043863458,-0.38877898673800715,-0.2230603895966018,-0.7642150838124243,-0.7695241780781779,-0.262397152228837,0.25038687107282614,0.2347933119682192,-0.1631828056174912,0.17099162907286253,-0.1657006584309114,-0.002727440556087965,0.25450787751521153,0.4015008480499392,-0.23931108149890506,-0.3539268467916026,-0.34276063255397043,0.4322179914683545,0.28832465511679173,-0.213584414049794,-0.4403962665979043,0.09694300570822624,-0.01944337294481646,-0.4812829434771319,-0.17240287852864838,-0.3654689380762497,0.28221644083494285,0.10850397205129911,0.21720534817108783,0.2934757912974527,-0.2067642428594049,0.34280196595672635,-0.020122262164683477,0.2154366907124814,-0.6764716724763241,0.0059330532087774335,0.26784519948195523,-0.12821022114156136,0.17859867876901242,0.14599197951561643,0.18700792480995626,-0.15368020266912705
-0.25144649194375884,0.24154595386353342,0.1757098265208282,0.15267237826295968,0.607277326198164,-0.1804528634517895,-0.07024849556975915,-0.08422718583394022,-0.2031477402247836,0.3535712018317234,0.19203136734780046,0.2732879837889832,0.4829668554810903,-0.19309005251233474,0.7899383368692553,0.11925931478789605,0.4199956847819955,-0.38356151390167226,0.2921869485946103,0.488554210599781,0.793519116102861,0.4899394340857984,0.16561163133531753,0.18679348806091162,-0.2225526502333961,-0.2769414064605563,-0.3516829512345401,-0.2302767839838722,-0.2261497124045863,-0.19864751418361404,0.3428706444853957,0.024133602756011355,-0.29176776588554004,-0.7750547901159514,0.13951010301520142,0.18922071451580974,0.0662257306320978,-0.2978914671636076,-0.5335303973378137,-0.3352605339670338,0.4105406500501204,0.04614996153914007,-0.14947754987812284,-0.12370237138188371,-0.08119997088053288,0.1810076297982975,-0.2913943299181358,-0.30108442919641454,-0.13019868906229978,0.1398450784201268,0.016463766662736454,0.8882948549798635,0.35702227081527427,-0.591481127759591,0.1537549397707989,0.039155871297590815,0.029798038475696394,-0.5170421336269801,0.20032140142548838,0.12439115010028366,-0.07101166268202015,-0.2261162214057051,0.152088601471292,-0.013915809686222663,-0.31725952685530373
-0.6206998651227458,0.06097688369764079,-0.18661512626115254,0.20778927316804283,0.251134567581597,-0.5448186286534147,-0.06698485877622928,-0.3351713246416384,0.2181620328860579,0.2591772128671679,-0.21892921662136042,0.643422727819062,0.311721159311522,-0.045726350348533534,0.48307185032009703,-0.1871604786892339,0.18672589141018006,-0.48933537852928316,-0.13714593681743947,-0.016956743014673308,0.2685164755630795,0.1175592464621398,0.35930236024898854,0.17592326082988385,-0.3274617753835706,-0.3055728444956373,-0.4466504063801606,-0.4337124211567197,-0.33307906964827216,0.267773561923369,0.15593501963148784,-0.18859267999967805,-0.28220238031637584,-0.6322553097010032,0.569867070063827,0.025631418054087952,0.16907275904220512,0.18080278495062185,-0.2718435501295249,-0.268813007188327,0.6742329883848057,0.45579405510997506,-0.15520526391521705,-0.08930853976808865,-0.015806167741133317,-0.045018371881431096,-0.07841439478188575,-0.30809598156575146,-0.327224064169398,0.1937873052774161,0.41977816326583495,0.4724048172435567,0.3016497276323722,-0.51718497556351,0.12382841527173583,0.2981275187128558,0.19173718024954792,-0.5847797836343923,0.5166853484997038,0.14513391062327258,0.08369325556958619,0.11923142633786168,0.31930345699250373,0.133022935024079,-0.6417116205077137
-0.4711637281631615,-0.15873832790775266,0.0694664079473343,0.21551623383039498,0.36906691483034904,-0.11758857122288145,-0.09166188209327418,-0.11329317006186206,0.46333786983378517,0.3609424348401859,-0.05403079379971707,0.23605664016029176,0.3022024336985954,-0.04979776351964965,0.5538320985725842,-0.30483269183691986,0.24867917314110422,-0.3169176628875924,0.3262145327445108,-0.15585643452647768,0.5519951953899417,0.2951770144470181,0.03666193791027742,0.05594383147810517,-0.34766868941757245,-0.5134515340117555,-0.04644822008610612,-0.023256869724773192,-0.32341042631033706,-0.11301477875527528,0.279877758659831,0.2366709082292073,0.02379561017389803,-0.27854938957710845,0.38336773531440793,-0.04388817490978435,0.29061230329630267,0.22317762518253625,-0.4466006820784585,-0.347327559016231,0.6370024949156714,0.3833561493446541,-0.12639280205159037,0.08849683493918173,0.01128633380037241,-0.018120874914769967,0.002138709133726935,-0.6441049623192864,-0.05337518396967006,0.39211471301218964,0.3198763743561167,0.7042987195317473,0.23965053828133995,-0.9602507596605667,0.2658117026572744,0.3507652062780532,0.4884821974959161,-0.0030970281510906555,-0.2753024519901805,0.12328411550855037,-0.1267849187904987,-0.6653576251536887,0.1671106648382243,0.3550574366516059,-0.3158761606965536
-0.5272599760402545,0.12818623642257249,0.1149543632074267,0.6762985750013509,0.31366592138976346,0.019395124414854997,-0.09761997369209238,0.05546856609342117,0.053090299032662214,0.658426528897438,-0.018948547089078893,0.2515797953986639,0.4170753212570938,0.4204206306258039,0.6311519437373871,-0.09346351537370877,-0.12040843611729717,-0.25661313558632654,0.17423862967149034,0.4351891133937165,0.45464485089558304,0.8260816492276116,0.4144560473649309,-0.004396511845447176,-0.3880926831389767,-0.33997272899057923,-0.08924348265935338,-0.4173379818460248,-0.36928899143772576,0.04695141302057641,0.41832491175898345,-0.27849872488055266,0.2324927587786041,-0.17536877339288587,-0.24402767930966462,-0.23484340493987355,0.5791493017196959,-0.2099008277188445,-0.12583178217387475,-0.4187726406579711,0.4441705396196345,0.2605417397972095,-0.17655182322445398,-0.17225979158853694,0.020645112715333036,0.08927038920136478,-0.21945604303136448,-0.39821037121979597,-0.21162392617361675,0.4785319179946382,0.29266211093306727,0.4544034381311469,0.10553842968370789,-0.3494768559005373,0.20948726196483242,0.1568070126156207,0.1526593009032302,-0.37857443664209356,0.35796693901687887,0.18282293623036613,-0.027914795466722916,-0.713096732814495,0.10650311623828888,-0.24295284848817347,-0.1401124258733218
-0.6112725837245209,0.039814145664147815,0.10999016209084675,-0.05826675334785546,-0.05079295254376794,-0.2718687411897877,-0.455986305601417,-0.26842334660081657,0.2706173629363705,0.2684205741128738,-0.12163852498819247,0.5362459551461676,0.15534248755371366,-0.1756652607736499,0.7267394527805109,-0.18984713417847054,0.032685353273916855,-0.37399933747260533,0.28907064740031235,0.22985702873732822,0.6172861529204948,0.7335878247272227,0.41871271521084513,0.015558658856795526,-0.30616293462787364,-0.1817493348141491,-0.24351637364965334,-0.578277638584524,-0.15134047331080608,-0.08992891810034168,0.19587824036072365,0.07175589113700093,-0.05001966330778122,-0.7362234491367023,0.009951634135565726,-0.024539141600212366,0.26150529505688513,-0.05362730984193198,-0.17785889262617627,-0.7826566571453082,0.15360496539563717,0.44702817298456876,-0.21361568808082315,-0.19494005044809454,0.07452218984448854,-0.09880291811155151,0.041395836998525365,-0.21180718507715834,-0.47363478831578937,-0.077073913696805,0.4326412937823727,0.6240872302938627,0.03233713233087507,-0.36542324172658797,0.33899596858581355,0.18921427045936923,0.46990163655307127,-0.23069440053309997,0.42960466867250413,-0.1596324569497306,-0.3120132152953394,-0.6509839401060805,-0.07448625246930773,0.0039173536800535536,-0.2955647615881363
-0.2149003468035466,0.2543898418372642,0.10681277130963762,0.54757378863516,0.11629499850300574,-0.10481471572021006,-0.36153344137156557,-0.24095070980594901,-0.040012685298373735,0.7064604561145977,-0.35535065463984317,0.42075703036581813,0.00747796569186464,0.003128035870295816,0.38737284314905635,0.10725305786819625,0.023596058225914783,-0.44348307927692077,0.1690388159709003,0.11308094386527211,0.7324605234533267,0.43462550537404254,0.4915185779780715,-0.36768398880935116,-0.6945647570899923,-0.18401846537948133,-0.8370294312162122,-0.487022576894499,-0.0024187890943303536,0.14003679405023642,0.4649959436764623,-0.43990512135632487,-0.2524302021355047,-0.7800111333537776,-0.8651384197191354,-0.14049539988524876,0.24409283143409546,0.16731025828798773,-0.322572043087422,-0.5110803334481193,0.4367778048767695,0.44111162875538534,-0.19326947469562267,-0.369286064857191,0.009156254480130119,-0.006078330030051593,-0.1292036412602407,-0.7109552860922107,-0.61641668477223,-0.2176257626299315,0.2399832212239394,0.6897540412386927,0.4723226396822602,-0.48907938968512776,0.46436167467994455,0.2586626745157671,0.23789681072745733,-0.14084275306562538,0.2933671277371282,-0.022281310429480856,-0.23501216147139078,-0.5114989405746417,0.1023966407249292,0.01359344588060539,-0.3894865380866416
-0.6829786149613013,0.16275209585286526,-0.010500310052666266,0.3223394549759009,0.6488693998955201,-0.5230093143645544,0.38619023485821774,-0.10347439504224089,-0.11960882312349982,0.6333861899794392,0.04066533172254015,0.22593787998295,0.4678997268058638,0.2680954929720895,0.7653874175960538,0.055246595861234454,0.06576795937474175,-0.23567516537044145,0.047603534315165834,0.07945655950886744,0.2927275079406505,0.6944982991819582,0.23842387459789702,0.009974744609917208,-0.05232248870473544,-0.2889423629048666,-0.6740481605957382,-0.6628071724652536,-0.266537976422538,-0.0589926248305949,0.2735397769436204,0.005173292544015606,0.16815580127391416,-0.30162275660883686,-0.13640951865491405,-0.10652559425896962,0.2409268221923051,-0.22858520387471976,-0.47486421771510545,-0.13504327458329987,0.7314126995397083,0.31130909092954445,-0.122833504075852,-0.24939165996098012,-0.035765919741998865,-0.21381305673503087,-0.28725349403507794,-0.7956929476816577,-0.47271191692737075,0.09728477934898497,-0.03938470829046449,0.8857445003989827,0.17035351962334838,-0.4286993477819019,0.45666352718065073,0.19111373706711599,0.07259881860906847,-0.4521345074246125,-0.3028374993952347,0.21816330615976087,-0.4790145703346808,-0.14321291743851286,0.0070410657758652045,-0.03461126695121976,-0.49371430462622523
-0.9497881139957882,-0.32516328984447757,0.26126857471386783,0.5860888253455787,0.7519878686088236,-0.16989681434076362,-0.07305460332182723,-0.254576825317702,0.12501799347352946,0.47905780043727875,-0.284461256238345,0.3153185166016451,0.19275242482823735,0.015000917779400533,0.44927761210159955,0.40613267037559087,-0.036463184528910966,-0.30551737941098855,0.2448127293473644,0.19563557720350458,0.2750223120934908,0.3688673150212308,0.905162432602125,0.12819130266483383,-0.4068989488468639,-0.25938403734024257,-0.7029802674314273,-0.15096612879814586,-0.3263510831175542,0.07317408183325419,0.3307990740268193,-0.40448933596349373,0.16303066339609254,-0.6321479361451888,0.1900453550086173,-0.2906273091275661,0.1273384589943427,-0.06603825649747834,0.1552440634582787,-0.8018808595020969,0.3952304330595405,0.4642293394469089,-0.2655806273173163,-0.844422096032333,-0.08357178930367484,-0.10909433291172672,-0.2386958894107399,-0.6939737596914051,-0.46522910125657413,0.1557522461682368,-0.14241778169426572,0.15996267651899507,0.2899851692474959,-0.38156423775016696,0.3178137683414198,0.2380408632251267,0.3445243099931918,-0.13669506068591203,0.1069332196698986,0.15971821870250136,-0.14224924357437232,-0.26916449594476277,0.24631646845342173,-0.04240950224545631,-0.300031895630741
-0.5754200129064933,0.24095755608955233,0.48318780034983155,0.1640342576735829,0.11173581276562514,0.02959968220793556,0.05161867553961042,-0.14764765250949163,-0.05582909549608005,0.6353032024540225,-0.2084768891282954,0.21049641874178088,0.17608364172333782,0.25639510677362815,0.7002834644083884,-0.15905252000042963,-0.5511621172445825,-0.2716660017590915,-0.23836527846475322,0.22662513183517757,0.9826048917257165,0.7961642273561329,0.21841389044465873,-0.12780650647854971,-0.373943380385169,-0.017414733795353812,-0.7317879003298772,-0.5958806916999787,-0.5296776037135726,0.007412516773389506,0.48656724818774566,-0.3538046111822759,-0.18808165326812515,-0.4065647790807195,0.17568728120156163,0.004050457577921496,0.36423148705398195,-0.21752818443955227,-0.5110829050416903,-0.1974017979927728,0.583466184486247,0.23471300456370808,-0.2615433273786534,-0.30615709627362164,-0.11068074627904058,-0.12848735287253465,-0.20203296054817715,-0.6275651864199636,-0.2630282595622051,0.2380364313023612,0.32817684844033645,0.4908625455071432,0.15271877085964963,-0.5769387509353007,0.3704563767510589,0.1606734916657325,0.23213754835189968,-0.44250952757147144,0.10703740735781578,0.035407305592981414,-0.13190983736537726,-0.2089023441282663,0.2666884761034001,-0.10366772202408808,-0.09159169094016997
-0.23526152702527742,0.24829397399032066,0.1931706133531625,0.5353097141304872,0.1148125672631446,-0.15887562077298548,0.3628611092313255,-0.12290907081805796,-0.5739346488774407,0.7813436486910187,-0.0001275985849140751,0.5837158018415995,0.5033365980864374,0.23826553083755056,0.7133026902029057,0.22117627622452077,-0.16058028994190998,-0.11787642377942206,0.022867530414189388,0.19705815080163328,0.7095497122328361,0.3773383281883269,0.4287822933483787,0.1968915714099114,-0.21285368213610822,-0.1311211672804083,-0.9290815123181799,-0.6940693412980792,-0.023391844832195613,0.18189553039311185,0.8045843309453296,-0.6195969808858212,0.01609910346576074,-0.2139915851760115,-0.4294047324866572,0.3731984823096705,0.030676460762459543,-0.20445844303602165,-0.4181950545115197,-0.0572303710970057,0.6212746572202033,0.14687539847307582,-0.27727473305714995,-0.6947850156882718,-0.007104324049357541,-0.2967524514812643,-0.12746137890061865,-0.4045064949801242,-0.46288150629826147,0.06394979813932894,0.4154550120199425,0.29244484717479297,0.28704343566842533,-0.31073466888835344,-0.0797410182229565,0.38416019509177557,-0.06410653309256464,-0.016753068791805253,-0.1584320766508945,0.4031659976453127,-0.41472464740340914,-0.03204921424790531,0.17655104825913778,-0.06664879367431845,-0.20991016708120974
-0.5559265136525556,-0.1502591339266312,0.2580673814934329,0.39003723051912337,0.5951246005491952,-0.0810928383282083,0.04461870802136878,-0.06559105230892251,0.4111737417065143,0.42279129713873753,-0.24338776481259616,0.36422788547176427,0.04764706950845558,-0.3011993680983734,0.6732455078321053,0.16512855536235255,-0.0472782928380964,-0.18290420851658407,0.25493879152287413,0.33696105218437145,0.4221954608412009,0.30440947821900044,0.45557910323180084,0.3643804576136699,-0.3168451720561845,-0.3533228786725565,-0.5577033319612545,-0.3270268251093845,-0.29866051487678813,-0.16187930190590488,0.5905929283788551,-0.41705015711165516,-0.09132189937392278,-0.6985531431985209,-0.15772958369126802,0.37281070944541544,-0.09199351444184398,0.128980670174355,-0.441590401584498,-0.454544771441914,0.39970282070945323,0.002239497891209981,-0.37683293715981603,-0.503337901698193,0.2697844213776345,0.18894787135077684,0.08626164724345656,-0.18115132441222534,-0.13925138154393243,0.28749694654047536,0.31931429442062004,0.5203217025893341,0.468473017759301,-0.836701249795525,0.4177667664164252,0.2920175026083637,0.09196457824951867,-0.39326713080404546,-0.4214929019726387,0.0618382763603977,0.11243213719476558,0.19496429657919803,0.13271197292017378,0.2893742095934353,-0.45026714284978536
-0.29191873622592973,0.03597146210177261,0.19355581980657943,0.8705544344412963,0.3267155446426575,-0.3396746856287248,-0.04992911106201332,-0.32070446540017206,0.3351120335267118,0.4088691179313675,-0.19201099700486488,0.45258712014592084,0.4217116590506847,0.024328814154803768,0.3739960378576082,-0.1284093452761407,-0.3646574564856882,-0.4383728239768838,0.07575680093019248,-0.021381411379650717,0.5863396459928996,0.15490185604731543,0.2028379871775719,-0.06856195494638892,-0.42424623308229076,-0.4597568733161039,-0.31517077458398396,-0.4675728730131623,-0.3946985080054226,0.12017016794825822,0.47514544698257694,-0.4705188926242001,0.015218144818323086,-0.6256527069878468,-0.7605072650048615,0.01743420557245419,0.10255703715297011,0.12177987734380426,-0.10376420879568399,-0.07386251932118104,0.5335877486604045,0.28660729708652594,-0.14797574050525975,-0.4970991107048504,-0.6743274502530481,-0.20041801293853856,0.16076384451423156,-0.3176494899808607,-0.11837860207144427,0.34940788457227606,0.3005187473866053,0.1108193863850177,0.3544518310771942,-0.5387802571999173,0.18272672438454082,0.1364751232944047,0.3849879734077239,-0.36212877129528676,0.1154971474883716,-0.0933546809859438,0.29139346414378814,0.013651206018657575,0.2658950407785301,0.16332607571874624,-0.38398588566172354
-0.7347727945854575,0.09355373452364185,0.06085730013485661,-0.041049492716688604,0.532124841898732,-0.4938276454528785,-0.25744507989432924,-0.06717721587863057,0.4393802260166318,0.43021403460006596,-0.014233972283268635,0.5575452525815296,0.013684862980351056,0.2600884562488702,0.578014833831304,0.22226817814755256,-0.00749385364507197,-0.46790463497294205,0.5979538831044326,0.14961426454314847,0.7524605223838446,0.4755807224759379,0.39348816662071734,-0.37760338546271327,-0.25316555869877294,-0.2176114249562635,-0.022959884025972585,-0.11026832666123457,0.04995226658690649,-0.1136642081351378,0.3333817696814969,-0.16949371886811493,0.015537179618030176,-0.1812030005624151,-0.04686093088685454,-0.07114993813116587,0.5982595705802877,0.06279141738601138,-0.0304277021816071,-0.4579473514438124,0.3648863415566805,0.2983154270797235,-0.2787154335496243,-0.6498128395510145,0.03579174690169384,0.03970963745255556,0.25128671701086974,-0.3460911855701461,-0.5633482920225523,0.19978675031604168,-0.06600923862418467,0.6908912857477708,0.14442280907434585,-0.30145963701245293,0.3325928348646061,0.28064798773968913,0.4508853658451537,-0.24389501670304797,0.23296084548584478,0.41835277917952945,-0.4483634589801695,0.07549507361611726,-0.08911483495577249,0.24325498212557375,-0.4068450990698392
-0.35838704546409955,0.229925074480489,0.3518760192286108,0.9156800362910398,-0.07750133219016592,0.20062862978583246,-0.20304566743411542,0.1403169744478802,0.10585312266843969,0.8604339701528505,-0.2815610144337648,-0.014199051429281864,0.4696426617464167,0.5041272582595683,0.7104731811923461,0.3847331225846464,-0.12612267242399672,-0.1465956420001597,0.03808413767262937,-0.1609447722635035,0.6534150617968594,0.3803195744720855,0.5178969269600968,-0.21203143360895643,-0.14231783270295995,-0.27499537616341957,-0.7528725756999328,-0.9505855294586805,-0.4037132086121626,-0.016351582425079607,0.5187574799316508,-0.7254052813880436,0.26387737444866227,0.056704308215435595,-0.041431474696956266,0.06020406688493889,0.7352436514625855,0.24571985535295054,-0.24245674632410166,-0.21199600275032626,0.2401447129614306,0.03831908119455105,0.08465644732112973,-0.2836639583190401,0.40744904416817607,-0.19327442001901923,0.010316527168566462,-0.1266197691446082,-0.5056768056755597,0.15755476365282495,0.25581184091164244,0.4689156478770674,0.5812351673714427,-0.46757508286036636,0.42686182435221476,0.007217542893091025,0.11481215774111449,0.09935274337618669,-0.20014247827484058,0.1534108427343686,0.07614503240393714,-0.44472191210430567,0.128458242041997,-0.1619600353338935,-0.19650222329853
-0.4801593492877829,0.08770532213569293,0.34785009361742425,0.49659861791879883,-0.19657468268920386,-0.16815622894277238,0.3170935406174247,-0.22764387549462878,-0.11513520584984119,0.936039159845733,-0.15804034087260818,0.7531654795311978,0.6794894372542104,0.18113571153401614,0.48530548107941984,-0.0519318896000483,0.04081876860715104,-0.009105288831093523,0.19219788447693387,0.504874094341102,0.5300674711570234,0.30879930020722657,0.6767490739235082,-0.19921971046483167,-0.5657383665358526,-0.16858457319453463,-0.6724057355712216,-0.3361300975632831,-0.42847636887881196,0.019990853677420595,0.7558594504285546,-0.3483921585715771,0.05522387217080858,-0.35222867656741463,-0.8786962005852897,0.4173283752852653,0.46027294444057554,0.019249680966335565,-0.2592807381115675,0.04784511511088769,0.4320616676639793,0.38469164085199337,-0.04782403123804725,-0.20552488739345176,-0.05230216981020411,0.10145134689354873,-0.32475240585522125,-0.5050946058861256,-0.44938968503198923,-0.3461236675784827,0.28424314521465843,0.4189334844637955,0.5352677467459555,-0.22550395216118227,0.2995883181756428,0.38587024917944146,0.046583403801448625,-0.31085947057898766,-0.198723329026411,0.1347957901786101,0.1281770787634804,0.046508490522682924,0.3086257969822143,0.19992112832545295,-0.29555814801744384
-1.2142023090204919,-0.24280615595255128,0.15985106476452998,0.39781491500034377,0.5307366295007194,-0.04503000130629799,0.07686417757627434,0.41938415283404884,0.23952502944695025,0.4236120833005216,-0.5632170053863833,0.20029043546787806,-0.0811296300855626,-0.024689767380208165,0.4824825915046715,0.0671766204900386,-0.4667802060035712,-0.0065699630785952465,0.36517944905553146,-0.4324860415131214,0.12320010974150526,-0.10461680141167284,0.41507570983948255,-0.1046528778117758,-0.3086721089638852,-0.283237547409288,-0.4490229831603197,-0.6327769342795649,-0.5481217102662587,0.28069888408020105,0.43610427711137184,-0.6631200983325457,-0.05137805448406013,-0.8084377574660542,-0.11666120344962654,0.09513418588408859,0.2799521303965848,0.37664144988618464,-0.0922316254136362,-0.2122140254065057,0.6595286077018295,0.12168695311484123,-0.15276760659065172,-0.19218814406423768,0.02031092123359117,-0.1501952262310298,-0.03276558219660297,-0.47094887965332244,-0.6008871445754764,0.1332464928922523,0.5477508687775369,0.059155191834346116,0.2740552196181876,-0.1755521681341143,0.21522600695878188,0.42658959110260875,-0.018835390440759506,-0.21864610715029353,-0.0214971772291761,0.34089410292932615,-0.3795251863913444,-0.681284107067119,-0.006707806387388722,0.21640405448332156,0.13292675077780286
-0.8469685739960764,-0.07102362166923702,0.0005115534092293098,0.4281747145896676,0.1984564787083078,-0.6894397135594258,-0.2703768931293243,-0.5354112195474743,0.25179750096730485,0.6118991042476088,-0.19261554142204051,0.5282941827171055,-0.0020953075041070246,0.3375924998417414,0.5423761028879643,0.11526188143915739,0.17480219769202632,-0.5685357689095615,0.6017356030561976,-0.5050693574783764,0.3077183949945742,0.2500004358929413,0.273133331726296,-0.19797674956802586,-0.5694541918286882,-0.3773251991121823,-0.5138039843092445,-0.5559494227953624,-0.23692410312861342,0.2872769863262076,0.39309922297979527,-0.4919093358856835,0.10701888960658283,-0.6373764507199273,0.12748905899083465,-0.07132122628276293,0.23966325444440711,-0.07442357966398574,-0.3279287971673336,-0.39035671233605385,0.4574700750255254,0.6101053239242606,-0.13966780936950166,-0.2125713539984092,-0.12904121635715757,-0.5082906572745638,-0.18108009139656694,-0.682838181920178,-0.6409637006240414,0.13927220001612173,0.21754721035300015,0.551371504519032,0.29582219407852484,-0.6309814089676299,0.33620322083598536,0.18038054649845883,0.4130204064008877,-0.2498916023587985,0.035732335964850565,0.23547993079029048,-0.6022901627086934,0.21617076839346924,0.1453899962049925,-0.09498362706916275,-0.4376569708677568
-0.7884683243040608,-0.11923696084563282,-0.05422163986849446,0.12969742344041923,0.5583460631659075,-0.899159969419288,0.03506512404981893,-0.2903817659204887,-0.04819285549878635,0.6780641350056574,-0.14740885593601236,0.5525255537416525,0.339226637732873,0.07552260868032509,0.7942313445820235,0.0018516559306916286,0.1805121045276129,-0.40001038471777717,0.279740801612509,-0.05117555179941648,0.38010015691792276,0.5156695863427092,0.30507905139426367,-0.3241471116613076,-0.2343533139480264,-0.13579418225525008,-0.7720267378723991,-0.28190749715588725,-0.3604160206531888,0.12440529201975642,0.5320133029219792,0.05843813307157779,0.08445410778091589,-0.8368740798754363,-0.3442908693828729,-0.0684234638084807,0.33922213666960666,0.08704243049076477,-0.32880843578659646,-0.3081258495319519,0.5168976449468355,0.1396802593922189,-0.10740849831257021,-0.1794542964615829,-0.20695440391850806,-0.22535277157497527,0.044170003304742904,-0.347004024267614,-0.4513805969298622,0.12423091317181767,0.4014689971766625,0.6689685599903159,0.17754943883945395,-0.3786831182403917,-0.6284361509093681,0.08220209611820369,0.5015688232310211,-0.2381935972441443,-0.12673381940797177,0.43724126567983573,-0.31148825064507535,-0.2687430829985771,0.21739325835592332,0.2936530434978537,-0.21649409954866122
-1.1222717655378132,0.006782052742524872,0.055552722441689406,0.22096789783081844,0.2986387553045344,-0.5094670465252191,-0.18897747646728774,-0.2629413107214629,-0.6077431796396384,0.6837488688691995,-0.29525317851804367,0.5723313086646329,0.5089915041342716,0.1030357893032805,0.17091595127363038,-0.09204847822676038,0.08792476840528358,-0.32671579422110547,0.08957305977264374,0.16999033111836326,0.228834645170257,0.19042286614251594,0.16526650593856052,-0.31006594873374077,-0.23930189368803242,-0.29725145359532035,-0.8278944217169208,-0.20317458613414238,-0.18607682375422144,0.20450416303007096,0.3200655056883147,-0.28415852293855803,-0.013783691423349734,-1.0786638301694362,0.0851366325961191,0.009348753536153488,-0.2427312086932712,-0.07167220085138372,-0.616702866081443,-0.3411954065080711,0.3404315515156685,0.08476338019080208,-0.22883619254819726,-0.0027971052700871205,0.013439940066566541,-0.15431153419950647,-0.06908537462018488,-0.7409409305541983,-0.3210162827866794,0.03618176259601867,0.21219480473822014,0.6865553036062608,0.47242060696249905,-0.23277370253826973,0.6797642262117728,0.36669609968798134,0.23987683328932854,-0.41437896386028195,0.4084532823537143,0.34404303819541365,-0.2577289171181748,-0.11915324285463273,0.29355208130282434,-0.14562851620661232,-0.1630414149791095
-0.49619357589250485,0.3357509639322942,0.1385872154840341,0.3905105345550837,0.11208848205281885,-0.5032570977341403,-0.33682905091125254,-0.04587812109361755,0.27218723535561096,0.4777343460814856,-0.00634648274310376,0.785209938770536,0.4872078188103798,0.11271869762983854,-0.07880510175180394,-0.01467869118923347,-0.33233182026253416,-0.20649339764569893,0.24563656895617214,0.47989629911222864,0.6567538257322206,0.561337232550106,0.27441085338874327,-0.21395475924385435,-0.1106612516026326,-0.4466697004634087,-0.3021977974252267,-0.42529384734411163,-0.579705707814898,-0.07243904605547269,0.45224879332331697,-0.45109531956014776,-0.13959919764928033,-0.23585927415379773,-0.6685481435414325,0.16720620385990287,0.2595879235761215,-0.1889694527924921,-0.27665338964861175,-0.752075220274554,0.3530461408980504,-0.0725123230653963,-0.26614372134078934,-0.11160717283994157,-0.10223186868401965,-0.08648560854588783,0.2817391169557601,-0.7150101524551672,-0.45758567088157076,0.22212489987222211,0.006530895576454568,0.5478027012620917,0.2609624977784504,-0.28457355980578947,0.41925180048971206,0.3437075983556489,0.2722700148225883,-0.21177877219758404,-0.034234424452798756,0.12035951225147469,-0.10721179337850903,0.18732870608123448,0.29023047354089293,-0.18504029085262225,-0.04956270819015792
-0.7680137756625119,-0.024752133670049747,0.039381015348938474,0.48034965235806837,0.11523358696261421,-0.07045942486521785,0.12580745404223298,-0.05892639616599449,-0.007253788551438628,0.7671212745465745,-0.055652686895009275,0.290893897608094,0.5456379630492033,0.36972468714143925,0.5095658192602488,-0.03269454392117242,-0.14989043867070426,-0.060319784369240306,0.20956752999524753,0.41912343440385347,0.6195511905067382,0.28815374838467067,0.4455396405348339,-0.24609166393083828,-0.2992829531554939,-0.22598699300427993,-0.5311111552890838,-0.5801652646400581,0.04409309683009719,0.2572138580779333,0.5053603513433392,-0.1872944760286605,0.029968993864629354,-0.5838974313392118,-0.0002501598727262383,0.1628048279563734,0.4302170708213165,-0.39482230908996185,-0.5612988361964295,-0.37248402783614243,0.38133494284556113,0.21898613470641157,-0.20162348673938624,-0.443947629035824,0.18547625858579941,-0.12077522316219441,-0.26494619525954344,-0.666817471813372,-0.10841220398392515,-0.07484766790255845,0.5758256038726757,0.4504933302541805,0.47016562043185045,-0.22446096629427978,0.7214239017193832,0.28991456662777987,-0.10021461511695441,-0.4108130804501835,-0.10420356918606383,0.12533155613190428,-0.12216209843713316,0.12105117848555365,0.2860376188001933,-0.1237426457279723,-0.2175350561396875
-0.37781393307011163,0.35760016235736336,0.22729701736561397,1.0142306383225586,0.09782929697516322,0.003026957677728273,0.15109728499252292,0.07734170810409047,-0.16772109651805417,0.7423557099474518,-0.19320192714578235,0.3976509715299893,0.7801240900941755,0.3865570270600015,0.613855861915218,-0.3013513459031172,0.16792135304766348,-0.10950814689005012,-0.0669100823226983,0.6582873223494423,0.6438730833841197,0.5061036161458111,0.67216792059281,-0.05966606810020501,-0.3721115402801122,-0.184056805166665,-0.696026888608473,-0.5945588339363101,-0.241717058045547,-0.04154281906001958,0.6115340849997243,-0.548863171518951,-0.07294787041945092,-0.7571862439814806,0.012639247508966223,0.36670196723457343,0.5940620711832812,-0.5416142029406348,-0.3156332967357306,-0.1709996446870384,0.34264825502238405,0.29872969916204395,-0.2456866212913854,-0.28145695036969715,0.08804264922150551,-0.1800629254346265,-0.2515077079829343,-0.4394414563054662,-0.2085868677588903,0.13815037435908029,0.04972228533837366,0.16983980688574998,0.26849936576340017,-0.0881440086803841,0.5508142666449122,0.08886538552635814,0.37376867972197275,-0.1895285526867134,0.16106413954585014,0.3259206476937226,-0.41247368250559013,-0.42117314718388627,0.21119555430926834,0.16674802546058642,-0.25790864731052765
-1.053392069046103,-0.2985022480872811,-0.07305600511080229,0.4277861254164921,0.6431420780844507,-0.5597050609673249,0.01939836968601502,-0.34267884222496187,0.1764345884060065,0.3678800300430301,-0.550519917506131,0.9259739821546352,0.28950193680120523,0.008946867488299204,0.527851421984715,-0.10131562684642663,0.2861503661152788,-0.28433807300923825,0.09657619073060647,-0.1661483688972552,0.24033263991146947,-0.111901648997725,0.2396356099810663,-0.21225112864243484,-0.6789874861986104,-0.6590428970582224,-0.5021230515055237,-0.4379693533323761,-0.29312313077034324,0.10473095837630231,0.1674087342775955,-0.014068925014655259,0.065991613185163,-0.55340120009873,0.17737506029082428,0.08110506468652878,-0.05124804109114553,0.17321511327786326,-0.16357766920914896,-0.24848620497340917,0.4209420196825979,0.4908312456476197,-0.30517812884982815,-0.2008004767763367,0.1338588887037931,-0.1081374260221411,-0.21883553792170338,-0.41868166308001264,-0.6534510852467282,0.4948161461631412,0.18779274943847324,0.58774849790291,0.32264359831020095,-0.8760560744852629,0.6636090430943804,0.1623586420228874,0.20723273210660792,-0.6536130019123148,0.06591266239463951,0.26554382191183434,-0.2971406909242866,-0.19526449829384862,0.057959879334770634,0.05470420190313085,-0.3920395009950611
-0.32720567863810984,0.3098058624334527,0.646914790537167,0.6125985837279156,-0.07731012430185108,-0.5076119968118697,0.15795198990109546,-0.18372543799960905,-0.28058189230425795,0.8164155998724936,0.1918408480495624,-0.06744567272764004,0.4803799502593103,0.39250114919448037,0.8591525669269005,0.4357227018088985,-0.32727545027804267,-0.14476864554979516,0.26802104776729985,-0.10756260201591522,1.0824663941734276,0.9678388583217326,0.37253971623308263,-0.17729151918892194,-0.2645792114445728,0.17057322420602103,-0.6900380682349982,-0.7807481245558241,0.011089060782471976,0.13986094604972255,0.8014964849623736,-0.3980234981961599,0.1414180327083633,-0.0855584085210194,-0.6648431733463342,-0.04556262994968985,0.40114503434739923,-0.0943465084939973,-0.39821107149592344,-0.24987222657883065,0.3932301670797089,0.24985697305328422,-0.056862599095857724,-0.36124523975857714,0.23416329165318323,0.07569173865828675,-0.2597694802894954,-0.32612990737083186,-0.1849360241131535,0.31905764658517466,0.4569490547943193,0.6865083092422097,0.31104971946127175,-0.23250782123979163,-0.0419293403960274,0.23364014061559818,0.4871403034623621,-0.2911668694655533,0.901597147126307,0.07863672323726525,0.08828960259860164,-0.4987730442753183,0.17248339185069006,-0.20249194109709523,0.030222871148880635
-0.4609370718673768,0.260028981191455,0.4625851360977196,0.8745893668243659,0.0700059754062651,0.10862679383769111,0.37850622492798547,0.2209934961244776,0.08040663972898593,0.8509965278079089,0.21827147467090516,0.3869757053591573,0.6838663152557933,0.26444977009122816,0.8657952160081609,0.23117593263186104,-0.08325495929827637,-0.161647695607714,-0.10444438831876289,0.09938311702085781,0.5765850376457986,0.7158109281245875,0.4651156707873003,0.3557960415308923,-0.25071494820864126,-0.1371003823731212,-0.9571228884667332,-0.5765326183996884,-0.20237569925855473,0.11961686277954253,0.6490942585026587,-0.69599956191942,-0.19722135075665087,-0.7005790018467697,-0.6329842179306876,0.37843513034210285,0.6053541478986793,-0.10712651340134732,-0.3287709968791235,-0.17371534666195038,0.29593258050378607,0.22358328470747896,-0.23184928461321408,-0.6039903779655121,0.23918461623064344,-0.12942356076286823,-0.13866227424512245,-0.26605723496720374,-0.8018720659620242,0.018920800695147927,0.1089664874766349,0.3519779103519189,0.29664051594382185,-0.09885247506151928,0.3938363898768607,0.30639980469414757,0.5757822462320815,-0.3458885984914635,0.13838808215693807,0.24986033231209537,-0.04789702325033972,0.3840386970374083,0.293253775922116,0.19527054229540178,-0.6016622630574474
-0.7526395396457279,0.3178330793450153,-0.046466746401444665,0.6267248257959914,0.39453838840019084,0.11803553927000343,0.06177413115235074,-0.3130541346461737,0.14699769734284301,0.4297086736720413,-0.12694979404773946,0.3126547203822645,0.7690761329766491,-0.07416705257567333,0.6552458265731466,-0.11780149826613386,-0.11862669493816505,-0.3820923315788579,0.23604482121477727,0.43687754480009405,0.4956685173246048,0.268226713215913,0.37170768707121554,0.31726741431161465,-0.21494005931075771,-0.3198978123575392,-0.46082205042161284,-0.4347229810622357,-0.1808619839136754,0.11896626099584372,0.48845192182910174,-0.4656656831302372,-0.039927179235453705,-0.8558105223446469,-0.6570779977567232,0.36405002849415535,0.09705963277610206,0.02904350993329812,-0.183191118554094,-0.3416696176190055,0.49444286516851704,0.5205433865327144,0.006092531651833141,-0.2781729708071245,0.3587093570134756,0.06167598533543375,-0.19473611609756428,-0.3621471292972581,-0.3509418961511379,0.07891786516212464,0.10816372124992782,0.2728356997605553,0.4768711296407291,-0.1319204991850934,0.15754182396935296,0.4136862146113896,0.2510310170451179,-0.40925163337218473,0.2575787457723392,0.07554512526731655,-0.17668796776441592,0.15719755257179355,0.19524531162764927,0.298815584331015,-0.06030834184343878
-0.8999116309588984,0.044657576754821175,0.3082633038064707,0.5136557709480513,0.3844347693715403,-0.06448851229660457,0.09612741520156938,-0.16823634065650278,0.1572111609375178,0.2148119413929834,-0.2792827502707801,0.5441216044582818,0.2269901708762324,0.22408431577982862,0.5727404927674472,0.04467865319103487,0.07160033486783637,-0.8025468099625177,0.28744928818321813,-0.1338403595206522,0.20662647032031575,0.295433887445601,0.35840103416433633,-0.12936689732294346,-0.15231386631944144,-0.28572532758486413,-0.492190267270604,-0.06417127490954266,-0.29358275601917766,-0.09089130619203817,0.6076329457534942,-0.13614046004638053,-0.019575149178100007,-0.4953048672383959,0.13329958073119946,0.09591176513129085,0.2402751306297652,0.12916418378655614,-0.4048279616315852,0.13716608815667503,0.4366562304770828,0.28983768628627404,-0.20758239907361492,-0.3232225682518911,-0.14518704778918887,0.1386228124967244,-0.0930254278633882,-0.5511536560633157,-0.25184566595839886,0.28933572220582593,0.05135288925197584,0.7437670719457964,0.4016852465890626,-0.8588166187833562,-0.30247536456040264,0.36739194081633975,0.11939494932135601,-0.43637881085908037,-0.05286903435196816,0.019239626395827658,-0.10068388847445364,-0.5096011360904587,0.1791239593562322,0.3691932336509805,-0.289902346352341
-0.9619092688970258,-0.28772452979406904,0.1601245416676612,0.7209261725492173,0.3122956776841026,-0.29240152410097414,0.006734631825385511,0.22982292253985598,0.2281766735982283,0.47291437949834864,-0.33824732114572764,0.40376549137549217,0.24875504229599138,-0.08226863589089263,0.5040146365719569,-0.112300703088037,-0.170853176993096,-0.016832615143918553,0.2170279781248327,-0.07684506141098969,0.08427536384654231,0.3696068369562014,0.23468836365243526,-0.3423472641507163,-0.8021029916816691,-0.25252431885040505,-0.30722670277581576,-0.6455611484403057,-0.5341822645670832,0.12599651344319218,0.2639324290271573,-0.5030181684205508,0.1653061590418639,-0.9427174366841464,0.16326470298154971,-0.02388041237821678,0.22911223005535453,0.1185267695901979,-0.42380547111292444,-0.5883346746097403,0.10750723634201466,0.2905612803415291,-0.3020162198159066,-0.39532933649555413,0.2230390811354242,-0.10215106375329477,-0.13877468432611445,-0.4706426106648364,-0.11567414142631935,0.31850584070014776,0.31018745247659585,0.055727608900858025,0.33342691807785685,-0.48708137178615196,0.38054181161288425,0.2562202159732417,0.4044318343060497,-0.22033800024780104,0.2649988881903395,0.3177336475500673,-0.17036089949607494,-0.37157063583085675,0.1590324478738383,0.19166503087587675,-0.25908261298965723
-0.7481397408575933,0.1137752020557993,0.357363986598315,0.6860934847105334,0.3804712542171878,-0.139221964409603,-0.12316780422601101,-0.1724709397032017,-0.03497485807111625,0.5214472926544308,-0.1862328307139625,0.1629871799749345,0.10252911723681851,0.42921154628325053,0.7162314816616377,0.28113897242108077,0.02663396459357202,-0.44046478542901923,0.359245973290482,-0.09024387905699743,0.33246548213831467,0.6343239964635718,0.4005553519617182,0.0523641141471327,-0.4381451022743057,0.01466337587247063,-0.6361675631313136,-0.9036016376463598,-0.5808322721836894,-0.4281538929039497,0.5496616837690166,0.08295274629885262,-0.05679797861443488,-0.46633134421358796,-0.23556667390228408,0.3137798233838813,0.5957526602402994,-0.0711812455435943,-0.509300368205033,-0.502219393507399,0.3844266325424427,0.2750856507399858,-0.44055475416139067,0.04625401316007639,-0.05258598714390102,0.20049205042226614,0.11086270545988805,-0.45575420503069475,-0.6745406629020132,-0.01898099293023807,0.16500147884515737,0.9067032494221546,0.38556153905630597,-0.3092114170024712,0.24210580504994209,0.14893468020576306,0.39426298451554626,-0.3311662296889459,-0.031438190032585286,0.24569047503220415,-0.22104121897292833,-0.4735095316944163,0.4629264708531473,0.00892414090913228,-0.17761584497936506
-0.7950316079027845,0.04211559971862716,0.1850613766250216,0.327447179854525,0.6041971442849712,0.03530245635975015,-0.06265165960151031,-0.488345414025337,0.39105079525404784,0.6365545689450262,-0.11164583651481955,0.6161372887515898,0.3347632758353753,-0.03446186966827022,0.5634599182016794,0.13473423726579553,-0.1575690326285234,-0.7821737009034515,0.2629380434200355,0.45770255071090926,0.574099327903392,0.4150600764560345,0.10386849920031917,0.013802694109491795,-0.6992314005881567,-0.1677724720869327,-0.298905851300475,-0.6835067793540621,-0.2288576554303605,0.0997135121949563,0.770415646019371,-0.43914847905596793,-0.14033889403854413,-0.9040746344142123,-0.38782766362210563,0.13833885296233467,0.318310601942612,-0.1065394682605697,-0.44554267601056463,-0.6672125242851368,0.56469896404752,0.22033234803732832,-0.3934622530764503,-0.4150328603184969,-0.3809361856647457,-0.17386053173612903,0.012662817122106103,-0.13512023685115693,-0.4766810411441599,0.27948905027219084,0.12057646563025914,0.6064592362525077,0.40731908887113294,-0.5345374973665035,0.7921905453690209,0.32856115193323077,0.2583109370011135,-0.4338905260958993,0.02119422221660422,-0.003758210609677848,-0.1582555448388084,-0.17515408520790865,0.2656197536893402,0.020951658056439303,-0.3927229021197941
-0.500239539476948,0.26282238158129545,0.1353607600951155,0.787701004293881,0.21875823456122923,-0.2413465062144335,-0.3022815676884891,0.12824667649542376,-0.041581150933676196,0.33606067453534494,0.04186591909810888,-0.1908008099375017,-0.09185927460058206,0.13216678069273793,0.8376357716578969,0.10121213938105003,-0.04606324447926134,-0.14206090070259855,-0.051827455920927655,-0.0020522041193003354,0.7491095118125359,0.5266366939281885,0.037659485239377406,0.04692086136331769,-0.31052541491692026,-0.26711834897106734,-0.577515806115032,-0.48030814261354227,-0.17099368076716706,0.10192111230424943,0.8791444086610167,-0.2562805212157124,0.03916341792887869,-0.48868907885756174,-0.5637710477657263,-0.11215097458506162,0.14518543754500846,0.16288672419567338,-0.4712659442840965,-0.4151016780061637,0.660940784902027,-0.14525182143209914,0.0979409119342618,-0.1306878257356726,-0.10935414430217939,0.0057090565171842855,-0.4239147691857621,-0.9184677913470659,-0.1765726697596423,0.2822641372432987,0.4520911757630161,0.573987382800712,0.2715906276291044,-0.5948858218596157,0.6071108227853693,0.3128318995848175,0.28720700865580834,-0.1686749579241566,-0.13346571534937748,0.06601575910308023,0.1314540693382223,0.014197418778868987,0.26505646046425824,-0.15727708867018605,0.02629627368043088
-0.587402862395636,-0.10283066342572594,0.35736161925804666,0.8201539681343893,0.2012217350830619,-0.38469366955534307,0.14825569933226576,-0.12671368829570184,0.2328863425743802,0.7385218947090302,0.15844721053276434,-0.06792361089044197,0.665929129677498,0.34980058690757154,0.589448598865444,0.11541601836717102,-0.03618712394377481,-0.4630586006807785,0.29589976916565364,-0.01098462929332359,0.5882108511830495,0.35102199301839765,0.28489261195225735,0.10476560283913249,-0.24532256084995824,-0.0475388278791503,-0.6239941921843204,-0.8868078118963179,-0.038880067699844194,0.4005448427727317,0.5693217720488498,-0.42182735252109976,-0.034173573435681136,-0.8468888037355162,-0.5557265698856191,0.19666434030446076,0.30376769178056495,-0.02708015525035183,-0.28985756861311013,-0.17157372563836046,0.6173201978562584,0.25209717470079374,-0.13925320537054336,-0.3388670008946185,0.23697990295324955,-0.36678277504499257,-0.02425299475182697,-0.9072619991188742,-0.5216526948114377,0.264895951539602,0.26458489979863636,0.5540551945974556,0.1864746029693875,-1.084044749738698,0.6292414058645057,0.2728952624001133,-0.06659031080979898,-0.2690559160603814,0.2990098833736198,0.07793359406120201,-0.3429391499652225,-0.3491600953436395,0.2388544157161928,0.24744108853134303,-0.22452593376689306
-0.5075472301617092,0.09362261595382235,0.49279099144592803,0.8173251843609765,0.13616426830524356,0.14894299427852087,0.4533125958096233,-0.07991582364723854,-0.1042233395904228,0.8540209443102514,-0.2925676946407049,0.6788001139001293,0.6722130132649353,0.3487108500988024,0.5719797498626762,0.2546496762575011,-0.38406060457139557,-0.47995025411931264,-0.11528598550417339,0.11591268837144277,0.6057335142588512,0.22483503696120952,0.872091740853161,0.174373295861048,-0.4902514272063577,-0.31193402637852524,-0.7866411985856504,-0.6464100968372891,-0.18786874576718382,-0.06964231304836987,0.9080456787505649,-0.5475950901865219,-0.2833910607926122,-0.5601513235449114,-0.7508087641611103,-0.017528387568720563,0.7146382894889955,0.16608411856676786,-0.35781099296064184,-0.30831950786371437,-0.015826477529558566,0.1335165411730455,-0.10811675168735452,-0.47358087722584175,-0.07618506789943531,0.2938117349003567,-0.16563214012742164,-0.30520729106914474,-0.29379573710460766,0.16658155982250217,0.4479106550464036,0.0696907403263895,0.5315463402148388,-0.07920055031288117,0.33113886573340745,0.27663554586986117,0.33882457351798645,-0.7083377161837029,0.20662951930363171,0.17165423872220642,-0.06200832114899787,-0.25741508970093785,0.28004425981940345,0.042513954275546675,-0.3418309561807713
-0.6171931539780149,0.17946436665459348,0.10965373055702604,0.5461042731089212,0.40551688658115137,-0.05960397061282951,-0.05193137983671379,-0.1072185008380487,0.33864747956963126,0.6652282765790635,0.12651084297926457,0.7086828984144692,0.601434335554563,0.2207389362388671,0.5954645835097659,-0.1785274747795122,-0.04227110881731072,-0.16727115833153394,0.16347180393411337,0.5202048795016296,0.5262744789784125,0.31408168337974013,0.6130638550806794,-0.06492843169244876,-0.4730799547782528,-0.2905914673622277,-0.32835627433813347,-0.7437612047347026,-0.3798420826528577,0.12095581024367079,0.5366095319974877,-0.39253565441564486,0.0026671539406968384,-0.8383908457763392,-0.18897294132397685,0.4562104053655889,0.43931136514849245,-0.015541724898571987,0.05559968698212506,-0.2664165001863242,0.3133429560196684,0.02131114347474012,-0.25971982344963734,-0.4534533473777731,0.2991865246512361,-0.3605346265347362,-0.23178060400517086,-0.49764416281788826,-0.6781108216029066,0.3121491926420735,0.07507447341019755,0.5779710145441423,0.3368772078241846,-0.18853969509444335,0.5043404533283258,0.3727756127070867,0.2311919227529069,-0.37866772407098315,0.09541383147541152,0.25466956817884423,-0.2521939729286896,0.23241639309882903,0.13000812970320907,0.07714798284420218,-0.324036202775236
-0.680398500930859,-0.09678977868901824,0.3394717633252544,0.7289318456911698,0.486489011610427,-0.0754000415573739,-0.3087181858384706,0.15735748332117444,0.38972510387347026,0.5609680997381605,-0.31291211645541606,0.6700950392551529,-0.0940106169326558,-0.05424490972973493,0.5983352336969513,0.13062109777403472,-0.06822276020992554,-0.5505398369965048,0.26524093571942264,-0.23502940031925496,0.4707178044509765,0.34365167787411455,0.2212537517077188,-0.11762766670846667,-0.4370781000993041,-0.434128942517298,-0.6611832680002333,-0.4168008061063356,-0.4168018524529441,0.15043707723246227,0.5106823402744232,-0.6059763875591814,-0.2898095768901727,-0.9445829440535877,-0.31382487410935916,-0.0011313473806981098,-0.006009598729770568,0.2981443526679872,-0.1544589505618733,-0.4048897749479769,0.5301832890743647,0.1314185216587681,-0.3902389205262435,-0.06910163006428252,-0.35539146625753754,-0.14107147837898754,-0.14791990736455174,-0.8411467850403527,-0.4310656440118226,0.1884726069226558,0.16598921877832123,0.2774201555196741,0.09074711392101696,-0.746596245949886,0.6757612742215375,0.26467596831775403,0.06839281416871856,-0.024729802652798824,-0.3620432290117363,0.38051398088727706,-0.14933632836166194,0.15338941751862017,0.3486220147476321,0.1681231669466962,-0.5415394108728381
-0.3579654693369151,0.18820146937409962,0.32022901322380376,0.4318387714273482,0.21529435592206575,0.4378826097886083,0.18157501726015654,0.18108979764930763,-0.2962805804144433,0.7225943050735946,0.22645211632120515,-0.12398462654760381,0.3614333444571345,0.18701041185960932,0.7992748587058387,0.24770712723223517,-0.22646692555291276,-0.4674115372020855,0.3937655410552318,0.13812743012993367,0.9093644457218429,0.735231770390333,0.4179952504844014,0.13388628738625108,-0.16906820350470927,-0.03868511775218917,-0.7465209511632707,-0.8700710757441078,0.047939243826791905,-0.2011539389351475,0.5411171386230149,-0.5156813038670277,-0.0205154422566894,-0.8285015461406137,-0.4533736504574221,-0.2019506885924487,0.4971219947332143,-0.05437441447145619,-0.16436513247439974,-0.2497158139961173,0.5224652083945999,0.14205787160457425,0.16907692795217194,-0.24264574717488133,-0.37297801074528597,-0.27470248611209547,-0.30464122836363594,-1.2031601106818899,-0.42174204976363294,-0.10119468985291401,0.3588861114558567,0.6602029632571956,0.36941641220766336,-0.7393790344507027,0.6947540762806612,0.2115878543194344,0.17369275618745983,-0.5114972932944087,-0.19476811846058323,0.3262558489744385,-0.32637105378461384,-0.6489906552199732,0.5055427198730481,0.289142597618953,-0.3351330949408634
-1.0902563100973055,-0.017801093308989727,0.18489186321450465,0.6815929348179606,0.08664000060190152,0.22960940134596247,0.05215467520151704,0.01323934821306981,-0.0006901763630422081,0.9104007903616095,-0.32708315526763576,0.1095312192215836,-0.11165329739584917,0.36365959825532823,0.19168282726829075,-0.09101164553080934,-0.05074344461578585,-0.2953946514562259,0.08991755768357612,0.12170235055019032,0.10626881458007502,-0.05739224271957534,0.7351996880911695,-0.07077710295331738,-0.3337291884523594,-0.40142633450830906,-0.7931197720116636,-1.1974722479661224,-0.2567864738611254,0.21834585355513342,0.9764368500762755,-0.8167261484123108,-0.26416688666832727,-0.22550981487071012,-0.9934067116291982,0.238497679143706,0.5933062763239125,-0.15076121787170077,0.06948557475668926,-0.0799634387646223,0.4940609871428559,0.30791037428389717,-0.12787524470220643,-0.7487564186989725,0.38354718828038137,0.06444820123806283,0.08861973867171825,-0.24298901691062785,-0.3839484295487659,0.11865903163107883,0.42849688973105804,0.08824315342624461,0.2887562656803484,-0.5578270923940986,0.7625097391864821,0.2570028127727394,0.48743272411009114,-0.433911001529039,-0.20569738770738333,0.09961827601892775,-0.14211819636566367,-0.36605317311783064,0.1633801345752649,0.24303846311361635,-0.20440643069564918
-0.9177195664434771,-0.10355131510560933,0.3349480697485678,0.1292970500474103,0.3470922718207261,-0.014963915360397345,0.029828491215136005,0.10275412177965151,0.34662992458021796,0.4079049368786971,-0.013335827554441286,0.6297777949522765,0.24187166189751919,0.1146265104002132,0.641724827478856,0.06549392466117927,-0.1307724267586175,-0.1759509473724173,0.268944566847063,0.3316783558374232,0.44898274020175244,0.3756711365277419,0.30640385872467946,0.1530432053519869,-0.4603165137282624,-0.39972510970713193,-0.4132800630187765,-0.7945222470544037,-0.4060813427311317,0.3327293913822462,0.5158001313216155,-0.38736846735810687,0.20203949052033526,-0.49694498441499046,-0.15782541884270818,0.19577324825181214,0.483013010291068,0.28866659678024376,0.1522116118281411,0.006642804961775363,0.6168491458683744,0.020940424265149755,-0.24398859936777514,-0.41112081862445354,0.06598678766879668,-0.11139390262365259,-0.20202525603452678,-0.7281355873680422,-0.7523590891793137,0.13118310909134467,0.04232956550677677,0.5384843512759043,0.6312013206687304,-0.007912371950539458,0.2835872150083347,0.3663499458539915,0.16295254464533337,-0.45345200864142093,-0.36141297656917015,0.2104968192237674,-0.2445974657443422,0.5902643780055072,0.3005852896643989,0.377109649254585,-0.6080113595023947
-0.8352519734759069,-0.07603931861766872,0.6756539541877783,0.6147776136616778,0.40037199963325487,-0.18332234406030046,0.20663434564626915,0.13277259914295642,0.591895706403883,0.4497461015479811,0.16283446746594343,0.11579045987213242,-0.2726795211638928,0.19369111692826216,1.129258912243212,0.18435350405662232,-0.1792652542042414,-0.2448448745256574,0.1410107213252511,0.16655749917700974,0.4901963256753583,0.5027044720630328,0.42683268225474025,0.159079098282213,-0.3868696174471955,0.04347312799015258,-0.5096442664035165,-0.8657841215101303,-0.2632751457003575,0.14373649198169636,0.4606474829313524,-0.1667581212384094,-0.06963600229519762,-0.8364146132844157,-0.6328852223347745,0.3692777410846542,0.39971546519084517,-0.19743107147426592,-0.08205667814881437,-0.6184809534424983,0.718967907169386,-0.12729766447346402,-0.5070031807682018,-0.4472501293473664,0.02494936165039557,-0.10651676862483075,-0.25276915675049516,-0.3248292788350409,-0.41957384461272734,0.3951412364782183,0.4462944272134986,0.4523966212971708,0.11963918330761382,-0.8411176157642257,-0.26547836379579376,0.49042417701040103,0.36298000496673055,-0.4681553000292947,-0.14072001679127188,0.47190970125161713,-0.3398014474880071,-0.427181797706064,0.2886095744160783,0.11018333534892959,-0.26749886258530164
-0.7783012220058871,-0.018642189877718277,0.09365523354986127,0.10829159845009154,0.5892130331554395,0.01622604107025441,0.3123255743224571,-0.3584489321210326,-0.09834266589914982,0.6938516784926569,-0.4455007091573862,0.2838141428613943,0.4676577433654687,-0.030436578345219706,0.6733979289996825,0.12689604502995933,-0.09936327980735933,-0.13485518657127463,0.3825849312302209,-0.32791745710535297,0.15615020343628327,0.4725602767969631,0.5359419047307221,-0.05617664334466357,-0.5231429371764975,-0.43283350938454423,-0.5191061073432234,-0.5384229208209366,-0.32566061825921944,0.2072466803250323,0.6944387180063394,-0.3548916461682165,0.13649319065351945,-0.801058387866584,-0.5342849780921031,0.2308066100671322,0.33095991081580406,-0.1421808331946011,-0.46025226720446333,-0.40692503857896983,0.7433256728368578,0.2756037281553224,-0.04708854634890298,-0.4322421449616941,-0.10491369488607222,-0.21352749408921692,-0.13237896613870986,-0.502392538051672,-0.31500653902883413,-0.12736747494896788,0.34843333558143247,0.362121015223798,0.07826094865873409,-0.4805745627786279,0.2340271346763892,0.16571672021284028,0.32879554695003543,-0.18686733723135016,-0.6811840861234474,0.4552529840423802,-0.47995157261945837,-0.1296301143265926,0.13769338059810737,0.37753143205281614,-0.004524907684246154
-0.7083642408373508,0.01487669147535444,0.28289633465908137,0.3657594471326702,0.34790664162471197,-0.33017616322511156,0.026761486612003824,-0.15417761396491486,-0.19666551147147893,0.7422780501827864,0.09739110003652099,0.4961416098649839,0.369649138182598,0.3219356539651536,0.5003547837565098,-0.10327181890483382,0.044785527827255964,-0.16294386509779077,0.32705221861088807,0.25533050783360894,0.5997125951768989,0.7036641198035795,0.41564775348929683,-0.3410182257493987,-0.38863799858594095,-0.19761917513932953,-1.0397962268194272,-0.5828591955715439,-0.1430579440310486,0.14794728596592116,0.8935069303902968,-0.4571253668330921,0.07392920223643996,-0.36769007799795894,-0.5323784949471777,-0.4020747071804976,0.4384087116945683,-0.23400793191089495,-0.3073230399105365,-0.5129854800993802,0.5085450557498651,0.5190366789180157,-0.22827658522437735,-0.3074441882392378,0.062078679042845905,-0.13695359209377023,0.032018495164941305,-0.6441052357662035,-0.5676439753935069,0.1248477928885664,-0.05306100470411774,0.6738408422506681,0.48751608964230203,-0.45411233889532043,0.370033734752314,0.28662128368062356,-0.011656033384438366,-0.09875950878057546,-0.02064008780495881,0.2816856779313955,-0.5404702622981019,0.31372871667087676,0.31536336938173276,0.1440380619317507,-0.0711790927459274
-0.1571057306884251,0.2920141407402553,0.5681467823424329,0.4385625993769118,-0.12373184540688249,-0.258271683270207,0.17310835997740426,0.2512173187539698,-0.04953220194006023,0.7381718355665017,0.1389579924837769,-0.18456470041484901,0.10184885311172628,0.6393370778279602,1.125762724201751,0.21289163892952673,-0.44649864378156695,-0.04825881170775638,0.3352564954327562,0.45008432739975723,0.9826357800217794,0.6379222656396549,0.6856642581201977,0.2871895977526714,-0.43636003088967473,-0.21349848408103722,-0.633925766325008,-1.039876743072085,0.09781181157486324,-0.0544332127754839,0.6516292976978885,-0.8782107998159343,0.14899114740580435,-0.1840717880948688,-1.3936627478083627,-0.1383184044174916,0.5067660376231946,-0.11172981465845622,-0.3358660720054813,-0.11321159671740272,0.19770937210308903,0.3293806045115892,-0.168634703291729,-0.4360374185537417,0.2201957709770882,-0.22921321068004152,-0.16670675822362765,-0.6843750415787684,-0.5286558435202725,0.011727295869366411,0.33586360173055174,0.4075491076716117,0.38905874434989673,-0.07019767522625435,0.5847787938838733,0.04907270317577023,-0.15353550914245498,-0.23059559194212506,-0.6468260163597709,0.16066261332903908,-0.1622715984787687,-0.004993058871971337,0.12246586247752023,0.16259106116231478,0.180567481622557
