June_8,April_2,May_5,April_6,June_6,April,November_5,June_3,November,November_2,May_6,March_7,February_6,May_7,June_9,July_4,October_2,June_2,June_5,March,November_4,April_4,November_3,August,April_3,April_9,March_8,May_4,February_5,April_5,July_3,March_9,July,April_7,August_2,January,May,December_2,October,March_4,February_4,October_3,June,April_8,January_2,January_3,June_4,June_7,July_2,February_2,March_6,August_3,July_6,March_3,September,May_3,December,July_5,March_2,March_5,May_2,November_7,February_3,February,November_6
-0.20233443218085845,0.09841498325400072,0.031693768999991406,-0.30819951940432766,-0.03958598010521852,0.07658466002186387,-0.09714418758448491,-0.0736099506500592,-0.09640856691247451,0.882337089318677,-0.24641544725513573,0.8958901931068942,0.09654334570656115,-0.028527838965496724,0.24398201820834187,0.23554601596936084,-0.08323911309897904,0.005430351657385382,0.4700348755095453,-0.1949188233260987,0.4073857572181599,-0.17526367260674292,-0.10963994130163124,0.17745734598098367,-0.296324847348782,0.06715710370425561,0.021486683241284645,-0.48779018854713024,0.39329977326536164,-0.5991820947565023,-0.8619847197499786,0.09174478597316636,-0.3880663285972636,-0.6186711649651833,0.4081466341460382,0.05882310875887044,0.10072733974434431,0.3341030221206781,0.7144137702194765,-0.24119730775855236,0.30343985466000284,-0.7615832283030984,0.18859158853723124,0.6359767030443694,0.6789395993133922,0.2245250508483509,-0.5234408100278224,-0.6179755614931746,0.4694793380379711,-0.03422297205069405,-0.22640277097947734,0.15281517623921545,0.8480020611406263,0.5597546352490249,-0.00684454774772307,0.23332558235971648,0.7277305000130224,0.005846248845532129,-0.4081058064461416,0.3084166257658583,-0.6316541240215914,-0.06618432408942285,-0.12082794603639806,-0.3699947621796459,0.2922345655763493
-0.20233443218085845,-0.21895401867593983,0.4135208123877411,-0.3983557475220699,-0.03958598010521852,-0.017217992899370607,-0.09714418758448491,-0.0736099506500592,-0.09640856691247451,0.882337089318677,-0.36030619083050247,1.2732065252312523,0.12625710739860074,0.756130634768457,0.24398201820834187,0.23554601596936084,-0.08323911309897904,0.005430351657385382,0.4700348755095453,0.07523563332790006,0.4073857572181599,-0.4561102415476364,-0.10963994130163124,0.17745734598098367,-0.08827507925271154,-0.0016773564295879118,-0.9327165511456038,-0.3470085972713193,0.35770139216837404,-0.298752986862987,-0.8619847197499786,-0.40782250275020754,-0.3880663285972636,-0.6477802516297713,0.4081466341460382,0.11967103556099801,0.2943556299859057,0.3341030221206781,0.7144137702194765,-0.40463364019457154,0.27842517468572564,-0.7615832283030984,0.18859158853723124,0.5600010103457372,0.4819545267362827,0.36823356795609236,-0.5234408100278224,-0.6179755614931746,0.4694793380379711,0.0006788324670596035,-0.2727157680832152,0.15281517623921545,0.8480020611406263,0.6376687478885087,-0.00684454774772307,-0.04625739155717838,0.7277305000130224,0.005846248845532129,0.25943809987054567,-0.8570057941715984,-1.0405704248978749,-0.06618432408942285,-0.2396337207393839,-0.9432340090448255,0.2922345655763493
-0.1680305775458985,0.13448192769776618,0.10012775147279082,-0.120259115809326,-0.1729166840007131,-0.08056655211035385,0.44125059583824877,0.07009268325649617,-0.1105421719941982,0.6070907110226118,-0.296439745775064,0.9606460947235067,0.13194255580931888,-0.12451603538458295,-0.12144761527651302,0.5119966094662162,-0.2589638576066652,0.0900199098158976,0.09432977160985175,0.043934789842409165,-0.07398639719698807,-0.12515282142120282,0.23651276290487316,0.2281485879441329,0.10005844969943034,0.06762629161071529,-0.7342457204881853,-1.0280658663902613,0.6232667125267687,-0.2821113595051694,-0.6308776552680775,-0.14906757856227304,-0.685218745620334,-0.5204838669717697,0.6169618453723043,0.4788285598640574,0.05960199501369937,-0.0364673910666227,0.5011279009272284,-0.3393779909865158,0.4140665907464785,0.004619676389455388,0.19836328612401438,0.34534650586172444,0.46241126820975953,0.48539242470479593,0.2520377902052311,-0.7314800971987863,0.10585883217072671,-0.06297062958652269,-0.02047980895383185,-0.24988102883055635,0.6032846552788252,0.31129008655978496,0.5352365371635515,-0.07025323718350752,0.15927450648148206,0.10607959875187643,-0.20635107843591355,-0.4999993588263525,-1.0316583511064654,0.16685783445458796,-0.1185796032951753,-0.5987034724587365,0.07461133722924586
-0.11372680070551194,0.4028544222796058,-0.06568316779208622,0.10661751639488534,0.11694799558883534,0.054169164508517706,0.6983833436847745,-0.17775979252769253,-0.03418249863817266,0.6511235466514432,-0.1890518497877362,0.8014118465287793,0.4136060920258277,0.5558038616534997,-0.1561843750815327,0.5533410406240973,-0.28851029402184647,-0.033461845137786675,0.28849911964878905,0.20554082067663965,-0.18405775174139546,0.389984434198132,0.28497845801347654,0.3987766988735401,0.06665745081353915,0.07257606304142306,-0.9323214690768851,-0.40179989165973123,0.9000452653573674,-0.6948630575663471,-0.9243463506751783,0.405971936635224,-0.7271919855349112,-0.36433747867988037,0.24374929835254022,0.39667247179862253,0.05300856273850673,0.4502989430681534,0.24804785236184884,-0.8352897645063144,0.582052754171417,-0.5208621899882997,0.24353962362714038,0.5901896558180182,0.5878303469280383,0.2172019380978759,0.13617969139677005,-0.5581708303492806,0.11418308592821111,-0.36017544110209954,0.19954134322503453,-0.29070671110903323,0.6655669735955492,0.8525387034271887,-0.2975622111244216,-0.15457386729468398,0.839900692065203,-0.3112887133635045,0.13085145583088506,0.1309237098997626,-0.9920137602326259,0.47226841000452646,-0.06380586947760006,-0.5304684848649154,0.3553086786243534
-0.13427771306788547,0.0021659924895101323,0.2880745433082977,-0.13666619312894152,-0.012211844249089963,-0.48425283973506494,0.1546972111630754,0.11211905766339386,-0.7869230389170713,0.6279259829444437,-0.19629393556938296,0.7930378216867552,0.4441573929522106,0.1995108619449125,-0.27463199300473473,0.20282325453476752,-0.22021849424278434,0.17027786732547368,0.08542001435283643,0.32831972071028603,0.037305242052604416,-0.30529591138323214,0.3985428240211327,0.16933372516406206,-0.027804911588630056,0.06441844212659989,-0.4162284031794912,-0.9292620069002459,0.3278021355079297,-0.3478295595482504,-1.2460162044346534,0.4318957608495064,-0.39628128024315795,-0.12183543104754183,0.9863619855125989,-0.5094134838794242,0.1551900344458488,0.18448519924390314,0.5219058520213572,-0.27045957922493785,0.16053176784598294,-0.01827499575008234,0.3407168599574411,0.8018259918378589,0.6295799822314514,0.026022174022484156,-0.18094753103864403,-0.6624837720007206,0.4539351718637082,-0.2625901490896007,0.06005869380171041,0.08656493011963115,0.7686872287518391,0.34864925826217574,-0.4375949554375418,0.09868150545372964,0.22893692921228992,0.07389361384840752,-0.13216201928848553,0.7121179437417601,-1.2320265409347937,0.18608210039896478,-0.4349986385734261,-0.5700819738343548,0.10799478002481336
0.4249912548269472,0.3677628021581364,0.3410293078947674,-0.1576056724138769,-0.6612885840065035,-0.0604727833902144,0.4269545126497485,-0.22522408603239377,-0.1454826835038277,0.8275191934236519,-0.632449711538631,0.6331193063892788,-0.45509691580788525,0.7553371572204074,0.19150110285851984,0.14055184049066502,-0.18747758731760406,0.13840198157707945,0.17599630668257843,-0.12636326243561066,0.023634118815625785,0.04340108744346058,0.19412468365746488,0.0981528870322255,-0.43098625095695564,0.07221521559405475,-0.78007916809946,-0.28033051231717276,0.3276751289817862,-0.9327407304535464,-1.228782671671393,-0.895178343193666,-0.7642429447815167,-0.30765267768362325,0.48204182895324654,-0.20595354414273748,0.002884435367293686,0.34239913145461176,0.39907533815932444,-0.04288799320923195,0.6887494674494313,-0.5511397307812367,0.19995056294550198,0.8243601263144071,0.8541904531162567,-0.3236511787939464,-0.3085262760983966,-0.5031837902182864,0.9155389140266958,-0.11409253897916846,-0.0857425409953683,-0.1033424074489014,0.8635806206310274,0.5788575697910319,0.06685603267611248,-0.06207232411087093,0.5690128796146484,-0.39882210822289943,-0.14239340671235784,-0.8077262985591398,-0.911431443808606,0.48409669847387193,-0.27120208101586535,-0.5149741691294951,0.27775178976737247
-0.32655354383109525,0.14477542814512412,0.32773545804627624,-0.07149342624425112,0.12927534030084592,-0.011017840634928527,-0.3463140552628124,-0.12087972983587826,-0.6688936798991855,0.7292657565013141,-0.18154617798955713,0.8932174213771376,0.5538041512973662,0.7137742689193876,-0.01564636407896504,0.33015259139588177,-0.7174790335858642,-0.05867591557232141,0.1848421991690618,0.28641482276009833,-0.17048015363741773,0.8049049413285029,0.3419063626869671,0.08833706070950018,-0.2340970625798044,0.0995058609433474,-0.6297086558040366,-0.5028563429070652,0.9425713764874898,-0.6119165437015028,-0.7511946358583275,-0.07401589099134556,-0.6722926413439718,-0.2899235191513809,0.700186590473706,-0.06439892159184649,0.12072902470773164,0.7073210651836006,0.6201491229828473,-0.4327401237016708,0.19150959055197161,-0.45607100112237897,0.09205988313753422,0.8318190480601305,0.309455053289446,0.5664972126415415,0.00517092516109495,-0.6435801458942383,0.6754045233628052,-0.18092308394079742,-0.2357100538849666,-0.06633020515071547,0.7045103016106472,0.5885572410614915,-0.2197029617792271,0.21332230035895777,0.17895566446896316,0.5661289662473724,0.08071187616457162,-0.46210588416154474,-1.109671192373964,-0.002275839260144852,-0.3440434887092093,-0.6080954787562924,0.0756680024332071
0.2545911843761126,0.09453374177820402,-0.0507033130356052,-0.38678059878471727,-0.3807197736911554,-0.17807216444667778,-0.5623844663968487,0.09371672504769654,-0.18823619318279972,0.8186999151499931,0.14923905871881102,1.1994264122465912,0.018864044407605245,0.43815428955781377,-0.29958007296139566,-0.001758240898274012,-0.23589169877349436,0.20791615608162528,0.07822957660412265,0.0772899991621082,0.06427359044332351,-0.01954376416073271,0.39222768954626697,-0.011780955398271592,-0.030324915420404705,-0.08828412081079037,-0.41062444113790797,-0.9416307531474415,0.30802511677936134,-0.4846013878344534,-0.946904663941284,0.4518182577475486,-0.7623323332497821,0.335266872458798,0.4123236715166043,0.44541457653721983,-0.4415951319049077,-0.15189599798535702,0.5686675324952335,-0.47374279244209605,0.21799075721410432,-0.6708135352906109,0.08156481384410344,0.8786435806705992,0.5072923446500339,0.13927267922082798,-0.7307382209968996,-0.45637935276486846,0.6213374781457235,-0.2806553218172288,-0.2695970581517179,-0.06834700227826554,0.899187235645052,0.452661333493112,0.1319085844619261,0.27435481901821435,0.02053357608447673,0.050570437128308526,-0.4772113090880752,-0.19843493939592466,-0.8208795090092769,0.4219793211501017,-0.12321220936621544,-0.5882243281002468,0.41036578702066695
-0.007210720749060623,0.546272707253526,0.22329298268854497,-0.1904078699660747,0.10650713609913234,-0.22495996838131466,0.04188291854541143,-0.08533962980658005,-1.0830982615469362,0.675028187340539,0.2446106266907583,1.008062292429961,0.21791738591850643,0.5728977722292022,0.19361987472888323,0.3444415103199442,-0.22546190370129715,0.18842516309068835,0.4414651718642399,-0.21567080860797763,0.8218771943456057,0.3979789364847912,-0.11336095083728029,0.8758020003684079,-0.5136753949545807,-0.018750645628492796,-0.6526165243597581,-1.0403554260071413,0.618444073131893,-0.38393945874764424,-0.7183924703084731,0.12668563915172085,-0.5820571047828653,-0.26604493264795565,0.5419170926075967,0.4240919024532365,-0.09990501207680733,0.05357114754252698,0.5274076593581631,-0.12436174770446579,0.253958344898727,-0.839629005627113,0.11227097508261803,0.24253781205877523,0.3411461032580305,0.5301264878055346,0.2957345120707283,-0.6221168877774723,-0.02273350633939722,-0.02834900061245174,-0.12858821402927678,-0.12982788638839385,0.8202702451012299,0.9930416856699695,0.5147036463854847,-0.01026383516669959,0.018539982973465374,0.19530048729987343,0.380915623838475,-0.7314739840820895,-1.041623185797629,0.30529865907730014,-0.08113169112011899,-0.5585882371090778,0.361635044765575
0.1255007341003107,0.33210701946202953,0.2343426300934831,-0.5315814220815946,0.2145274193568793,0.19587955305003768,-0.095537085866168,0.03218874730536591,-0.27071604968846474,0.6628895406535031,0.13391120023323877,1.2686625316279225,0.334107237366416,0.3751348447064365,0.3761208623402308,0.033694155936689466,-0.2472970469452319,-0.11718108412801789,0.25324207534736176,0.06517403643264272,0.6903133236253561,0.12048092730848263,-0.1823158971163103,0.6029519715500147,0.1341249168606732,0.020754893049726247,-0.6832708798958498,-0.6694383509445267,0.42496665908606557,-0.6066520414772276,-0.9651017706893903,0.08318758596143663,-0.41818232373992736,0.264298961776686,0.40169222783466724,0.12345611572663347,0.2788439029875568,0.09590392232971526,0.464138488478293,-0.2954976197328756,0.305674011195927,-0.3581890910537282,0.35642430814190734,1.2626927658591964,-0.00967236645735968,0.7147461322137251,-0.17655250833512073,-0.5444131560712302,0.5735270523444396,-0.22822472649302136,-0.006361741105341823,-0.36812792349130585,0.8452541598437552,0.38305564510966783,0.2913418979232496,0.8366804137145507,0.1042565552380683,-0.0530535808837064,-0.14918627870351953,-0.9851219586946366,-0.9634765250849748,0.04811633693759367,-0.3751920896038146,-0.8447691131416575,0.4871323596099674
-0.08568346488327891,0.3155803891816076,0.08023848881952805,0.2712674187853334,0.03988505408686403,-0.12208696694136584,0.48562246891521094,0.10615700940596683,0.02673063780980999,0.6536157384100789,0.6225793578700908,1.2511924482919456,-0.3265479637460363,0.3418257137568244,-0.47484959892176637,0.4015198556057542,-0.03169152314843526,0.08316115911478128,0.3772079934691703,0.23743793718416623,0.1940024760639854,0.0630491557334592,0.32062559577704886,0.4087884556087543,0.13474817990852261,0.0048271596219665105,-0.6235149427696898,-0.8962582875844107,-0.04842434543751652,-0.38393278884912485,-0.5462565024647882,0.32153098882486514,-0.41511027255532423,0.04930677163566792,0.5895354146052819,0.33244067182631626,-0.024176724713896577,-0.2733099117049357,0.5632265168000421,-0.29978264783812936,0.6271486775025997,-0.6570214866429805,0.22913882027100224,0.7390720677736977,0.7454633780065328,0.80425626285927,0.3490905713872775,-0.363965251989769,1.146737577807681,-0.1630732896568991,0.4557086690298585,0.11092904632452558,0.431820117260137,0.6591199929315478,-0.06828621311520545,0.015819902464990585,-0.086294277837862,0.8595100191070233,0.6497001620272508,-0.11698925789060574,-1.0088632300668943,0.22181067161875773,-0.14643389033976056,-0.5929073761617152,0.6603293684016678
0.02092521569980068,-0.2717942685394469,-0.4073187496337947,-0.013839133043902073,-0.734237673685283,-0.2106966224899313,-0.27700681674876415,0.1891624699028147,-0.056525574038429775,0.9243093942391681,-0.19681967255817823,0.5265860893357691,0.42693496105469864,-0.23290223263629237,0.3008775056643212,0.2332860622931122,-0.08234748343103095,0.24365135641624117,0.24946808741683763,0.19731534278704888,0.0877486823259591,-0.3595828313913922,0.4768348768199889,-0.1710120791353717,-0.05537299244258805,0.07967778678818795,-0.5742042618382168,-0.33398726132069934,1.0148726755163757,-0.3425699028810922,-0.1969590212338789,-0.21498426061328113,-0.6331925771175078,-0.4101480356098014,0.4545013235043311,0.41914220604565133,0.062228627438696844,0.5845951467701301,0.7436672602181605,-0.21534229559166396,0.19643681015557674,-0.5400893635489038,0.49321420889799467,0.863044279571653,0.37883949491472085,0.594844228182485,-0.5873844255278944,-0.10299640184839541,0.7490631645458701,-0.4000468326616142,0.04621181134320903,-0.22347182346342298,0.347636681022496,1.0712866054814383,0.11060042585006125,0.013246709421000508,-0.24482130318944478,-0.10509508466296777,0.5593117515022208,0.2696032454047015,-0.7887263047924066,0.20850146802659525,-0.18058816665655356,-1.1577281503017867,0.5640397421388385
-0.2017577997232237,0.2533714156926764,0.15187072235627042,-0.12814792969771763,0.2756369728124497,0.2200729456234189,-0.008237929863821158,0.19573316190231632,-0.31479320860428917,0.6925373336565058,-0.23756480779120542,0.5400758352492061,0.13443667862502862,0.37914115008996163,0.1498779983585467,0.27407245630290616,-0.2706407397613708,0.25325714550920125,0.3003564624712999,-0.023636434607119235,0.16860142826067184,0.1893646854361089,0.4519577341078166,0.7702637639399761,0.1568079705863823,0.2506090625635923,-0.1277092137348608,-0.5616808581352832,0.6864876668203129,-0.816522271610199,-0.423509041160013,0.5904780356015812,-0.29230942520249265,-0.5394246091441401,0.5619356058642321,0.2837453916624533,-0.06190318661502088,0.2395266477936795,0.7749556596206701,-0.3642205849081284,0.12753537363623096,-0.33431706219951557,0.34394793789326816,0.795323218863557,0.6835772670055345,-0.2547396920862129,-0.15703045234872703,-0.5094217790855847,0.7198472707875605,-0.4655726013129259,0.35933986334402607,-0.341389732502278,0.9516435266608394,1.2757400448215004,0.26337516864629384,-0.33963441624912344,0.11583993031871385,-0.2727318546516667,0.0887643348700241,-0.11675094204780487,-1.3286558654247596,-0.13562942638804026,-0.4555545485956226,-0.704193044675439,0.777306389182251
-0.5160315912649946,0.34048929269321854,0.00044079736148042864,0.39105611431652726,0.4712375001204743,-0.20477704698096447,-0.20506542857618282,-0.08566748212187922,-0.9957568509314536,0.5732885598268618,0.015490491038414912,0.3077075077132267,0.2098532330275347,-0.19013468575350045,-0.38611789890062226,0.36205821381663267,-0.36978981051635695,-0.1899561751716765,0.3873972184141854,0.4903869889916892,0.46918453093592394,0.21479374274032803,0.15301155421404974,0.4283067709021746,0.4246358053638259,0.06098782704502302,-0.4889264373328566,-0.6426968778933807,0.8796412910936633,-0.7061774212742172,-0.8177194282243602,-0.4149512452922577,-0.4464306343969964,0.04013840653886143,0.5724176593584015,0.021540811451102433,0.3353611960554559,0.06165280525038859,0.6417285600375178,-0.40547897798547633,0.30211856078410354,-0.8956282167772207,0.38400539567599806,0.601226029568981,0.4208398334849773,-0.0433390757117132,0.2023830766282526,-0.6686688710434132,0.4086348670311413,-0.11954480170824744,-0.036405198559301216,0.13379603080265007,0.6701084086655571,0.8164425826808575,0.08293769316418845,-0.3244210920354941,-0.1329429994230949,-0.15880573478524102,0.3280523684107296,-0.28266214932614464,-1.0110727930866465,-0.004463246020129805,-0.3583577272538401,-0.7396285933912233,0.8427361197496277
-0.2824968473776991,-0.45331134963894654,-0.11524984640969219,-0.2618715116646114,0.01729535889135673,-0.026297509903723915,0.5752075317159258,-0.13087852047669515,0.08729195287347466,0.5606698762021367,0.06052564934676939,1.2349398422188644,0.12164343774899519,0.4798745961593986,0.02538301398321209,0.1887718055583304,-0.380941762468075,-0.08525646838444198,0.10493905626684948,-0.04429921680045114,0.7211791172504304,-0.8337681413111764,0.08222402804584425,0.2697626678522552,0.029794216856424208,0.05307695787043572,-0.60901687277875,0.2950710947838081,0.41163298616335664,-0.5873740191776178,-1.2729106682913498,-0.26256758396406615,-0.4566618140383394,-0.34668773493411326,0.4945589781275278,0.4439031918672781,0.05980039729808078,-0.10283587324307301,0.5187085829463745,0.04308741117360708,0.5156446641412269,-0.4429106958311641,0.34490927318320036,0.9506540962088991,0.9456719886798424,0.2213989748635725,-0.3651567031383169,-0.533883086290219,0.6769233516071516,-0.2053200733018053,-0.3050932180785981,-0.31374246615418067,0.6054671712472379,0.58910294175511,-0.1127836958148482,0.23308731396330018,0.06328078043417516,0.17346355545155653,0.1983843022071744,-0.6165166104793065,-0.9518586515777042,0.008444943763966893,-0.5103728696719061,-0.5589309751277614,0.6304866004607388
-0.25407052309111433,0.21736098411710297,0.23338629221552618,0.23107019498046638,0.6802515754744285,0.2943342677341445,-0.786755687775657,0.2915418108791741,-0.8767373493249333,0.5122715695345588,0.007865308160002013,0.4750387050250086,0.2294950695770292,0.009488558592177163,-0.060501496864869296,0.4614274286028442,-0.2854512143647987,0.08523793963424732,0.23082891585052542,-0.11976068898360717,-0.03807003189925949,-0.08937135817692007,0.27308269975095695,0.38290908626674036,0.165008702480556,-0.3584433369877884,-0.26365005146544696,-0.21051253319975802,0.4434196237830731,-0.674429790375183,-0.570807746854194,0.3075493987907908,-0.2837290747934504,-0.15331946340328093,0.6907517493954994,0.18204374195552894,0.09183309214585356,0.36443958787616304,0.5058837959036061,-0.5102511001477146,0.4620978083049257,-0.23069114752773434,-0.06324903454470687,0.3243842804503616,0.5914246354470577,0.31008956358481193,-0.005710027696976525,-0.46570750635268476,0.15118202966758604,-0.19580618267079808,-0.4937118404180554,0.0696159762843942,0.6432297095312997,0.7097739631485461,0.423782310241531,0.0891065733534085,-0.4591790091445429,-0.22940161611064397,0.26183358820140107,-0.694625631352128,-0.8917686162654034,0.34001492809485223,-0.5797613364653237,-0.9380102828914807,0.5803355793081114
-0.1703719065569721,0.08430447381655859,0.5630682706363546,0.37586294098911166,0.5249768525342511,0.03905447671640596,-0.21130851410646917,-0.2531013302102252,-0.1453102274467534,0.5218878269145809,-0.1704576967561252,0.5259444407533355,-0.0411693906085608,-0.1963781784454661,0.1730084229590313,-0.11443014335717885,-0.5927482719698247,-0.03301151894554774,0.14605212547578134,0.3324131484891963,0.24553241396364398,0.3159234319932216,0.07561338898837593,-0.06766056828115938,0.1858882424868965,-0.2528401542999645,-0.6523282183872929,-0.7053680167916454,0.9007576690084484,-0.18132863305518593,-0.9651936042711976,-0.5690256049720005,-0.5949415995786955,0.15110043875926857,0.5496963595011423,0.5012147275972609,0.09296513587721668,-0.35540433437428265,0.5328614719151923,-0.4393551630764606,0.5956452837874595,-0.22742317265978687,0.4911118056533618,0.5300452858777145,0.9749501119165545,-0.1320662045620904,0.24881031764229472,-0.4146702025873435,1.5372189311170583,-0.097782853118966,-0.2706117539116386,-0.1523042450103131,0.6197951924636845,0.3823872615221172,-0.15350344576329725,0.4897690932654831,0.49869012139243246,-0.6161899809734379,0.22892733526286166,-0.9312764966950745,-0.6713281432030687,0.3901341019536045,-0.4802353908835179,-0.9527648204997439,0.7619818513381384
-0.11302336634666386,0.4016997687770559,0.07687263583305338,-0.10233496060433327,-0.46610898796849615,0.14713945977711185,-0.2355178810520757,-0.012360281044192754,-0.30227282141077433,0.5314102805569684,0.07209150970904059,0.4874344398354357,-0.23003529864077382,0.32350729258393085,-0.02341336271337304,0.25584968560375637,-0.49074121765868955,-0.08100453133500683,0.24058346654354335,0.2415585357689421,0.0031545570982903365,0.40446611602342514,0.23681381541563984,-0.3110624077547877,0.06189379868609541,0.05687694384093891,-0.48963099296351764,-0.3586326762706778,0.48163320773887575,-0.560814374696599,-1.026534022750598,0.1487188065324236,-0.8806427529605986,-0.19998615411846563,0.2627485984871914,0.24196055987520837,0.034681359711232665,-0.697420668305996,0.4507586617330127,-0.7646293539676319,0.5260171722148183,-0.18604857809522218,0.4498351552763001,0.6453484726009537,0.6330877147185967,0.5248202836997647,-0.8609558792861924,-0.35858001384263183,0.6863029240874313,-0.3935599703121226,0.0776729789180043,0.19061825114119718,0.29985120154591516,0.6642131163306486,0.4820868017360719,-0.3500714557425276,-0.7323420625745816,-0.2772678933098596,0.36967380413095874,0.2215287268375116,-0.966179923240614,0.1741245188183756,-0.3863187266852236,-0.712266357677523,0.7659400977005087
-0.1107171342436443,0.06718549644700995,0.16436248121303787,0.020189483622442064,0.701026472026593,0.1384594804365113,0.06116522745033269,0.07042830804787847,-0.2253256216574187,0.939702634842051,-0.01100811738199782,0.9207951023685592,-0.0008385799728998569,-0.3810914992139286,-0.013668559799822455,0.1280628968851969,-0.48975295531382496,-0.12470423289111018,0.1338812391154286,0.047943075090544574,0.28136618774914307,-0.31033631829470226,-0.03916826782516446,0.11389638124778781,0.28091289511479567,-0.14227024235855645,-0.7778278636414862,0.18756713174178347,0.5062430023182555,-0.47063651288583386,-0.7288516083329306,-0.4776835051229199,-0.8099855758347065,0.2074575346969645,0.04326310878138708,0.08868605667194765,0.06295828975951043,-0.02660756508656642,0.7428222274618734,-0.6462209563787101,0.47846924178297645,-0.04954506825662833,0.2509465414653229,0.8897312839721416,0.6739366490270682,0.3701965303806609,-0.07317388138911153,-0.48034890624848814,0.2860444992991293,-0.14105723972666032,-0.3650132494123878,0.0026541271515165867,0.9067582447293152,0.43779917027369997,0.19337900336333164,0.2777325070156744,-0.07022341338919436,0.2594623364151343,-0.03579395952818759,-1.5665204455888067,-0.649110006936953,0.3731984994832548,-0.5108068839188212,-1.0972273162347042,0.35937121827655116
-0.05513890235446567,-0.14956310194788502,0.06037136728920192,-0.039133044663270784,-0.14546342096561138,-0.0562607249445584,0.5658122858054865,-0.031326734814996204,-0.08824124731628122,0.7200187333501522,0.0597262498074186,0.967555285684389,0.09721638657430592,0.4708595797913986,0.5388874071325244,0.021620251534913287,-0.41023734958916735,0.25224678269402356,-0.06535701306596847,0.3156662671145603,0.07288157277070423,-0.24546574080878258,0.28755005547139734,0.17495110886131582,-0.3064955509273057,0.0493969304806165,-0.7475183584088265,0.0071488568466741165,0.6896404373097048,-0.39832693465984903,-0.9304130075695063,-0.38894228346790843,-0.43088845940567333,0.26399569284922597,0.17868607344557513,0.5820945833309202,-0.08645540566630665,0.06005046318692252,0.7562511684277694,-0.40226397798575103,0.4543089052344005,-0.7982623025560877,0.4462771927205641,0.9687018639414495,1.2153276909032187,-0.11112374704959674,-0.2686496290836791,-0.3038675856753769,0.14827744293557654,-0.03967116951882178,-0.22661135116242154,0.1226998187753382,1.0953469036793275,0.2273573804478566,0.03214141486537455,-0.4349121916783437,-0.2395440710541421,-0.5151850345629424,-0.42592817092785507,-0.03894049294352323,-1.0383839581736771,0.06978439835895811,-0.2422882410532992,-0.910045285072849,0.6465053452929053
-0.36552759487994413,0.349169046052498,0.2003988618457916,0.1703127374941781,0.001710016500603255,0.07959705110230864,-0.20084399536849445,-0.03523969853622362,-0.5075156036505104,0.8255833792962227,-0.17279606192221814,1.02113273970068,-0.05054432991909789,-0.24307311238278645,-0.08054813618005838,0.18492808639308742,-0.5567399656103498,0.07444628731279254,0.26566106882699025,-0.14538768794466583,0.5872123688626321,0.11435507262948671,0.018418320989043335,0.5252158720777013,0.19594931579452746,-0.1638438621591786,-0.6349234860769231,-0.5453778668177831,0.17621079590056477,-0.49247585839768326,-0.30257969794110895,-0.14037950100885394,-0.34943088649769827,-0.07596315190162822,0.4273964654097428,-0.010108224988798334,-0.086830560790006,0.18723832124642,0.6092072820879727,-0.175961306241562,0.8434430051441619,-0.01938566866843701,0.11009792253812697,0.6885943438175223,0.593619761154342,0.07587375134199556,-0.12166697994938175,-0.19679993461471712,0.37901741263215494,-0.06685396405439634,-0.20758657970274416,0.07162807135007557,0.5313713190574894,0.8283125853571617,-0.16877388158855017,-0.4959173365244914,-0.7108350530513377,-0.10912947087975038,0.019874878119777818,-0.6309393980739729,-1.0842890880769385,-0.12506735188184528,-0.30173883218175346,-0.6404255753856319,0.4647151975825238
-0.055638051147189393,0.22556888497523836,0.24047951881967541,-0.14782106121448113,0.3790861983114734,-0.13250415840338392,-0.06574584899324043,0.12009996595232611,-0.22233708191487567,0.7818189433248269,-0.18733031016667395,0.8359329615497199,-0.24413660203234344,-0.08028526866431768,0.2331746961462885,-0.29597321413561295,-0.15978659579928683,-0.0500844735508359,0.14924812595142056,-0.1220878267499376,0.5159886465181369,0.17901212437391315,-0.22694887332426014,0.26426032605739896,-0.03809287795947476,-0.08863257224694499,-0.44185410778240536,-0.03980598633806717,0.5289922773890593,-0.43589420696142994,-0.8277465835574964,-0.013888926442395068,-0.4158428114320048,0.019584277331380337,0.1572889775703732,0.10673885414556525,-0.19058526866801245,0.32221044986750125,0.6126274554931124,-0.23033385400133105,0.6966403586121159,-0.47342763609049854,0.4098833273788525,0.8093871446638407,0.4569972026013581,0.5003189715525441,-0.4235197485476893,-0.39045456684865604,0.6858114471766891,-0.14469961708227935,-0.07565016369920467,-0.2347391867670448,0.5881708306917708,0.4039908167539348,0.4099842069673926,0.07044484523832353,-0.06686910205118857,0.17408281670435383,-0.3319595670452495,-0.7344500522508318,-0.7937854125505257,0.13728661561814628,-0.4869758012156953,-0.7568894829265378,0.29949044412877196
0.22715754457463028,-0.1799292440356281,0.353266613973254,-0.15467705948838542,0.5896807343826386,0.0021024748728098383,-0.34478053039640727,0.2624254675761539,-0.05945477924520728,0.6862157706593822,-0.09364102845885239,0.7226253169522403,0.07018287333530523,-0.3341475279663275,0.10353259827239925,-0.04257748413207624,-0.08287254299869502,0.0031614163307590523,0.24677126145267642,-0.25102679136317446,0.5087185475435771,-0.514034404749951,-0.20624059137661901,0.369357372473908,0.08289239537657174,-0.029457893990793196,-0.19505102588656217,-0.39974953866540514,-0.2566331458120398,-0.5275270093970836,-0.9709130163299692,-0.14588904713511278,-0.6164708589026366,-0.1572841328993582,0.6960140039114981,0.20417111708637836,-0.02536614767798029,0.13928121591912113,0.5471284729919835,-0.3530483624410805,0.37911037750258764,-0.45944054189179273,0.34320357303455507,0.4799877215216777,0.6450629905976261,-0.07516731054405945,-0.48119641965210647,-0.2298644475616991,0.7877287315937935,-0.044508572335772226,-0.09266968241022883,-0.04539349832354167,0.8750376330677175,1.4619343522396229,0.6552148481347995,0.316624619766791,-0.2707516899220386,-0.4760761632082655,0.07854428865059673,-0.6111668696600014,-1.2951516410864685,0.06337611792421448,-0.31754069764506043,-0.565297652164719,0.2866246990239819
-0.45936565594401424,-0.22231588650102493,-0.05968761434397736,0.11809142453685409,0.6958469704781161,-0.24335806004821953,-0.322995822627307,0.16539014056487525,-0.02556111420140672,1.1388606898254248,-0.20604356423005457,1.09888269357475,0.13385730275537755,0.03348715624011936,0.5351416225053733,0.07540262790216784,0.005637630260033985,0.1605481903678383,0.03039026650310671,0.16047490279683926,0.41067960731477154,-0.31252341897168684,0.18035704494504326,0.009057540447767867,0.08121507304058588,-0.14097713818879543,-0.8825071016446884,-0.07135050390945069,0.688126986258213,-0.4488233045355031,-0.4975167230989904,0.3190746630395054,-0.6290044439914511,-0.43302772134075884,0.44087564523817907,0.37010611426120527,0.15096267780283154,-0.18070751060004364,0.4923392484383038,-0.14007131650350454,0.4564855618743752,-0.6189719129660439,0.19006859127829254,0.6636199299080678,0.7970770172779955,0.32492069911412313,-0.21268430120286683,-0.7732947885384285,0.45109539548052047,0.144914577056324,0.1983643150664739,-0.06549871597697698,0.8262604598139743,0.4376007499827907,0.22038386244130878,-0.08743274727076948,0.22540206627500614,-0.04123171348664703,-0.2648884201776308,0.7838324247369817,-1.212975515869154,0.5384592895536499,-0.633406792537079,-0.9573799605026784,0.5448280054082293
0.10528967800903187,0.12421842665439635,-0.05523734244982575,0.09520437316699132,0.0870634186541511,-0.06662610166380017,0.46153711606630665,-0.025640359310265072,-0.432858912243992,0.8678726485891218,0.07027009000116775,0.7760615811457984,-0.11299043787330162,0.11630086486517002,0.3944829893063009,-0.36721784152352216,-0.40103711462572994,0.2799185346878409,0.10824013955324538,-0.18921650983355692,0.6071442979391866,-0.3099963474121861,0.19395890005489863,-0.4901389940628828,0.02152344425613447,-0.4011827641343809,-0.8050769946233481,-0.2230839678598549,0.296264773706846,-0.4157108412105414,-1.196981286223256,-0.23786321195740248,-0.7017551925443353,0.09012101374214435,0.21631039656002518,0.6459485333681768,-0.3902316476552438,0.146782262068687,0.5426442885842976,-0.5354016727320741,0.9440845799968354,-0.43744559980543246,0.176896367888711,1.051034914161133,0.6587636724083137,0.2072067629212212,-0.3826569011261031,-0.18704982231993805,1.0085371562505236,0.04580403762457154,-0.4478842581380602,-0.30114022906590526,0.7881353325028935,0.3965283288870875,0.13672067827259865,0.22715945394038345,0.667533430824523,0.0870950878477726,0.16938909578498587,-1.2886416672561636,-0.9891022857107132,-0.10257191732583333,-0.3270997174199436,-0.809466507857216,0.6757755629864646
-0.7418675820776925,-0.13123365508881096,0.002980063769398182,-0.17903368208567122,0.18704962244071655,-0.02376999367438485,-1.0076156847440532,-0.09801763741874936,0.09497804415542963,0.7835404353538564,0.17985859397016332,0.6845894792533397,0.13231287913072373,-0.4269838439596661,-0.028462021976061763,-0.0029692540315898533,-0.3466960757653005,0.01586735372597603,0.5399276999696558,-0.6110341767655346,0.3203435479940993,0.17708572736409464,-0.1264696322400396,0.06864186141242481,0.17150406065402451,-0.15170515585472952,-0.2509360631714235,-0.6588134332313805,0.5638858670789717,-0.7630331702531052,-0.2979541994902741,0.24559209008198324,-0.8725319922346507,-0.08405169371177415,0.43205381664189824,0.23287063175062206,-0.11338819737037809,0.17264377290687405,0.7992947809571537,-0.285342682389247,0.28371878225922886,-0.4609439520211193,0.21164647860680952,0.5211832609639653,1.333822967062881,0.4340683961664339,0.4265657291159928,-0.7647526558255502,0.6607812519950373,-0.1410743466747512,0.14700200710468425,-0.15129830877488182,1.127106979574596,1.2155120542164257,0.20154549836971153,0.08821349069301589,0.044545247768636775,-0.034927401513953835,0.1732600671761453,-0.5954806719040011,-0.9112410360233942,-0.2408205403388744,-0.40093630601284214,-0.42219609817152737,0.6198365723793637
-0.08815972661612674,0.26734023249039374,0.20862443820084442,0.4962837896043565,0.2941236088224389,0.078983575305006,-0.5951220491988645,0.17667567965772502,-0.4495849052549664,0.5448995516002425,-0.057131071780591854,0.7145871896469775,0.8662619659618045,0.056272024114237165,0.04582142651435722,0.37781859915389293,-0.23017716448803055,0.04579441204490045,0.19481216750159236,-0.1693577990237179,0.5313103343015703,-0.06904751191836742,0.4820330789884542,0.22387199302628102,0.17887595595605077,0.13094756119375925,-0.11444785852238057,-0.47598248231723095,0.8400905412632805,-0.34255295772388,-0.2627515998674873,0.02920193519803016,-0.6969138085802695,-0.2223066638866744,0.35735277256935216,0.17978488187417008,-0.42640461751184866,-0.03117017639478374,0.6834367706683269,-0.40405044750738545,0.567025141628429,-0.4953978819158183,0.44530514815330036,0.6128327844313289,1.0070142867154963,0.046344702525185126,-0.32376431026623,-0.32183134670327895,0.6669624050322199,-0.22064963392906156,-0.16625564435506857,0.21543910707876754,0.9204894631095198,0.5433738149617385,-0.27793757286121534,0.023394053710129793,0.29794142393254175,-0.5509752836568949,0.06985331717909962,-0.15621983364564007,-1.1478248061401877,-0.149233925202934,-0.4546642010513612,-0.556868775669952,0.8490102884629573
-0.34846401911956976,-0.3062629085134595,0.11703541481445265,0.08737589424348657,0.5350741950312274,-0.05386778792161982,-0.519583073407849,0.1915609004801206,-0.26872013459312954,0.4021679232838725,-0.18987835255393665,0.715884409039614,0.43834335988741696,0.22359036700142104,-0.047894770431541764,0.012062731256297032,-0.5197496454501911,-0.26736342908046024,0.2761870250885643,0.4360720136233066,0.25176818046333027,-0.3567434679066766,0.3491701604067805,0.20016578557256912,0.5199320651855291,-0.08259661052301395,-0.5232061226476725,0.163502529799873,0.960408414107456,-0.3658355046382383,-0.9608678726276213,-0.5882921804326384,-0.8347264626354227,0.027520558190353227,0.34569370874393274,0.7636239232180807,0.24427802379506927,-0.12528815153000888,0.5574450929436676,-0.46450808671470306,0.33175914641300674,-0.40136540079303695,0.24934808498726174,0.8301124451902827,0.45873282863648795,-0.1791126872806097,0.35035048163602767,-0.4091754933502095,1.0412806230762406,-0.06313910095632683,-0.17171175693954668,0.047114232523801064,0.719224585829793,0.6691648135060935,0.3146688885873717,-0.28140242613350336,0.04596537709010144,0.25499250066915974,-0.0025711442119117217,-0.2809052462275222,-0.9383493593592751,-0.12523786333179138,-0.46803026476613874,-0.6517126052531178,0.5439801919451417
-0.3850634248477083,-0.15037437871493675,0.16487615369896502,-0.6954439720975015,0.2018548611538009,-0.3003310879752165,-0.2464406148138878,-0.19152858654414567,-0.8455695357838782,0.6031982005503531,0.18790225554141568,1.7566244626624652,0.4064722940818689,0.40796845133138326,-0.37389297641650837,-0.026810186950788323,-0.46988598999034836,0.051870876913314,0.18589600592843442,-0.1315638838884598,0.7465106044017411,-0.542191047532391,-0.2401788738772235,-0.10449108800173458,-0.2423895090344367,-0.3168576910583386,-0.8608627398952781,0.06216087973013344,0.6976605923824925,-0.6083896297078177,-0.8009094590439417,-0.1591208598945902,-0.8121476940677326,-0.12384809325745458,0.6800775184545336,0.38455915661665424,-0.22263314141399773,-0.3206366423456677,0.4577467879357541,-0.1742305385955755,0.09952603078028313,-0.7786410715987518,-0.011413148712102951,1.0246364700257204,0.4361987880423574,0.09063998990789565,0.5360961032056989,-0.3107548329524884,0.5099833323998817,0.18657277841061284,-0.12814441974967367,-0.15166869232950156,0.8306232322896904,0.5799463081697644,0.5440218530073567,-0.40387723210329096,0.6006403935396777,0.03084081304658557,0.26638701821813104,-1.3769234660698817,-1.002402624465654,0.0673167368431307,-0.17938061250884338,-0.31632156934115296,0.5374466568051344
-0.012314701480515639,-0.2967548220731245,0.014774074465186766,-0.11965229150190128,-0.17867499960360084,0.049165091834819014,0.3968268396494505,-0.20096586113376738,0.07595903915530797,0.7719708267261736,0.3570708646455292,1.211535081088881,-0.11365403642880356,0.42811580623917556,0.5926235269083819,-0.03848221277189925,-0.2282072636507845,0.017740932649526545,0.30914722972810293,-0.17068152115728316,0.36596429386215373,-0.014829554935154206,-0.3718516777050887,0.0015559672118941048,0.1924501247495123,-0.10901371970505674,-0.2846604509381687,-0.4236173157606969,0.21844060597358433,-0.39710269816903504,-0.9491861959920034,0.3028435134472207,-0.7878164876544897,-0.007285163235822872,0.3467821564116525,0.7612570439920872,-0.2351762842592006,0.032824792210389385,0.6510636023540302,-0.019235254718658647,0.6373689181895887,-0.5363610150727361,0.43543262404096295,0.6982770022504178,0.24886191135400693,0.13210609678941906,-0.2309392815160537,-0.10662034224140572,0.2222724394263525,-0.2163716295478622,0.028499478577235872,-0.018867791203378538,1.09488991092976,0.8313580209214161,0.16164336486349112,-0.1985081034982373,0.33641029353639157,0.09980401994689525,0.07382348069608281,-0.36288985411440977,-1.0932619395897327,0.21777639930646295,-0.1649914226115283,-0.6129021263483689,0.16077356527084438
-0.13064098872328836,0.4626710375512739,0.3525097307888261,0.1893508895864226,0.6818256570093393,0.28672352083298824,-0.2541514422843142,-0.05728590982222346,-0.23669624412644236,1.0005164195240255,-0.35079434369337104,0.41596984578185614,0.3623445749601377,-0.551964192624925,0.32278032788020344,0.038683350849933094,-0.12337407038655793,-0.1606495527980099,0.20403486105145416,0.00908637572048792,0.5026310894114093,-0.4103276358018916,-0.04389749047810011,0.3796984472178342,-0.04956056136909489,0.0987166793204747,-0.2897696314645467,-0.4464072713151209,0.781335548943613,-0.6335639623864309,-0.20359044997737086,0.3696616652867392,-0.5946914635655849,-0.10745846227790468,1.1801010418392563,0.025210460542957926,-0.11773205581739757,0.0812418682270276,0.16991682080821638,-0.21706763437216464,0.040879862366985306,-0.18386280963329626,0.08815173673208035,1.201119851681025,0.503013787026222,0.5069273878980979,0.3245176888767298,-0.5232100762867398,-0.046353361190047626,-0.32793841697219206,-0.042668714842649696,0.08089424878070811,1.2591824166634051,1.2779295797717343,-0.12502401297963944,-0.7549358979078404,0.08611521312216364,0.2179305472392517,0.09566644585037648,-0.5215380065995902,-0.9323415351870287,-0.21337504690737005,-0.45771747519202094,-0.6016645435493023,0.48689229687600005
-0.11063650347106124,-0.3634472751841812,0.1827160165254877,0.00737868828698892,0.5086747059313949,-0.007420591393798241,-0.5311357953556436,0.050151148767633595,-0.20077230304195026,0.7111136434440375,-0.46411577658871855,0.8056959552482804,-0.06319858033907952,-0.025229995725530384,-0.5316948458211188,0.15779218042365437,0.16914164246486696,-0.3767747161276363,0.16693204039627485,0.13200029724661283,0.5109176233773155,0.06603153364606583,0.3804970486653216,0.42628660398018114,0.1206762302009067,0.10687819072285057,-0.8104436657558944,-0.09673153935118128,0.4784920828576736,-0.6075149285800469,-0.7260994444212231,-0.24716761443810897,-0.3948201607408522,-0.3049073076403076,0.2102490326597635,0.212556832100459,0.023143070678834976,0.33799355038386286,0.39416952284920864,-0.2521414657965634,-0.0032112452146340134,-0.6614508575080537,0.33845704603078586,1.1153796154658668,0.33667057641196635,0.4613918786185886,-0.833872401837184,-0.2054883150951507,1.1436805190903814,0.13384759608479257,-0.13541801501635947,-0.029782949643039493,0.5292697864600185,0.7294457947774305,-0.5301384474917062,-0.5526346151063818,0.1495094555751321,-0.4019775936422899,0.11193028155970045,-0.9257805833488676,-1.2302931669502064,0.07534682468567724,-0.6017971423083526,-0.6223685378101554,0.5461930071217956
0.004364529524326012,-0.5315079845639971,-0.45275051128162963,-0.7650863984745866,0.20895160417739295,-0.22426679022507381,-0.6027868972553393,-0.08020430934673069,-0.58959298323441,0.7204609006179222,0.5278089321868735,0.6117893307701995,0.1874682876293018,-0.12016596348344187,0.44067227100604234,-0.2974036874344488,-0.2051522799430601,0.019719424047955875,0.12015589941615473,-0.27995746188992043,0.28795393334806274,-0.7781448058958187,0.2582842680884029,-0.06641941718233835,-0.15242956157497564,-0.13272929319844323,-0.4080255296072808,-0.8788116085889945,0.40929885637519153,-0.16064302315563156,-1.143099736490295,0.13637135246509302,-0.5922196314492245,0.05384220519371697,0.49989069393464375,0.3122652546638252,-0.5484879333536747,0.2902442989130872,0.6897122067726473,0.10432376740480791,0.46897567661310224,-0.6665255933152904,0.6016050148363428,0.8312665216137961,0.49645903678135866,0.3472956019806141,-0.7691254671534175,-0.41628108295848576,1.7660810131777684,-0.604138653209929,-0.1471998042578359,-0.5823307618754674,0.8948582753518668,0.8669433314555565,-0.031259726626385945,-0.5439593371212512,-0.42915531590122896,-0.18232978938433508,0.28419110183903623,-0.8121660277982343,-1.0568155402112895,-0.19101888906659892,-0.406092845291209,-0.9414306279914744,0.4945594745310916
-0.13078927641337063,-0.48518827806125303,0.15828838532810638,-0.38297610778182783,0.07030817675906749,-0.03257519210317509,-0.044094091273112146,-0.1606805245801282,-0.1987836596376943,0.9152547209646662,0.08082862515893496,1.049529741246348,0.045103861780819786,0.7724840787673042,0.23778642884227544,-0.3278630393190516,0.35182046897656716,0.28337534395736946,0.017043108375600868,-0.2434244863812458,0.8129911109425241,-0.6188655174996361,-0.13088818971976862,0.11718051635246124,-0.3458542904788775,-0.05441049712079947,-0.776272414036349,0.08271206705841574,0.1854916754713744,-0.40910726891958976,-1.0359121199192094,-0.21017053114116485,-0.4853192609004376,-0.1649227440960414,0.5219627796217217,0.2425961674124455,-0.19990176613803623,-0.08382998778837611,0.6192176280825583,-0.3514287476064366,0.37902692385263914,-0.04049543070825197,0.5175077231206898,1.3031113007795316,0.9776159551231534,-0.2651951546806046,-0.6233272065311567,-0.21209554055290256,0.5914763824151122,-0.10859417769834762,-0.3206477759329077,0.1308372031963013,0.9131089112143365,0.49076149386820855,0.3585801004895015,0.06149562063360983,0.27674791519206776,0.2193330623442558,-0.04548931397501882,-0.7578270670742677,-0.8170888156652976,0.5119978742826403,-0.43183498895816413,-0.22155285571703162,0.4559090706765886
0.264870086298179,-0.12728323041175799,0.0014241949759859068,-0.5618132531532821,0.3391937081316788,0.05813137668338646,-0.05695781634580421,0.002369379247643015,-0.030900771387771225,0.576492777595076,0.5275412136879328,0.49689309798537984,-0.21936046348113128,0.719250140876319,0.5854897385894128,0.2573580809481356,0.3499478374144238,0.3506518697357934,-0.1240704990060223,-0.17500325121328536,0.3526901708154723,-0.022276957279623734,-0.0005623403095354751,0.03023317182591187,0.3767910405922213,-0.17975102639265833,-0.3686581139974292,-0.5733827550502301,0.0048704073766351955,-0.23239331382521333,-0.5290415693002204,-0.5618433889453402,-0.7749289691419445,-0.035730809245142436,0.24948107879845927,0.33009124197010487,-0.21068937119885284,-0.008824729006936288,0.7968593473270882,-0.3196901076892047,0.616004169362167,-0.45031616915207834,0.15917857392718263,0.619183324432025,0.8184565512786738,0.2571803540335956,-0.620097662037611,-0.5315615484877472,0.6925115182700601,-0.26985053522696256,-0.14152585980770757,0.03803054569135053,0.8890470331299769,1.363816564169198,0.4526335279825244,0.09092742725769756,-0.37681003953660297,-0.03736136174100551,0.15810066094298791,-0.6576606732227939,-1.0657419980891685,0.12237537211094975,-0.4067920931753203,-0.004094013801187395,0.5447533659754255
-0.458174498957926,-0.32529096536181,-0.11122622025527848,-0.2609572680356446,0.335919192907404,0.2223867610345802,-0.1831793366292246,-0.1659216538542816,-0.3936795556288915,0.5601709120927035,-0.10421856669189397,0.8883337981909711,0.06800715963911154,0.34300033183103157,0.08189641800306698,0.06695490775897495,0.17490633415362797,-0.02630558081917407,0.2383124909089906,-0.06609149804763542,0.5053551588968787,-1.197837504404577,-0.1717032634185759,0.15660029685414656,0.013514589567541188,-0.14770066948936264,-0.7388176702419776,0.02288699186041185,-0.1450532961834573,-0.3031956609134492,-0.35659557449154033,-0.17221575733475164,-0.49677908090989126,-0.2721134574155099,0.5540263683746732,0.2639468487287068,0.14338344934946087,-0.0540071093210063,0.9919856822713439,0.03375759593873075,0.24736113683830016,-0.9917884095731393,0.33070338348016115,0.9739225901021596,1.041596755790797,-0.045458377876500616,-0.02648861779253428,-0.36925753586569793,0.8330642293946039,0.18284325481574865,-0.035787716085327784,0.1437183084693183,1.3597254874595384,1.0616970703654025,0.535391055025624,-0.34116330875050377,-0.13288768297068326,-0.25536309039188265,0.3913102554102037,-0.4942530316293615,-1.0404164451366968,-0.07593090586626611,-0.3508675650580431,-0.8722673218770154,0.36061227894423104
0.24399243907440765,-0.16515659300342458,0.1751473125413465,-0.20916261204143136,-0.08045233988313455,0.2030037886078329,-0.31932973641383355,-0.04830055967945414,-0.4533023980068547,0.8548725580022458,0.21017196474802058,0.6556143538940378,0.037038737099172304,0.22347394500989567,0.794417967876123,-0.006434496482307095,-0.04182558703055574,0.0801659986006742,0.06225619051068485,0.10996298289151442,0.672654784560021,-0.1908030058112405,-0.15836783052871833,0.11697945119818276,-0.156375527079562,-0.31419563829581604,-0.6677684272665714,0.02945829596481242,1.0697243403421348,-0.6427047730508489,-0.9013500430792991,-0.6204334209299978,-0.6700735292753742,0.2201612870080646,0.6559211531127372,0.1344125421596269,0.1663113213946143,-0.0013373748012162623,0.6001002443994611,-0.32293079085855964,0.7597719762884757,-0.5803143005451412,0.3817282158720413,1.0305839560390806,0.5628800073443649,-0.00985642883698138,-0.6712269680069716,-0.41113265323994297,1.3773649284324916,0.3608239384746915,-0.2573132371696448,-0.07274908321497539,0.7985782316476967,0.6604819868950125,0.126525808783426,0.13577212857710125,0.6887570987137506,-1.0892632613779323,-0.2697760153731609,-1.0829516064014115,-0.9972304018456818,0.15150750125355383,-0.4803156009670441,-0.8646079886213013,0.3694560546567028
-0.16266724739282576,0.25815255119283825,-0.2592470986882419,-0.09411465655843425,0.018784572917227273,0.01617417124377775,-0.5440891337826514,-0.02075722885727163,-0.7006692591102014,0.770293385787719,-0.09692755395042785,0.7211592773219891,-0.23237757450487379,0.05580248111817088,-0.14308111690103054,-0.08804247588700545,0.2832855261255252,0.1654273470653145,0.10726988717864538,-0.2738212773414755,0.5538030273938525,0.03022867571535793,0.2548754374466403,0.11703794793224784,0.05246823425580613,-0.11299828415697762,-0.7286239464988075,0.1663287228649398,0.08978116646474933,-0.6964898833961868,-0.2467694923075907,-0.4020348260987563,-0.31444210163852654,0.03679452953688915,0.034201393645278966,0.17378128997157993,0.016688883191294357,-0.17615492703272667,0.4804180520346597,0.016127145697179525,0.7333172439171112,-0.45513212893842947,0.5436590882722144,0.7780307822057753,0.2832782622775081,0.04629786203510233,-0.3296785908600252,-0.19564656861825994,0.7162356455052654,-0.41130173434989453,0.1288682855524004,0.11185838704663753,0.8149692680219958,0.6765970490471853,0.3051428197624037,0.19314994012103492,-0.24836730720215983,0.16412767112582682,0.14302998366666553,-0.6810376598054029,-1.0626546903060736,0.3991789919516793,-0.3243903479130941,-0.6765504461263221,0.5164234212935803
0.17525761674786444,-0.019899236583908755,0.14074116070547874,0.12049222095067115,0.06682035223809968,0.13362707686227632,-0.5952854643800898,0.08033181355513458,-0.608748922326194,0.6426422719012499,0.011085934013369728,0.8224759428123272,0.12648855908755788,0.19708850102267775,0.3912409068660949,0.07906018446402632,0.0840798211622697,0.04820761313239719,0.4056227972336707,0.12695618915040027,0.46543543124471076,0.0653998016836061,0.32129411357308335,0.4673150900281937,0.26126068511463063,-0.0020727078732603217,-0.7434358125531805,-0.08347145459681629,0.7309194841681692,-0.31404510355296544,-0.2318450372709659,0.17742404207225473,-0.5296157623684657,0.15196698624152366,0.45007869961699,0.5434520787907824,0.19979451825789135,-0.2269166650154655,0.5847109915014816,-0.24220285518942777,0.2142965195004599,-0.09524437241798495,0.4669560014332508,0.5084340838587496,0.571140240151995,-0.26428447203550126,-0.3269135082454806,-0.31794351164332607,0.2687520064291055,-0.28976881406380117,0.21083960414528627,-0.39012724029830004,0.7722723362586228,0.8049704722485287,0.632349271146114,-0.12476279513564702,0.058970107410459674,0.18172724113473684,0.5738696875393996,-0.8027887531965779,-0.9525453325711296,0.21608678622281485,-0.3741296125997186,-0.46926348574915544,0.7892616756798296
0.18285072215186773,-0.37119903528438036,-0.033873323934935286,-0.5343508239526812,0.11275040094323031,-0.21920831400634,0.35106436659310436,-0.22077962311229377,0.5197714901560392,0.7059223441761555,-0.14562008018405098,0.614450448899846,-0.19220217372278953,0.47302927332776984,0.5790312810096246,-0.23297281462874211,-0.2400816020701811,0.34770518738301376,-0.04511466928129592,-0.1649614137412263,0.7968611421054104,-1.2156439758057662,-0.2996091119800713,0.4703241362069057,-0.1478335210357241,-0.2978404448411211,-0.7023928715173531,0.7798264094082827,0.05015477559585323,-0.31038217108102123,-1.3586154817885676,-0.49226819334455196,-0.9544518152822522,-0.43665521788292505,0.03383890759180301,0.6270167393407876,0.539924721352591,-0.1004234689932989,0.526358416745901,-0.3176416049177212,0.5905304371746672,-0.7120259171577651,0.49703282409740523,1.305170254038275,1.066053108389649,-0.3368986905922038,-0.2681623572911055,-0.36141636122925186,1.3872106897380951,0.35662624697896866,-0.22668690351783716,-0.3956150499617435,0.9493467237354544,0.27065820595723605,0.49975420332414733,-0.2679346118910058,0.565156690851194,0.3101392470366251,-0.2948303435162509,-0.981688123473178,-0.7364696662353427,-0.039678090301085246,-0.3914212133527996,-0.5227369448544202,0.5548098642875676
-0.31540294299027893,-0.21373177601017262,0.3717526542442866,0.2675921027683115,0.12599372878426732,0.04100742838998968,-0.9636337162396772,-0.043613470112670694,-0.10868779048758873,0.5556311791031596,-0.21653723583647963,0.3803379299666065,0.15378287234327623,-0.13622453485607738,-0.30848903525310417,0.09260133939650031,-0.3525274602639291,0.04150654125367878,0.6608629922972697,0.10472099181643811,-0.06375315433714011,0.33930385094637583,0.07738366103010501,0.7739959205691761,-0.045838445538389755,0.02341674978679575,-0.48008011497208664,-0.12775060813638772,-0.17897992941900254,-0.7645882273429322,-0.7992551817739475,0.49357978798440816,-0.4729688750239011,-0.28696732488856125,-0.26072629129357305,0.3832226272340893,0.23954522231355702,0.48294037028486153,0.4607815867041197,-0.12937006878564913,0.7491098975191957,-0.3190443096341576,0.24536964520232785,0.8991723397872634,1.222358179880246,0.1555164334220724,-0.03001473019771969,-0.572779173614177,0.2869103541244428,-0.011652342797283981,-0.009794996571049375,0.04855084232432845,1.2366647023793218,1.341190744650303,-0.05296369006793255,0.21035829917772225,-0.005259714519261237,-0.38811677769862146,0.35489317417521166,-0.6923942226558647,-1.4322263669372426,0.14901227636284067,-0.5983130536088386,-0.9549167903549642,0.4506071696461751
0.016905810949687024,0.3630827305485863,0.3114608508174408,0.3662014122423648,0.7373267204377798,0.03152878727397897,-0.4341752079329947,0.011618027588021822,-0.29201641872710776,0.5467311035558867,-0.6106637514117385,0.7737308618532509,0.3566823125412013,-0.2351897518462503,0.33534409537853943,0.23062218689732314,-0.5169869151904023,0.07998886123551124,-0.072207426811057,0.053349533051499844,0.2680889390914529,-0.2489326651413788,0.06084551797778458,0.34979369265835336,0.24775643135288625,-0.2507960473391361,-0.3481624867266359,-0.14324412582977897,0.9975449713217962,-0.9074901151544357,-0.5965151631223918,0.25373985452298037,-0.6388712996545102,-0.34884356842706365,0.43860077719870466,0.42341057346006666,0.5129376100484875,-0.2602917349023842,0.6950708530345113,-0.3574319053038924,0.4304869968533135,-0.18040227612651133,0.10758194545563664,0.7348214588099495,0.6932412322728729,0.006746655008304198,-0.26309364417833686,-0.4613073836284684,0.9401788787309451,-0.09044001910338186,0.08470779460359355,0.0310197602068159,0.6446276584063318,0.5673421605191598,-0.3384645519411211,-0.6363313417641233,0.8236670044146093,-0.7190450248654061,-0.092982765757941,-0.9237103186995851,-0.9029223110738442,0.008348384627859976,-0.41907285478101536,-0.7559760925834309,0.6828511685727829
-0.09702157694557186,-0.2764126881109679,0.10704399116505446,0.25854267934605674,0.03897758465557205,0.23656974881322704,-0.6011486240957403,0.21476246037169722,0.06995755895563256,0.569155439838914,-0.21790053729835054,0.32477400066021844,-0.18232342416897526,-0.25736533344409407,-0.2804463516377484,-0.16398960437073545,-0.37482676481569094,0.1604386459898977,0.21729947046778916,0.48543069320240345,0.6328477350644431,-0.37785037254805837,0.04378563844672108,0.4547777976164838,0.12300927834433514,-0.20505159059438813,-0.3793821117541459,-0.3049304613141963,0.49573391779081055,-0.5505081888283527,-0.4797246309875902,0.46585832445871295,-0.3701635808879984,-0.46179875484273664,0.2137435505742496,0.40533866729349866,0.14478152119714077,-0.20246637494087194,0.5835273378941764,-0.4710232517647903,0.7024721596411448,-0.2182994301359193,0.7634440368920126,1.4069270058512062,0.4964888638216207,0.18746365039335516,-0.06269703602946851,-0.3564066765582676,0.9988014280783105,-0.14706435337132473,-0.6153678972436569,-0.13924295077963778,0.7985390945212674,0.47784586086117986,-0.11979688842305364,-0.39786247808095165,1.1745210100728223,0.26312643367916655,-0.14476663525801214,-0.13781652028403837,-0.7643248374543559,-0.6321725074179225,-0.29279844661870125,-0.7906245070828063,0.3878222714624993
-0.13380472880329958,-0.3432959294822452,0.2454072611055716,-0.10060636096508914,-0.05029385468151318,0.04785040611815343,-0.6539996324002189,-0.06246272529755946,-0.0007527802307576298,0.435462904708842,-0.10134734788648553,0.8077915150045805,0.4730983899857049,-0.013505817235268308,0.2131337266531172,-0.19350971561078664,-0.3322781449083585,0.347499090061125,0.3937048593313496,0.32640951375866556,-0.5512951232253969,-0.8033152442501142,0.08633554803316293,0.43695022611804823,0.03604718422690899,-0.12982049377411584,-0.6623696307973929,-0.3516481897399198,0.7600413848067481,-0.512515304847592,-1.1390377677247963,-0.2760923777004991,-0.5420915628922536,-0.06027747202832382,0.2750038083658893,0.5557351751767519,0.13972472577379602,0.5359568224147356,0.6186676228677775,-0.29570414940467155,-0.07659757782367525,-0.595353254718927,0.5896548566748332,1.1634632198193544,0.7955523747626736,-0.06886590368579036,0.3217382649065865,-0.615446562780774,1.1974086365604855,-0.02265401599151256,-0.22301108717116114,0.07316202108699815,0.8867574028122494,0.32643881117723794,-0.10654013691355692,-0.7018061990615603,0.1396421721757019,0.011440648912790265,-0.4258859499292126,0.09073736951725332,-1.2544965546239797,0.10228145193136251,-0.39786498955413085,-0.6953775171327737,0.5289373908190063
0.3016279343413931,-0.6006254323687126,0.01899238484562745,-0.16596808061000806,0.047351480844802576,-0.2515180483913014,0.18588890891430784,0.05510661903877544,0.37509090362953434,0.797575503091798,0.03557595086733248,0.8406082001538372,-0.04270865152235859,0.4280450528355224,0.41273627079747793,0.18993118690566613,-0.04188034689326606,0.4425480640329708,-0.02837315322694889,0.03542059316539622,0.6528174527258441,-0.491579583832239,0.04066850930941222,-0.08255878879125843,-0.22400652444040345,-0.37581174366070946,-0.5808171777974048,-0.1176324705310143,0.6813960144212433,-0.3826379704007342,-0.6700816637544776,-0.4916589193568342,-0.6347770036268413,-0.04982191015452135,-0.024172615445956717,0.16767900156263232,0.21697095598408409,-0.4006755049075244,0.8390560697631682,-0.13803047306072813,0.779197975574354,-0.3251205973549862,0.5929724527947846,0.9970777492989612,0.6878149550607979,-0.18715192073301182,-0.14236323541476942,-0.33794991702709853,1.1542905357676696,-0.3982140100463208,0.2735889447319002,-0.013478458064482465,1.0076320195812416,1.105327519456098,-0.04102127057127667,-0.2691318976106005,0.575017464595431,0.10114225263892296,0.06337604020122234,-0.24881219767969584,-0.7980645240111377,-0.8898645774133805,-0.49318737439576676,-0.590505787025365,0.7103221748912742
-0.2247103814687183,-0.3747616679952892,0.02010450394336332,-0.032706130636804366,0.5605508646414785,-0.08615775746612986,-0.5121482174120234,-0.12545309519735026,-0.3110173984039298,0.6758014404151873,-0.007241593390547127,0.9148632519311394,0.15884521756520356,-0.15307794632098323,0.34718362364882555,-0.11754022517578575,-0.04856395670557597,0.48824219585046946,0.05384276392461536,0.021584382054780332,0.14736971460632103,-0.3294301403719097,0.32607552993849104,0.5787559164298094,0.13844488095607657,-0.10176749387448365,-0.5956843309329324,-0.27595568288651456,1.1268811685308053,-0.6740981239163549,-1.1401298391165418,-0.3228891949449571,-0.6196042552410189,-0.08750023433678242,0.5662352046456736,0.5903417943142717,0.26675987744002994,0.3688623194473515,0.5104667539614136,-0.14487231316228782,0.6506118522772352,-0.2989922496560816,0.41634747904315716,1.2530315548760809,0.7951754758991431,-0.2219831873465782,-0.3748501446689355,-0.5400097780203392,1.2380229325409213,-0.37095727828501,-0.21231537351140742,0.005332988250390955,0.7137822391158473,0.7180184241573484,-0.16075868064105225,0.08157898591149786,0.3031292513922983,0.10676255086430216,0.2270842175370798,-0.12258000018277973,-0.9389579545326368,0.11217589801737415,-0.43662165691847865,-0.40883824867130353,0.49451265981257453
0.20360061878523855,-0.03602538847836352,0.2411687927583672,0.1841178837863466,0.005093594775698346,0.14517667932499945,-0.6804141019475526,-0.13591307619723206,-0.10184790386777301,0.7415992106355552,-0.23305169558729405,0.7593187964882298,-0.2346661393838241,-0.35822246558264603,0.3028084797827647,0.14661397270164953,0.06920914265392614,0.3767052264933185,0.2381681605060022,0.0837229915429765,0.4056958631604678,0.007955344810219481,-0.07800513348328056,0.0738237757708873,0.17046345726571976,-0.1587575120040562,-0.659271260195941,-0.12973936809173317,-0.3130683614546983,-0.4288827961857984,-0.8276705303392874,-0.40677001781658545,-0.5915779361367021,0.2749388235102028,0.2610275514585058,0.4107333767922712,-0.2112049433384644,0.0017698291969255597,0.7871622790783948,0.019803175898898892,0.47994405487608344,-0.543294777547813,0.2731171308908896,0.8260100960811316,0.47842522011678446,-0.22107604398052577,-0.26080024418463804,-0.22155639149336123,1.319661109847158,0.05642452947140534,-0.17920296006741146,-0.34468982376824586,1.1082863404348167,0.41880145842281025,0.10935891474186868,-0.42156531516243395,0.20483803369430753,-0.31647762986409017,-0.039265643827561536,-1.2215901045860962,-0.8079794491772012,0.439739980801531,-0.29524436388118175,-0.24157470662848438,0.538324884330268
-0.369446126226284,0.05914989461501313,0.3141957779657113,-0.1863177608796499,-0.01854587886596243,0.054865490583199464,-0.4197317009945014,-0.08758589973076632,-0.30152234640176806,0.7843480597470153,-0.3493550108723475,0.8033714225542657,0.372254572145342,0.23717969934356004,-0.0017570091765874221,0.09329829893630324,-0.2740052786836809,0.43559572333506125,0.3692015749749801,-0.06103283015047074,0.8871444730815894,-0.39585076801428104,-0.1683320238506387,0.2135548008899733,-0.33245421358569166,-0.22080932631954558,-0.5611877492334709,0.02007852908309052,0.7159626377608883,-0.39691017538860934,-1.286682894778109,0.4275434147880748,-0.7345354244726106,-0.44068976051458014,0.06162190492992892,0.6980061800673917,0.16693112793478032,0.008119829820681011,0.45790376193201504,-0.17091652973833987,0.32380437604344514,-0.34317535955262246,0.5255509388751562,0.9822834272037292,0.6457974654581151,-0.051334992938064664,0.300741426099812,-0.3577798966998336,0.5879279643383873,-0.17922558553859202,0.15566443563809462,-0.012649669060917237,0.9081168895045378,0.8273654503218295,0.11081649525832879,-0.37532680744276514,0.2220319012120943,-0.21154406990165894,0.033492439881054006,0.3338571136132529,-1.3001383651816252,0.14170649422350393,-0.2980054308683033,-0.8470210985043861,0.5448141051587095
0.10295216806400419,0.2715037863512538,-0.22696004704810271,-0.005948440894417706,0.6564946909073894,-0.06140527780796758,-0.4799798335255241,0.0026633678905915725,0.07664589979140385,0.634648612587985,-0.35333319200455776,0.38884778567981326,0.31845329025767144,0.08323420732439549,0.4782217147890728,0.00851673145380255,0.1161578457351533,0.630119867215936,0.3110536082529052,0.27573802480003584,0.2724850517051935,0.6967266511147547,0.08874764114711292,0.32149241399455336,-0.08830963381978184,-0.04288982621859434,-0.8653208982186185,0.5054614032957094,0.2977038118039285,-0.27459418578762484,-0.42377158015567135,0.16668859902815897,-0.6097518258639126,-0.11246821456948378,0.14820710969339965,0.5580111269651541,0.23027155603875948,-0.4526059513506209,0.5950368941557972,-0.2792898051275154,0.42586253432614296,-0.1860885483426648,0.4494817923611662,0.2033209313614037,0.6055947075333592,0.24095182206201704,-0.23147869426345852,-0.3746639601503268,0.7979146993238894,-0.2728399496767027,0.29700974631089594,-0.014936642657356763,0.8669287146732184,0.41853451434306566,0.039651367706533554,-0.17594101740903847,0.33870825610554506,-0.09727874106726866,0.07303212462688166,-0.06880949605191485,-1.0378414278388561,0.1112897555596572,-0.31446755403587767,-0.575406372617239,0.41026569385966205
-0.17094277899669225,0.3909469149928663,-0.1975519930614508,-0.22342873642344105,0.30487264856509977,0.37845592920440163,-0.6165030349661533,0.071326287849804,0.04697081656012536,0.7136896515546703,0.16749866253059847,0.767261941568546,-0.11307441365131263,-0.2928826785756836,0.10989691904736541,0.2102206933321722,-0.32598151873796977,0.22473180805514614,0.22920568452811185,-0.00996199168258094,-0.020916852539267256,-0.5160124014447433,0.2550354978660957,0.39801449279994444,0.09852739457496315,-0.27828304697360223,-0.5617708002711447,-0.47961179376575214,0.9710357882195535,-0.5705035442349105,-0.4268821728934917,-0.5731077620359556,-0.5417864160358369,-0.11134828912404605,0.22283496898988525,-0.01943956428371598,0.2981206208738884,0.2322122194854196,0.35792952970721753,-0.5250734768871103,0.358774124944447,-0.617088617566255,0.2918374582490441,0.8432390973941674,0.6698616674097961,0.3869060714939085,-0.19003896052699382,-0.212029552685501,0.8649425475835384,-0.11524224691146234,0.037886422072508724,-0.18474989334664582,0.9000203573706419,0.59379123985673,-0.453397615510245,-0.5463092199680948,0.10955945886851506,0.07169733064818852,0.40924441180084503,-1.2149228340535556,-0.6900274577829911,-0.16846632779131399,-0.3989789801783096,-0.43622879171205337,0.2900963010731783
-0.11600717398813727,0.16619079000577114,-0.0306091448590081,0.26638292664137514,0.1469765910558366,0.16895632092825225,-0.44682410225425745,-0.021463732024379793,0.06914321226131803,0.839003512183168,-0.09181551650832159,0.2885471349058858,-0.18718526318272,-0.40133654854346534,0.6363096328607294,0.19810239585789113,0.24689607852252907,0.33909996460086167,-0.007523093317933889,0.2672194583663251,0.27950114324405495,-0.22243193210073925,0.10948014114270949,0.23209727302914257,0.22771919013301914,0.12297150475876967,-0.3765577482782041,0.1850160007567005,0.3935275831649617,-0.7867365025187498,-0.18432354832276004,0.17929237805130985,-0.29987687767222726,-0.3825682029726791,0.27108065519746133,0.2582452001785137,0.25881278349473286,-0.0033700723481727528,0.6040981874517571,-0.4827050244815526,0.5924536646215033,0.04358591209781118,0.30852702292794704,1.1872572513526556,0.4130709026012983,1.0333014314339104,-0.5047133919249746,-0.24776138022412825,0.6583798147335219,-0.041819324801016834,-0.0642553943883084,0.3460805371179084,0.6757890461987786,0.542076836531963,-0.33783348181418843,-0.39359181154505835,1.0653101861070882,-0.2656099797651254,-0.3460461960438416,-0.23744603001418488,-0.7753422945073241,-0.229452083942861,-0.5159207381229477,-0.520473761045086,0.42850142816657927
0.08029901592231162,-0.3899046679333291,-0.04690324622171603,-0.30700648623897486,0.08890335179222009,-0.20654597760685453,-0.1752594305417775,-0.20793959002399875,-0.012693834231066618,0.5923960254452637,0.017807786120641142,0.5158596658205887,-0.10883893540803442,0.10920337276233,0.7565130249424139,-0.2500908746960113,0.1163881077261641,0.21461931250875008,-0.029271421587393986,0.1586263181426419,0.4281069651113951,-0.21806014313884026,0.1676972407326769,0.2604566160718301,-0.3126441875889086,-0.29616821127829446,-0.7481858521253445,0.08410047848846709,0.6425358435309315,-0.709885778294818,-0.9117343332557184,0.17382380136433792,-0.680560759421967,0.026961159823074433,-0.08237731128278088,0.7277497178178619,0.05347525231205381,0.17196571888697826,0.6143259516823653,-0.3970685012890015,0.4439396559022758,-0.6244546175279383,0.5948589241177584,1.1557978239224347,0.842648638579863,0.12977146715845866,-0.4164405345841628,-0.3458556316230862,0.9317719116288146,0.13593700021685756,-0.10325211692811442,0.1442212160871084,0.6139274168820041,0.6511361095844902,-0.09793539820382996,-0.34166502535129506,0.6010453782604589,0.2954220612601967,-0.05360799858539257,-0.6505395865943397,-0.6805725927352847,-0.17049758143768062,-0.4630831432216593,-0.6630242244316917,0.19000477460194073
-0.30665283518607306,0.32196820163391304,0.2584433548968391,-0.11174892158301873,0.6844731531291117,0.12950177761983683,-0.8337129243138113,-0.00590260318087496,0.26390218743321003,0.5486404532767216,-0.28507594015714777,0.281422564086093,0.1882463098764127,-0.47256975555917985,0.23873542822375118,0.10612148954248549,-0.21745969498901596,0.5155819486762423,0.4566674851329917,0.17458517527425174,-0.0881024956167221,0.14435139848911877,0.2916032376268386,0.14838091716574442,-0.20528222022632142,0.003800197009435201,-0.6177134958882923,-0.25081772806052527,0.6181166721067249,-0.7734915834054666,-0.3233188550123709,0.22929123631497558,-0.35206934672448925,-0.5170880955756921,0.6975839655451036,0.8270522747678084,0.08839737195870717,0.7572002308039754,0.4731492625567413,-0.13480851659575244,0.3430949555890017,-0.5087854423776822,0.18817396232151834,0.9979592636278748,0.6179323793477928,0.4274043615608142,-0.20625692060934184,-0.33360552948016675,0.508351397692818,-0.35184613307053575,-0.011155240498875278,0.1328932024339016,0.8619674613134568,1.00990903432177,0.14242112442225768,-0.34165644667936923,0.3901112095154754,0.05333222588141348,0.1261067414339191,0.24277410704510582,-0.9562972167081631,-0.09209346095704087,-0.260282038960354,-0.4735459951956188,0.2627543501543211
-0.211738783753675,-0.049550413717464485,-0.012125106309986918,0.12731858353517728,0.25833800321899225,0.08214242601043528,-0.9353772728878488,0.04570615031717182,-0.6087403004596326,0.43190846716539155,-0.40521679146944384,0.5096198165303737,-0.12485363638590898,-0.07135729955879876,0.2676643179108722,-0.08146554347422111,-0.5472705342761098,0.11120248839218445,0.1821790571032419,0.2486742685487601,0.7455075540099317,-0.09505162104116183,0.40407648686969166,0.22426579015153889,-0.19875972885799026,0.31722675542396006,-0.6717508531966055,-0.32550436541450034,0.9984557822951073,-0.5438336518500914,-1.0451804485985494,0.09604307280176835,-0.4241952076942537,-0.5015618164749722,0.20599262065924107,0.696008828973856,0.18161614891362637,0.34701919405736215,0.5566588708477761,-0.5659225999876442,0.38933977134632103,-0.7388936743134521,0.6530297093250415,1.15581336488713,0.8126152807571534,0.18717846087254797,-0.3357875744122322,-0.25811757989361384,2.0239607663038273,-0.2973054071348167,-0.027350008801685116,0.32112278972520775,0.996756629391578,0.7820605368275766,-0.02043211278952177,-0.4207912406137124,0.45409462638698617,-1.0072989092190676,0.29747409245730655,-0.30026502048561193,-0.3524606509383375,-0.34368916891597723,-0.44354900322636226,-0.48714356146681875,0.3661102774338749
0.1519791596083543,-0.3516322592134422,-0.10492562156473378,-0.233423492729281,0.310339600766186,0.12815579238418023,-0.7472312909781617,-0.07511411888258585,0.42880528194709905,0.7277433135963898,0.13920117176838817,0.6153944455528493,0.8575924457326919,-0.11764854562576707,0.3794462031886482,0.19404712018733541,-0.22946804248047198,0.23316913637373127,0.26210901839880235,-0.0320443802971383,0.4554069256029621,-0.8895786851603859,0.17277666778127673,0.48495491045953476,-0.08529590382138541,-0.24766701177247055,-0.47810183985263727,0.2151139536120774,0.823637653926717,-0.5892158444026062,-0.2011133694264939,0.20256456877250642,-1.1270609866978085,0.19143941847495832,0.4963716232816661,0.4302454104265929,0.23325132305433496,-0.5990165812542206,0.8812402931875701,-0.5532342600959756,0.24234046041010945,-0.32398325146204193,0.3758349720658862,1.2029576782034552,1.0960653502073519,0.25536528226496963,-0.7423492167811205,-0.7004746231344067,1.169040087782936,-0.22457947434376252,-0.2764899059345376,0.21891258970367994,0.8029390933823543,0.5891946824163123,0.317998287385389,-0.20233539205093767,1.4305100131796222,-0.41706213856761637,-0.2621827599280617,-1.2296055436711422,-1.0006109486057866,-0.16694895690682124,-0.31705746825267905,-0.7551161026794577,0.34098333386988755
-0.04857428371457173,-0.1684597796107456,0.1273040268205692,-0.23143248290508517,0.35949660960174407,-0.24595072053343855,-0.7768222830930201,-0.16538431094693204,0.04213948638959454,0.7462396726778586,-0.06779928714727462,0.5120415973412002,0.3125617263463415,-0.43851186603358283,0.7258263089248673,0.329290745526691,0.11526130212893544,0.22507741942533904,0.11409213961076398,0.37834203669001587,0.060733096344522806,-0.17414564101848595,0.15906194863896242,0.2409276135798178,-0.48103213444831394,-0.3797830956900844,-0.25914851601066285,-0.6552433939775149,0.798400711400929,-0.14408730047908785,-0.4631087708723035,0.13521995035682133,-0.44779847201267753,0.16482316661302465,0.447922810408336,0.5181446785962647,-0.25661924686500087,0.36368134034752875,0.6232181892962538,-0.3840788719409594,0.5212582959235512,-0.3424730297555515,0.48952651637479816,0.8213103531935572,0.47391262879512447,0.5753137854369551,-0.7836472150612477,-0.271551561479355,1.2648040327521612,0.17872647910013628,-0.1151797985129551,-0.07212373584359816,0.6817524035519263,0.3940515331537326,0.03902402412256312,0.3401517626968626,0.49356889063885645,-0.2242427633570921,-0.39703421824502316,0.5640183235885231,-0.8897701987942402,-0.020178885089228972,-0.21361040381019625,-0.9123500724065545,0.3849905132522723
-0.1251541325265472,-0.5175793245056349,-0.026219351784529853,-0.15046714491834562,0.22298877311446302,-0.20055174207051837,-0.05428350763536928,-0.14163205028596612,0.2888913928132476,0.5663351996197064,0.2222593393397154,1.2171460134203635,0.036330826780412065,0.27481077268848897,0.48377358748052973,-0.27057339193346863,0.18088953742344585,0.09846745175741897,-0.1276841088949883,-0.2457710815727693,0.6524330770000025,-0.5173985687233555,-0.10072678022561268,0.13292138975627396,-0.13610715097234388,-0.1349628616823367,-0.876367714897879,-0.5686946010775112,1.1909120429608924,-0.4640723943743654,-0.38112463242055505,-0.26530814104664746,-0.4602739509194337,-0.16903604422288274,-0.09412164895124528,0.44181339087038896,-0.1957477822566301,-0.017698031928855794,0.4089507709476785,-0.2613223049451376,0.6299832778552051,-0.24019267838965672,1.0913582993385877,1.458351596940878,1.0438173662736419,-0.016312371096361238,-1.0139731880832543,-0.23604067751955787,1.1904580884036065,-0.13826427705044894,-0.24784125480334027,-0.00014808425806717845,1.006273666890046,0.734474856489944,-0.5302224608791888,-0.08327830419855736,0.5800837730081376,-0.07552644187193891,0.3656029360328996,-0.4279384482744633,-1.0994375349653434,-0.022782163735867944,-0.33831965725482177,-0.7322027394269496,0.32410289001019577
-0.06252281562500119,-0.1195976128668471,0.06166271929590724,0.03981685927547399,0.004739518095689468,-0.007153898299619259,-0.48359459598731913,-0.29023255240010326,0.22330785303253958,0.9246558776383941,-0.14714407553074077,0.8767879250948899,-0.46874618409448193,-0.05471685454355048,0.06590166489817481,0.2028114978347984,-0.1517271126840108,0.16228117580957724,0.13460993488137382,0.04660457564756324,0.3738861416181107,0.15530776885142947,0.15351150590423576,0.262589438759739,0.0384300123129533,-0.1893764642735364,-0.6341821040147463,-0.29056228483866525,0.5345258204295901,-0.5401218585881786,-0.8295272112962266,-0.20744617073296803,-0.28313757015559815,-0.10476962910790837,0.1425588335053684,0.30557259228509664,-0.15379061511280784,-0.09106613194236396,0.5374373558118382,-0.32043021289808626,0.851465020372302,-0.40561685061738145,0.6750679930185691,0.898437718668214,0.8775725037928167,-0.11466008109699027,0.09392467356457926,-0.010267759526736246,0.9155085601063048,0.19533147273294582,-0.25137511354486797,-0.06191214686425345,0.8350300691207918,0.4462596303176256,-0.06650354146788937,0.5929165756539466,0.7373583404596783,0.3298812417456566,0.24255749521448122,-0.841897047562865,-0.5420634639590916,0.13138677473288365,-0.5109187236836343,-0.5946599967834033,0.22215569036696003
-0.17716728202466517,-0.1864629629202009,0.44412545512541546,-0.5651339495971663,0.25845300030397605,0.12649579039000658,-0.4758760192147364,-0.031090145940001528,-0.31549105032403274,0.680919378361156,-0.39865621161690135,0.7911852896473621,0.17036410763772292,-0.5339323963565862,0.5780200282143466,0.1018493840234945,-0.1523916060772036,0.2921716042392147,0.10358588863282996,-0.17122779242748623,0.16503262480854036,-0.6308509781624763,0.12588652616147136,0.5292475940238619,-0.21048469637983094,-0.24503815049165853,-0.33447151789579754,-0.18568302746655238,0.9598180851077918,-0.5231154911692573,0.06971913815796671,0.09278942064218845,-0.725221898262006,-0.1521077202219774,0.6228577235777668,-0.11750360555460732,-0.20765233812642464,0.07181072332320357,0.3619147638180079,-0.5473253689349236,0.3281284114101452,-0.32755167730523577,0.3776941779981935,0.7491902907743804,0.5596281671496943,-0.07883592497894903,-0.49281736265193354,-0.570989567367151,0.645007064120388,-0.3098150923404362,0.2129063974531794,0.39762214128160533,0.7801342938575642,0.7728433077337489,-0.38034881253076525,0.1427180481155211,-0.2550330326142663,0.164860935431667,0.4231905007719233,-0.8329757579688084,-0.7297074272870369,0.011521190939972142,-0.5581948170197248,-0.8474694211397809,0.14743781834597258
