May_3,April_4,March_4,November,November_5,October_2,May_13,March_2,October_4,April_6,May_8,April_2,May_12,April_5,April_7,July_2,March_5,April_3,October_6,September,May_9,July_5,May_6,August_3,May_15,May_4,June,May_10,October_5,March,May_16,November_4,June_3,August,May,June_4,June_2,April,May_14,May_2,November_3,September_2,May_5,September_3,December_2,November_2,April_9,February,July_3,October_3,May_7,November_6,August_2,July,April_8,May_11,December_3,November_7,March_3,January,January_2,December,November_8,July_4,October
-0.45635981234634887,0.2904795381404471,-0.06285808305273535,0.09635056402822556,0.07359387148731555,-0.21083781074087637,-0.7169831460973665,0.5104114657689224,-0.2291496518962144,-0.014352308232053801,-0.40946738647844194,0.03916731783676798,0.13176623988745267,-0.2410707566632445,-0.17477129068349534,-0.07142545157889156,0.11787887217167438,0.7167168097363616,0.2661112273845689,0.3634338463874312,0.4175747401295282,-0.2768581507193676,0.7787845778453542,0.03516255823521587,-0.25514886906018436,-0.06224538745952405,-0.07970696483600356,-0.3636661842943324,-0.2499368044566771,-0.18152344175845098,-0.5647878947570071,0.19233600676133927,-0.6496349488307754,0.7619850155651473,-0.015742791599089756,0.11480280434421702,-0.2467946821846641,-0.4230455415005393,-0.1629426880173015,-0.6920294117217446,-0.2050846267809019,0.4936366806132368,0.14582149179984258,-0.20237425193674474,-0.15024522552479885,-0.1777728365653343,0.48287613906338556,-0.17315734495003435,-0.3434133565244479,-0.24704149244868678,0.27422394381666737,0.1838535821492428,-0.4814656039871278,-0.30890059264984937,-0.8696015612322755,-0.10561528504884132,0.5534142943770717,-0.32289920482686263,-0.4789818715948324,-0.25112639005722454,0.39838555055826336,0.11439723562840087,0.14368646373282046,-0.05273697167708187,-0.07731136022848742
0.33216590252718836,0.16444478864379686,-0.027646677614837092,0.09635056402822556,0.07359387148731555,-0.21083781074087637,-0.6009437278480808,0.0272476042013894,-0.2291496518962144,-0.08274885711174518,-0.16889985249588382,0.18557988623376298,-0.4728353770822866,-0.12638987450999706,-0.3534410983927783,-0.07142545157889156,-0.13180175262037463,0.9404238301031678,0.2661112273845689,0.3634338463874312,0.5132547346351323,-0.2768581507193676,0.5019368329995442,0.03516255823521587,-0.5386545854680161,0.5586663856614908,-0.07970696483600356,-0.1899562231044207,-0.2499368044566771,0.20393587881146436,-0.7544772141605618,0.19233600676133927,-0.6496349488307754,0.7619850155651473,0.14901738529527536,0.11480280434421702,-0.2467946821846641,-0.43281554024396207,0.16367918299503675,-0.5131772539353898,-0.2050846267809019,0.4936366806132368,0.1805845810058782,-0.20237425193674474,-0.15024522552479885,-0.1777728365653343,0.380173252913361,0.1672706787330312,-0.3434133565244479,-0.24704149244868678,0.6177571205415989,0.1838535821492428,-0.4814656039871278,-0.30890059264984937,-1.048869210176157,0.15113508672307835,0.5534142943770717,-0.32289920482686263,-0.6390562274085921,-0.03446805765345745,0.3428513790502486,0.11439723562840087,0.14368646373282046,-0.05273697167708187,-0.07731136022848742
0.030944867947979487,-0.26883360261463535,0.008276960732155413,-0.21801135390573798,0.20715166114233638,0.30323959815887497,-1.1180217088959743,-0.02632689732899724,-0.6237518128085175,-0.26138437258387565,-0.550946526849693,-0.05510135834682915,-0.08161446663472105,-0.26331907926225306,-0.34936030431791276,0.05573766243018599,-0.03957487802997952,0.9794429849793965,0.1643059461527368,0.6721677312951699,0.21846518208958612,-0.47960090202388356,0.3431277515648196,-0.017615142282851257,-0.5191738365983074,0.44803333876903484,-0.46949251621992355,-0.42025242300024634,-0.2317559683815002,-0.10839622089662436,-0.2881341799074062,0.2862263434980044,-0.9758094177126475,0.17924371511921794,0.3372598630940713,-0.13941964630044895,-0.2472429651012496,-0.5384119434745092,-0.06686547686819738,-0.265224233232685,-0.45011587355563015,0.6819790931105497,0.18188285812907373,-0.37406070817358433,-0.2013087047865747,0.11923005368584974,0.6322588927912465,0.08591298737273223,-0.2035065532389542,-0.2947096645492373,0.526370069112968,-0.07723885018814738,-0.1733183077313142,0.021838855073103583,-1.026192759266693,-0.057240938899205215,0.7251568793984702,0.12418075550287527,-0.38974746571857993,-0.1406306316376998,0.13025064770362804,-0.07324215055276215,-0.2891288819294366,0.16289664901671458,-0.3983787858649136
0.29004404412111634,-0.49688704238438675,-0.2317069040062368,-0.26769083708655944,0.32967593987434174,-0.589374614680626,-0.5229467502286381,0.2938223929956184,-0.10922851783595497,-0.24516252835279959,0.10847199643015495,0.24491190443392813,-0.6188622589996147,-0.7352784828974744,-0.5534500977623408,0.05663667254706656,-0.02888209470308732,1.1761708742723604,0.2561907863944888,0.4294982910264496,0.17851382145002967,-0.09454681765257246,0.40364477821297506,0.08616297994733355,-0.42410956596683874,0.6783857122255093,-0.34104665742465035,-0.23021599177145055,-0.09931044833718397,0.2594885421211583,-0.7321192244239245,0.39339019697186306,-0.6546992560884443,0.4948137553112494,-0.19632323614516412,-0.38007554590482295,-0.46897219238250226,-0.4451459220752559,0.22598710986986742,-0.8109501718286939,-0.2935195967761506,0.39240017394848065,-0.2101092105053644,-0.06092521458032468,-0.27895932050327493,0.08395641326098596,0.2730682615679311,0.1438833003266669,-0.32234535108795415,-0.0456290597549878,0.8840202583838832,-0.3183605676773349,-0.5761614002715666,-0.5192576033551017,-0.735897016945442,-0.1022843713107313,0.7604339507537033,-0.11673816764540111,-0.3334977486901799,-0.059489040149611136,0.475149848723616,0.11109743545839558,-0.34406401526075825,0.352314153173213,-0.1649902316810038
0.40289006101368396,-0.20164303992592902,0.03518163132687135,-0.8536375524002984,0.08946071127635759,0.28227717847698464,-0.8772312455740668,0.3512039953554193,-0.5568451688925193,0.390408566767342,-0.5277805871547471,-0.19410036919036072,-0.9261604069309374,-0.194377520597794,-0.27060799043838174,-0.023575827105601854,0.20203887196899556,0.8019452210826084,0.3035116382452566,0.5501990361625937,0.01059264030709664,-0.16809246139700687,0.6125860280021113,-0.16129083217723328,-0.05524203858700383,0.599968516594728,0.3202255165340881,0.06448120124565256,-0.362605921310817,-0.2153064181193117,-0.9357068148632376,-0.03770295449031154,-1.1280853209262012,-0.021864125379049304,0.46290103544802524,-0.1912292910986515,-0.3809297099305989,-0.02372518165287229,0.2876788101291552,-0.6304151593277012,-0.4779847841761804,0.2908844154618856,0.038719880767239256,-0.19355928494802632,-0.3861981645493886,-0.20257223367169014,0.23825727144108605,0.07815343472984085,-0.17359715484740953,-0.18863373846127285,0.5972225602452754,-0.058297207983890986,-0.15927864758753782,-0.5676513103034755,-0.9499616247482492,-0.11321995029709153,0.72199772329909,-0.31262820656924645,-0.4220120537701904,0.12613287137332588,-0.5195421109132224,0.04464284761542068,-0.2825546874127073,0.0733735628805133,-0.07081696959256906
0.23097875949968436,0.08271146147079916,-0.2877361107587498,-0.4606025842064358,-0.061063342120369665,-0.4288393314705543,-0.6647295643735005,-0.16060676213291952,-0.030326237002327297,-0.029843348389753138,-0.297510658618285,-0.3909294050232627,-0.6833350512273378,0.14300783321712598,-0.33603772395352505,-0.04707620529261168,0.07587260286375021,0.6030114341103598,0.19471165393487191,0.21784520712141972,-0.0383597975255333,-0.6015032807476745,0.6290902157772624,-0.20085928718902557,-0.5871304809153017,0.8888658123250703,-0.3068434133169217,-0.16947777101103928,0.1361459621536908,0.0047475789998835255,-0.828148622251575,0.7145728438095029,-0.6748382093496297,0.13827753810233237,0.35298351955193225,-0.6896560852893618,-0.2456927366814884,-0.14728612835445432,0.30995978931621576,-0.6318529519744729,-0.2566149721966208,0.2616678195471943,0.1153219502135787,0.16684937180606085,-0.27444842532536323,0.25160019261747535,0.38022901067168574,0.09897359487969956,-0.2819726272772098,-0.2524020153834873,0.3894137590909105,-0.08390030053878283,-0.30030281555378663,-0.9633027223532045,-0.8838047301240749,0.05960437379089539,0.6030643286351218,-0.08186483986810093,-0.6617362403599677,-0.2623753431121228,0.05972226831896392,-0.021433606418735422,0.3077946319046714,-0.1568002324805084,-0.34179713212202084
0.322156531727539,-0.5512977827963604,-0.28875935915504525,-0.5693015613337482,0.6085384510477148,0.2624910163827394,-0.5055951580344917,0.26848615081953603,-0.7226118633131492,-0.016462164077077693,-0.3672180053587585,0.2700370643171107,-0.3778374974738636,-0.41492318950498297,-0.48426513381961356,0.2039282915811661,0.22312171663467725,0.7464564175528601,0.23500456737287811,0.8254848789229554,0.1564017498571414,-0.16136372912626784,0.0987571027369678,-0.2714173496310388,-0.22164130620394934,0.34573355542297646,-0.15624554652451372,0.342653833709117,-0.8069267410663409,0.33828358755942683,-0.6539323582786531,-0.18750565314214881,-0.6424402490143474,-0.07369394162019921,0.0011198634084497033,-0.24994597718124004,-0.732876411532634,-0.6984910190837669,0.49274649719998054,-0.6371676771109358,-0.6359398732883115,0.5325001531955869,-0.24687865245811377,-0.1305030102450337,-0.4338224495838417,0.029761377749776566,0.020616684209756597,-0.07795804134599171,-0.5663562643726637,0.007726060524250233,0.5742525751781861,-0.43001457322273934,0.09072867117509081,-0.4807386081591687,-0.9712897550386612,0.06024677065530619,1.075913425135278,-0.27316274800181334,-0.7299627661451715,0.5052686186432306,0.37150395087485644,-0.3726961585411745,-0.7103634368306692,0.23212404675603787,0.025752132336559326
0.35400842884234046,0.3071583246280817,-0.7038055983840967,-0.45504498018370854,0.3526472869498121,-0.5803127981842642,-0.7415852630709902,0.05377459121688008,0.14095488744125545,0.39014713873935813,-0.11419218356788811,-0.1312568350133105,-0.18431110566964892,0.5171842828598247,-0.10130705171034518,-0.2972799991499546,0.07176362699598954,0.2970972650404511,0.09164704919343288,-0.08016214880907972,0.6218670293239459,0.43920330218888426,0.31506056394149223,-0.26699814266791555,-0.29881910489754215,0.27739371075563235,-0.1831933792275517,-0.07125938630530348,-0.058221960253200665,0.1654230114912697,-0.5240145367285167,-0.05037395324940125,-0.8305294383300764,0.4363220451947948,-0.15658074810297962,-0.6499172684742444,-0.22934122261396817,-0.012173657161374557,-0.363051113172392,-0.8552212401447377,-0.5800295453152904,0.7765128712500745,-0.39814454025891777,-0.35406046603565455,-0.32970059454366646,0.42360941544654684,0.2560387090451236,-0.05870525830183798,-0.1873928426495809,-0.4375858043481933,0.30164040267946546,-0.6158951651532498,-0.3467777228053687,0.19054179810693767,-0.8172537381180985,-0.1509379644121805,0.5717538605485544,-0.06617423177185067,-0.5921568528900929,0.241359202960637,0.6920524939819008,-0.39524713718473653,-1.0636565069240842,0.1636353625092326,-0.16032272296083627
0.3279276231346398,0.39132133780581746,-0.53332773563117,-0.4911302166766147,0.24082510459180476,-0.21875324239378624,-0.5211987741017625,0.11262816862156112,-1.2779809752042612,-0.3645630932732334,0.24012241223555636,0.19976147149509205,-0.14250483830468325,-0.19462021047616224,-0.2842668493780945,-0.006797044230549179,-0.04861277716024426,1.0085801946084976,0.1886102439208625,0.3980284877091842,0.39577952703023406,-0.12633186655455558,-0.09096322130636253,-0.2722666712213558,-0.22571663804394906,0.20158670575228077,0.18757311366222668,0.3346444064892883,-0.4613076792440687,0.5121559481710178,-0.09061315040527437,-0.2379123946158549,-0.8407826700369285,0.4663281567978692,-0.2852875723357047,-0.24097552087325133,-0.4193043801878721,-1.0996382201769785,-0.18339081849189764,-0.8515480018711328,-0.655092338475586,0.8559189526429174,-0.09137739623139875,0.12565469287652886,-0.3225552400618297,-0.22378341927854847,-0.028163848926931453,-0.29839459715797,-0.4189662937955523,0.415494226424293,0.17527880738773638,-0.559245919958776,-0.15498957956337364,-0.42029947397030293,-0.8937780178854912,-0.06149168891673332,0.6824630996985472,-0.1115200785056488,-0.3941883582261096,0.10823909617392419,0.25639848042943614,-0.21665754384151986,-1.026638333472029,0.37728316241880017,-0.5698378672964555
0.19234228302479095,0.1175753077784639,-0.39303614300485384,-0.38108223361579235,0.22932556321191147,0.2878582409966284,-0.27288723785456326,0.10082749989791623,-0.4211442928098833,0.4214368817095131,-0.2795849979870478,-0.4378649491789249,-0.46068513477140016,0.2459198109680693,-0.02477907448304119,0.2942589238103053,0.09337143303882556,0.36333852047111453,0.37248795040789934,0.6077553566143623,0.33932035164370256,0.054271279481305945,0.1869250095128979,-0.06554870849402052,-0.3158997156999709,-0.029073353339090592,-0.32028539955962754,0.16302193289306782,-0.24392731881177324,0.3064773507483395,-0.549277465812871,0.42626322449904724,-1.0207524410533613,0.5234377351388785,-0.16828409463844549,-0.3529851334666557,-0.29694318104532874,0.08142634674035824,0.03243423149664949,-0.7303638626966271,-0.41300851408751077,0.6051857246455495,-0.17446813462972605,-0.3408658991226111,-0.5775048670112386,-0.06274033571510171,0.17532369955024835,0.32702807886498053,-0.3046994652503004,0.028658039834763775,0.6180213769041992,0.059175371552107905,-0.4363691674737331,-0.3669832347536998,-0.8159608689379344,0.08349610670574682,0.43651993689639734,-0.07540427768173173,-0.7301590865125179,0.7269175010104916,0.15454548420157974,-0.34554964581878117,-0.035920459724928314,-0.04013108859201714,0.0977436499071178
-0.06303079045544006,0.21841722626497906,-0.7094415691105197,-0.22378085991160868,-0.035276545626735864,-0.49994430118414823,-0.7656498939441233,0.3361321109972948,-0.18590549390162092,0.24279827573859458,-0.3648143969412896,-0.0428259363712358,-0.7126234545531352,-0.3059413725977342,-0.20868867095183413,0.014755939160987101,0.12378386638331389,0.6327083244107085,-0.4079629702513954,0.0646650082172444,0.6133004207606787,-0.2685115558399116,0.056627720675382534,-0.19522891860273367,-0.30319002339395396,0.17730906212750425,-0.2188703006132805,0.033852694954762036,-0.628931878832699,0.38158821949229926,-0.40069956629662346,0.3487297889273152,-1.1249128525542031,0.12610339767889386,-0.12630295371689965,-0.429093573672502,0.039430036198826166,-0.23696152436215237,-0.354235832632557,-0.516335699101919,-0.07876225503015662,0.4711154176397805,-0.007380327082277802,-0.17591301054629038,-0.1209425437644083,-0.17537694493286035,0.06649458579152515,-0.09225138690093615,-0.18475321097308775,-0.18156051832076509,0.3799975864135836,-0.026181397833688072,-0.2263635224492563,-0.2733685665027996,-0.8177793675074303,0.13110293687885316,0.49392197823882017,-0.16926907072637487,-0.5684752835587707,0.351700722218662,0.2338373356486655,-0.013618543133816136,0.03372286023267594,-0.10471638463059098,-0.14093613740505323
-0.11440578491276357,0.04098383790477196,-0.012445698098826473,-0.3259871191961742,0.18654294607546576,-0.533035186936665,-0.36389428438284904,0.44914563999088036,-0.20151507908605187,0.15513101637441717,-0.35052165089293963,0.02166078434997215,-0.06124286394945859,0.014536397863549003,-0.03862602255999466,-0.21276262771323734,0.45181644097587687,0.9102439076214859,-0.17051287241229657,0.08084501850699247,0.413121934977835,-0.36006815042114,0.7348303356468313,-0.2546162865080652,-0.4010538197064198,-0.07718679470724632,-0.20796129071863118,-0.6032065679949267,0.10212206679664404,0.12380255216128538,-0.5794094781407246,0.010403279098119056,-0.7813779675641449,0.16626459167443725,0.07212119439824884,-0.34471976681026256,-0.17868078753736152,0.08626025535575305,-0.1306676380065087,-0.8997302038799833,-0.4675808898299435,0.5153374273872694,-0.3610817511663208,0.14974869498430535,-0.5683882906657194,-0.07102404645518036,0.20987461694601822,0.023067852967224467,-0.24549253466156284,0.05949653708009772,0.518078161338683,-0.29692454071765106,-0.38334935955873783,-0.42938568992677173,-0.855483889907968,0.07559108282447696,0.8540090156745479,-0.187523232718795,-0.27023803864641427,1.0051986685499248,0.7387212181595517,-0.1051317973380905,-0.6584408500453285,0.31302861297413503,-0.4719224522717863
0.02191994711308337,-0.1604459258564158,-0.18226281582898987,-0.39934498176709066,0.23397439541963605,0.3601092831306857,-0.5577291062318939,0.5692168948489849,-0.9915354442938266,0.0514293877853834,-0.24289613330906926,-0.004802204080437453,-0.6367854376698108,-0.4187613231348529,-0.07101148740976157,0.02836634336073554,0.4460634043439255,0.7740075033022948,0.5174648678051396,0.4211559506693598,0.5786814329583269,-0.06205958417270528,0.23981046780043885,-0.07976780600726807,-0.20768425079898215,0.31441025538024503,0.06666645802208582,0.012464099774232212,-0.3872681446758322,0.5091537636929191,-0.3851499726441691,0.01128191990017767,-0.7928088642049029,0.7750563164316301,0.3252124778666517,-0.06565096196930137,-0.5730973590912948,-0.25503435381216133,0.3118994866878332,-0.522535906590593,-0.6459024716069673,0.5970306996462765,-0.02136459446562236,0.14709328056219245,-0.327869410236097,-0.28589558480345134,0.29755275721525565,0.17737536249382757,0.009737034980234711,-0.1542519902000767,0.5703484832639677,0.04521080443770992,-0.3323312248500497,-0.07370535116990812,-0.6405743094278917,0.05716728194167223,0.6800083338710158,-0.13581580740941493,-0.4690591449921936,0.04948620747448118,0.27848744441382606,-0.16951110713685102,-0.6122042012388522,0.08123698939214621,-0.10726799759868373
0.2861185342345377,-0.3988393556784768,-0.29240667479494586,-0.6328516826850626,0.37249697549791916,0.038162574570080265,-0.6599536993316516,0.08543871885509605,-0.4710485292193309,-0.16662629535346912,-0.38525366525490573,-0.010521129397518675,-0.3352124401754157,-0.39370352016198973,-0.2370638240640499,-0.03739699086408971,0.08604710916602194,1.1242196939560327,0.7064467161860605,0.08091176597436707,0.23714192137710702,0.09500220989185637,0.2741676807787848,-0.17989063562773003,-0.22273263849480085,0.3670011506118321,-0.3484179888198216,0.14118806008511647,-0.21896834967342668,-0.04725776837130633,-0.5759077074782449,0.022567575249571814,-0.868404588330212,0.4863662544001342,0.36181973135476164,-0.10992353181953649,-0.06890716992726517,-0.32880288322760143,-0.024674918007170962,-0.7587838913962612,-0.464219667783955,0.3845753019830284,0.09501527156627874,-0.203862926186323,-0.35150948992752656,-0.10458908461019266,0.11424818000456977,0.1933850723086179,-0.5154166222861127,-0.12351379817191273,0.18597408504477317,0.01969278175581532,-0.21917280570362346,-0.1128190798048557,-0.9822286543413695,-0.1994341719239425,0.6379086936926137,-0.3102431356145371,-0.3224517350432329,0.9043354822582762,0.26590818962030627,-0.6356067798622047,-0.5019460157433795,0.4331695739729239,-0.05872609727681494
0.02059798701095502,0.1310989618743344,-0.3936884865017727,-0.3428191003829531,0.11243806755355079,-0.8025731785433537,0.0028878667634946315,-0.01165783793703623,0.16959670853216913,0.17988416119873962,0.21199789063811464,-0.28531522001213105,-0.10163219074162472,0.055290018954676876,0.19741915715665065,-0.06224816389416803,0.00158120182994273,0.6385062037208022,-0.361469317456849,-0.3290068652933931,0.4065435214964622,-0.2765011979220439,0.8785148976009759,-0.37507801258776907,-0.3512907431560524,-0.20778072263199546,-0.5609990653510268,-0.5905095517955341,0.1659574443968654,0.1651833904125058,-0.38137365535871043,-0.021729861541635594,-0.5278204124623072,-0.294605707077143,0.18368644733718723,-0.3459760656866896,-0.4209661265850369,-0.13196252774590508,-0.05146881198531346,-0.9589275924070044,-0.3011042224791779,0.6607224830460464,-0.34972398935604465,-0.20573739382351836,-0.3302689192510394,-0.3251543924931075,0.3169317566763504,0.06333121244242218,-0.15225310951428384,-0.3534817203670868,0.1686647942436439,0.026129962921625983,0.03352350503371944,-0.28862595829916166,-0.855471034929283,0.08429477425771686,0.8271935543109492,-0.002599430030090201,-0.43748618944848044,0.7262775536168308,0.5175132304610226,-0.3787463590445859,-0.660189538368491,0.27340273007243593,-0.5481686076357808
0.33556906473689824,-0.048285273045537216,0.04585682962015196,-0.4683339471226185,0.5315811974953267,0.24022693272062962,-0.8293385366651682,-0.21262583361755164,-0.6129474208206089,-0.3016463927341889,-0.37325672976735186,0.5789184994800801,-0.3219438332671348,-0.4829717369483537,-0.3986688239208528,0.28459327225297826,0.07132961119700813,1.2840733878600854,0.2501204550508983,-0.0315709964070824,0.2700686340537861,0.02891043202966856,0.2603652995858586,-0.11000658431720974,-0.20588040395621643,0.15919383725631747,0.2857915514054684,0.1268116089055835,-0.6324641220727171,0.06329974960607099,-0.5017632289927685,-0.5339978682865577,-1.0519116949807457,0.33815856100376895,-0.30326531335770657,0.07569073872421761,-0.517222250182876,-0.8584307040048277,-0.34880485544259626,-0.8667593026754733,-0.7002142811551474,0.9795479484126968,0.07608336076681393,0.019191366717719135,-0.4323871679116273,-0.23105025463737153,0.1834218424095458,0.29159324895968874,-0.5746678910727291,0.1668780361412105,0.529563419438822,-0.1889143975778241,-0.11237162376184821,-0.8189906497447944,-0.924751052011269,-0.030808442269555633,1.139203161611498,-0.17341554818903604,-0.3629637051330524,0.8666835133139894,-0.18525422498944746,-0.7170647179739226,-1.0075564186597774,0.5856960157534459,-0.041378688272800786
0.24789140693586956,-0.15679228544818746,0.06258900862937276,-0.5296701714872128,0.19803134026121666,0.11718781576244687,-0.4774586866529764,0.03797603540002938,-0.0346840824720933,0.2481250265021226,-0.5257950254823965,-0.005708795560839766,-0.6771702570983208,-0.46868540972088385,-0.34907714299764514,-0.11333026285698494,0.11723128747378847,1.2651639338519949,0.8868700427911158,-0.09477930808521318,0.21756699910474042,-0.508923536054397,0.17404661158817952,-0.23838013299436667,-0.23780762835470914,-0.2857517925857775,-0.32418721261227496,0.013990110892147724,-0.007835951474184075,0.14612701443747061,-0.5878542895300732,-0.24420439286608783,-0.7246271865353999,0.007754188227935846,0.08155902541417373,-0.31670527425447403,-0.31889545647513706,-0.1848943798403887,-0.27622075525942835,-0.8427008106744753,-0.47412377282311,0.7541655731510697,-0.17053180645496774,-0.14100116317803704,-0.04040483402823346,0.11967314808437167,-0.09944828225824864,0.2600196287560537,-0.1423509071773492,-0.16942271706856077,0.6509664664651986,-0.035465465303349694,-0.11397008027785892,-0.3189626605063455,-0.8868138092598921,0.16572220438202528,0.48043252214924775,-0.19381868941131933,-0.8269391647741232,0.47983264076383103,0.48838153866110917,-0.14399580842492093,-1.2323866449307053,0.09364917350352359,-0.11795510752783475
0.31834838133774057,0.17613192525235133,-0.4705949667615654,-0.7366861203941565,0.5143768189365711,-0.04134616168240236,-0.9286909647041516,0.20120817748340794,0.00624920567280704,-0.17935298804268554,-0.08595507584839784,-0.17529996731514863,-0.8086985361138808,-0.277254744940294,-0.4646347201445177,-0.319396317372146,0.021164372860233843,0.8815868069849416,0.4327726590774928,0.27323932211703045,0.5497354001534321,-0.01963906072387188,0.24181804342474453,-0.4100407639785877,-0.22517689891499426,0.15928194906315563,-0.5231291280633728,-0.03253813767444331,0.09161764471747887,0.0958094109158023,-0.44679328622947645,-0.06151090071766595,-0.3076643333179799,-0.40024277559012184,-0.0025066066145227883,-0.11931571921169165,-0.4550105230190527,-0.33283440462047387,-0.13158729786419895,-0.6272091894443556,-0.8075679105760513,0.8424491571159503,-0.11075655819183149,-0.030079177054376745,-0.2436650763999048,-0.32524919431457044,-0.023684092593279006,0.3183674062148507,-0.43379318712253784,-0.14610596609425025,0.40430469588014384,-0.016503610380291384,-0.22724656212431005,-0.5773491327017516,-0.7500675732214068,0.20280973012792555,0.5044400003058263,0.07950281316831657,-0.5393007315405608,0.64864843870198,0.6144517898379129,-0.5544828482531339,-0.1756088510721946,0.03990678861169889,0.043203156985075125
0.41403777889580795,-0.16155434751930897,-0.16133998209145475,-0.28026803056771793,-0.02516420510751951,-0.34579147281052536,-0.5494679044419752,-0.03749504805622792,-0.013082370666455151,0.2217800361581053,-0.20521865955891352,-0.11722476364087561,-0.19545760413094423,-0.23847795294491492,-0.2770705385423068,-0.23814060462610886,-0.23312435632275147,0.7231980395798148,0.2951094156207196,-0.16345029453316873,0.11707594402886347,0.2010865174236057,0.4970549319036058,-0.18478260472580024,-0.49389973452973107,-0.3910199069601014,-0.06549288308705759,-0.31171071053805255,0.26237301865664076,0.6242704351259325,-0.7417364099467993,0.031665742497655726,-0.9261690503674865,-0.1523386273645052,-0.07310372375968119,-0.44710443778477355,-0.34353237143715915,-0.07380430680433067,-0.06004576944677553,-0.7912150674778389,-0.30776086291124827,0.5237397372504965,-0.5650624268905939,-0.26015550491782763,-0.29587105909523137,0.054694327216213465,0.18474237443469785,0.27065610407168855,-0.5524830137559951,-0.23282667137839488,0.56166680629297,0.3851458745300921,-0.047080898403788166,0.2989832290039818,-0.5364317595383628,0.22802911528829653,0.7422794709498042,-0.47313474469544536,-0.7767974865858372,0.22553324493784416,0.347686050554195,-0.435671658424952,-0.34303200593830746,0.23940609514687794,-0.09313713422798389
0.06725239503696379,0.11350361303932888,-0.6429002791041944,-0.32609466832251804,0.21269547130355826,-0.36609971832259613,-0.679536937542054,-0.22987956875734725,-0.31796716796910873,0.39740767494420143,-0.22139172975899313,-0.2112018219710431,-0.21194511656524234,0.11963105407995141,-0.06070681373930574,0.1774581156408212,-0.05894243221570462,0.41271708585563527,0.18672113579905858,0.24515879124848391,0.6156229098363678,-0.3579727126774483,0.152277775844203,-0.2726861779041523,-0.3346080329151532,-0.33510559984362936,-0.14586564512223638,0.11009901928928167,-0.05687633732969401,0.31160380322291814,-0.4459427703442656,0.3797811605694942,-0.8795526609130282,-0.5463486717937988,-0.011134695306133813,-0.25866638117093477,-0.21002401251558128,0.35134845465249714,-0.17891301567604523,-0.507701734921829,-0.6358803110936088,0.7694656691752263,-0.029935751462647757,-0.15031361283601663,-0.4305349339184534,0.31335762546015644,0.22269918981342093,0.07650558500996156,-0.48437535895227213,-0.2168352565806609,0.2300082057839187,-0.22827764079122925,-0.16800650500677625,0.1197766034244288,-1.1596995868456634,0.03318390022476653,0.6291359824211838,-0.06975364397597622,-0.4781875251234047,0.1763413859990866,1.0312246002124763,-0.7479543619347835,0.011117033133627024,0.02856874441585626,-0.12881846896092672
0.07004465566585215,0.1222773247759727,-0.5663338769273418,-0.07087156459770197,-0.031506465534203734,-0.3550237349123765,-0.8451119570043247,0.26108279660771444,-0.26601006948025846,-0.0493463750670515,-0.3595319432722248,-0.08397551797570511,-0.004783413406717084,0.043000288602637424,-0.2663020984091345,0.2376098211185232,0.11186492914081697,1.1985972753600922,-0.44664247673055446,0.05766705231895636,0.3228917522880085,-0.3581123493317406,0.8043717496972661,-0.10996645139758927,-0.40055707394342677,0.3487227583963583,-0.10850688568022032,-0.35829994938220217,-0.10043497050686395,0.569185464228829,-0.45458338496054573,0.07992939089841564,-0.866494455785715,0.26595289981949916,0.7351890028040011,-0.4742864313568773,-0.42394504823580426,0.02673651062620057,0.14830779068652472,-0.8661995434528922,-0.5747847203142046,0.8834494469509675,-0.34098209262200524,-0.06878376950568144,-0.38892693290203995,0.01363503009912468,-0.063474113497809,-0.12029865319317945,-0.3327117875124817,-0.2895402906280852,0.33754133541505044,-0.15492685530155903,-0.47190705946278694,-0.6037647368681214,-0.6193940113896378,0.033880635352673265,1.0110366663082146,-0.392862024608897,-0.33212755869844346,0.08793361189553077,0.0704043115968351,-0.46687318134975453,-0.949801780411243,-0.012889343489687705,-0.10611530120887831
-0.38290126621544013,0.5115696675611039,-0.40337695971047344,-0.14951887019098115,0.012282073285907746,-0.18011531321334784,-0.07772508434706932,-0.16080392816610423,-0.24878818343017062,-0.35938867841007227,-0.37316665226250423,0.20503707737196622,-0.34900703739769345,-0.27246311525467104,-0.5460215960151175,0.08435914181614358,0.17540806371404669,0.9881968215314219,0.00424831292564995,-0.09398581715844158,0.39819590126245674,-0.14151806997549884,0.8830477034116646,-0.3090171527156807,-0.30941292315258695,-0.4035224785631971,-0.18380103049385485,-0.33161777239231116,-0.23237820007781038,0.4260087970211268,-0.3166250711983653,0.11113305587304131,-1.1090098037334228,-0.18983585024663485,0.2692724188622843,-0.36840514776801886,-0.4767818176402123,-0.7119810935097453,-0.4607600657809993,-0.9799586692581962,-0.47036959059035793,0.8187460781025029,-0.3713863332798625,-0.3311593700389132,-0.09321813730336212,-0.33562457365690906,-0.08111139540160092,0.18994003510786728,0.013108997631692876,-0.3447367222159067,0.39500284650759304,0.48683805867288044,-0.5107555943349512,-0.2816477039460139,-0.49981252703885326,0.43756787235134537,0.7992498437444876,-0.5261722969310567,-0.45606145441939633,-0.30488766293959124,0.4056004373013444,-0.31779923332320303,-0.21313154776041585,0.5243002120903357,0.21142595884628101
-0.04217996613807357,0.2204957021035226,-0.7574038614836849,-0.33456104068448667,0.3445449620183689,-0.42326233305034267,-0.8887037957274897,0.171377124541401,-0.20989275129328078,0.22167457821893188,-0.6272907897193456,0.18026205753024047,-0.40578832013490346,-0.132811655724624,-0.4538637843496442,-0.235869204034318,-0.04546678613587758,0.5037146805499487,-0.30861075081186773,-0.05645655643801183,0.28956134504729286,-0.39592157167507086,0.6712461037529616,-0.4063207360715041,-0.26704461633899407,-0.7783893707303163,-0.1646285121647675,-0.4088710727429911,-0.2036189609083408,0.423072652884078,-0.33122221920513495,-0.034315698471044896,-1.3854378757601953,0.41003144985863677,-0.06326790014941104,-0.7865755744172355,-0.013118620357424124,-0.5695826579817834,-0.49597320396959754,-1.0533979784279617,-0.6658279351815153,0.9942838263959743,-0.1630002067872904,-0.14209726417587235,-0.17703494342181234,-0.12985289400619343,0.46087401902791203,-0.015744616727808566,-0.18333130856529406,0.11083798346605417,0.505822370111009,-0.043682927508988195,-0.5215673663974258,-0.2551003846960567,-0.846235457119214,0.07638353191343891,0.9363177799071405,-0.18922189567603248,-0.3285720678344236,0.23052664627789982,0.4366291504338048,-0.7944442440538413,0.0907185703774739,-0.0800540816938364,-0.04303273677169551
0.1705908728642921,0.21891247471476952,-0.7248661252959201,-0.5865786981443665,0.2651757810251643,-0.4052869250070827,-0.2889747923457921,0.29892117978393695,0.4874467240647809,0.37773609964869526,-0.37591807943870054,0.12745190101879558,-0.14765859893562605,-0.13357526578220819,-0.21892587543318445,-0.13772392357917262,0.2582082376578938,0.9155614566114436,-0.05534353038490902,-0.264160088241882,0.407885859396525,-0.45439599557863114,0.1721578721794908,-0.1827395489573173,-0.18161464245043102,-0.28296880939429514,-0.3582554953440675,-0.18019160834093934,-0.3181115896398193,0.640491578731599,-0.2868441281716566,0.032844296638635376,-0.9629002456090942,0.26230789981048797,-0.036904524857468986,-0.20487429695058293,-0.5659018867851049,-0.17953854945540038,0.2123328672202651,-0.959244175285092,-0.7556412853099512,0.7143987143823313,-0.09453387511060717,-0.16392026572707194,-0.4120030137121151,0.2629572550147762,0.5335362993287519,0.15361582780893313,-0.4183051993232886,-0.46316419070517073,0.44352898872833474,-0.33585232133736775,-0.14984710367927118,0.052207556387032936,-0.8936397169269112,0.014793878173027124,0.5672903878198626,-0.23420158872322816,-0.3228500484234653,0.15165398782733003,0.6359351099996603,-0.4431567997740568,-0.7968075735427738,0.39518608563531776,0.02004659673783299
-0.477078572656784,0.07770244329861271,-0.5065573814686436,-0.46992215304351925,-0.16061985120728092,0.4787198141829351,-0.4020177741757062,-0.3325819082302496,-0.17846545582534387,0.5357138563264834,-0.13742947974024533,-0.3932292551916183,-0.33532142591323105,0.021876911759704437,-0.030754258730368567,-0.2911776712887304,-0.23339429602546943,0.5812330356312879,-0.01288152904366252,-0.30571740113788487,0.5005494720644782,-0.3920432655215197,0.7331418425531642,-0.9921708293042324,-0.21506450593159848,-0.5274461495732629,0.04298031399744869,-0.20833790972756583,0.03903998872490039,0.2475463706798465,-0.23342039540076362,0.33039199530623187,-0.2397665954841018,-0.18305295726974957,0.0740066937717095,-0.4368209596288881,-0.5000369476183831,0.3304417180037684,-0.3770254867358992,-0.7531916953355535,-0.3034592037512638,0.7533745482185069,-0.17081133924772238,-0.010844720070059405,-0.05407707261837595,-0.41480977394478963,0.009520871955864707,0.1579820818416029,-0.2387192606081456,-0.4984573075292003,0.3671628392576391,0.1924770111554779,-0.585206615475055,-0.14522830885930307,-0.5087762725536367,0.286320690018574,0.6568034966401407,-0.2725651321613262,-0.32730025667837104,0.43670423780567097,0.4209520757793086,-0.07814217450065457,-0.5725561586854278,-0.012374550289297903,0.18392263518829807
0.010483870589473462,0.08879262013623042,-0.03182787160977181,-0.11106963995991016,0.279368124850671,0.2716286962288303,-0.45966893371690776,0.36655033710983287,-0.9546103608977644,-0.1778885861708342,-0.10408064916150624,0.3958996312696691,-0.18856471752132203,0.13723285743581398,-0.7347390496207181,0.1178669666641381,0.11637366358725096,1.049697212411494,-0.13639942897860713,-0.11123281995472765,0.6709618192575977,-0.42551323631079163,0.46896702680242647,-0.04908748686227938,0.028016592159491704,-0.6042770427281833,-0.33375519876335064,-0.3623094306648842,-0.3146955667726763,0.20419323034585102,0.008508814310075705,-0.06571738088700259,-0.9421744606750981,-0.07981629956194519,0.21271805797006027,-0.14823811461180827,-0.2590129902588982,-0.23674276803104682,-0.30020126204108144,-1.0729427754654581,-0.8111718646719283,0.7486182869209103,-0.16114052150417474,-0.12955057533875045,-0.32304493504122755,-0.07736587952368888,0.15166351966348846,-0.11385705059404634,-0.33589029806142745,-0.10249271633541497,0.3453777416281577,-0.04553031298809624,-0.05889821372337556,0.2371573530923599,-0.3935661811193527,-0.23142905752657036,0.6385912776929997,-0.07970640317141295,-0.1647225325385259,0.1234432491657787,0.566740200213671,-0.5224318046639783,-0.4460189994539106,-0.053814245217883874,-0.10531587944554587
0.5115203570536317,-0.23966780751962272,0.0828198867450458,-0.48886651762676236,-0.1346596831198343,-0.17136894635618666,-0.7215744369648466,0.2392448560111621,0.0961784672360073,0.30028185429160603,-0.16945922401320948,0.24460030509034644,-0.411030599307406,-0.2672965502342802,-0.07631955128010497,0.3219413150968453,0.24980582052282768,0.868659122709206,-0.1322211108343195,-0.13161946642149935,0.3851896667351983,-0.045769122399089195,0.17285187792377132,-0.2848784207972811,-0.10400599395728774,0.07761097980429395,-0.5517437340507089,-0.03437416171065494,-0.1880890684531661,0.2771495096970902,-0.15125543831300492,-0.03634994232354866,-0.9837023158548753,-0.06651494511451153,0.2912870489857815,0.037842534320503746,-0.2535065153419524,-0.6471742639108228,0.33166709936438366,-0.6753834366774727,-0.281957203813488,0.4613775156157838,-0.06233495453828142,-0.1905928139429877,-0.36449512634707004,-0.42907366936700553,0.17648711957600832,0.24119201659824335,-0.4109445089961713,-0.6582302158035092,0.16652534646245432,-0.3447415609838137,-0.04968976457522513,-0.14327414243287148,-0.6776195009812207,-0.022616055501427784,0.8694353125377964,-0.49843545512156556,-0.4828666681816313,0.47829301663235285,0.3722570092638457,-0.38244949547243384,-1.502630067265428,-0.018152921295031252,-0.060635555955869974
0.3276722537090285,-0.07833959521910948,-0.22674656400831686,-0.6521558756661545,0.5713005490216267,-0.05563482666379496,-0.6777198672475399,0.2836946260042807,-0.30231773100899306,0.016259039372657644,-0.30539087737177645,0.1801614009633447,-0.2573819283645351,-0.21560473498082894,-0.36078248047281325,0.12374000541881297,-0.23784378066598277,1.0713745626114763,-0.23562123294363466,0.6083060705738702,0.21264440462140463,-0.25254962949544074,0.45705021589778166,-0.7270580276702159,-0.379979857396867,-0.21273491305379638,-0.6305000212741794,-0.33440614757738,-0.1949261994667307,0.4738826483565224,-0.3851594446075424,0.12336611056261702,-1.0040306182476653,-0.36455119541976405,0.2820269926303619,-0.31756167076762887,-0.20990177588571204,-0.5495924314381314,0.0016634664228994678,-0.7779123199382707,-0.6257226091051125,0.5261179071211993,-0.6131945568507913,0.06660296709177109,-0.30115887829777543,-0.4113846352198229,-0.2551011206232745,0.17448248770114833,-0.12343942981360992,-0.27914237999138475,0.6772442666572678,0.14081558597827143,-0.054534009794298635,-0.4249802734962466,-0.9606188946752598,0.2107657484641839,0.673951729856998,-0.11420142424707465,-0.4431502506077052,0.03133243637836346,1.0114443660923729,-0.37340279124715103,-0.5875351123960607,0.0029913424623786225,0.4836195147645538
-0.06534348153763134,0.45556110478000156,-0.7003633916118208,-0.11038767988497446,0.24015114946539867,0.10158545423776474,-0.5874321844461561,-0.08252829949506824,-0.269766290763957,0.09490221412322145,0.1048687091871578,-0.45915224438011515,-0.302674420388542,-0.1320644636334333,-0.16412372954557833,-0.07198659534327265,-0.16589693854112664,1.0225578013260002,0.004484596141577896,0.04628916032457571,0.6617272913945065,-0.5691217020151811,0.6084078906267107,0.12271413278708343,-0.2834922590802185,-0.16045402840077894,-0.2865590431582866,-0.544987487383514,-0.10085930374800259,0.6937383046970826,-0.01633154532424451,-0.15700871396949198,-0.7424655248600271,0.3095822270632815,0.013401418930212253,-0.40144294059169106,-0.19992582389636782,-0.23919656106550036,-0.3799154749642658,-0.9875681311696273,-0.3699993434117799,0.8096823289083295,-0.4400500486887169,-0.10169921452057189,0.07992502131095007,-0.11422037587065424,0.12878244514323475,-0.1445531440100994,-0.23509999789751218,-0.3301255941924995,0.15281392210702294,0.05147059267254097,-0.2374374317061204,-0.511422764177994,-0.8208840077853531,0.11551725740526475,0.5513635405428623,-0.4160066106617294,-0.48635230285618447,-0.24748565879804044,0.4863471013682221,-0.2928026146066616,-1.153471230557238,0.029937929130571146,-0.02141242085327303
-0.06999919597917066,0.41975131121183074,-0.1029628465658908,0.19301863343476702,0.2092848584740032,-0.32439022774806064,-0.4693570984658588,0.32942112097826165,0.3562071131037213,0.4725424451505731,0.14575447008548587,0.25752377483063416,-0.3055070254237571,0.001866583928316956,-0.03637292459801189,-0.299468833767642,0.05721180090736416,0.6273987332951207,-0.3181546799919505,-0.3445037174878025,0.5159378811643396,-0.41756016276229424,0.3053227439793958,-0.41553147084707204,-0.2693077428764597,-0.6041074066444709,-0.3861367212085453,-0.366427988406852,0.00100841707421747,-0.21218926900826474,-0.013442819740675828,-0.09052245437190566,-0.47964180856346256,0.2709015745393939,0.3906145968032266,-0.12747525004913762,-0.2309905171211985,0.06148281840601086,-0.42241475342438983,-0.949999186386313,-0.5219844631856346,1.1078050576598977,-0.3843355620497545,-0.12408015235926298,-0.0451296432499302,-0.22630325641877602,0.1959099552578794,-0.03167101561300717,-0.21781167179756197,-0.6956725666806883,0.2333422774885179,0.2510489969277264,-0.15369281290504905,-0.25355059128972246,-0.5093433838964313,0.06831125323122912,0.8209271175569581,-0.059248692793175864,-0.45613169406702303,0.5027831491922992,0.7433038519239179,-0.48052901364384093,-0.5051379363900602,0.274072637315516,0.03431709175023859
0.25017027108499035,-0.28675595654608144,-0.3728579218352233,-0.18324546842007028,0.0654097765183711,0.03964430930409286,-0.9966162396250523,0.13018438613264324,-0.14382852172584074,0.2679098110371553,-0.7223484700288549,0.02473592791127946,-0.7248799037075565,-0.017023587811546746,-0.34669631183244976,0.1671068569993349,0.2974246966946455,0.9666334589065397,0.16499717072344144,-0.173228815542376,0.35536917866183504,0.1355113581065675,0.6902879565220511,0.2717281141748335,-0.2381067742069235,-0.03993844756033369,0.2819304829564629,-0.445380264644994,-0.03201344819180078,0.3808393097701073,-0.5086882039512176,0.33974705689857626,-1.0340389044595546,0.5569128922622246,0.44520273186933684,-0.5320140739015886,-0.36363974437487334,0.21218389850782285,-0.3809787504161003,-0.6389701780896814,-0.10433167207375735,0.4665923523557346,-0.2575560127682477,0.2124870196666706,0.04482767797378067,-0.3871654023839833,0.17036533825032368,0.21868054720766167,-0.6851386911965284,-0.15434257026175002,0.5512507230935738,0.04396121011838705,-0.2667616628351659,-0.0434285854846466,-0.5681516862881274,0.10826886401236646,0.7378348695833843,-0.47602223168160296,-0.2576433117592185,0.5798130877669186,-0.03239964108626734,-0.39049623407572953,-0.36254085719674717,0.3407937489011152,-0.002325243013875801
-0.19482751591523917,0.3960649746448672,-0.1942497873349128,-0.5606921978368267,-0.012236432833562405,-0.27491006089880027,-0.3803672461650088,0.01863210325577409,-0.4496191912789092,-0.18194372449346619,-0.2513946992031699,-0.1472057732852896,-0.5866545083145709,0.08084194533277834,-0.35592830558253064,-0.23111875838540846,0.13607346163878212,1.0687786679807063,-0.002386567915938831,-0.035931485296793894,0.10839067168297145,-0.5565322777690853,0.2999461369420509,-0.05887460098452739,-0.05885358879524589,-0.2077818134811002,0.10148899238543642,0.2435120587014353,-0.07881874554710705,0.46577536952155424,-0.7459360332610475,-0.07499570254542809,-1.3237143839243397,0.0074448652033359125,0.5314056903184659,-0.4260350898354999,-0.2973823905967258,-0.6866802721033205,0.6899251202082788,-0.43932609243942794,0.0053831256094183655,0.07709412306788781,-0.05324396248930405,-0.031205494032693876,-0.08670349432702928,-0.23111997904849818,-0.12513262159166427,0.22939062773544278,-0.6452360360157012,0.0037045975184172575,0.6055392151306603,0.3915602574861115,-0.06899924763977074,-0.6351153833066746,-1.1274925583841027,0.2528363983708224,1.1020246759081025,-0.3753942363119026,-0.6204958339746443,0.7247210395051057,-0.178948485320804,-0.6678787006745911,-1.005649386050034,0.06987509109255838,-0.34646134999330924
-0.10002546413069004,0.24497394311353282,-0.7999304020209016,-0.20354748744956663,-0.1363273738484195,-0.48671353589650745,-0.3907449436495645,-0.23886942384322624,0.39141340989538764,0.37400217790764434,0.11035889982960875,0.03463998821781171,-0.07105276759410459,0.8805948385621087,-0.2031561929211358,-0.05512309998918935,0.15652648498182148,0.3402142848116514,-0.38917662683529985,0.5686542798236405,0.2997203653263998,-0.4239624347393025,0.35339379008630095,-0.297414697552283,-0.1951256871938846,0.24605682558621728,-0.34212863960578765,0.5148262789193366,0.19679262160953875,0.17763279585543837,-0.27565150806285516,0.0886148257452349,-0.8660425973426958,0.05568763676571143,-0.728274536817862,0.09662066988109376,-0.37901005932510573,-0.019851220743794945,-0.13572316275555293,-1.2872890787902496,0.01632014722494416,0.5659610362941931,0.1137503263393379,0.08129172256517586,-0.2678452611532536,-0.1989695192202135,0.39274058759116487,0.13343372015160754,-0.38424704874253635,-0.1751834289668583,0.08817372950677492,0.34096522197326434,-0.16990396522426834,-0.46583644851760136,-0.8620501131248681,-0.19129210560885473,1.1147993969250436,-0.19509551792245824,-0.3102901344538085,0.09104878459387958,0.13801322257311485,-0.6350205852372173,-0.3764719458559911,0.2135387054763312,-0.18349059982173008
-0.09953943995999695,0.1669012088286481,-0.45096471763939827,-0.09050950496958167,-0.012781836316451894,-0.26543795667447695,-0.3067576496023987,0.3369407711863356,0.03768219386188833,0.4810933504295549,0.06039204963422614,-0.3815521004670027,-0.11776233323252276,0.19703483405727906,-0.052258792762797775,-0.46435207787558763,-0.24279043859152027,0.4933200736647353,-0.027993194221446943,-0.27133832964829235,0.36298466880680585,-0.170632204602768,0.4948747569246144,-0.46747923851650486,-0.3108262080328823,-0.30430884235678785,-0.24235266424745447,-0.23528687029737524,0.05375416692686643,0.3517100176123736,-0.16277395595739766,-0.06470664188190961,-0.48921834494446287,-0.20703695643570652,-0.421161486721352,-0.36870370290036525,-0.6243611702383436,-0.23003542100524577,-0.22149411205858105,-0.9538334934595457,-0.3923051798112937,1.072413509265153,-0.260716204114122,-0.17978884448332944,-0.021008856335244505,-0.012294973541493876,0.3428915804532655,-0.025642943769336603,-0.45945134339190813,-0.16392801164402168,0.3607607449400138,0.11179345396913047,-0.2611653559765704,-0.01742502871948548,-0.633823302070073,0.42657382980938774,0.8128038580682232,-0.13925867353164653,-0.39978542211005696,-0.3751289015987219,0.32743865522574206,-0.3490793810246209,-0.5714660271330725,0.4849851511019914,-0.2120599101113597
-0.6007069637021938,0.6590000898959548,-0.5224681105172159,-0.06309444893523422,0.2583588000871788,0.06418763463385459,-0.14934587666668164,0.28143109839195235,-0.33320648139937303,0.13804347635507097,-0.14576228921507386,0.3429299395325021,0.49079472507455996,0.13331214362996086,-0.36756331485596877,-0.19038465917454625,-0.11544622228992649,1.033097641972037,-0.5726348918443136,-0.17286946500460676,0.45523658552671503,-0.19503911078315647,0.45741073713205577,-0.350695825594675,-0.4738268642825603,0.10848409095871106,-0.07840920309365135,-0.010135166746903401,-0.20813505063128862,0.2539193515133756,0.29813398846388084,0.13045638804244683,-0.9616806306042439,-0.44876429350990243,-0.008493116853352412,-0.19328032662127728,-0.39073155198402976,-0.4167273938398929,0.22279525095839317,-0.6961468083210709,-0.5919038410389073,0.9656920494183027,0.5751514504862026,0.07342948918281524,-0.30533760935157506,-0.22301544581898758,0.0779591513888735,0.04343911617347729,-0.4646323003965262,0.08711237595604085,-0.17619793544059714,0.15126859842580248,-0.30729889441157954,-0.007596905709448834,-0.635626017781134,-0.0847507149362859,0.8742149598136221,-0.20970175779570036,-0.44238159555533346,-0.10059690475774569,0.5245269384614302,-0.808966769588005,-0.3012383324837005,0.10818150460603591,-0.3550481310066581
0.3582040293151384,0.47092387891743087,-0.8326654904320745,-0.5059293947664117,0.325485990986524,-0.42536662853352303,-0.5354940254666559,-0.07892647837175683,-0.4304201721357964,0.5011046486685252,-0.2978296208912394,-0.23433859773271282,-0.9599047218915533,0.21697559579429743,-0.08680092818559608,-0.20111142229604204,-0.04073696779518232,0.506082949685564,-0.0319573841673632,-0.1406485824371053,0.4801419485582362,-0.477564606713355,0.5166830126077584,-0.5308725106713659,-0.18038931055993884,-0.5828730658411396,-0.4954343297623951,-0.5403833976149635,-0.2626521994859219,0.007906320969470006,-0.28533366880962485,-0.038317087672651094,-0.7737564739090425,-0.17967625723877456,0.1663938980977415,-0.008166707662442471,-0.3074737502496534,-0.030096185858399196,-0.33602782475662685,-1.0453922810795622,-0.8341962071934219,0.7728974021206904,-0.37518161678151746,0.07085147533500549,-0.30001394782826085,-0.02933133409646756,0.2284651805733824,0.1330715577022158,-0.6643530566963353,0.16394043714058515,0.7268374330820099,-0.0070313447252362445,-0.23506000023897955,0.10476125540000636,-0.5381754259325492,0.23720567678689203,0.7897150654488251,-0.04823328344127292,-0.6731215029447697,1.0950839267891541,0.3550831086443994,-0.3138307015387507,-0.38617306963861747,-0.13773633774277103,0.10985036572767419
-0.020360101496556725,0.4721388443273845,-0.33378586777234326,-0.21273013981273337,-0.10808334919366258,-0.2661631722014986,-0.2633123013102889,0.013749072670919935,0.1739192405308659,0.3712272943393493,-0.26728583582503407,-0.08040782980905983,-0.24880903726809303,-0.1886579604040338,-0.03908654230224753,-0.022961644954542768,0.07227832585561011,0.645530422339457,-0.3099307360307739,-0.18877899700334472,0.3231882130195391,-0.5042865790482363,0.22230447931105723,-0.4215274884790272,-0.19490469819823522,-0.7376749156563024,-0.3754410701052402,-0.22213584774601497,0.03295116656821424,0.3617429848626885,-0.39916079862962317,0.6849932852768804,-0.8116334454277604,0.16701296690308148,-0.15296448898201687,-0.23284188030299083,-0.08473429241530188,-0.21828154096662145,-0.46410203821662876,-0.939124491905639,0.0942593226455436,0.7390539616298765,-0.3506206225982818,-0.006601978981908431,-0.07050252593935728,-0.34362931975436634,0.36215227457903293,0.18690668091335266,-0.2937624605538727,-0.012546906410155302,0.5287762397494065,0.36362103756516484,-0.6769408958810743,-1.0589166939311976,-0.7247944907703806,0.12166536035538096,0.24018390824265407,-0.2880409765256581,-0.513443606776933,-0.17051361161828946,0.43474365873473325,-0.2954512420097953,0.9576677376281428,0.3384212971069432,0.05870694257147187
0.2844556408042229,0.4833995752680533,-0.2943958796451274,-0.6225018610415821,0.19003212700417546,-0.14317763788692808,-0.31955176899207316,0.07628432867256879,-0.24245281309958164,-0.39580353623019104,-0.51260647834204,-0.2858899826725662,-0.5892383779285327,-0.25759336731071714,-0.32689511340811434,0.09498279421342173,0.20259975477172906,0.7851433110267213,-0.23078927006092048,-0.24508260415348446,0.2153458738040098,-0.4694357851316665,0.2120894504031795,-0.001125602059788084,-0.24912222641140244,-0.5717936711113561,-0.2096677697020963,-0.2377237533748021,-0.14250163999121535,0.07968491508638496,-0.4234332700480291,-0.049079115046514174,-1.1146314073151018,-0.0165611647401525,0.002795931452877487,-0.5419679779072797,-0.5262065012541715,-0.3153715766506793,-0.0854286520973542,-0.7956517234615897,-0.3064550576849315,0.6458685536823433,-0.2333314887976797,0.6232498146476301,-0.20683566034628062,-0.11740031978219745,-0.001044813991135922,-0.01782373003415029,-0.3714626984092474,0.009090132745305714,0.7367745817192224,-0.10955533107772097,-0.09656553560527906,0.2132607085382065,-0.6302534671538416,0.1874740502624839,0.8602918447373396,-0.16868449388914436,-0.5826756184288424,-0.10806176218789382,0.0326120697283698,-0.6468708012712263,-0.1020488057792748,0.5120739157241472,-0.14701176339989502
0.5624477277305271,0.09475710141354744,-0.41786416574776475,-0.3534708112522838,0.18828102667035895,-0.28288455812627544,-0.2834633410989944,0.30704715785103764,-0.12313816664650398,0.02778670806475357,0.004311973432052828,0.24860779667254748,-1.0144207367910307,-0.093820143902553,-0.37344661910833743,0.279756372716541,0.05149400306470353,0.9882231509099415,0.06768059628070112,-0.25735623298626087,0.38827322012606724,0.22577398337972804,0.03675296003246864,-0.22618394597251268,-0.12782813750817124,-0.3906505132842724,-0.224526224424912,0.038427486608117525,0.044246426844890344,-0.0600575404860832,-0.14780887890907185,0.0854545801476973,-0.9251603073431943,0.36529748722848115,-0.2548802969589368,-0.21820925441435737,-0.3323390965321833,-0.5307069383495063,0.03555912240155579,-0.8610714108110769,-0.2466605012283492,0.9756202161383949,-0.20350949251532158,0.04098813727685438,-0.5158141537999756,-0.06791327698055163,-0.08554907754605495,0.2676405257768636,-0.7476999249579194,-0.2593641809632597,0.47667977232704256,0.013086010858975886,-0.10569297222456617,0.04184254043230867,-0.5423913442840668,0.06465361151431763,0.8452294498132472,-0.5007898834468648,-0.6380645331331753,0.16925244496091676,0.5435492617585906,-0.5477499841605251,-0.8184445436255229,0.7312057611930924,0.008707631402604166
-0.5835050195576742,0.004679322262722649,-0.7804670140979604,-0.31674240390053665,-0.24061331583859835,0.049859810860551815,-0.1488925464234007,-0.30594928421261475,-0.026067415678126565,0.8815878959474043,-0.23400991545168243,-0.37601239872714515,-0.4785140112360066,0.2991864846384385,0.2631300368322734,-0.46871351993926036,0.05466939087401934,0.3654886913311978,-0.09831897759168234,0.13347034743201372,0.39122534880359894,-0.542364935297235,0.6924431404229007,-0.331045804971373,-0.31468466317742816,-0.9409547242099247,-0.48830497532344824,-0.7973333573287392,0.04472111716740097,-0.07214304319930542,-0.2972023294450977,0.5838416564573072,-1.2874135904167916,-0.2118524944465406,0.38103640017280727,-0.9050465899709306,-0.2606429526178064,0.510854033287169,0.029279822379054708,-0.7879154605359765,-0.2829711390467385,0.7497437999914459,-0.2905620561796357,-0.12983619636511368,-0.116262189122079,-0.062236697770567895,0.3409488826637629,0.189391483232571,-0.31898303523551824,-0.32551307948495894,0.8442747604881583,-0.03610391900828581,-0.20968558921751668,-0.3130136656065941,-0.3445826905287295,0.32966975070599236,0.6330062466091624,0.09712119643782643,-0.5287206628759752,0.3179738091232682,0.6631447512670947,-0.4184080691901226,0.013866428040656409,-0.035356693936782674,0.15975284892256425
-0.1298959684965051,0.04553379113901891,-0.1948420733223762,-0.8805292941366937,0.45607392580098943,0.2666689630799789,-0.7066153774068924,0.03077087923061628,-0.7236630948708176,0.4066792730641873,-0.3722319283997082,0.4271817348283211,-0.34805445832085535,0.0690803222486237,-0.2864774430260493,0.49351968679671954,0.3551378511931806,0.8822332971830309,0.07987830711286756,0.4184226244972561,0.10230223942386327,-0.6263513554053729,0.1480620116868911,-0.4466080539190157,-0.11736671560389034,-0.7285195117604716,-0.14605776922474145,0.2596239215695448,-0.1817498726603724,0.3187515209484729,-0.24137324259603893,-0.25628813879129014,-0.8350322688439685,-0.18258578868337955,0.2203885806403324,-0.16017416350573077,-0.7727298344753224,0.8347213990381169,-0.48916873182096277,-1.1430613453124505,-0.6491149762443706,0.45335960849791707,0.08399921269760027,-0.0454738394621401,-0.37070258173188775,-0.2722549186535368,0.049364258796835384,0.096980630024484,-0.22417088685391465,0.17537065222372678,0.4024605036017954,-0.3802348289435504,-0.1811331835784683,-0.1640335547217549,-0.5803464834517955,0.17139256235941386,1.0751107627448975,-0.37117249547077036,-0.478201705452008,-0.5216481959398415,0.4978717955808176,-0.762662234152786,-0.08010521795389391,0.10003509259891027,0.10331755004574321
0.34787737885859316,-0.2654413098371656,0.02319401596445011,-0.7830326057697609,0.34932559451010975,-0.11478083422553063,-0.6161498539652198,0.45263098398256163,0.21748615824989492,0.11476948378482267,-0.1364482306818293,0.02625299996328455,-1.1484137675188362,-0.19096763970784855,-0.18312231953654676,-0.1470530261024985,0.2823231935070343,0.943155798979122,0.07803163846534707,0.05515855559633208,0.10631162547707994,0.2934215080833849,0.2701803999099135,-0.3615004001744483,0.010602408483808612,-0.5002926437278978,-0.15328908682516654,-0.41336256065376586,0.1485494773269133,0.8532498254896316,-0.6056317521361716,0.11257518042279951,-0.9554695950944787,0.23855139663596153,0.5207178619303104,-0.3560983798484562,-0.2606098932577048,-0.05191892274883954,0.3561989511200274,-0.5942821354523773,-0.3108534957249401,0.9103080733142531,-0.18673777251038734,0.05572455413740199,0.0122039970464159,-0.4647766386918581,-0.10601751478779814,0.32582077336406945,-0.6072840170596293,-0.6092089872302922,0.7671545227633727,0.05871705468338185,-0.28554312686925665,-0.539643737546643,-0.6033218769266893,0.195561524705327,0.9339424884093187,-0.25128178626573155,-0.20591531607305177,-0.03295508920146687,0.25619011506602907,-0.6844193515908578,-0.8623771298006001,0.28303563298219353,-0.2156336999573944
0.31442308019811815,-0.21090056537113694,-0.379908935192033,-0.7086442186126116,0.116062518918441,0.12826156520460585,-0.13063943397045463,0.14184710856305668,0.749080597887846,0.11569117335454848,-0.022791103250025105,0.09820086346334361,-0.6299919736256396,-0.26093009616377755,-0.34987885382504147,-0.029651934689808188,0.26533002619640644,1.1024885325787068,-0.14335311904531642,0.23628635137009316,0.17539344266742632,-0.3087202526790604,0.19176276251971539,-0.3799505703319936,-0.07143937296141578,-0.3527447141742782,-0.17006615012999945,0.022276373196388748,-0.0842696417030509,0.7387959438459076,-0.7525451555367813,0.5584265056126299,-1.184806657274954,0.39048500870714364,0.4609192502179087,-0.46984644315347723,-0.5663262242044617,-0.0017396625242723854,0.6121750539719684,-0.7215629356442668,-0.07801925634665867,0.6595863624049083,-0.30789719895609174,0.16130643081318657,-0.025687738342408714,-0.621403346369623,-0.41217400372833235,0.26617445117564853,-0.456528049118539,-0.7028924927908208,0.43670524504127495,0.2894654843789984,-0.5540670746881479,-0.2683130357636271,-1.1501623405195105,-0.03195225150157455,0.5023714242396212,-0.15846152744256936,-0.41520845447396504,-0.2614847237922563,0.40427073919280726,-0.3090798664331053,-0.620639982842661,0.7080109537034646,0.012374987265058306
-0.004870950320533321,-0.15673433065030642,-0.28956766158677416,-0.4657489685742491,0.2713474955789379,-0.15856287888169854,-0.43610867532993774,-0.02891291304186748,0.22383496025386806,0.18782679351056292,-0.0831408400837338,-0.3344846980458121,-0.5429637740143608,-0.2646964756729663,-0.3117233319349325,-0.0033569539835333687,0.0803690570856367,1.0596222829124182,-0.13657208275306534,0.1194151792851573,0.5422749458053197,-0.31418429160449696,0.5732076922100596,-0.22648170000458967,0.0999902295867666,-0.053499632403190604,-0.5317692513611945,0.006755740133552776,-0.2865156366718552,0.25768089109919967,-0.4820239945338268,0.12883810279366875,-0.9292583401828964,-0.2610221863177725,0.5185369068669765,-0.2915690607755934,-0.13030575157693605,0.08768662032424049,0.306782900323455,-0.5435534719172965,-0.5024425215200916,0.6170289708837011,-0.26913005174336513,0.00439295237369379,-0.7088209493834485,0.18592038119904036,0.06586389747888374,0.21026503813301173,-0.5017919474515349,-0.5690369121042216,0.26446856535251234,0.2572819517133948,0.19814377854931794,-0.7621162455992695,-0.6961699611823838,-0.06341552558900147,1.119396709821999,0.09909495775110155,-0.5600679876089846,0.22974573882778057,-0.012510367699884714,-0.9281768773228442,-0.20813197264827743,0.34453739892355184,0.0757043105009359
-0.3027749106597069,0.48311721722756246,-0.9299394434049026,-0.44183266010415184,-0.17166757876983366,-0.36441363256888437,-0.32824557189445724,0.12059710123076768,0.1002301031059325,0.15457985679814223,0.03594532494851163,-0.15061744263692267,-0.5289708020748951,-0.0001824303564638488,-0.32074428730180293,0.23232044476713906,0.2741461813437367,0.9060034207647494,-0.1243901784767048,-0.12589482992832376,0.557901440047308,-0.6270977514014765,0.6613814032518194,-0.48752972897618563,-0.40126530343821554,-0.11819016079412226,-0.5528490595693459,-0.26261110332239807,0.13306993841014036,0.14959462988983616,-0.16986917511742033,0.5349745006803679,-0.7997431892823808,-0.38767664123269185,-0.22441124338447646,-0.4477420712713098,0.11208685190567522,-0.3143467405599235,-0.24351236771336293,-1.0011214699764464,-0.35405926976856433,0.7915355279402805,-0.24214431442555845,-0.08051623726278108,-0.21662462623841702,-0.7234102756296141,-0.2119658310930392,0.21862183010608718,-0.2556122827569915,-0.35307910934931735,0.3057865990811915,0.1444436896749219,-0.4419934141169846,-0.10183779108319235,-0.5823820022800981,0.2540912240463728,0.6720454127044286,-0.3913976659997024,-0.6007673932223795,0.05315446767579148,0.0951613306604319,-0.2943219818670514,-0.5233341106196708,0.1819866691689614,0.14198263119892723
-0.41765293126161285,0.043698435145700654,0.011625534638016077,-0.20749101852371446,0.40481407737380704,0.15068509127027463,-0.09130275763585602,0.33023248491481716,-0.4752935474783097,0.3758971724375473,-0.28174378846835346,-0.2699075511370992,-0.2779499342571412,-0.14531133119220957,-0.4318526781955222,-0.2929883190352195,-0.024661805202443397,1.1504933541895104,0.2842404602226608,-0.0648714776686319,0.3232286939354463,-0.5493483651707385,0.1299093836421208,-0.2372117414743651,-0.07697506442157133,-0.4174954449610293,-0.12409084678198723,-0.03206409641887261,-0.3293611262446118,0.03368171198805227,-0.27590181917136475,0.03313472201772164,-0.778856446347207,0.1310200507939571,0.06364226021313428,-0.1465122017886328,-0.22532380157016854,-0.009361436038937243,0.22814709346095918,-0.7662963284330786,-0.7647737687130474,0.8208266079712101,-0.2024694586250263,-0.18419462801758082,-0.23684922153764218,0.06593283626020366,0.04782543916041946,0.05350275729490883,-0.6342539198066108,-0.33248314054053174,0.34560811407583386,-0.19642231794056017,-0.1980984434783851,-0.19151411588457556,-0.20449395585572,0.1553287215854318,0.8161150904036274,-0.387125779938835,-0.5451057152486852,0.35307483392460404,0.44637608390092587,-0.2943701625158921,-0.654008275686701,0.3885007283220515,-0.07044197252210865
-0.4898481854717083,0.21640876464382602,-0.582901143240567,-0.4225014693720288,0.18901493044852247,-0.48195401413355793,-0.5866782317397827,-0.32938992145316365,-0.17849650134789047,0.3523475606799728,-0.32374668127987866,0.20143404542069876,-0.8902963129690786,-0.39348165915940814,-0.07371988947487032,-0.03289709328980822,-0.03973942117428156,0.9859986940877894,0.33375808266910306,-0.27382119499327534,0.5689625632128069,-0.5582456724215433,0.5457230604398705,-0.43683022557685147,-0.2816091207834845,-0.2850579728717845,-0.2976086396752315,-0.4523867758382256,0.029273024485360982,0.08035817435372461,-0.9713566499112546,0.047033780003436075,-0.9484550156991425,-0.07762145172639018,0.37263563255820575,-0.4224893011352946,-0.4237888424012632,-0.0853419955094884,0.29737634732743845,-0.7098641593532427,-0.4631132694422892,0.788657456147183,-0.32684421959427284,-0.1643545435089177,-0.20264335333419403,0.18028267469867448,-0.04745510464824049,0.2555898022821647,-0.5438557644114071,-0.07262461914975162,0.8427720698265395,0.462683862127411,-0.8346690363823189,-0.43009257982023336,-0.6320215093065604,0.3810479915624261,0.8949592886434377,-0.036000747953203883,-0.5706821294962002,-0.3854767633165654,0.40457069760409853,-0.5126460418855932,-0.3296160058744536,0.015735649256164365,-0.07606397576497458
-0.27427400721267353,0.0809222877927349,-0.3073691565928199,-0.40085614064379016,0.2409664516254158,-0.3357653301821451,-0.3271482926059632,0.37090355118315854,0.007955300464765905,0.20087726768628017,-0.3910521744990746,-0.19142241619143838,-0.3959320820531988,-0.2504410194825342,0.01627552260886914,0.33988571632351205,0.2952622896849746,1.0804555117021988,-0.16929386164672758,0.024339815351350283,0.5800623809828317,-0.4357673354741565,0.34072788145501337,-0.14134685514488887,0.10625352906469393,-0.33047333478391133,-0.2012854016996649,-0.6635006389805905,0.04222758992965196,-0.25263839325585824,-0.13593191786685355,0.22928760287294486,-0.7914580371905849,-0.16134644212850466,-0.015499768337624696,-0.5410741297642655,-0.32708219276366324,-0.1468912147895139,0.206829178967529,-0.5106907539661283,-0.3508149527715759,0.7354673945902764,-0.03371093013991247,0.09671890632136006,-0.13552492388025383,-0.14800319962257968,-0.06909316651033916,0.11564977776470123,-0.1780997955052838,0.14048488130831205,0.416257187228056,0.14741656913779078,-0.4450159877968528,-0.36710759697807493,-0.4653255985556574,-0.03656789928182001,0.8641832023003075,-0.24823794021157425,-0.5061084969777028,0.33453262247620463,0.5616222773902614,-0.5199270212126197,-0.16969360066296452,0.2581240903707419,-0.3201617299514111
-0.12732076720828367,-0.004534560640456351,-0.49603651407183885,-0.24596639422386612,0.27228249662791004,-0.7146545399194878,-0.26697155958626406,-0.11409410859563301,0.5804360172844847,-0.31317278326747666,0.0633404289732225,-0.043556205925855844,-0.7322008159341421,0.07998402355725906,-0.017657342245849132,-0.06580525947155402,0.037315161241506696,0.8285559692556893,-0.2373316705598227,-0.1688627513511706,0.2446618184188431,-0.49406609019232606,0.294951039654938,-0.3152891352636726,-0.140461459960049,-0.8263621100908506,0.01842594009713,0.12520108004120825,-0.0035823348201093827,-0.08960887690067515,-0.6098361606058869,0.13232207517679662,-0.5916188501723366,0.1229642016609786,0.2331228178537297,-0.26208912998843537,-0.7112105817348626,-0.27539233180436096,0.20883730283256313,-0.827455001732654,-0.38936352465174007,0.893907897633767,-0.11795084357980924,-0.3760797499154337,-0.35594698169715555,0.18198554511156118,-0.03897785184061784,0.2639334605343988,-0.3776841073078253,-0.03761733998895386,0.7310657763680858,0.32263795982560334,-0.467071569692907,-0.011357104137043876,-0.9176135543887125,0.25575993458056323,0.9442681583211436,-0.3073880034020703,-0.43306890541279963,0.00636830075641729,0.3221681375230038,-0.7274651366775211,-0.7867004585433003,0.16596783301574233,-0.39520466215887073
-0.009694398229138979,-0.1600385390338077,-0.2991533617345895,-0.5174596992731477,0.1405926070890486,-0.17142788674174916,-0.36335271281374326,-0.07837139613239681,-0.24857330966806707,0.7648796735972027,0.09101965883779453,-0.003573555393425784,-1.1873678640316079,0.2952989289917095,0.03751577985637897,0.00883862757153525,0.14132420537695434,0.2925748589512264,0.03528041692548211,-0.2574560650344434,0.31529524110131696,-0.5806028648262976,0.5509261651709549,-0.10816001930405328,0.024639093614303456,0.04626526414625719,-0.4083933812738056,-0.13238072588541028,-0.18774788664867956,0.26655121988997404,-0.7138808828903845,0.07597093742112458,-1.1885746419924865,0.4596310261574638,0.36314485250180767,-0.156820942364272,-0.1948294563984553,0.23283822387144207,0.322637887176861,-0.8697084725742401,-0.575395113043706,0.4903731629873371,-0.1637821264434603,-0.05845472830880252,-0.29633846554547805,-0.25257282807296105,0.3883505511915213,0.05795599363439399,-0.17134742531639938,0.09701320834136105,0.13680626697514994,-0.3416554321422097,-0.029578679765972227,0.029168116630383642,-0.24937582661205887,0.016053265345978576,0.7765130129635751,-0.24328573679701326,-0.46756553922705235,0.34058575919473694,0.3207509150381476,-0.6511120309997213,-0.8955206605340834,0.40884652428115476,0.08673409400493409
0.6057451832734203,-0.03464424963896326,-0.2693767329342137,-0.4363720167006495,0.4185944254793844,-0.42033249285685687,-0.9462483089278488,0.0669537136052105,0.08737629930006657,-0.35938215443703936,-0.004921423148106112,0.20743599322811546,-0.879729810449247,-0.3010896141471984,-0.29776637109320114,-0.25567184545490734,0.47631611403082735,1.153645682259104,-0.06361077070943663,-0.1709211082573062,0.5970166816049327,-0.049611054613292266,0.32931872161912656,0.33768644825930055,-0.19036171049453823,-0.3680490704642846,-0.29109352185283144,-0.4850098038666483,0.10061751559553177,0.4156332376198387,0.1586633123103533,0.1556577099906646,-0.8927308645738579,0.5115724017469137,0.3339523305227642,-0.4725870082025622,-0.13806080358635625,-0.5669489513388399,0.06228020816164627,-0.7962544984669866,-0.6314870859041378,0.7328944181600633,-0.5094361689971731,-0.34593719285834085,-0.0849517890688937,0.0743119151617398,-0.2901249560088308,0.36060392454870976,-0.6616417925638616,-0.4814618859909875,0.5881486456323056,0.45454213174093056,-0.3990607203099556,-0.05554801512842954,-0.9948846081356634,0.07747410885818809,0.5418253536303218,-0.21785400442061303,-0.4452042216721292,0.01877131687854642,0.09495405718163775,-0.38144903157174215,-0.6643507731242891,0.5540013736563403,-0.35053461102446226
-0.20736745485637395,0.151765801091228,-0.11913900337208931,-0.41387518267705736,-0.07467831929143309,0.4041387031846473,-0.1118866559461624,-0.27462476645786893,0.320779746886072,0.4211364693627385,0.22116787700530013,-0.2811965220283937,-0.25511251042726346,-0.00741018084591108,-0.06682855172268687,0.06857447740021676,0.15436214113801466,0.9034989723002409,-0.004353177072137386,0.04840010065826278,0.7279035105485832,-0.5330167883389026,0.18263425068026137,-0.1624739366043933,-0.2177010694992615,0.2193174495929282,-0.5121742761291452,-0.131106502818501,-0.2347596481984311,0.32058338672769615,-0.2593679594326279,0.3949784065646465,-0.6313767746626366,0.5242800117463812,0.40309325808410573,-0.5126978646390388,-0.22111016739468864,0.22731640872648262,0.6696737502906167,-0.3243620666233642,-0.18118554117825847,0.911523051061109,-0.39351419879593363,-0.35005784937070417,-0.18304308361329366,-0.2433501678189491,0.12522987947474323,0.329576494431944,-0.14770950939493083,-0.5005241643826902,0.27998438509383866,0.1463852059727534,-0.40673264149265415,-0.3909738415590285,-0.6053348914848056,0.15977535450255406,0.8260600028903283,-0.3591924609811633,-0.6328107848185963,-0.03335742892730048,0.18723389524308004,-0.37284415610007615,-0.809284505735131,0.15964330804077226,0.11148677361350934
0.30836614544900626,-0.2709056858539335,-0.1767797247930878,-0.44611113975709576,0.20328001729658918,-0.10090052033410889,-0.7438608107278893,0.3148479979644693,-0.6847389314943144,0.09857480182180081,-0.5455604598889582,0.04731436938708996,-0.9249685366831442,0.14544470408494273,0.022460021189522547,0.004688601353757572,0.054196232955937375,0.4595478997751642,0.2901552851668584,-0.19764448432044207,0.6700760336697097,-0.2556508849141299,0.22526944415151945,-0.3588533253716651,0.12531249828029206,0.07200510768603131,-0.059183456178550496,-0.3315251221793782,-0.11484015558176558,0.6246320770316666,-0.7001592521422391,0.0323874347454708,-0.47724036177389206,0.5318383348820691,0.7923665379715169,-0.16286641784005043,-0.47773284562773066,-0.03366898762443141,0.6031255618505517,-0.2473589164532615,-0.7880865390536517,0.7578760351808358,-0.18418167027321253,-0.39199784180777514,-0.5625030077606673,-0.05995265890712076,-0.011001451345404374,-0.1555695928025752,-0.6331526370597229,-0.2548705961396178,0.6205299173727316,-0.049440473564006646,-0.15537184177398194,-0.6847660187433237,-0.444766939694058,0.13809905318393584,0.9318855370235739,0.077144201912564,0.03286461693403535,0.35858056660905413,0.41725727431547516,-0.15644669612031506,0.2096160000248766,0.23682096338754433,0.24889587249117234
0.2645037057323774,-0.09399848108815233,-0.18747876903432625,-0.6219874336280174,-0.04687453008393743,-0.373538947480461,-0.26583991931959006,0.39369150312603596,0.4747685248550806,0.37320513763663465,-0.051168553106112166,-0.2046806173687888,-0.6815267434427381,0.6978571742339758,0.33212673683447624,0.2563888557934604,0.1581436740751574,0.5073375666629967,0.38989028112868046,0.04386628500489203,0.5471964623735197,-0.44657480174023717,0.12358796344659109,-0.10909097796931683,-0.03058036774038645,-0.18912671567183173,-0.046996479997951125,-0.2989856357062574,0.2932790852526244,0.42378758654597193,-0.29444067298663545,0.452624210944749,-0.8409948394880858,0.8319133528391951,0.08334515865385402,-0.434478757736398,-0.51300634769432,0.24174596923375197,0.30860590221162904,-0.6894259538020231,-0.16830995164564974,0.7472290442902738,-0.21078738553492007,0.17679349374877815,-0.4963737596343426,0.05566174483774904,-0.10101041568587915,0.3694641644119507,-0.5019870434266154,-0.5754902591466226,0.5429613445704025,0.21916084431769217,-0.22973620593923552,-0.5501385334356421,-0.6344833389418544,-0.12284789634876747,0.9357033677540766,-0.28967883717455306,-0.4403214255827267,0.4181136223655534,0.1676075502236645,-0.45484647381369503,-0.5197148385025947,0.13544477327077142,0.4854255140852326
-0.1640239783609938,-0.26109490288975434,-0.3140787844942957,-0.5077485835963047,-0.11229740641430112,-0.2079085417667908,-0.3222647223631764,-0.26629024908744475,0.19617087825166413,0.2992591279120467,-0.30890465411341583,-0.09767336373846189,-0.20430889819538287,0.011787205437339961,-0.16145947298579816,0.5587837918772017,-0.02165043139284637,1.027425382405764,0.4200552170262536,-0.4852560181525969,0.3869814139208734,0.0021163168346930716,0.40995198242986136,-0.29731251622816934,-0.03955264226225701,-0.2899013790657235,-0.5206488771597793,0.024534774262344308,0.0698682179868851,0.1472638710272009,-0.22794890688688135,0.47811808321592314,-0.575038655208827,0.8991762173113281,0.09646287495925764,-0.2628096114173001,-0.36234493519205535,0.18142325284298075,0.12060693070566436,-0.5726088546076287,0.020362753346183732,0.4080580683855495,-0.2541613182553381,-0.2660292547890089,0.4267655506240716,0.19438754439635103,0.010797574835210363,0.0345855917939388,-0.41026882251612484,-0.5452057169365596,0.4095810560489284,0.13462331200810548,-0.2818243614874931,-0.00042750728663518145,-0.8098821474553746,-0.015945056089164217,0.2469449462313743,-0.12849910146216428,-0.12645089577616347,-0.6344695086283434,-0.06808113932716532,-0.28860402748687614,-0.02815193129569965,0.01059976127460642,0.013529394661206756
0.28676630055680125,-0.07497564280174229,-0.3431611481759357,-0.4446199409788931,0.3972632618200172,0.10150762254239384,-0.3239850040410541,-0.17691235986556694,-0.15531123541757935,0.2257155296487845,-0.1955582447490294,0.19614840693451602,-0.7618491846471709,-0.04288864557075631,0.08199375588077937,0.4562180800205906,0.3869965308378698,1.0837926814077206,-0.004509660097682541,-0.4462652202009642,0.37510455188457614,-0.31867318395906896,0.19747311003214227,-0.12269773797056387,-0.1950610189301942,0.31135912246552083,-0.3400684782594309,0.2335322808851543,-0.344108762556247,-0.33210057756257316,-0.38130268687761026,0.08346175652322871,-0.2692500528067925,0.429760347859268,0.16626847762257213,-0.07784532190362403,-0.5452425540967298,-0.2556829070030208,0.20700197667332776,-0.5209981739418554,-0.5997185265690652,0.6295404101002224,-0.19321041097783054,-0.3426883544662647,-0.6389263746601777,-0.02770834797472886,-0.12161619896204642,0.1373936591858905,-0.3404494072588956,-0.38225352518311756,0.5367435027707312,-0.1878261767434652,-0.4910671559940391,-0.630396117142711,-0.6951474710262157,-0.03697465765218287,0.7344813860863411,-0.352675186368492,-0.2429933752760976,-0.31668743613025485,0.4574265657803099,-0.4961237128478176,-0.25632275655031567,0.12515409000249814,0.07624282874510008
0.2823569270249979,-0.2944131380082058,-0.232942801973484,-0.4209410299012101,-0.20821497635250333,-0.526133921515925,-0.460721884535632,-0.15343170287069394,0.11033997485821401,0.5878970618057009,0.2439597593477067,-0.27699490182864106,-0.6799364479132337,0.35730877526309857,0.021940097473483383,0.09769307776262035,-0.07260877842026153,0.8324556410338458,-0.45921939658423594,-0.015286549523142623,0.45618715796056303,-0.11281343440043892,0.10153436704026914,-0.39177998318021445,0.00823714324839478,-0.13644852998264123,-0.6926233784909592,0.11370218697362049,-0.22601453642864786,0.17795714264768492,0.08767164811960633,0.426757820934357,-0.8847774967458031,-0.16535586415454212,-0.13096037366279178,0.019682732547422213,-0.2684574531096279,0.13726472489599803,0.2278979484959331,-0.8758389772953427,-0.30378939138747363,0.5843126200397873,0.07874929706122048,-0.4546632328917808,-0.2238389140180941,-0.27925674890201635,0.16424883323646314,-0.005474579337197118,-0.2891465217931676,-0.44691911512024163,0.2412438113451744,-0.12954908387333816,-0.37463972935523326,-0.36879003232171514,-0.2925436982036978,0.00886820642440568,0.7838788217052459,-0.14870104230558823,-0.11986815243593,-0.036755191516958524,0.17410497847396095,-0.7254083484444527,-0.07949635162017048,0.14931098179814795,-0.21798642638852844
-0.5771466277016197,-0.09626844019744507,-0.6133386851656953,-0.22032902832317516,-0.04292193916010218,-0.2583712963126023,-0.19810164146669323,-0.3772736163030731,0.05439568563072585,0.33182690517601204,0.03514341823194202,0.05038159825099639,-0.009783631536814927,-0.10572631226371493,-0.03768414719458906,-0.23194514492232346,-0.09301510987064797,0.8115566891780641,-0.5559594584074083,-0.3729679879474609,0.4035315072329489,-0.5619302190778535,0.7245340035203535,-0.1755593722283916,-0.2708579358153233,-0.5124247686328008,-0.4711633699182296,-0.4655140384660483,-0.1079278047703471,-0.10571945629136859,-0.616588654673015,0.3132865692444222,-0.2899755075118054,0.027404789056147332,-0.14242767213526925,-0.37134861297432303,-0.16280967088932902,0.037549016666304655,0.21136062281509363,-0.8361013682522547,-0.17735443385513136,0.7401252390129759,-0.137944734785712,-0.2742716423662593,-0.26486853460703336,0.10194165676997577,0.09749197658202192,-0.10050431461526257,-0.43791608452562225,-0.48882738417051974,0.7477760012459327,0.08044906079802447,-0.22958509707860056,-0.4792087614778101,-0.14255620029553553,0.17199060729789484,0.4895280761765646,-0.21120043009659656,-0.64939848340864,-0.07863159403758282,0.10321545328443352,-0.15055768935443753,-0.07061826352082921,0.11601549573705208,-0.3544684572742104
-0.6255209675497198,0.01862024778692346,-0.09169344159611843,-0.3732798471106931,-0.1545130028308706,0.13508474186487052,-0.6140421916042773,-0.36796910268364236,-0.6988042887399362,0.2380752502790022,-0.5769059431586764,0.3376117318941073,-0.5551850966443749,-0.2394669347089894,-0.037805252219441074,0.6226856458180375,-0.2145205169531704,0.9529382219965666,-0.3842588179752986,0.023129098577884706,0.4045812145721804,-0.1993528282391672,0.4869464344626899,-0.18655836268670478,-0.3848370860304888,-0.49673145458618756,-0.2341470257103704,-0.03719050626447751,-0.6210070391695216,-0.04316035192851975,-0.7727206014923358,-0.2613215154778584,-0.8730180915325438,0.4030084164152175,0.5114487893290753,-0.1923118454775571,0.2146984036806828,0.001985906379140208,-0.1782177647886155,-0.8263643526686879,-0.4712441239949459,0.5067023513864188,-0.296744187826979,0.07607662993177962,-0.22031477062747482,-0.26005491433228656,0.2606356131742744,-0.050330230680806026,-0.3992915885970815,0.03763142973463356,0.7574453014207949,-0.19858777824748203,-0.385189424729604,-0.6092626589599858,-0.5654984760504067,-0.0419601092614985,0.751754295172927,-0.1529826477566281,-0.26186232646406055,-0.45955337751443626,-0.08478520223651491,-0.5799304942680742,-0.07282618790225134,0.33051965200598604,-0.3270991192730345
