March_4,March,March_5,April_4,May_9,May_4,May_13,May_11,April_6,November_6,June_2,March_6,July,October_3,May_3,May_7,October_4,November_4,January,May_12,January_3,December_4,May,April_8,November_3,July_2,July_5,May_6,May_5,August_3,November,June_4,January_2,July_3,July_4,December_2,July_9,November_5,December_3,April_5,March_3,June,February,October_2,April_9,July_7,December,April,September_2,March_2,November_2,April_10,September,April_3,June_3,May_10,May_2,August,July_8,May_8,July_6,August_2,October,April_2,April_7
-0.5972345466159403,0.8869489664911234,0.03428402065821991,0.5414410202390321,-0.37183937518328425,0.3121939975421666,-0.03798177440621329,-0.10058917138575814,-0.45762599781153934,-0.344366368791229,-0.6107334390551535,0.6189255099973404,-0.3388277816396618,0.6052616310429212,-0.7804963179040421,-0.42463926748849173,-0.3851339418671118,-0.10322281015778335,-0.3108167798830175,0.12331264872055155,0.5621241060371945,0.46648522091962763,0.10606169916198495,-0.10286178401698944,-1.1687742108618777,0.5035351576784916,0.16869313003049405,-0.041002404303244915,0.48424763834697493,-0.011248974415671714,0.13588306716854026,0.15994384791431832,0.32564656997896524,-0.6913760821764593,0.024108838368399256,0.2463227233106184,-0.1305452424602267,-0.3554144015786846,0.10890677397519762,0.3258206298587158,-0.12064626629590709,0.10439282528300195,0.22555084932201197,-0.2543073861418921,-0.47042983564147844,-0.005165910982051894,-0.7974174109750093,-0.24327586306225502,-0.6860834222127409,0.2193486361853414,0.19138577655662195,0.5987099989622058,0.05478177896496488,0.18247846484899305,0.9358126097703657,-0.38923589688147053,0.41797420521921824,-0.17134160678682175,-0.833032256092816,0.15393057275200744,0.012128745013660715,-0.7721472736831975,0.22561079832897185,0.490323946515562,1.0454323129828742
-0.4586830335497704,0.5080306932750014,0.424148721147138,0.26830107270654263,0.03232840382410442,-0.04239187825430716,-0.3454916828347441,-0.267053012828021,-0.0862394000946132,-0.344366368791229,-0.6107334390551535,-0.1489454567353718,-0.3388277816396618,0.6052616310429212,-0.204508614647197,-0.1868138138443594,-0.3851339418671118,-0.10322281015778335,-0.30987979060232246,0.5756556787195738,0.36067728728781884,0.46648522091962763,0.23868555889674237,-0.11813568683720836,-1.1687742108618777,0.5035351576784916,0.16869313003049405,0.1449420174825937,0.28489696735113396,-0.011248974415671714,0.13588306716854026,0.15994384791431832,0.8705897034598453,-0.6913760821764593,0.024108838368399256,0.2463227233106184,-0.1305452424602267,-0.3554144015786846,0.10890677397519762,0.10555086835124672,0.29663684163373116,0.10439282528300195,0.6505303898569893,-0.2543073861418921,-0.1887742704104526,-0.005165910982051894,-0.7974174109750093,-0.14717384296741007,-0.6860834222127409,0.36639490416419196,0.19138577655662195,0.5915371024477076,0.05478177896496488,-0.07473490722592775,0.9358126097703657,-0.28958870561207906,0.3191579785208225,-0.17134160678682175,-0.833032256092816,0.021206375822346524,0.012128745013660715,-0.7721472736831975,0.22561079832897185,0.5074563218217262,0.9567309551465258
-0.700613328997256,0.9164580429229781,0.05725581347970622,0.20476996730562266,-0.3284559119756161,0.42642768986599894,-0.8243417886887147,-0.4569576347710964,-0.19449176228676165,-0.15761878559848347,-0.9334501962629943,0.5010543070310319,-0.7381232188894727,0.058695080571847365,-0.6408251329748949,-0.06107496242148844,-0.17405368465547733,-0.10092197380676889,-0.4021495805802626,0.032335307903205296,0.49950317835943303,0.428717367261083,-0.3916891912201572,-0.3556023306417796,-1.0418919089438412,0.0990610775644893,0.1274199938640081,-0.3534081513180851,0.18844386603034505,0.03920328881588765,-0.18553810934285286,0.2344954728193238,0.27793351610025635,-0.29911123710812587,-0.2221312645377758,0.26686428651562144,0.050552884474036955,-0.11260878912535505,-0.46206452982788604,0.14661647230031247,0.2795999969420335,0.30287653155486693,0.3865441971097825,-0.5113303070396366,-0.4187499079588007,-0.1755307274740115,-0.38808988093490004,0.07158628811682319,-0.4915158953139629,0.16644581384023222,0.014033507675599438,0.3772387862000645,0.5160131627861003,0.19818986085098197,0.9959648926845985,-0.18617141071019633,0.2209635376267796,0.43324792587784755,-0.29351478200604364,-0.06138021065234078,-0.21703539216734835,-0.6962380208571198,-0.006720568415059327,0.29849570454486957,0.613478794311457
0.12604076292283783,0.5629336222599807,-0.18411898023390297,0.05360638585270307,-0.01667691687640324,-0.0704415076710608,-0.40679940371657863,0.015841700484862886,-0.5722719098616351,-0.2627774475837341,-0.7443013554621118,-0.05336223758956931,-0.7746462316549709,0.19331173370249133,-0.6313695150748605,-0.30248586061876925,0.022873089225548017,0.057799942073973626,-0.447615587121094,0.33086595161005844,0.28847892200527175,0.21078423783000227,0.479806886499154,-0.1098957221430705,-0.870945716187774,0.4205009204648539,-0.14679659477098317,-0.17844011618125802,0.3512152575337233,0.1584019013179891,0.17994221100288396,0.35357998820053277,0.3773326846672737,-0.6110513681738863,-0.09766012107503833,0.3040983660536503,0.183622297761352,-0.3026639577405624,0.2727734072931965,0.2589358720767876,0.34356676793303964,0.6621072116491429,0.5344581653324864,-0.39758887193128906,-0.8297761617352544,-0.2745126802857979,-0.7684434802750928,-0.09931085834152342,-0.9368350160335635,-0.07542775619520042,0.3798725338058718,0.2953341415691624,-0.15038544769561468,0.14242542029875754,0.9825799242273467,-0.613376871908496,0.408462007894968,0.25147760934016783,-0.4614341612972135,0.3491757841014644,-0.32980835427463745,-0.5370689807611546,0.12852960868850843,0.3774646218929328,0.8343712011223245
-0.36073678221387706,0.7516122532301875,-0.09317015660891556,0.5850367000590806,-0.19645372956878476,0.5214489705324352,-0.5155651639099856,-0.5055653486286367,-0.02184796142616796,-0.6097388403727756,-0.577754270789805,0.3081994876150786,-0.5755825578041401,0.07181563744440357,-1.0125678172884414,-0.36868993695140057,-0.6198794260815675,0.2351794587918149,-0.40596156116662907,0.41193314388958036,0.5486877899035563,0.40109958990317557,0.3316313235026131,0.23842494734698386,-0.9993888241269705,0.25388685450734433,0.3136632711850549,-0.21768930729608432,0.30999992992882386,-0.2509563024306132,-0.3065041606081351,-0.37126916238535856,0.8602895385340715,-0.6274707795933552,-0.31247908715162326,0.16999341465330026,0.15677481934598603,-0.550383178402584,-0.02672858027661322,-0.06249464063387797,0.38011336674561896,0.20840507839729044,0.28600152565623066,-0.7402004534634097,-0.08772231031450524,0.21860937725390356,-0.3244022646854422,-0.4772440560550706,-0.5176230880691278,0.34095749775073064,0.4055474852946283,0.2466509628816549,0.051134118941514387,0.388075530871579,1.163183171657846,-0.5168776486571351,0.46113044752195004,0.5533826888450377,-0.29629017006734815,0.01772178033752203,-0.03819076822932476,-0.6353063513755081,0.0246156205053603,0.26152842714911334,0.3880232903744803
-0.7543492611419289,0.7386388013428643,0.2936781428429611,0.4831461955208639,-0.02927381707798353,0.00020119976197592593,-0.2692466457569657,-0.14481389391589627,0.2917189751526737,-0.3370154730037802,-0.7348149352900671,0.2105329133485601,0.13661500099554955,0.022578520868794014,-0.6041964136420346,-0.3134381414474138,-0.47942100881476407,-0.2517804782304795,-0.290815413554357,0.3878582317432794,0.07676597658396854,0.45294298872595146,0.003919940528753926,-0.28604459818835665,-0.8992547800905468,0.44456672855252977,-0.10175403615420013,0.20682043566593425,0.5761066353549803,-0.1729123434225963,0.038189292400306774,-0.42732008100009944,0.26127034594136955,-0.6074082047244399,-0.6226484656701091,0.11532723480484147,0.3546319279174321,-0.17376039283871547,0.077736646332379,0.3289403484610871,-0.29307888495842366,0.36487022861752183,0.30574659230128465,0.017997140302042428,-0.2760689582029427,0.14648662221368614,-0.5461260246609921,-0.7713738486121755,-0.915633166584771,0.18437443897101524,0.16498170186398878,0.4237752657415018,0.5354080331584258,0.2693736133740988,0.9559764429762417,-0.5427326232528372,-0.02654902453933814,0.512661153969665,-0.5048551124068651,-0.032834611306145525,0.07282685714177863,-0.6710228185787894,-0.2939457670022923,0.142834032308742,0.7043109613830406
-0.22432428028717935,0.4592913745230878,0.4153146813645151,-0.01171688069451702,-0.12789009991896022,-0.14319202712105564,-0.479351813041393,-0.3555404306108149,0.10171942154872363,-0.10382238952817519,-0.15419999269595835,0.08889285936899351,-0.7898776507248576,-0.629608757995883,-0.2695691496955589,-0.9971055264306634,-0.11798125188400473,0.35884013237873713,-0.8327488142707276,0.3574422701299404,0.5530435157701741,0.279960109110868,0.2543967840050955,-0.0736439111105247,-0.9832792774823207,0.45712793121344275,0.5151697867800172,0.017037364544491475,0.2971932538871592,-0.21688867164256972,-0.32312999497491157,0.04371255160873318,0.008089748075542268,-0.5228303783725723,-0.09557037715421193,0.11552943475233553,0.1891009366663215,0.012185627714545094,-0.13330288570421414,0.394285716635537,0.11136270174895843,0.17475675671160132,0.6302250034742083,-0.7386818085978102,-0.5301168352895989,0.20036653179296723,-1.1119104942594469,0.158144053973806,-0.6551531104105268,0.5100817270034216,0.29033475658201563,0.04349896131680077,0.25808020043417196,-0.11196172688374115,0.8449170880225758,-0.3544282557689793,-0.003692450472699324,0.5407509311342666,-0.978030219280026,-0.3239241668686981,0.04917348649928165,-0.785549850906013,0.16316881223193827,0.5984421754187809,1.2317983545392097
-0.19544085084802487,0.5425770377747638,0.15809629123913804,0.3193292683007891,0.376983523668305,-0.018071854181167288,-0.35534493413548524,-0.19900734628504171,0.14134460421118783,-0.1531957397761054,-0.4452189685414708,-0.07200736453214146,0.12190433380259864,0.24345974978532303,-0.8114470010039669,-0.4590289473322606,-0.3608768282625007,0.2956634512862737,-0.3992079626479142,0.18028875725973015,0.49055067366161126,0.617257396198196,0.4547988025698931,0.29217791927136183,-0.9095990419512883,0.5974715857677242,0.29189485258843695,0.049272019168154116,0.07541400792316569,-0.3064995857155113,0.4251182605959697,-0.5161575182372456,0.6551257744209326,-0.9801014324790952,-0.50634052321839,0.5341687155700663,-0.5715390822383044,-0.19510354032776037,0.02718254912508211,0.07802524150826992,0.8971202703952574,-0.1154902812699235,0.26850652652582185,-0.3362474040230685,-0.10237851001368481,0.28370747127352597,-0.22011512193798882,0.05130648612009606,-0.6198485947040884,0.4786631572007807,0.455481395710151,0.31270369375492313,0.20666302241803813,0.189026162885839,0.985829256069553,-0.295944997424941,0.3329374881014787,0.08681834002808317,-0.46539259325526733,-0.08106553260057414,0.021067083869724126,-0.40507429136122125,0.0982880699926706,0.8311599478551199,0.7110987003136217
-0.6519748291826513,0.739132659651673,-0.1104849636030354,0.039460074419994336,0.28498170122897215,0.01854427586865636,-0.6145440335304901,-0.08192369462206284,0.08351431451194502,-0.5730007154580424,-0.08059760398151508,0.24648919448078002,-0.5324153396773138,0.29067394113584616,-0.7427211083307778,0.08016824186510284,-0.28189876991265117,0.16497132851157487,-0.27141635845292034,0.2195942729270065,0.5446285746332142,0.7336942707966916,-0.19216428262100374,-0.0826699055631604,-0.9491366215314991,0.3015703518269106,0.48893363663584105,-0.003966775356237004,0.666359417447338,0.006363544203235066,0.5073367429793751,0.1844837236150878,0.44824154031882707,-0.5667033796674761,-0.25487424625681787,0.890196379751344,0.04779547230703726,-0.37126397824303603,0.2195578638267604,0.6505605824601568,-0.032749984976545,0.2911525642878504,0.11949496903434295,-0.461695550762361,-0.6172016642287781,0.1254278113395906,-0.5645199144581108,0.2985521234323217,0.017247885306769732,-0.05040963310514181,0.15935553462325708,0.44930302393505306,-0.08297941594959758,-0.00894315216129827,1.3347485733918083,-0.10260503694429408,0.12123569455390895,0.6160643109202887,-1.1316302724660985,-0.22189281566996452,0.34581340761315416,-0.626549651749904,0.361796832454554,0.5605679783712108,1.2245962653034503
-0.5315794088818324,0.707722418963177,0.4011593276793886,0.3696653446016516,0.3395240021672573,0.1799373692690178,-0.475808412217312,-0.3825047481430335,-0.05975323065871312,-0.5467215616754724,-0.47979008094531367,0.19608195424870833,-0.4188131832234647,-0.22663943546997856,-0.16966875374686358,-0.566292737646464,0.07800426058545655,-0.3597931628951288,-0.9170347492374764,0.5695456721296656,0.12232014679588091,0.1328791329786277,-0.1337852666558401,0.40849912257783,-0.9774014891211907,0.3032517131160383,0.1918913709107839,0.19701768471960282,0.6863034596542607,0.2079652037285762,0.3242300605099401,-0.27278882025641293,0.6219765885240345,-0.470430246691568,-0.2825346608568102,0.4006529358446002,-0.11430761987955264,-0.8261792943148605,-0.02887055571266016,0.242665288505218,0.389147728469871,0.7324025429078366,0.6677010905909456,-0.5153637213351271,0.4176302954782928,0.17446442920629235,-0.4124172476663396,-0.803540365865973,-0.4547584461798731,0.09417256075262834,0.10368472059411547,0.4329593251815403,0.15941555459752482,0.265230002884035,0.7856418995472342,-0.29420122782338154,0.4900418869026075,0.1310539467963799,-1.051048676584547,-0.01524482070360713,-0.007499715365932358,-0.19881113769013012,0.07717940773705975,0.8631171249361698,0.389242883056305
-0.6661386854856199,0.7513485302880576,0.23003013390743562,-0.19910364397514177,-0.33322121931933313,-0.22107922042119715,-0.6275312004319006,-0.5127046191799467,0.08886010610273737,-0.017433459213751078,-0.5321542212458497,-0.35058030379514116,-0.34880322238828515,0.24991898842846136,-0.5938683411912936,-0.33840022295239114,-0.39527333269426884,-0.2613637359304873,-0.2439938730297559,0.13380795016995675,0.5740242421050799,0.9774465300034418,-0.01653260885207742,0.034194000627335644,-0.9605700408891025,0.3929356218007967,0.44439929345693735,0.2019307730849922,0.20236992127897757,0.05485148960247273,0.5529845508378749,0.4906387403128734,0.651269095051544,-0.6981315026394475,-0.14560432876149487,0.4389074948413379,-0.10491506174913674,-0.6482407238485245,-0.35770957389813696,0.08524704120376363,0.5439909040375731,0.4837432076214283,0.6270817792195312,-0.3681179853552831,0.3625532466576515,0.21107310293847936,-0.21103782218737643,-0.5406030905579011,-0.4890999690419845,0.03266008750988964,0.44508316549646715,0.29870534110605496,0.0016163974252734817,0.39544794422951957,1.3688220376709437,-0.15561819549430791,0.21756524853956838,0.6749353157069476,-1.034383764505288,-0.10673534438084492,-0.06465035988581956,-0.3906640348064388,-0.19924044048477482,0.30724513163921663,0.3424194539669802
-0.30602014809488126,0.6078468594710695,-0.09307710437672816,0.5398761260984521,0.15993051025370697,0.02264602090218564,-0.5791553735520659,-0.47559568922614764,-0.2490627797340043,-0.23674596648664822,-0.6061206532383218,0.3091330917436801,-0.22269223509853503,0.7957122317161945,-0.7752455273219722,-0.4381097738850005,-0.35365808026824835,0.012072900433082671,-0.03311366537513193,0.07145539363848251,0.30065678963431275,0.47721228940266147,0.20363784203834923,0.20267821177096335,-1.1093059915618961,0.7290375700051736,-0.020659936007586067,0.15916275520006784,0.2123011567345061,-0.02630202392887715,0.35458587766262734,-0.36844184926368756,0.8360087321662996,-0.6761841828390432,-0.5811235593779287,0.44926495939394023,0.3165393294678155,0.6848626777323777,-0.5905774569593858,0.13993940774779332,0.21695443343231263,0.08170103982048513,0.12195275557671428,-0.6219826922785936,-0.3989408257378925,-0.41812615253381546,-0.5907894153846378,0.02857063429278414,-0.5733901199461072,0.06721944920905493,0.22727364763965702,0.3594323467604814,0.090132667132954,0.0547879455532253,1.2854055847192385,-0.3259695357220624,0.4121940097850296,-0.031234622691091042,-0.9970231953940727,0.11450758653217132,-0.08375410838279548,-1.1106229486907777,0.11142464583065809,0.46312869373394255,0.6385067119616633
-0.02776933634845912,0.3669524043456077,0.399142845007024,0.15951620266086403,-0.3383061955983511,0.4010217373613223,-0.5734154549651675,-0.19884351397297578,-0.4509362393438239,-0.2132074633564378,-0.3668224056576497,-0.18122814255386638,0.19054984604735803,-0.2652732514977571,-0.4452146904601854,-0.42549385323911587,-0.5941821384977686,-0.20757464305681175,-0.6310819878109432,0.21785915553435609,0.5844246339898056,0.49484665873963357,-0.08502229799068793,-0.19938776845828368,-0.98311598497589,0.14153604383424248,0.23321579137093768,0.05665389767615943,0.5597997615824585,0.07891718566983796,0.35473707218558354,0.34284429868814137,0.7013445363652107,-0.7661529776542085,-0.30303321971757957,0.36540377604054514,-0.15787005601374193,-0.47121865059971635,-0.42433182861087937,0.4613922189239218,0.5766759766281223,0.1666839129357361,0.27016034619007273,-0.8721287797897588,-0.26215064560789203,0.1436443393011046,-0.5554300710256667,0.05424679939211492,-0.7722205212891624,0.39995147455324215,-0.09093618165585485,0.355029039370802,0.03477419730687606,-0.2925011008898139,1.6881836137809505,-0.28478803849801554,0.027913788438321777,0.49397713763974654,-0.2741347722446301,-0.1052500428736452,0.29691822434125675,-0.811965449471679,-0.17916326085517995,0.5671364560695387,0.659109734379716
-0.06355570288669743,0.5012650856903089,0.5323894686299496,-0.11693996979927192,-0.3226490060866628,0.3779608496379005,-0.9569401949820484,-0.3720753213621881,0.19414804756297324,-0.7329816213309388,-0.6449737644994935,-0.043706582327190505,-0.40451569626994704,0.19207192946843216,-0.2983676399173088,-0.20189888263135158,-0.27010526148837194,0.06015709393060284,-0.460397301652415,-0.056375480233805605,0.3357985751143958,0.5477083614240604,-0.36054682382773684,0.14056938790845624,-0.9275712038046329,0.5889075249786051,0.47291250258405665,-0.3640806838953699,0.27623030592792713,0.1491726292628664,-0.3652686289804667,0.3480731929305064,0.9111643444454847,-0.5025259757282836,-0.08999597368294604,0.344220092801748,-0.09468453376787608,-0.6606123398766326,-0.2935310434436851,0.06573956039423218,0.5632378846041621,0.33565157028502624,0.2368783565532219,-0.4229151435594418,-0.41086682895623894,0.043193786252251495,-0.29162971364771445,0.2164344865194819,-0.7241547814920991,-0.07121223907464731,0.4499783931864733,-0.05318239612350955,-0.11041094834481616,0.23182097160083326,1.161018403347815,-0.11886513905890911,0.10995137327782278,0.4638455803196666,-1.0739679866616676,-0.20692016222184934,-0.3939813645767977,-0.3062267412943508,-0.17541096534962639,0.357698616518398,0.3732293074656608
-0.6014545619986695,0.6412621244384333,0.40506056179047234,0.8249185577689123,0.1917088003055431,0.06448223253562392,-0.3948818141737709,-0.19482317072993569,0.14367100438689875,-0.18916223683300254,-0.7626162619781894,0.258174990789642,-0.02126747012151907,0.06190163494317813,-0.38489156625023435,-0.58883415652032,-0.6535052959990335,0.1570146012499109,-0.32751670528977395,0.5050240495444187,0.7088560784413696,0.32671326909714593,0.03264851858287592,0.1471705284000853,-0.4768665779453782,0.80824552109726,0.04196893695792191,0.24145711680950643,0.4352219511882124,-0.0789235809095961,0.4726045379129048,0.4792236382073162,0.4363970388207303,-1.0072277623038508,-0.061883729278059796,0.4802456887731804,0.014959848813693749,-0.5750459192247337,0.08639830465595343,0.26946135938144866,0.23601678419006256,-0.15939477251376105,0.4918082299120993,-0.17784671905398272,-0.11030002641782108,0.23899029401955305,0.07538346502010587,-0.21468832679416172,-0.36893929258866903,0.014288129580141973,0.38353964417879277,0.14818339187311863,-0.13347047717196464,0.16832123936834562,1.1937276357620294,-0.17924660552363836,0.5446268949246088,0.31440566660811514,-0.862818601104181,0.47722311461678735,-0.08095764140332345,-0.38120889922120704,-0.4383343347143342,0.5927497144499461,0.7123533827126951
-0.24632341838989852,0.8450080110005245,0.24599529936146644,0.0757045956475712,-0.19316282844418997,0.2949812089478319,-0.5114589858267931,-0.18498476569132508,-0.18182740215852364,-0.5694897268228563,0.2524400564467536,-0.12558732429093303,-0.6540912376941231,-0.3977752494668375,-0.14441872557310775,0.10340837592784771,-0.09109636039711903,0.4620395220696099,-0.8383037794642402,0.3881299976120758,0.5491782997207857,0.12213571491358384,0.11369198600254722,-0.08883347751644217,-1.107136342013722,0.7113429732777458,0.2697754587239714,-0.13425338104284004,0.6231694979694,0.1884630879725035,-0.2795712318003398,-0.01956598953002002,0.751795912849263,-0.47830655126760674,0.1552947594271727,-0.03925390433453796,0.13135739932688187,0.058710583670102595,-0.17402221121811212,0.6395135133159381,0.08627187476807543,0.4807911968758719,0.25082521633798704,-0.5818875797284631,-0.12217583469419166,0.10977664309476334,-0.6964891172820359,-0.022171271630823747,-0.23267637087474152,-0.1840741171777341,0.4842881326398643,0.6517265048972046,0.16157556632337516,0.10367759672567914,1.0085095346727724,-0.2765059556233421,0.45627878389516024,0.3735943545823952,-0.893723348171391,0.2674553778541982,-0.5947706829815617,-0.7185552296402604,0.016947872666451626,0.5900758308582642,0.9982349288469425
-0.4607411892238101,0.36662828303743233,0.6119209923844838,-0.2063046788387068,-0.14117996467019628,0.006736728603485252,-0.525798920072323,-0.43197430799625713,0.36500767305698617,-0.44377438800497115,-0.7305403038181055,-0.004933271559031907,0.01691897451127869,0.31860543515227385,-0.26298082938757394,-0.33956533729665844,-0.3210003060452894,0.11203085850889963,-0.45542271718846594,0.4505314035620484,0.23803532481342218,0.6627328421199473,-0.08816743531124704,-0.05326160191593449,-0.3949796900142394,0.23019695328193843,0.028258715420793255,-0.560689117369864,0.6003259622503154,0.04337256173764018,0.803866271180432,0.2414594415030121,0.5112900266975701,-0.783005085098039,-0.18655043405618066,0.23497735948290777,-0.393018611275721,-0.7514749051756101,-0.22515139951325647,0.5220153522565603,0.4468498365705475,0.4360323358210927,0.11544959009054698,-0.5729872996239039,-0.18040726056741085,0.3299324148489878,-0.5122932558568953,-0.13524274740410908,-0.6526754868197404,-0.17557475054833316,0.22696550338512872,0.24223481840616262,0.10637796743442762,0.2228334675364384,1.1242820259383755,-0.20445978439805645,0.23611309161383914,0.4784403426894507,-0.6508980037862981,-0.3057180466641824,-0.3850119603201702,-0.798477706667308,-0.17876070960836615,0.45848312315183015,0.5742452272687509
-0.3551949496105869,0.6387499396398797,0.41330353692384936,-0.029763424100041472,-0.4523417862079731,0.17235367499135398,-0.46746069299416376,-0.9118683527050706,-0.209677256026569,-0.9740857246983683,-0.32917103469594694,-0.19138605641199574,-0.24630480445086855,-0.2603965948823663,-0.32213056348975005,-0.30074826805683175,0.2125195101097488,-0.10493532575635117,-0.3054797344094833,0.20311622286067144,0.6494603561616193,0.46862633535906184,0.25926368763876323,0.23451081783020386,-0.6684178011350943,0.45080980210935034,0.018587159184742637,-0.10885609162596636,0.30479513893151716,-0.37162860342924253,-0.1905468477295748,-0.06993005768554225,0.7097513407214825,-0.4428404723797592,-0.2096434234257333,0.3179270173579525,-0.27186678849384904,-0.3579268312160686,0.04572651084378142,0.3969236211922593,0.5440242518995166,0.0928068510958716,0.44792693328661676,-0.6266830619428446,-0.33232844022774016,-0.00023766957825099855,-0.2163613849017056,-0.36996017433040707,-0.7965373962752367,-0.014153616689981077,0.18744193315489688,0.5298443977498937,0.01672884948210744,-0.01219045523177155,1.3046009578496602,-0.16400974456715284,0.33321932673970506,-0.3495224172841049,-0.4871119300924528,-0.19034952030157204,-0.31271210736348787,-0.6636359017021674,-0.19979883020940284,0.7990899118645725,0.742691528998709
-0.7725785671451522,0.9895916027916165,0.5402433683930565,0.13597639421597885,0.14637294346760565,0.040846482015995306,-0.40842362361982004,-0.20041577297626187,-0.026356208458092303,-0.56066303243744,-0.2261228781486213,0.1687373114178053,-0.2493384241327884,0.8963090218336487,-0.10370374404027413,-0.4209746024468611,-0.4936492248536127,0.23292246024914687,-0.25987873951851537,0.28757031280374734,0.26370338173219793,0.5935710215146857,-0.023906197112703295,0.36299590348775534,-0.9318336622817447,0.7154524520553825,0.13536585601250875,-0.17148986993060433,0.49585613393112143,-0.33306382555715963,0.2863589091597599,-0.06982361931968915,0.48241421354157543,-0.6651863447661113,-0.07434268667446503,0.32294076669456184,-0.047342483533236515,-0.4023568646800719,-0.09627962316586726,0.10624743852769405,0.3303846030135891,0.4389837878885456,0.442543574238671,-0.1619331888730895,0.11934213860646756,0.2328690151990338,-0.2859801086966492,-0.20533734438652235,-0.8314168101629584,0.016830794275114844,0.2569357895094137,0.5794844378490841,0.0778273942919013,0.235323979677312,1.300668640224035,-0.18469117618284864,0.633357714684455,-0.04098523174198547,-0.9503516178722504,0.44548911975036,-0.0690934769548296,-0.6803750870125619,0.1240406531927514,0.30930221794709434,0.14616580879217977
-0.5004832177875929,0.749540572766314,0.37207414564765434,0.236743372749598,-0.5148406341064709,-0.028214549572707713,-0.36452046546704414,-0.2851682279637049,0.3862137402442093,-0.2315835178048248,-0.4418534572616256,0.05612572788078071,-0.5124885747941964,0.5276455184281522,-0.286350724547857,-0.026758792929220024,-0.3608330918570526,-0.26286242074225563,0.2169640403248463,-0.05442110729231514,0.6063843927420448,0.3521322450910161,0.28016674430281163,-0.022934220204304114,-1.1130643205061357,0.8151913908159333,0.3746835896111874,0.31436033267497876,0.1282605477922158,-0.44123861344966586,0.03159357464769577,-0.501562073832204,0.17461324426094543,-0.3031179381529743,-0.028384723694293165,0.8896046216721084,-0.10376632038887922,-0.6636528712374632,0.47476955800929044,-0.003766454536583405,0.11462105774081954,0.19149730083747094,0.3534112441659039,-0.12124022368724463,-0.14938773158307425,0.20333752167164681,-0.4483564964623185,-0.5374543269756228,-0.36044215300078414,0.4550501830930944,0.3630715785107272,0.36261102232434445,0.136488832074727,0.4309460755805098,0.8424960430895103,0.23357387639559857,0.025694386632574534,-0.4078581045389114,-0.8801219519882609,0.13550917043277116,-0.5464799380453269,-0.9098260536244721,0.18923248594003286,-0.09382287428071981,0.25464070552343865
-0.34987493497140904,0.7979879454813583,0.2175656956945101,0.00797479191742051,-0.4142031525725473,0.37306103930686957,-0.5870497747103337,-0.8175315190721161,-0.00037271373542015207,-0.023441459194617875,-0.20048812686599254,0.07742379107907738,-0.6927439926171438,-0.3763230439931833,-0.6947597502194961,-0.1378400981605215,-0.41597172288547407,0.2028956809130249,-0.11219182987686234,0.01155256571390572,0.5505048707299244,0.7476183808845943,-0.40153464409873746,0.12116490381771913,-1.3392158073901343,0.9719617499245496,0.24095293884029859,-0.2795403164062425,0.459159636218398,0.17278437037158434,0.8054143558248313,-0.17642958926199478,0.6546813076884891,-0.33729161149133774,0.15849267891096677,0.026789289718897963,0.06467798394089397,0.2147055803158439,-0.18559885103573803,-0.09576370488056044,0.5475966941932653,0.34499003552540314,0.20410034161051147,-0.4757976869610764,-0.03913970475976543,0.19714825450518642,-0.661013172611564,0.23842260272653815,0.10191781003387848,0.0057123190760345124,0.2903797346053543,-0.13617875757801295,0.016929350116069608,0.19148205604879914,1.1172090081767667,0.11454287577447841,0.09271756098230317,-0.42162950753929634,-0.8400927795217694,-0.19853659062041762,-0.05159156809542191,-0.18700160342708316,-0.09702152942000204,0.4342920225827048,0.512979093524949
-0.7625307536122302,0.9504153637393388,0.2534180767023921,0.202640665233112,-0.1790373666787352,0.46275481614537106,-0.44684152015246037,-0.23382518897819357,-0.17124910830350842,0.17880077863715188,-0.28645918442042784,0.6356652128576241,0.2581818225399272,0.3467929133824515,-0.03220174967654224,-0.6417778839201774,-0.07294373512231175,0.11067806047513024,-0.11850479859446733,0.34388320371291925,0.7227175386753845,0.5972103069017801,-0.09168291992329997,0.20163628030168446,-0.8400212809284473,0.718654260227731,-0.02717829274846422,-0.1763822871405153,0.37205978672266704,-0.39172563390431664,0.1867552725792586,0.001931587563580986,0.1071497233810883,-0.7678507355687416,-0.07209668585725205,-0.12665988395474254,-0.45140284331464614,-0.12739250973706145,-0.18777670908449187,0.27843670259910674,0.16775349599943457,0.04149804314611972,0.44723433240271454,-0.7018032114813328,0.22753665809602336,0.14926969355180636,-0.44648973643770085,0.01440196923154935,-0.2731673693623987,-0.009832322366073773,0.3929078702943258,0.5530464591668667,0.22300074650746363,0.4468758901918112,0.9390467216034888,-0.07683774905673023,-0.2657479808061247,0.0010935501814627532,-0.9153642115000306,0.04118010593529262,-0.5615186862525897,-0.5108948853570698,0.013336731179376511,0.41020235566114055,0.749342709147089
-0.25013739824784087,0.9422414213120378,-0.037835319713207576,0.06736223561823812,0.24473657385165304,0.2887078918851387,-0.40558838154020593,-0.08746459828110535,-0.1473938962328971,-0.33175276369763795,-0.35272469542401763,0.4642475301568367,0.22405379407331752,0.0019460990636102904,-0.519345895728315,-0.06332173334664007,-0.356488779009764,-0.24267426743939013,-0.32836119268589026,0.11785506028075536,0.764547713732852,0.7640431946958608,0.14195823114239037,0.3907358164540989,-0.9938141238590735,0.5505086789436998,0.07493661611503007,-0.22589194452911096,0.19738834503752295,0.06697237790039953,0.22891515749382252,0.06156597880972714,0.6522768029652395,-0.7043573617780469,-0.2982489095891021,0.20657453910546444,-0.20874962133848468,0.27500065456463463,-0.12912769249970207,0.24520290784133947,0.23399624113528433,0.1939433601223048,0.31989909304216496,-0.6255103782101492,-0.19380227389404964,0.18351320641679558,-0.572526289617048,0.26677708974157427,-0.44731743222009096,0.5290727772481656,0.18365972866623234,0.7962352800614478,0.28826835956459973,0.1425321324243195,1.436080996853236,-0.09295048911958272,0.265571632934712,0.3329150857814575,-0.7138800358566859,-0.07224990558140254,-0.032406503969937966,-0.3442007395915119,0.0891053569238729,0.8261331736309907,0.8163109736702483
-0.5977081246361275,0.6582063987204446,0.028387980128227894,0.2824423613322727,-0.049776713054096096,0.10078074038179664,-0.3183851213792168,-0.38122667323819004,-0.16810449407403033,-0.23071221349899063,-0.6911615032779019,0.24415815920228254,-0.28599045214610175,0.20929324611272285,-0.43266026630707427,-0.03954406423729602,-0.1610702255050271,-0.20326939982132924,-0.0692998582096498,0.09354614153869299,0.33800746440982926,0.5047746248984009,-0.0456966825232246,0.2397486514355311,-0.9424738951151984,0.5799610176611566,0.2860126901601972,-0.06758476907798383,0.4050269599726003,0.0690571040053228,0.3766261681016574,0.41230114456307043,0.10906148493240385,-0.5685386658125419,0.04235613679816236,0.685966454313314,-0.30668731656454784,-0.47880145204548596,0.21420006992155166,0.022727625748900644,0.557074435520908,0.18928903853204004,0.5749594890411301,-0.33940893113649384,0.1179807990086997,0.05329202706214431,-0.7016948240077658,0.007031303975864184,-0.5206813773361088,0.1330836369743938,0.2403101037634576,0.2937564649990208,-0.16090890337391106,0.12380868922910791,1.0348412474191577,-0.406461837705847,0.3772235895454226,-0.2431533076282298,-0.6235209482605472,-0.009882030267527202,0.05022638461085119,-1.1121970366503848,0.17286276523930938,0.3841419599181375,0.9224506423909278
-0.7585699591533519,0.8843126428165096,0.13388611060157787,0.4805860950056785,-0.12673674334287455,0.04178466893273061,-0.38217906682863273,-0.08283642724817544,0.1668524852709246,0.09906495009190339,-0.6450831152951475,0.4677197214509954,0.2882806625243424,-0.5915227367653202,-0.7373269732209107,-0.2895725782298562,0.16197455992940185,-0.05800195241179834,-0.42528488499527517,0.12293395506730348,0.6164218233773499,0.9332274956515217,-0.045492132750790816,0.2835117160911431,-0.8836986553993477,0.7701000858390803,0.10969399901261459,-0.08968939069861585,0.19196716768744782,-0.32056802146667823,0.118861721019933,-0.06315652121141033,0.47796413662355597,-0.5870736187554655,-0.4626098006438895,0.4066127173492323,-0.35402356751671077,-0.49160167124056414,0.03655992976833795,0.1544274467472384,0.2755056572039351,0.16808807485883243,0.7730608042580126,-0.6218026514554652,0.722663219363498,0.02134863826760342,-0.8162947247047175,-0.20395683855738572,-0.4465713118063029,-0.10339269729822775,0.32174404821458014,0.8760937510178736,0.0494773685758278,0.5864651366139868,1.2892072560227645,-0.31841904802172083,0.16604955309130817,0.09543780024366806,-0.3968989990806565,-0.1258730770304406,0.028030611097698374,-0.8556203518664071,-0.18167793278739922,0.3082443376473095,0.34245112989363274
-0.3355118187118403,0.7220391095856844,0.004239841303152407,0.16290984588734683,0.13476836169759435,0.3477326148189464,-0.1493871013063288,-0.3958795637306213,-0.2088515002032223,-0.028154506825943518,-0.570166748328965,0.35123166041584697,-0.786464360681933,0.33911661714145797,-0.37013199119275103,-0.3022578839346902,-0.04805565844193745,0.0805360739445781,-0.4339303435253708,0.20185807399178737,1.0909126565686593,0.4899747939208469,-0.033079465652056245,0.2050090974169436,-1.0284157179466145,1.2618963259975846,0.1865314128982871,-0.3412969880914781,0.4353594475616641,-0.3085925573712662,0.3653166623639713,0.7976376803854868,0.059230980762349436,-0.6248100249639706,0.021328252801739056,0.3268902742073433,-0.38687976401846513,-0.14607005613331364,0.07881309067179179,-0.09845443277553789,-0.017803129085639094,0.4340470973320382,0.4905106828868745,-0.5183880496023595,-0.11890277963769584,0.10269789826720617,-0.8159159132075259,0.19264375336995793,-0.4221684440850976,-0.040504494283993005,0.13969439621457597,-0.01549787531322469,-0.2826583826730062,0.26228972879506346,1.3808822538979826,-0.012898664828920117,0.18584379410060498,-0.13597623831565414,-0.9807253227765456,-0.07453226189008313,0.0686075291077628,-0.9955030631037017,-0.005295957201188625,-0.21495434417029863,0.9251996089431813
-0.3982502003361006,0.6295983624112795,0.4659211894379754,0.14584905111230384,-0.153305020545089,0.5326909779411876,-0.4001632832781232,-0.2903795668322868,0.3399552279328295,0.2888702038765896,-0.249334202222392,-0.05789443598946704,-0.3842452063868295,0.23269268628993028,0.23503143816602187,-0.05222840384110494,-0.35891116684936275,0.5514708947464612,-0.17152070580554551,0.6161691648989074,0.43413278605312833,0.6530564248866945,0.048209622335625195,0.3103274329842944,-0.9009634507159665,0.6600821192231107,0.45899694634221166,0.0725387404830676,0.42010955407302497,-0.2051973098650687,-0.0056329232154532505,-0.12969747541693502,0.3234752330269765,-0.32509243869347293,-0.010816194455080419,0.10279725267613762,-0.2661551157579249,0.3437360867788437,0.08785822537864987,0.30895350224515294,0.838809709494883,0.45690782910481886,0.36542558358828203,-0.5092957945586067,-0.0931875520062216,-0.2283032542659214,-0.8574176652898883,0.3966565900063788,-0.5786874873302381,0.011804922292874852,0.42344484497886337,0.24983366528801126,-0.005364538345073,0.16244547836416012,1.3025890497419241,0.14274640236009356,0.026327781781951814,0.09259521015662073,-0.8712217193771186,0.2965783559784335,-0.04238135654394834,-1.20249440087019,-0.00029760746081332334,0.36096731197230414,0.7594688071078481
-0.43616961323085923,0.5015867691454492,0.4347847234669137,0.207522524143428,-0.16812074994469267,0.19479842257389735,-0.6710225113196407,-0.2613753135824941,0.12549257745479792,-0.4636221976359573,-0.3877264907681977,-0.22835417346646844,0.1070238813159765,-0.40625449573050737,-0.5475792837677376,-0.3164024919543167,0.12781589400453086,0.05644034950252275,-0.13323273370156619,0.2708541130954674,0.6491755745985532,0.2942299377602937,-0.18196526845144706,0.6625084107968311,-0.8695395365365883,1.0536332821337664,0.3556321183742707,-0.25343145089800634,-0.09207783069029855,-0.40882754692019324,-0.36284605288248056,0.03137561245899637,-0.03391347728824592,-0.8183096835254305,-0.29074384151439264,0.15917754899740397,-0.10951574788845893,0.13668094388443502,-0.24806846879676314,0.3156856301316021,0.7408261308859772,0.12489133961379774,0.3385451959923539,-0.48267003457288843,0.08232464693612325,0.30863398697597144,-0.27762142899613457,0.4378277576144681,-0.7121559161328103,0.35095793691496646,0.21396303090743957,0.5442709087112343,-0.032928727834871684,0.11242194984015669,1.3282027875474942,-0.24910391302828766,-0.0286174475770848,-0.04851685976673891,-0.492360209878022,0.19330437720479707,0.2944121933509862,-1.1133180341426552,-0.2356764958283136,0.4057883211979588,0.5786973155812426
-0.6049597806047966,0.9344225965881369,0.17133934359082287,0.3138212273779596,-0.22343589358850452,0.1492197422589872,-0.5027733170833335,-0.009135917481405138,0.3228239996080561,-0.8502705574202799,-0.5526698867179962,0.09511089368659478,-0.35812976641433764,0.07122489195940888,-0.315988205037311,-0.7877001765590816,-0.24171734424898542,0.3960393312809722,-0.8712293266243576,0.5097922422052645,0.6231607849010444,0.2884484769252031,-0.03122142998225791,0.21240748171896426,-0.7074761949431383,0.8351937128537298,0.12715131335936852,0.40328482082983896,0.41947657589598836,-0.25397963673802565,-0.6900126892580836,0.5033407199008093,0.45686034141518844,-0.7240301965739926,-0.24077428739548024,0.24973706145120017,-0.21235998014898672,-0.3101230052715698,0.354385599375286,0.19045770761332056,0.4241677997678451,0.3446967978704598,0.38083979605122775,-0.5757557624695692,0.45694633876772894,0.28236047359276756,-0.22108764053116725,-0.05871528032302852,-0.1457148725709972,-0.1349028479396277,0.3981285507728255,0.1987143528374635,0.029503909859823964,0.15096331204777014,1.4137457329443988,-0.0883027085911664,-0.15568291947399113,-0.1982813433388207,-0.7060628320022648,-0.15868389955801387,0.13221148430291896,-0.5143921869625853,-0.20144122623911193,0.04644542589270455,0.6230578854306293
-0.5144918014448916,1.0070138426596063,-0.08216281609094007,-0.08324124826995422,-0.2816232352970255,0.34460956601239184,-0.5440430050773898,-0.5918686586686848,0.3180055726393304,-0.05917622001836649,-0.27240918917789647,0.4391284823139859,-0.028581316457229965,-0.3547392354707511,-0.9231106202871903,-0.6316466748677443,-0.1969476430985394,0.03591071787892991,-0.5020817840361876,0.4514163203855342,0.7948402187208312,0.2112799195561578,0.05202233694737204,0.6223152178933176,-0.8188206836702795,0.9111069419442858,0.2966602366777325,-0.027287398437435183,-0.18806015366768264,-0.2227861970891939,-0.0978316445523551,-0.2722563001031176,0.32128092953513554,-0.738376541434258,-0.32932139942143523,0.03936777333401424,-0.050082376084476195,-0.5794946307492057,0.45521409180652095,-0.24736995546329602,0.1376867879346107,0.10426768032064875,0.44183075366938807,-0.4363622773454466,-0.2706094348275908,0.19320715429357688,-0.3690177560040836,0.5825802229418272,0.06076497773290469,0.036225937413261716,-0.11520503763592677,0.589215320348866,-0.2892165201169062,0.04808756646760068,1.2713790232111444,-0.2520951418015257,0.4754481185385344,-0.48461675586056296,-0.5569503613161143,0.3247669489784957,-0.12616653253008422,-0.19402133964233798,-0.283128567203432,0.33778513337517974,1.0414568600976666
-0.16482216952170833,0.670826323912505,0.5719025953405312,0.0517014356697033,-0.35891128508237213,0.8497308131845726,-0.7305489184760677,-0.7350364851620966,-0.7973218145399279,-0.14101024503221485,-0.23796013195932314,-0.3741713127983893,-0.7432757486575865,0.039170781953767345,-0.14685130970162835,-0.0880672139836348,-0.3104577666503411,0.3095445728151181,-0.6662272842837433,-0.16131374545222849,0.4132248860062291,0.4268906386846778,-0.6220358901294084,-0.057400521386518986,-0.9393583169761797,0.9530186161634197,0.3988458385455005,-0.3089967913455996,0.48440104192498346,-0.007874222443203564,0.3163489656189049,0.04188760858894218,0.8749893151170623,-0.2791924498054226,-0.0053002213646286545,0.17603043063560236,0.08565474404801876,-0.1679089969292657,0.2637153581028053,0.03289440504469957,0.9483585148534104,0.19886787698789998,0.10125513308451461,-0.06601204790793525,0.7451660229292479,0.013939815443039613,-0.3951300677111913,0.052770265565704154,-0.7885294408369312,-0.06890054945642479,0.28141723017400155,0.0026760362049882552,-0.20286493489448504,-0.04428786020836195,1.3248531686038236,0.5586280383360489,-0.03928940527786613,-0.11319351275169964,-1.2316995425139428,-0.11466914459573724,0.10693592512456475,-0.9493907141248406,-0.08724218547955784,0.36872000559000156,0.3386865233582562
-0.2281136483988828,0.7365533747689262,0.4233821633401773,0.26664749140486216,-0.15043346551055228,0.2554507542988308,-0.2777104315294385,-0.5002556512096159,0.3758119705623003,-0.2434744183674299,-0.06220999716510349,-0.002579404005926992,-0.4179426870268241,0.4507448916220257,-0.37608331060064737,-0.24192525828015926,-0.32355077855634873,0.19028516113985125,-0.6409186637829736,0.18466689058333202,0.4707635889865628,0.40483972137687796,-0.21230290101654575,-0.1413159177719253,-0.5988801484178576,0.46800256044052463,0.14208430402243433,0.09304332298155393,0.4004386697630784,-0.16836225082324083,0.20690574164902142,-0.2828788588295663,0.5563734985432136,-0.27679781663391634,-0.27417197458213904,0.17276114151581443,-0.24429343166250947,0.06691593753061567,-0.3969393348900517,0.1488200946840557,0.636268141875203,0.07611073094292845,0.6373238544101627,-0.19834512485296577,0.03407112021223381,0.13951754759287768,0.1692716665344875,0.6457458667740017,-0.5848919817029343,-0.32442079008424296,0.35896197365501176,-0.14559414001335497,-0.48915686946521897,0.15606042821422728,1.238045919267394,0.17857987522941882,0.28739347208116345,0.013221286549042241,-0.553853618260091,0.14927781249871375,-0.066520823631447,-0.4990019524456351,-0.028640206448076,0.5647966930182897,0.7536475572456998
-0.25334707606861284,0.7006864554085894,0.3036884624310056,0.38752807564558367,-0.32052144527000753,-0.012747222307944506,-0.5510521113204637,-0.11491249125240496,-0.17843378826589706,0.10354095995301647,-0.6263990331578076,-0.23684228275437305,0.21631489323363362,0.5283103719869424,-0.28598736364503186,0.13001915594694152,-0.2664135652284909,0.406597449306137,-0.6635291362618855,0.3154906654531868,0.6454147319355291,0.36407540582885556,0.22992504772922764,0.34592246650098035,-0.8581484922816119,0.8540227651151684,0.06617115679854924,-0.30318059150284654,0.2849292768812632,0.029934681711760107,0.11007709130294313,-0.28019700335456466,0.543001758405128,-0.3724071413623004,-0.5499906283794351,-0.18737856433134065,-0.30134661942465607,-0.16269166788906753,0.17026599633166137,0.09057173809180091,0.17568814391527487,0.041023447525942114,0.20929265354676901,-0.40035415794951285,0.3808401471762245,0.5929425481337183,-0.6003119629754913,0.13705982512556378,-0.745879524947618,-0.1992033768366629,0.7518963510972453,0.3148579676413837,-0.189162597089839,0.07755978742013789,0.958384563611831,0.0817016943115989,0.16628789238755115,-0.1895220897021995,-0.6573713630187495,-0.24192296739017471,0.23572859068203184,-0.7628362683888359,-0.2688210719963777,0.5598485646247737,0.7560964810007474
-0.6999353447204549,1.0378698006906752,0.16727534159502705,0.6909660535800446,-0.11927001321749856,-0.1307965058457965,-0.21703895263897943,0.01606498417878917,-0.1385408859783696,-0.07771740763700904,-0.5146404161632988,0.6389068565176409,0.3655314090787506,0.4990448113051633,-0.20531832529240956,-0.2547488924901878,-0.4728920243413126,0.0029571013270752473,-0.255193637033393,0.7129409574040676,0.7679575664965412,0.7630599900791948,0.5454871866493749,0.5647525656475465,-0.6454209227004688,0.9126956946837078,0.012234350227762224,0.03495386971652774,0.3094087908236789,-0.1732814050941908,0.5462220443297224,0.011442124620539285,0.23345203763290656,-0.8408067959775738,-0.13765266144218657,0.25992908921933844,-0.5158065186596278,-0.5872857184630527,0.38181388602972216,0.39852592660009944,0.7703643342747086,-0.07991668359705534,0.532081863892505,-0.26222665098318176,0.06694003470253493,0.6184108850210147,-0.08697479319765442,-0.6805587605575177,-0.6242928223654166,-0.023780499252657024,0.030319959502010108,0.5743190489779435,0.28078418996626303,0.12028632064656389,0.9896477957746397,-0.19614084343067545,0.4694743601140103,-0.5384051620895483,-0.6445702446663979,0.1485445891562202,0.12999374802147973,-0.8041880800133885,-0.1261648726218863,0.9407898314425404,0.7301611937416682
-0.49875476795040663,0.788756967205829,-0.015333299284995862,0.20853996512444298,0.02829188527546754,0.003924234471684565,-0.23196284067441328,0.01768023985593905,-0.006389540217789657,0.29861266744124804,-0.40949461739758475,-0.4778349064597067,-0.6280967877127432,0.5740571792188919,-0.5079470026704885,-0.32606195877445027,-0.09308713060068005,-0.11706670805548616,-0.3697493029754023,0.9621050643580884,0.9839618406056433,0.6016654832928117,0.16385537181988807,0.5110410358497594,-0.869735515934829,1.0455618947008143,0.03666991310641233,0.5153368060566019,0.19684538496283924,-0.08439096613648302,0.19980048901974504,-0.29328169289477823,0.11140673963719534,-0.8761905913812265,0.03274238192664016,0.3307315564253869,-0.24887324582652137,-0.5120074714743935,-0.3836536688423132,-0.2928837868780722,0.5099588741688938,0.16078204498148815,0.5269800669991275,-0.25625466388488133,0.19891115204975313,-0.014605132323639705,-0.07404390118570274,0.36446207244359535,-0.19225090482608143,0.40364706896717856,-0.10203668803189822,0.547147960116209,0.10841110950376255,0.22976370534649226,1.030341401141483,-0.05059143016842804,0.5964890914248954,-0.15624229230226547,-1.0030825310980318,0.32589245428372404,0.20566407263197398,-1.0647052233280172,-0.11582871304184642,0.17850328467923582,0.5226876678378285
-0.27028363981540976,0.9128148168159436,0.025888347188722224,0.1277380245553102,-0.04767723267865547,-0.47027202868061835,-0.11464074417911432,-0.4732532638746151,-0.3936979653252809,-0.21060889482787254,-0.42863005751400574,-0.021574093601554586,0.01982152201260249,0.3673200223087981,-0.8279099235370198,-0.44575509929372226,0.4719048968133705,-0.0006092114465608041,-0.12808441416123956,0.3256991316458367,0.43162395373000273,0.5070847169201403,0.0028466398607095364,0.5689413613958888,-1.08937686886968,0.9486661374781595,-0.04034800584369203,0.4022812253211133,0.20697762679696152,-0.32170700447630224,0.09327326272904686,0.2628654392816197,0.22373462293071897,-0.357401800952719,-0.4030874695796879,-0.2126619829967239,-0.4585013575949894,0.19431939773558693,-0.195914142556109,-0.24817000238479117,0.633625428004232,0.4565361117957427,0.2732136372526532,-0.44956731192686794,0.10492627458996778,-0.058995317567898165,-0.1456796438308407,0.0032637346549125243,-0.756346321876475,0.03541593175127977,0.21120564209209342,0.6754120992270803,0.08029821192922372,0.09563502089399387,1.1290415938660638,-0.3712173004671019,0.19709602715161537,-0.29380318219100876,-0.7991018415402696,0.07782757679237724,0.35432737444612517,-0.5939206011337902,-0.15681014468331397,0.41560318110318156,0.38615140001341264
-0.5140355257655935,0.7519462563310765,0.17667760965919016,0.04693745700823755,-0.3217343835247803,-0.21347902279180425,-0.09647643799128494,-0.07405560077012768,-0.04559654671561819,-0.48766745552950486,-0.5558509475139612,0.08408248854136516,0.285515017340428,0.1075957133828631,-0.5591923483441562,-0.2170658423926527,-0.06223144177971773,-0.016870147934935104,-0.5732778281101194,0.2581165660630529,0.685952543858366,0.5639748002901458,-0.013534183795776866,0.3319831602308191,-1.0055278297184451,0.4879821784277802,-0.23008745962819732,-0.2559275600542215,0.17643266297042987,-0.16346431817760712,-0.09210756321783337,-0.4701411698816201,0.686638117237487,-0.6186196768150841,-0.37543477791725033,0.46450498681275354,-0.010255352127152714,-0.14932750942365336,0.48100439607854106,0.19992257193230414,0.9538179924294435,0.006324536631988786,0.23841849456849953,-0.5072109537748882,0.4239015066332706,-0.160074300413041,-0.4177980323695246,0.13897636914532757,-0.16603779771830462,0.28398088223686546,0.1940040931804412,0.47422928488403754,0.01552311777986487,0.13515430228894587,0.7907388945439732,-0.3832934309767331,0.3636467541991329,-0.23650199659741802,-0.21578668523206887,-0.09231843401577577,0.2997732171753051,-0.6493390146590855,-0.18298997685310253,0.6859088676765172,0.44246451204317094
-0.48671689556189496,0.6776745410373313,0.5473734580174533,0.17827653474857963,-0.3288280360178556,0.03270639499181617,-0.37859709017755727,-0.35476730354478764,-0.08088390687557823,-0.08939803656641396,-0.2308093895842925,0.0018334775900580719,-0.4849131474011614,0.15727302997372888,-0.6711110452191533,-0.23019755155449584,-0.29443419219045786,0.164612674503376,-0.5166592076517312,0.29408936586676504,0.3201800148298386,0.24913480675954916,0.2482765464085144,0.3860383770211801,-1.0676695369477405,0.8063120544048121,0.07543743619892779,-0.47533269062878036,-0.030802749354435745,-0.21976983884537749,0.21203682899159876,0.010608407839535414,0.493941745974932,-1.12097053785961,0.0048287435676179526,0.21528051532017117,-0.4888740274391788,0.046808212965930254,0.15527067413120554,-0.28855758090031347,0.4477439856230819,0.1600752819102167,0.48502145866431834,-0.8070900240383145,0.07519343247955965,0.24213477979858075,-0.3369923764329839,-0.48978159251635184,-0.5665764107470187,-0.06011183081813027,0.33827363289782186,0.7926292663259811,-0.2001084778626801,0.19656740368829134,0.9894131432918041,-0.22193912606700195,0.09874496213366392,-0.13298485650718755,-1.0438801726398101,-0.45765145610842667,-0.2113838799072189,-0.5423157704420984,0.21064954038432096,0.44183580413980994,0.18043932185004283
-0.4265093502843226,0.8722241451270445,0.5370873530554662,-0.3131011402104408,0.37373192742906575,0.08307054474323367,-0.5205964018904714,-0.1815444794310558,0.12878775522324357,-0.17043913729718546,-0.08893710030238357,0.3435819672250633,-1.0319671963438404,0.48006952279442444,-0.10379957596181943,-0.271891299555636,-0.5708172551244817,0.2080836137153257,-0.417910499410638,0.5568507644993979,0.24755242403622768,0.8920142394212903,0.21809329824892582,0.43212767711508326,-0.9496484065961384,0.8053572133249789,0.37890266534728667,0.1958124021633417,0.5595146980498896,0.08117671345194262,-0.18146090213678723,-0.11565087112312901,0.9018884085377558,-0.22974937127787698,0.18675515575221896,-0.2996187680479239,-0.10799647423878427,-0.3846818018845444,-0.29698121307702274,0.3276555878368801,0.41956452531888067,0.4295775620140194,0.2867773955697107,-0.43359300557678027,-0.13369943185346717,-0.11608563886285461,-0.5999799001016505,0.5402785137149927,-0.49584447302797474,-0.43998162308722366,0.46599733639680957,0.11018754660460982,-0.1880201031912932,0.12364011342572476,1.2550309930732864,0.19820985363761218,0.2325368829682571,-0.029723397093233517,-0.9041867503739817,-0.4138465618801736,-0.2162561078476479,-1.2504130825283357,-0.18261771129359794,0.3659572196229478,0.5257033616361632
-0.5839736049810884,0.6875889308487901,0.035108280801633904,0.4450783592834269,-0.17541653923198733,-0.005702743810311051,-0.19131107729217783,-0.38804446488070077,0.1758471640972746,-0.30603175014438816,-0.6080031831134951,0.4206793504162322,0.1783282729839749,0.2817462827788485,-0.7865770269843326,-0.8710686535825177,-0.46455547571775796,-0.4338570683794007,-0.14406778092133013,0.5844895060983717,0.592778773702274,0.9499237804815199,0.12935767129099485,0.48167133409699037,-0.5425566439299035,1.154123158542416,0.050291459100607575,-0.044804788773404616,0.21195092118405706,0.04050811137097414,0.6802345756250767,-0.7255481611274768,0.3291448985469293,-0.7906212872425542,-0.32959036006145054,0.33080123126281274,-0.3324048791426926,-1.051101852484551,0.1481369333251074,0.06602328545318165,0.17420333670605706,0.18615919297673733,0.7553096362523913,-0.6051344010378847,0.8195754715467813,0.26843238558246313,-0.8268097993843898,-0.4797672426894485,-0.21278509452028588,-0.018933598922942302,-0.24735421421737827,0.438486231193705,0.49407984553274703,0.1331982281210779,0.6398220552364733,-0.3613383095937916,0.3180718014921183,0.04724050535374845,-1.0021828144460898,-0.14869489002164207,0.25389071141604025,-0.6700086582071424,0.16734181235205223,0.82697871627665,0.3333178976261423
-0.37190619753167076,0.609252453246545,0.20382918986355564,0.22420450856941507,-0.5418164587247211,0.3638574656727683,-0.5100433638504601,-0.5219142672067035,-0.279713606528658,-0.5794268740862855,-0.20920470733928567,-0.18654566733124361,-0.7478973529970158,0.21554008136564257,-0.3725807030301418,-0.5131392468957138,0.21173398842751665,0.2788053920702987,-0.4522824682069772,0.1296890037697048,0.6964756588374443,0.28970893841610296,-0.09755401233286895,0.49666881390030715,-1.2666137264342867,0.5663607327100638,0.1672572016442651,0.04850421403543274,0.2770188440460386,-0.003213129132255809,-0.502283453857806,0.5049515670340455,0.5420212026528751,-0.5985902961685557,-0.5540656127918782,0.35294705154743566,-0.2282943621803959,0.08402302068126483,0.17689890173526462,-0.5545242422346812,-0.03144291407659967,0.2987556202154173,0.0006887663133402222,-0.3829945423095854,0.07554447295291947,-0.1609620215712077,-0.7721419156766497,0.3293825487056163,-0.2972852549434146,-0.14550369745685932,0.1595529398723986,0.35384344262333683,0.29056864368628266,0.2763466066257967,1.099532232662982,0.01090417909929517,0.27738092795073455,0.036782220105493334,-0.6984933927423432,-0.6012477958475495,0.1202793723473232,-0.639249865297166,0.13029544973543458,-0.030907564519961316,0.740630115585339
-0.7837732787968178,0.7812742456795347,0.45061936848989503,0.10335482321886,-0.23857302652377704,0.03169338570897061,-0.2724476528651206,-0.551274181698395,-0.17972026510034717,-0.9842584367344867,-0.5483202617098676,0.4646042945052091,-0.11206009537405523,-0.0385633937531531,-0.7037460694002986,-0.3076313812153658,0.011831917604638184,0.08075002582902518,-0.574904055131194,0.1688103197621525,0.2394984506768505,0.34792498761039037,-0.2809652424237153,0.28793467881666424,-0.7681187657784558,0.47715941305571946,0.22637419205559536,-0.1855244889869498,0.5184923759368582,-0.221712321801765,-0.2618866339828094,0.3909510895931332,0.5810202083933063,-0.4251272716462925,0.00789415766450851,0.12027778092639452,-0.13984748590266496,-0.46663718129963916,0.1003256439765576,0.4593439857131567,0.6243702616111175,0.5796835442133625,0.16624558648889165,-0.43519171374162025,0.03542899981210476,-0.0021444158840003905,-0.8186562612556323,0.4959351079578961,-0.32819344846749793,-0.10228114138300072,0.23985028775615203,0.20700540767484715,-0.22083970290901475,0.13657059906461297,0.975866110226106,-0.2571096916242849,0.18366459860302456,0.10387687429222049,-0.6076137339903234,-0.14346105479780658,-0.11440902147755196,-0.46367869780630394,-0.36195230903554454,0.27176373337840476,0.6884768811770089
-0.10364632017662676,0.735529336385416,0.5914950299888316,0.19075598972663593,-0.2639973929827089,0.25309712851885025,-0.6086714376054279,-0.3073298356755568,-0.7331411316193673,-0.6705128305849142,-0.13941080079047757,0.0024761012602957655,0.3877645016266178,0.06155982300078082,-0.1886141788261182,-0.5964291697733788,-0.34510317697380233,0.07108112512793832,-0.20244865363838888,0.389521740178157,0.3828000211655287,0.6254978142830554,-0.0889387563817286,0.05374269330198299,-0.986328768851445,1.101293941680619,0.43780399906511,-0.3854685109301838,0.3841876822223095,0.04299474704055761,0.20292304094728342,-0.0488468039048625,0.16182902131435314,-0.9968907088144986,-0.3307178717043281,0.03964610537551299,-0.34132154917100893,-0.4701980463619338,0.17106183652538637,0.28862617731967666,0.5477229215927748,0.26831139825241734,0.47274961104774427,-0.4545065372500612,0.18971691399865753,0.022816677078649053,-0.6265214401058029,0.31577354472538144,-0.41799914383402054,-0.20916982231248368,0.24169488680190143,0.4010896500464601,0.15377990590857823,0.5597112495520215,1.0573567179143288,-0.09190893134421563,0.2993962178173343,0.033241100454312805,-0.9802485499600461,-0.5591346220381683,0.37949353279267906,-0.7755303141261655,0.22685599000780393,0.07247792702435657,0.7437737226572583
-0.45921787082963395,0.6864833757655244,0.1901978303908005,-0.0842763191050017,-0.41530295803632894,0.2988846642858165,-0.5102319100708317,-0.39753076398644616,-0.4619249071752796,-0.5099385489489907,-0.5480712182363282,0.33935692785384935,0.29787305307044876,-0.05275139812734644,-0.21349334826584593,-0.4125959965845645,0.0533760133159643,-0.16751911942517553,-0.18218061231923596,0.8208116882393579,0.684468083544173,0.24597978007291194,-0.12209156054606105,0.010424590889771684,-0.5216907176297949,0.9728278136468438,0.04763660404145261,-0.20913864286488443,0.35105453561739414,-0.38094709096241103,-1.0325354904748703,0.4602896078758149,0.5601605110500552,-0.8696590209589071,-0.17040283300092918,0.2239105833384928,-0.31288747104666437,-0.7336492073873802,0.8111684292152763,0.38273050005989717,0.49096714985307827,0.6188629297243419,0.3826300944972971,-0.5373851796558089,0.3752840475764861,0.4600247629334571,-0.4458255256644122,0.6105390135644488,-0.5810582787180979,0.11277045837429453,0.18519473535525305,0.4077951821578573,-0.21616918621240938,0.3648604626994161,0.9697184208734214,0.15080934807910423,0.37952391067198654,-0.024816663991786114,-0.8999547363517629,0.013369587355416351,0.1246618003280905,-0.672505077475315,-0.07775013761174669,0.0579858754824842,0.5421786231506652
-0.4268510905961279,0.6818923521656164,-0.06577995760330692,0.19880323536618813,-0.005663518934083692,-0.27254236325648973,-0.2969148755833966,-0.6477696101807284,0.08818105164878406,0.3620509572203485,-0.7778656650428136,0.293599041722484,-0.5809652876054634,0.30246560572006154,-0.17952516500719515,-0.5808556540249069,-0.5246435895647451,-0.2592920736963549,-0.018810934417097747,0.7309181415205339,0.843293334058891,0.8682719244840333,0.017294405772893803,0.5012178546225163,-0.8939288590908805,0.6154014455437277,0.38059434525139474,0.09149928200156374,0.8278629947188474,-0.15546370517969463,0.876376480783549,-0.33065130366352835,0.4928891331124938,-0.3322049654195431,-0.2530773443529778,-0.1970573969584748,-0.389698383407944,-0.7501305448605458,0.020285908770014252,0.26225925666650624,-0.10918656954586013,0.49616632891334794,0.3423935095806435,-0.36514283145412646,0.4321555734200309,0.01675685335535361,-0.4819251924304655,0.39710263591098005,-0.42710091840235326,0.3559347286646749,-0.18689535188129644,0.3169221366510155,0.5294730168408449,0.3939024084090347,1.0575013552001022,-0.06748978291735477,0.16770367854805973,-0.10513786715427326,-0.7537065614719898,-0.8702680032742797,0.24349533501827442,-0.6210384265681717,-0.2604460354732557,0.15216510545424217,0.7912432860776476
-0.1585466527233272,0.5666140648891839,0.2510217998226478,0.11631574355306289,-0.05482184354525017,0.15338870311167307,-0.390441142524884,-0.6490113078164383,-0.0657016467425253,-0.4942749224806378,-0.4916037810960326,-0.42449780805218595,0.23003331710144287,0.3557776654472693,-0.4225529903303275,-0.33043048832739913,0.16643336979405593,0.17465956310971514,-0.1816212408435179,0.56131288467013,0.8736172048016456,0.27514453176134035,0.02580205694610816,0.18224468385545534,-1.3042365536879121,1.1434854806801282,-0.009245487550716983,-0.08480945695067693,0.47945630795458033,-0.37712105575669524,-0.5755667837674759,-0.15052745728990352,0.5511935883016277,-0.9357771503704534,-0.45171376028579263,-0.23745104303770573,-0.46349804163359914,-0.08549402098806923,-0.13724035412874475,0.01610910652900903,0.06777687923348721,0.6018328569732726,0.5531088279114408,-0.3651951252073209,0.6418987985292066,0.45149852215132397,-0.5979383791918849,0.22341733262666608,-0.2804399702719929,0.10042094026295353,0.2345067440802351,0.2935515108969856,-0.16318299911402806,-0.06407148198305813,1.0278126279710946,-0.08022168724470953,0.15404075701651113,-0.22939554438090837,-0.8401007865977539,-0.6794858226208904,0.5390653824470004,-0.5940346201281196,0.007979942829926409,0.38553055692465993,0.794763146352156
-0.724274209864199,1.0125886596001634,0.08248083021037814,0.23815147804826226,-0.27628512517778486,-0.0006504506418117256,-0.31156227087269406,-0.24840081514867246,0.005416458485527201,-0.5623006037204309,-0.18215768177973116,0.6670979139962963,-0.1269197115494008,-0.07661979542363778,-0.732848655922709,-0.7310044570437755,-0.2895558142145431,0.05219816520115874,-0.40523599795118564,0.4561727031967338,0.9898817777149937,0.7459590470869993,0.15411415600870088,0.3847850585292004,-0.8020344792795346,0.8042751812063188,0.1433214382422454,-0.3280570889452188,0.1457301788938589,-0.09320907954338328,0.14436960886828135,-0.03608763122572667,0.5073837251727829,-0.6647574760588714,-0.207974881190851,0.2769073635903918,-0.6139270642038824,-0.40742654143553214,0.35363113159030446,0.03772526665051902,0.006458027903343447,-0.08432304159157478,0.49499406584345323,-0.47053820937348306,0.01915988787471376,0.039707819910580366,-0.5575805875146468,0.330378875845981,-0.2866650274998098,0.15806916678664223,0.015443530655976062,0.5523784662726199,-0.004526599830440986,-0.0693552211135015,1.1072708980589447,-0.10869829120649854,-0.044798153456123514,0.34435834283475275,-0.519125075252517,-0.27299611857875133,0.21400951282964314,-0.7410051908093146,-0.21573447501026344,0.12515493150652487,0.5955247924981527
-0.5116497179797546,0.6774622843982144,0.15693835836953393,-0.09272790075584027,-0.1478698738118376,-0.023047176980669264,-0.21614746776017318,-0.1430156692056771,-0.2880499361330875,-0.007535188535080131,-0.44165197569349096,0.23292263561152035,-0.19891611937042325,0.06286225329484882,-0.3472841176859959,-0.2791967866165537,0.06769783783691931,0.06962700268227277,-0.10543225200753227,0.6437934724514061,0.23974562684567619,0.4341655523720431,0.19151368208617692,0.07129513540085533,-0.991451963446651,0.8578875043458527,0.025109540970777604,0.13695732522461163,0.4407595931038457,-0.10256217663982117,0.2220538517361395,0.3376625810346912,0.8334295978966393,-0.6315188355114558,-0.15920723454012603,0.043704155264482986,-0.11934848566825713,-0.2234565854409657,0.2737608874310549,0.1345493466825852,0.19718459077614278,0.21216788204632195,0.22172115593860792,-0.4012559016603618,0.39653120191825436,0.49828816188114716,-0.6171709241435777,0.06574574640281294,-0.4293058901596877,0.05999125396559724,0.3221232818074759,0.37896551541729506,0.3176192056549832,-0.3427171194072632,1.3628121571819782,-0.3406731727314647,0.05334571313063269,-0.18366057678275838,-0.7054755256837033,-0.34712777779345894,-0.12947282161661533,-0.6820426963588652,-0.4687998765707872,0.18588028251355454,0.6440813687938726
-0.29411466283029397,0.7311087841991177,0.2453738008528395,0.09888541363616336,-0.18953781704456538,-0.4098039012116508,-0.3505248961560181,-0.3637582487750495,0.16040362784167306,-0.48578693928437366,0.07087658379243032,0.6176634029698889,0.08385233910192627,0.8046962617796671,-0.7507744231725285,-0.6677213203185004,-0.40154505942169827,-0.038296249893616935,-0.6080252878202939,0.4290902494461292,0.8839128679931223,0.5269840249325072,0.14158493241117406,0.4385395605370185,-0.8679928298569002,1.219294330239008,0.032828183187569776,-0.2654701510904117,0.3400097481955432,0.027163805749126337,0.41918728823233625,-0.17539357050290522,0.295609318400264,-0.7470903141078533,-0.15480726747027526,0.6323553284321891,-0.5632833904995049,-0.44327093351719227,0.2500097201116803,0.012327340692465653,0.3416397604589708,0.4977013774888089,0.035907633322213556,-0.10482284723208266,-0.5899634799219605,0.12923557640033567,-0.06045755029175057,0.6991696549169687,-0.2932235751319103,-0.2761381704245531,0.3616711976916762,0.6462916325594448,0.0979996764358898,0.14692846381679547,0.9764721517770064,-0.12675840372776373,0.27827294539523,0.5889847288393362,-0.5766609203751999,-0.3417887757526455,0.030067024769747416,-0.7331923751166252,0.28387893645049944,0.17348880615647394,0.18665162952823022
-0.4031617707047758,0.8412946315182956,0.520373033298681,0.126486722707989,-0.4333134115111136,0.20052572798679613,-0.7648742678280744,-0.5235784932594076,-0.5772452411093033,-0.3916276790346279,-0.3422977599522133,0.006135815915849066,-0.6991856322844752,0.06114518703192255,-0.38567583921518006,-0.48306819150789243,-0.01724123932077476,0.03023355608885331,-0.414362583825694,0.31360161618602567,0.7322299094727341,0.22895771413989363,0.07832654085187044,0.4314508482035423,-1.0433375626934804,0.8598527770743388,0.12601827446828798,0.004122387492848309,0.4705631418559986,0.16136279302044831,0.4760790824007722,-0.20922939228684448,0.615062067521629,-0.7229728738166648,-0.2990776237327341,-0.21216039655647165,-0.062066033275868696,-0.5909036026442075,-0.10695706112661978,0.38186197041745384,0.14119992800668674,0.6848267839358697,0.2078436271405642,-0.2825820741365644,-0.010147866637306463,-0.2091054700034443,-0.6360692725584017,-0.18351984417439104,-0.44883612544744766,-0.25078743386932334,0.08563942486014449,0.6610469087336823,-0.3559445376609017,-0.21769730777226776,1.1343286051015997,-0.1357174639093729,0.07414370030127511,0.14688477856064663,-0.8840111830414965,-0.2554471853206599,0.2421782164222169,-0.7325774872456551,-0.15526525332422073,0.874206295511506,0.8641209530683333
-0.32077950078086126,0.601251951436646,0.4940491333535493,-0.0019306902687661713,-0.08760247399868434,0.14959127779666104,-0.27740358162683476,-0.22432089624795157,-0.23219205496575113,-0.6288114248444792,-0.3709742256465489,0.007420135682413488,-0.3794648633499018,0.4702916037449376,-0.278787029506403,-0.1483582796943799,-0.21369247438947708,0.3270988453227098,-0.7219666589829807,0.3472525659968195,0.26466458805863785,0.37498651501361985,0.005127064034201413,0.17410747319037406,-0.5947990611002801,0.7555473902779453,0.3232996310301888,-0.23107316796384333,0.676606139175744,-0.056032144053348276,0.23717430349352503,-0.5867714938856387,0.6855753145424823,-0.7280688733637561,0.00919760951349341,-0.08109831871059227,-0.2199575108303064,-0.8721510514222952,0.06515831111612008,0.3828641368751545,0.7206127040666827,0.11411523357243511,0.23874117390933228,-0.38475749008736143,0.5374331361783283,0.347949774119983,-0.5449306537514853,0.139126181538848,-0.25181106280130644,-0.09533916403963003,0.32119268413616403,0.11288324815203837,0.0982484289446284,0.14540644651815854,0.9175231743929788,0.17683665353753591,0.6771518503810654,-0.3135678500923478,-0.5222043372189011,-0.2783437296668364,0.1126095769194091,-0.8495351569014683,-0.12707657607740322,0.15080252100570052,0.8023278630302009
-0.4097160572936098,0.7770721875148765,0.22595629984405463,0.3718581214612645,0.2551871148865864,0.054960602424044054,-0.7073997121501656,-0.16107999215948504,0.15282290514343777,-0.11217696362821507,-0.7718506459423339,0.21125709820303637,0.1443213788948098,0.22925543907785562,-0.3979815159389606,-0.9025162253640473,-0.10734562612390573,0.045405145584524714,-0.3435105802643618,0.6583605792192163,0.8564476793867193,0.7347979499433839,-0.19505269179529477,0.04823298199982151,-0.8792218895328296,0.4689740503605485,0.4499751419133459,-0.0032104118760770683,0.3331892730645467,-0.013419051100559638,0.7694697906797345,-0.2660972535501257,0.5249026471376491,-0.7239204083821325,-0.3236430113617145,0.21809665938054226,-0.1921694528214576,-0.6719335057663812,0.07000478761072587,0.3862072108959411,0.4470470102336238,0.3794426318896858,0.4838851240263622,-0.305721991543789,0.2005016525553342,0.14796979281837933,-0.2846968769753208,-0.08676923395976058,-0.5583609159453089,-0.05118322768637532,0.1063501763787349,-0.3338683907373483,-0.010394507056485355,0.24721904248911433,1.0995453200462753,0.02684380451238995,0.2690734410271719,-0.25524925665614956,-0.6714388030712295,-0.3663796173183349,0.25858556415879275,-0.23911622925548676,-0.06329589108974797,0.010382197990611138,0.8313381509087883
-0.35433349193334407,0.6802555403963593,-0.036901468242031055,0.0007841020161038978,-0.17439164071464103,-0.15381761740733474,-0.3992731678783846,-0.6278355576938116,-0.46414742848457,-0.6083905774003212,-0.07169867237785853,0.6151045154777892,0.011773501262654792,0.08956309942103749,-0.006702220696660582,-0.11962130945498732,-0.07921817758627475,0.15663003488350458,-0.6247144826290327,0.14434912888010856,0.3502631956498843,0.38793926166925147,0.02885536131341228,0.10123578633669597,-1.2649125584355043,0.47523546872283734,0.2434689492767747,0.3698595758272425,0.6683846852305985,0.31758084772354056,-0.09850301552871672,0.13479572115680566,0.8036424081341456,-0.49205214178013407,0.2466010999290661,0.1090512197445463,-0.08581612871059784,-0.24034047419773988,-0.03442676300368693,-0.015505012884549772,0.27186437333275254,0.10054063332221413,0.3378772467138845,-1.1767639737296711,0.09865893607039944,0.2147790333141279,-0.29473331569585326,0.40064060026454157,-0.3533959456812661,0.12159815693055834,0.3318704984411824,0.48517652304224557,0.2525509430979079,0.20152141550133162,1.638303296800457,0.13803611137878286,0.20855750837830855,-0.17439458951769532,-1.1233429558977772,-0.27417581504082245,-0.12069569429297751,-0.5631438982797861,0.3565427778153354,0.1041752383034821,0.979242327740338
-0.09998101884816951,0.4975537144363803,0.34717596708418175,0.05261187454108689,0.061089947726301615,-0.33025428706532284,-0.5731921249239654,-0.16821795299400027,0.21646459617130245,-0.6343599428088257,-0.07527376663604302,-0.221152955256677,-0.3843723701439278,0.3546692751993254,-0.293199582498417,-0.2856527928889182,-0.22481055836672634,0.04371891941275463,-0.5095122154617588,0.5382995264293845,0.19110517035281332,0.5435886554194866,-0.1662526576662537,0.15851666625731714,-0.7392450770038337,0.47552086832423807,0.06675387447844071,-0.1885257293811631,0.5204166238492935,0.08901875942583097,0.11224346867587638,-0.07342220508056274,0.4491968725500745,-0.6315523195565138,-0.14497342813346362,0.2507327410610927,-0.014808113727156898,-0.48002231801954165,-0.2336735036375346,0.4123937187383902,0.7184965263873805,-0.17644859163034216,0.34813578125577316,-0.28349835136195395,0.38918445129170065,-0.04106487477965061,-0.2810908089842822,0.5437937959804744,-0.481920327733694,-0.41508305700780124,0.34526618099039474,0.8268809694115902,0.27411324874206117,0.32099893331689744,1.1978795696222881,-0.3546527318595435,-0.12893709462489375,-0.16347643509246165,-0.7753696603145315,-0.2599576155088522,-0.31066426970350636,-0.8585509053421774,0.12639472019162187,0.2928303024561073,1.060322289192
-0.5386940195054363,0.9837640430262296,0.3444128233930299,0.3131020060240063,0.06098095299568421,0.017148605187459726,-0.3192280943295727,0.025289390317596583,-0.7090221343084344,-0.15057079920141753,-0.23044242522400812,0.3616616012978738,-0.353057615721994,0.20230097512210854,-0.023077002746591482,-0.3412536565505343,-0.40189088682019786,-0.3724707867254057,-0.17888056947136222,0.6517140328346949,0.5629990936101824,0.24572536252490101,0.03830843686415267,0.15567671280379938,-0.7916945557468192,0.6242976158979143,0.86751382298925,-0.049754835175357184,0.5561178635662657,-0.06921538795180042,0.3409892713183225,-0.19327266356063105,0.2647451014097671,-0.25805187108006056,0.013726850242579094,0.23743985589643946,-0.12707565655633202,-0.835535636113668,-0.30474513994022057,0.03882986547512969,-0.23696317715062945,-0.0038366521548557075,0.5540336790828178,-0.3999479327788776,0.7028838672060679,0.147428639741494,-0.2047140076978267,-0.09490609164400635,-0.6129020236819883,-0.026362535128453227,0.07382002377525121,0.6688832715565128,0.3739696946992178,0.5921187933036528,1.0725188949231719,0.10625953133694824,0.4267202137760097,-0.20209813954764924,-0.7090667528058567,0.3568721880250572,-0.37960726198073846,-0.431904754535146,0.1411763968172305,-0.31531754775364446,0.5764933418885232
-0.5680261677415317,1.0343213354206322,0.10288880031870194,0.19774222823868765,-0.09117232632783513,-0.2714249689598718,-0.6463953594194826,0.027294602572654543,-0.20898578863688647,-0.5688676838499329,-0.1595332217709476,0.6915955407186456,-0.2625283557691251,-0.24510328191834344,0.1362658735627654,-0.376593442518045,-0.03740982838667875,-0.2953956654908034,-0.5286030257102114,0.7623621899335374,0.8799787624524417,0.2057779003779978,0.26095358662722884,0.6097534643319431,-0.9391302707542145,0.658390884884814,0.5285636511773502,-0.16581718813988577,0.421301778351053,-0.13755291904304096,0.1278734692070095,-0.9830161444581048,0.48185586593052376,-0.3746982747275365,-0.3141874170403196,0.6961102916547758,0.16826545895522316,-0.6154330107879806,0.3234211743388522,0.1837654646211811,0.10961818489711474,0.19160961396530846,0.5949065869545571,-0.5695571290865751,0.4918757298610841,0.070555137611677,-0.10755423772939017,-0.14574257745374047,-0.41605059275460304,-0.04110062177961411,0.22158260035752697,0.8496761526345045,0.2285766094320374,0.4373697605569669,0.9741104567023455,0.16602647213160168,-0.04386943723420167,-0.08490377775404717,-0.8321276585509961,0.2417501429431953,0.31871113959335123,-0.6135073581158863,-0.08570651513638322,0.2286408474524237,0.6345473376962172
-0.3102953502981216,0.9719822090436039,-0.12287427998005931,0.33340109334237467,0.15188406190290948,-0.1825230043248957,-0.6158591838095819,-0.136457966360396,-0.12080839671934203,-0.0650925063723638,-0.49211622231397306,0.18519071452183464,-0.02683519766940442,0.5090717874427334,-0.4629726719824909,-0.30604667323247803,-0.46568381421211846,-0.047507250836761286,-0.17611251594336458,1.0543425432671618,0.5070020787970488,0.22849388567554318,0.2602008967345334,0.555981085449702,-0.3663842588274753,0.7024743658389284,0.04994952951156331,-0.04015362585519454,0.3337826316503119,0.07729051421880725,0.5591971304483652,-0.3977842035175336,0.8068940054391559,-0.48618761316829984,0.03657860344587123,0.32357427327752886,0.043702375450842976,-0.6198178295841072,0.4927828916440713,-0.2972763292812836,0.31043545267046707,-0.13461600079751962,0.5195899694338028,-0.4126028779181595,0.5874711205847951,0.1901508214476127,-0.12465074597302295,-0.15164621609912038,-0.4311561509681494,0.0048016735007164885,0.025860346448081786,0.5662269734922336,0.30947606019862073,0.48468842202112317,0.7419387787285634,-0.19402635659661951,0.08292790736415347,0.5992531368840383,-0.7236360719400349,-0.17632586916240095,-0.056849065528388434,-0.8456917107582262,-0.049300205746285575,0.03118425239909345,0.45473502744436833
-0.8381788121396265,1.111996654657848,0.013815864550384638,-0.31845290319823943,0.27441792755641375,-0.005739638570863029,-0.13636079057605247,0.3224910603443487,0.3127311373669615,-0.3100677178414601,-0.34195221991763064,-0.2662107357120681,-0.41798246507118664,0.15275346565466125,-0.44216980768787606,-0.3996339847838634,-0.5645719559989941,0.04022159877245701,-0.48707856748325573,0.6714784685364885,0.8682172477171429,0.5673627419515004,0.16200667694942716,0.4289790515135373,-0.8400526049002728,1.086980374392273,0.18795154905702224,0.19311951243528108,0.4296478394914007,0.0683956789569777,-0.14018350393836898,0.03925065792000525,0.7759722889960109,-0.7793261277052017,-0.09870473494804544,0.3685639179687069,-0.32288002790333137,-0.30718399945796,0.28790182135835746,0.07072844562405037,0.5330987012906002,-0.09498035769116103,0.7837643156070757,-0.5588294527130215,0.5694675078652411,0.31625493132180615,-0.33879816203381696,-0.014270542554737684,-0.17367283514116372,0.07404155990054619,0.30901767948546743,0.6525687294440429,0.20918583584940642,0.179008702284293,0.9960165705322729,-0.45345956123964437,0.27894681398945037,-0.6870241110742382,-0.7355753281136365,0.02186180288185534,-0.07122337627710217,-0.41259921461613114,-0.2959398299739223,-0.0462603293693669,0.887878870989359
-0.4929051645711984,0.8352614677388003,0.28922691918852206,-0.06796463420393112,-0.20220254816622754,0.6910855102227478,-0.35085354632126514,-0.13828523165154732,-0.2764275791447065,0.1983241479256752,-0.3871768200655477,-0.05711733317587764,0.03434062322512152,-0.20034073516917125,-0.5949902479085293,-0.6075532539626997,-0.1947490334626632,0.13816168216952066,0.07388242105748952,0.14712476932129737,0.7448135718494862,-0.057243517524801266,-0.20512160270487004,0.36554559984233903,-0.98050180568208,0.5100960996596999,0.4034241190381773,-0.3081248797902397,0.3722160822545318,-0.16399062765316605,0.3427373754675178,-0.3849647003179275,0.62177583187837,-0.5487352999974535,-0.13241608846665534,-0.18838090633799348,0.22483518173283823,-0.22594771300431607,0.13961026136860255,0.2915403549177992,0.09597448440764544,0.3241727689945886,0.5395060349930508,-0.7894207881186432,0.32339319117893467,-0.08595151497897922,-0.03440733998847016,-0.2486832513206599,-0.24460575199153306,-0.13657226349412352,0.24651670726860925,0.9199028924478432,0.2317609302500771,-0.048728967893892194,1.0186752302161206,-0.061074319817147185,-0.23415223682356698,-0.3460267522253362,-1.2053833762568165,-0.33625850129812634,-0.15008558256421622,-0.4336679497986263,0.07987078707270846,-0.6779734874369541,0.8008752341308397
