March_7,October,August_2,May_6,March_6,April_8,January,May_2,October_4,July_4,February_3,December,April,February_4,May_7,April_6,October_2,July_3,October_5,April_3,March_8,March_2,March_9,July_6,November_3,March_4,September,May_5,August,March_5,September_2,June,June_2,December_3,April_9,November_8,December_2,April_7,July_5,April_5,January_2,March,June_3,June_5,October_3,November,March_3,April_4,May_4,July,November_2,April_2,May_3,May,June_6,June_4,November_4,May_8,February_2,January_3,July_2,November_7,February,November_5,November_6
0.3199035451334378,0.3892037393066463,-0.5210823887949126,-0.8524952393038749,0.38463084290105787,-0.22663598658412681,0.12831237065255213,-0.43411333336118507,-0.06274167729472131,-0.8995155328508306,-0.579563991857539,-0.8347664548687239,0.32768496591819013,-0.2742460386842035,0.5490658804174986,-0.28630428139113817,-0.5970245940826564,-0.2390127201708932,-0.5580505124857629,-0.3002310143709033,-0.5879488523693408,-0.0090658480169261,-0.28561871754153834,0.461571088581884,0.3975708771974983,0.14785732589941722,0.9044197474350695,0.312513193732755,-0.40023544861923166,0.12211927063151853,-0.5566933476085938,0.34498955793387004,0.7530213345601644,0.16695008991965482,0.27930865579069986,0.11963290823635273,-0.5095821778551323,-0.3552933928298139,0.7300355118007997,0.4656909387603938,0.05737329015539,0.2920380041011061,-0.2200068459707194,0.4746734296772701,0.14796301350431496,0.7024294108439394,0.27654410077471236,-0.4228783151541991,-0.16002384165726025,-0.35174325418434704,-0.2018767742608592,0.18235984097148894,-0.4243781077747082,0.2660507424207846,-0.0976353094866029,0.4393500585159858,-0.4447970220966972,-0.46927371055487227,-0.10120584018055677,0.8862998664394619,0.49544359028451374,-0.21492423853474135,-0.06568078777396402,-0.06816290465382127,0.17465585879244983
0.5169300420148998,0.3892037393066463,-0.5210823887949126,-0.8450690202495105,-0.9001892332031007,0.3106339492840939,0.4785446294831238,-0.7262225755349465,-0.06274167729472131,-0.8995155328508306,-0.8807178741797648,-0.8347664548687239,0.32612597033170354,-0.5110757434023164,0.38589287474528844,-0.12178711246834471,-0.5970245940826564,-0.2390127201708932,-0.5580505124857629,-0.18989700325698933,-0.41735265567287416,0.37855915941392715,0.15466212895270828,0.461571088581884,0.3975708771974983,-0.5038152579280746,0.9044197474350695,0.47617048456816036,-0.40023544861923166,0.11519954819861672,-0.5566933476085938,0.34498955793387004,0.7530213345601644,0.16695008991965482,0.04091982468394238,0.11963290823635273,-0.5095821778551323,-0.44342280751024177,0.7300355118007997,0.1401130711222478,0.31178325933220075,0.0016897146451643752,-0.2200068459707194,0.4746734296772701,0.14796301350431496,0.7024294108439394,0.46377035335962585,-0.19549094885077978,0.02010953437125363,-0.35174325418434704,-0.2018767742608592,-0.09666716580397136,-0.23685817883681792,0.5143263685246462,-0.0976353094866029,0.4393500585159858,-0.4447970220966972,-0.37757217759540107,0.09898607948307121,0.7978282526745228,0.49544359028451374,-0.21492423853474135,0.13311637405053747,-0.06816290465382127,0.17465585879244983
0.23670119274425408,0.40976765793517844,-0.2281528059365244,-0.5903387681301125,-0.28972113073952216,0.02013967246539734,0.40214428063046964,-0.01004577163390441,-0.04509936790153146,-0.855168388749429,-0.5241610912818933,-0.33799218632776185,-0.21406159837033706,-0.19926094686982665,0.42533361069756936,-0.10869347076985866,-0.3573808074613374,-0.229115123663246,-0.4877587581325503,-0.01239214400676135,-0.6910012598890298,0.21342373577797785,0.027812591976704146,0.02160991772176679,0.18373903153237647,-0.09662050008837159,0.2854091477729797,0.20919727536609856,0.0983820088911122,0.10483930539453504,-0.3549452327361925,0.003976403239204493,0.2837902940377395,0.2320326765226262,0.11988177358798725,-0.15069429334723147,-0.296026732840051,-0.4309377471102962,0.7645704993356899,0.07970019678402501,-0.2588908782674874,0.07302464128810877,-0.28291634828729795,0.5012139326652675,0.4099552191746247,0.6449687222130981,0.3254471243900333,-0.18203475811317543,-0.3083962455553219,-0.12436938459262953,0.1873692823977769,0.11174691152219457,-0.30592342470036393,0.594298465845267,-0.3382697015486256,0.36435138650394094,0.14910146472040614,-0.27637709355929274,-0.2941122888837692,0.7747705983462099,0.31916503958845327,-0.24577593967940406,0.6227553932429957,-0.2521363996165945,0.38212521548200634
0.2161811856658474,0.4055745038495574,-0.2257943397876106,-0.5205563293561117,0.1638453945563727,0.16054598701457573,0.22378947606518418,-0.643624422623237,-0.6266113397682885,-0.7231345766351,-0.7636121032858352,-0.7645359283883513,0.2962220074372092,0.04975428316340596,0.15918254450490732,-0.12261990618723664,-0.9503189562816167,0.003039067618365851,-0.014100105030936935,0.1909496237227586,-0.05852214705473496,0.43047102346109806,-0.012231068957754249,0.23387674605174152,0.27618277584381906,-0.04940896453883292,0.3748440744304545,0.26078136788602846,0.10081034427564803,-0.02874716801908625,-0.38039949034283216,0.3177601635004359,0.47974528935143446,0.22471269618785067,0.11307252499015469,0.5375062755773495,-0.43536399797224523,-0.6357622909368903,0.9515665826519436,-0.05149662153792545,-0.05822858214829939,0.36886356914605756,-0.3163396548218419,0.26261354558506816,0.33111218572728934,0.821821667106454,-0.0014351771707299121,0.08644012815805378,-0.372507842432868,-0.2060267396156943,0.5283327749412512,-0.015376217104043535,-0.3219144768336846,0.6876491300520841,-0.31187214903266886,-0.13226943186510487,0.20410592995700327,-0.2338150019198011,-0.25706129310861714,0.5831987592770068,-0.19933183245571598,0.02561527539909439,0.25382415416707943,-0.1744240007968184,0.1543981310628639
0.30810109321983953,0.28215183229156704,-0.20403950323968137,-0.6875315505937406,0.13297208728648313,-0.0649586024893049,0.21670973605815927,-0.3806575941138565,-0.0833649615950572,-0.8460806420577229,-0.7880636764033866,-0.20680282981343706,-0.9104101980925945,-0.20918813553917154,-0.4866279630283192,-0.08228438193040749,-0.880337835858962,-0.5089373153355435,0.08767940072942398,0.07006970386814008,-0.5028201042590216,0.2812451561816694,0.0723893873479559,-0.15366034340998508,0.29704774399152933,0.2300299544255992,-0.1573964867370557,0.5049007447762903,0.06269457810475844,0.28293367160097554,-0.5070135454801916,0.44649296698161045,-0.03594952936226914,0.20454034578196184,0.48309204539016504,0.05575304190519416,-0.09547887138408084,0.017993313065045757,0.7919241504662775,0.24983448408905154,0.6160111852750872,0.30863091879118587,-0.9034341870382188,0.6290282783252358,-0.016159311874508656,0.6151925531430126,0.5293914258622784,0.5259442834075998,-0.010682529365955887,0.28065694911641287,0.31211402279968525,-0.2712159806393036,-0.558737151732713,0.5122232402480966,-0.3531596693975922,0.6108163898042721,-0.1365966510880124,0.2065259513273534,0.07966344671224797,0.7956898696627932,-0.11706039418061255,-0.2934675150848096,0.08029872435937435,-0.8555528380008264,0.22383641712446975
0.47755073599268105,0.5799173599182254,-0.38250452263500206,-0.40482043342564833,-0.1880136851579593,0.10280616165272267,0.6120595523810374,-1.0373611204406872,0.21985390679106243,-0.7629967864062043,-0.6386545172294995,-0.5156506514711547,-0.539977697809723,-0.4821599036121673,0.27559696055081095,0.032497780290169725,-1.1759182648104798,-0.01867667742056743,-0.4471255879586747,-0.052859316627516244,-0.8695934176780176,0.1804104609729352,-0.4352357734459382,0.3144022357898135,0.109469652269536,-0.24600984732380743,0.40307846708049627,1.021663129833116,0.014745566428333162,0.03621435464668527,-0.44687856777367585,0.12493255650784499,0.1250697315942773,0.2917691840828274,0.24948160704387254,0.29200602478023585,-0.2834342005598982,-0.4192363199302207,0.65891131094142,-0.12966744807279473,0.07517175813454327,0.003534510456577794,-0.6418838027963412,0.17838668544629477,0.29001172034605416,0.7260134427082127,0.032289418110803506,0.07916081024429879,-0.21264505342282145,0.28410806237039665,0.6580986192932431,-0.10504255151293827,-0.5958710581994283,0.7986732973144739,-0.10526768153759099,-0.06140048261179472,-0.14621204470052795,-0.2601267987531729,-0.3341345929316643,0.1708684407379925,-0.049972988187914964,-0.17186916365477886,-0.011289810186158947,-0.2214533016298592,-0.014449193711741484
0.6764111001003011,0.31040094347841163,0.18905303351130925,-0.41690630016393543,-0.12686094837810274,0.27202456402382963,0.22533217549917106,0.05999296626845419,0.13966554777599938,-0.6031309730553761,-0.6865002426644593,-0.3933927185660078,0.07075299794613887,-0.3147426360765655,-0.2862152060509949,-0.3959846451106008,-1.0406715916784717,-0.2629907230575827,-0.3192511358848715,-0.6375045177938888,-0.4867816644000731,0.48279687398921495,-0.8682519450042836,0.5682151672711082,0.36053132670976606,-0.33155804796771376,-0.04313072873327996,0.34523551457368906,0.16280216762152544,-0.1768764303112014,-0.6405592340811954,0.4190728091374526,0.0008852470605877627,0.03677666801870638,0.344367522457801,-0.013250282049137238,-0.43266486919919955,-0.4542060934943552,0.7078895598216559,0.05655648431758406,0.4118884241418428,0.12003509716743516,-0.5681114021747916,0.38448947403429246,0.3923701015391034,0.47945943220154,-0.06479254334731054,0.12867475876549217,-0.2141651046637852,-0.03298700319360302,-0.04503160401500113,0.21197127634856963,-0.2861039783393697,0.9809610754490377,-0.3593445957332001,0.3016971230602172,-0.37240386579213725,-0.03788960894126124,-0.1091974555894003,0.7106231840781405,0.19206563087311065,-0.1525445720057991,0.14568562508748012,-0.8036634653975983,-0.003043667830739699
0.4810800011552552,0.8380709875276986,-0.41534570495165674,-0.6593315131146248,-0.06341452203762567,0.16848298241768397,0.3774255370241616,-0.44067797497494543,0.07661193688018131,-0.8435779243452922,-1.2287524918654467,-0.5752233477979437,-0.19563915407557575,-0.20879659931495542,-0.36872806476268655,-0.194078187691906,-1.0223822729914291,0.0313803462993663,-0.3324036425626028,-0.24367794687913988,-0.3426715491716683,0.4848500291033759,-0.2583508543289031,0.1838148314653865,0.22040914071413664,-0.2306636381039457,0.5531096910453613,0.49572401302676994,-0.07068796181363278,0.020156221254017302,-0.8551185996984444,-0.11563689399078021,-0.10676418699546575,0.36665059487730095,0.5165252301562938,0.2972752568832512,-0.30188995959811266,0.03968002131595057,0.28067234177174455,-0.06901468064432587,0.4771100268318431,0.23819976489073189,-0.6068168901940042,0.3595771162054786,-0.20503752235897027,0.3046444097436576,-0.008569209667965913,0.031015049533879416,-0.1984113216934919,-0.019666084048434805,0.21073948743480692,0.034847444035759345,-0.18465845580369483,0.5159902067263221,-0.13566610746370544,0.15176615997393555,-0.49128421313053383,-0.06745679589797977,-0.10860581253809164,0.619212960726861,-0.33984691080561924,0.16886912632027976,-0.048200209749843584,-0.4559884857776595,-0.08436650893067651
0.5703027742191354,0.3864070076356967,0.20351485971307176,-0.8321344254087305,0.05733536470910464,0.2569284890894662,0.541300647582027,-0.5231293034409349,-0.08472355988620743,-0.7495107213367077,-0.5068855701173154,-0.5717183503857498,0.42855088090446186,-0.3626483297939277,0.019980437639001578,-0.10052414226399063,-0.34065988204279446,-0.2661095823099674,-0.4639886241869023,0.5338875992105411,-0.7043750204582463,-0.06132101631811582,-0.3542109691255071,-0.004973581608345587,0.1804343724561272,0.22097563484119806,-0.46805386659637316,0.13623422007326894,0.14650125118323956,-0.27155190236690724,-0.5550460962365562,0.392128556968872,0.208995359033595,0.5370549166376613,0.30193918430382427,0.5126661546504742,-0.2750800660016902,-0.7904372737705931,0.7392174532607261,0.26880202049786817,0.2854262185321358,0.2520371679061029,-0.6879278690239303,0.397456984218606,0.44626084783516085,0.5704659546537384,0.12283445038625784,-0.1582799801730192,-0.13547766192023647,0.05415268038504781,0.5099099609079466,-0.3284803687231793,-0.25375019113435016,0.5704183711351345,0.004612886949850799,0.1568174445109053,-0.005077616180496458,0.03671504548464875,0.1538374588827474,0.9240479803395762,0.2417873486231742,0.08228346490305909,0.516850722285106,-0.34857906825264023,-0.12125274705846371
0.7839174603512356,0.3283731960656788,-0.27313273478882133,-0.8449898573280356,0.16082559520147877,0.17787257071156187,0.44159378647036324,-0.07644075835959964,-0.04548487119038614,-0.9687526371268309,-0.5677567464994044,-0.26145411176413447,-0.9488791613717372,-0.12374871223884976,0.13281425666435762,0.28665545902692646,-0.8754394087953951,-0.27124459839302284,-0.22985492787719947,-0.01984364642491762,-0.4428329284092045,0.15078954886620477,-0.5424083643825117,-0.05920159876883428,0.33785214801665214,-0.3209058170514366,-0.014925179177088826,0.21149471924691066,-0.006874879176870234,-0.6132192830428245,-0.7592427645756746,0.4189995715473566,0.10880727411337804,0.3075068524569781,0.36872724307329635,-0.15009214757429457,-0.12671501505945593,0.09916333799394016,0.6048392734968717,0.2589996940908203,0.9433928013676097,0.08009093177036705,-0.47286904935630053,0.40258283896464797,0.33531764366965877,0.7320944025816873,-0.014862468198555787,0.11687643292001611,-0.2856096959606985,-0.10842902641368163,0.44069674180234014,0.23972809241589865,0.03439743298889635,0.28920341875149813,-0.20719665691950243,-0.07557929459858438,-0.37562522684791877,-0.2779823462798293,0.10563782823069327,0.9525500392168285,-0.04114818547858447,-0.2907454964898311,0.22734488000214312,-0.2302162344731846,0.2533112621772805
0.8852342091688482,0.1613336790027327,0.28290027577130383,-0.9198313929124097,-0.35392707922370503,-0.45478215685637596,0.49903483904950796,-0.12545888431040897,-0.1293878198243137,-1.0233961800364932,-0.8502594550679888,-0.7108469401648072,-0.238363952943143,-0.3426976594042502,0.17314810648070975,-0.6051461512312248,-0.5259848414138655,-0.1355179530250824,-0.2988467872189202,0.46636438260724355,-0.09045398331700047,0.12699082999403172,-0.021929130342956266,0.23358401131026668,-0.06360739961298158,-0.17880658387462472,-0.0856996609406097,0.19973448447672032,0.050382662518050556,-0.10443466174907462,-0.8535118454220566,0.04429976106266576,0.36717935877251634,0.32519807088187885,0.3559975320147365,0.09586988621414648,-0.15499391354298622,-0.24676321411490776,0.6484054714891314,-0.2528643612594633,0.5729603594608335,0.16837057514222442,-0.4807385715522381,0.14645077758867875,-0.02668254792416532,0.7583533552246497,0.6220286303224464,0.05249076181919375,-0.3011810564471268,0.1453781265240841,0.2832083819229812,-0.186841122034053,-0.11508369564531488,0.007996698620746812,-0.602827891073882,0.48851327302298564,-0.07109388775020148,-0.41093596841481833,-0.03119444117642345,0.9824213848643991,0.11909329247097332,-0.018523647122129575,0.0382500124160212,-0.32554172259798364,0.12203304070008889
0.5572017499704955,0.44672369522534655,0.0248309479041134,-1.201435772867061,-0.34515621098331384,0.2216658546288249,0.542484957196036,-0.49485559316370065,-0.15527305804165237,-0.8214038601042324,-0.9149201746197427,-0.2954285594829968,0.033776448909596565,-0.18449409372313538,0.24541210807797043,-0.509835620341965,-0.41173851758623153,-0.25584218100929634,-0.3350432555671298,0.11214726106613648,-0.3137560092778072,0.14649945470653297,-0.05701986560394828,0.5246069622430473,0.2317224028278078,0.14247238920213973,-0.07058076899335111,0.7046722629178327,-0.306323886694889,-0.28742047916030194,-0.9818229884790187,0.028022162589329817,0.25900549238214743,-0.02417609335503075,0.536477242145288,0.33086090021311365,-0.11259234077293026,-0.1722577859031345,0.987091795807278,-0.14287432879240292,0.3797031195172573,-0.0048834809404960655,-0.5534262072368366,0.5899145374529567,0.2071979978764431,0.6674759337295386,0.12034409518083099,-0.10228011955700773,0.14554133911725797,-0.31282143303297455,0.34078268088922564,0.034161246584673885,-0.5624462566492477,-0.16764781791974248,-0.22008436877686888,0.07289080800957434,-0.3146193960190495,-0.1860192142772435,0.145775496089053,0.7263674109802533,0.35456313061772593,-0.3321096863175197,-0.020849951603847644,-0.12598384368883575,0.18764965779098747
0.6860116585618348,0.32268768501468503,-0.05259711679565089,-0.43603708363605215,-0.1736840754925828,-0.1576013840815203,0.5632544422348492,-0.6170488931670207,-0.005772603181048469,-0.862610615538196,-0.826325971908733,-0.31610180917887426,0.19442485732224724,-0.24617150710338406,0.009734782460981764,-0.5432414556721697,-0.3295293162747617,-0.3973058474171577,-0.23324762294499085,-0.2226273418562713,-0.41700471109677784,0.07955537730345459,-0.023778586003163515,-0.3213568282096338,0.0647574055973924,0.017342591294101928,0.6379559066292906,0.8184948673050054,0.16320926271871805,-0.26532839007713444,-0.5805279291643557,0.224852966556309,0.2823399663507739,-0.046323366191803994,0.29623347495260854,0.16732866382043898,-0.05138471422735218,-0.5791824176716834,0.830595687887315,0.0003047886480815748,0.18240835928446528,0.16540109977494483,-0.5596209946209275,0.5611879720934749,0.22784321500043225,0.8805180862949405,0.12466985359072331,-0.32270666318602326,-0.259046841336256,0.2640294444389995,0.13595355747879515,0.12265580976073341,-0.805529830414647,0.26236782044648066,-0.18790852736223324,0.31167745746766584,-0.24901240006408226,0.13526635647599994,-0.27962100525297234,0.37038094529780435,-0.3020371026103005,-0.27958506643383607,0.05168477213734621,-0.23976929365635158,-0.008938722673588126
0.7294691825787674,0.3390005096460221,-0.15577944536267246,-0.4118443131525003,-0.33436382850856594,0.33512599914723556,0.5541751455141867,-0.3482876843227233,0.13856306990042405,-0.7490084716365705,-0.6815590325235277,-0.3072743646765918,0.2727223483307265,-0.05829612088521094,0.15400903427563967,-0.3257896188459489,-0.6467933101381047,-0.3591542801618226,-0.4965917373491264,0.1302823947139074,-0.46274842023651386,-0.03823180887745012,-0.26173137658232654,-0.10208455581423916,0.4586370471817986,-0.3379525790815406,0.6969415015075198,0.3843637926241351,-0.033178165493049305,0.01630593046778691,-0.7351758266808219,0.44573813476782803,-0.10344295111152552,0.06259182223421617,0.38771942812384197,0.1624428012127639,-0.553874707258365,-0.5607316015324736,1.0170034733095448,-0.10565039922346575,0.8282024752492254,0.1639014715835923,-0.38897008200902294,0.5369039554958055,0.16218475359883364,0.5313565955892011,0.3333281176732659,-0.030002952330482204,-0.025804534370155403,-0.2605361987516079,0.5999671505261626,0.31769159859405066,-0.8289826811023845,0.050604242716176404,-0.606627089926806,0.6195324161107474,-0.29611666451278684,0.11968737623128109,-0.34509774546847694,0.5640850388646205,0.13057328802100454,-0.2695022020661749,0.03303693738390717,-0.38174909650426403,-0.07751949389859575
0.5389168603239934,0.7904767863094273,0.12297294220846033,-0.8466779238936288,-0.32284308258335853,0.23612162483120122,0.522990836591808,-0.6008847759038222,0.09082459858228877,-0.629434234170075,-0.976233434966805,-0.45560184620792427,-0.41807240657094247,-0.3968146285855025,-0.21087743840136675,-0.11486510310243557,-0.5680771912026196,-0.4402612300873152,-0.34985655111596575,-0.4022977734452128,-0.48593819353652473,0.05904706020234561,-0.5617628696522691,0.0967412639730475,0.12767644750201346,-0.15077118124861885,0.208827016189751,0.9268224997532838,0.23314887221350616,-0.2676558502143243,-0.6825095697155804,0.31246608698760436,0.45206583210382595,-0.15504212512378615,0.14298526197783434,0.2966002438967803,-0.1059661141240503,-0.40774319858825936,0.7200487186139588,-0.08756199239363187,0.42929927115039945,0.17108436222588913,-0.3528646012715181,0.36422545014841295,-0.08551353874943901,1.0619471953709239,-0.17823594313813584,-0.06381832682141927,-0.15007234219586701,-0.24577735568558004,0.17256840919667965,-0.05022741544899065,-0.48979465438053105,0.23418343042525544,-0.21433667827308764,0.3021641303337045,-0.3521401928837849,0.30764049128310506,-0.0040341757083350305,0.39651884507125545,0.024318255407556937,-0.38834787584300795,-0.15662626531859913,-0.028052151221219804,-0.018608559454780134
0.7506629311956775,0.031581723219930025,0.23710598234310137,-1.0103431938647596,-0.3844817154782323,0.11726060794920484,0.28087717805498147,-0.3500907602610098,-0.28232147324911905,-0.9748743166463953,-0.8273369026281223,-0.1322338635401109,0.8343971128143602,-0.28774418536824087,0.4918466486711303,-0.5815654458015749,-0.6806347970481892,-0.32021649589482704,-0.5199122703944378,0.6549544992168453,-0.459178186444987,-0.012781608510635603,0.13870885233557628,-0.08689672989824315,0.04912000156174655,0.09452230787887836,-0.13181207856512633,0.5292998648013065,-0.10561183186984996,-0.11239403134436429,-0.37948659219754055,-0.21242750679346611,-0.1435254391206232,0.22871940710084054,0.23084573845971562,-0.06545283399461606,-0.32972193205022593,-0.6864291116840027,0.47509395110752783,0.17745733440283468,0.5232609790895472,-0.09152037231894172,-0.7579392177128869,0.5850435426184211,0.15702437733915287,0.4095431675373002,0.1386565154961812,-0.16558036749296395,-0.11585312757667092,0.25219519781166005,0.2596250870247997,0.23707920892183476,-0.3001371747533632,0.07592279924953975,-0.2867255865406446,0.3302271779912997,-0.4220340364759294,-0.524708561946502,-0.07116023597537453,0.8400099452377514,0.5838434331925692,-0.17417551539954462,0.13953815539777592,-0.7448351306211004,0.16197245918100356
0.6487921506280533,0.17129016043283485,0.0562551799683304,-0.6875738480875047,-0.5846616183903504,0.37388464711842045,0.4756560717922737,0.014813345581973877,-0.3349949450736365,-1.1281317468373147,-0.5902544816549393,-0.7134577429744458,0.3265280878055178,0.10063386727804395,0.07731663017398513,-0.4635106389429381,-0.7405827070403155,-0.38486309664917856,-0.6902233856324262,0.16727470293006444,-0.23580201531243278,0.13186932027132073,-0.3700572374494949,-0.2663473771552389,0.4699500909145994,-0.3664998275229383,-0.10734178074058841,0.4830814030180167,-0.016048403003821363,-0.19529343992724243,-0.7822043704315005,0.1489377233224044,0.28797368715012256,-0.06234581037828767,-0.007822453397137497,0.38541919280867987,0.00854897570522184,-0.4509283729665907,0.7755060821270033,0.11301950562817235,0.6603502700319253,-0.10310851711204427,-0.45984625454836225,0.4816507240943222,0.3174101236905893,0.4110235491340485,0.06285694605134373,-0.11939408410795088,-0.14392121801991578,-0.041290009219899775,0.04805478223554263,0.11436666669631394,-0.3805841788241294,0.31279674594710427,-0.39303595747432624,0.2794294516890312,-0.5007273081618601,-0.526950160459766,-0.46329016430124015,-0.05353951656044108,-0.041339697660123895,-0.18939440210233624,0.2683238289874622,-0.43982916779247494,0.020840146810540805
0.7984939887610023,0.24611726818272656,0.14286149872859638,-0.5891188344949954,-0.3728018273959868,0.10486732548562383,0.3549428228447418,-0.4862641403516643,0.011393754215604228,-0.9400554878282491,-0.9268851936477734,-0.21820918791549557,-0.1110778752428068,-0.2327768671043876,0.10257102234133368,-0.47462263417035605,-0.8171683858532149,-0.40154525788440476,-0.4095819089252511,-0.5591451107459858,-0.10374426828816037,0.1760313305342953,0.1291340030101475,0.0967134757315733,0.1738723290215987,0.3711250221551001,0.6051369385829368,0.5075792671810084,-0.08047783298822113,-0.23125151102875544,-0.6839037030063335,-0.013218699365591835,-0.0817882564236982,0.2351585702684612,0.29385782354672413,0.31046520366127894,-0.13862944374554204,-0.06515997684203535,0.6823939188964181,0.165024632281573,0.8153700716402201,0.2752897114195436,-0.3606523357272038,0.5311995118327324,-0.2725069068272568,0.3527163806135625,0.6947976875554914,-0.2749277145326877,-0.07317416149973871,-0.2320990967887625,0.3971395925771176,0.288199853806241,-0.29359137655029605,0.1172418577148549,-0.23192998703236972,0.18441762466583633,-0.051635782530195,-0.3271827773987831,-0.1846989851219016,0.581736122310007,0.14830825794643293,-0.10960390981804921,-0.08226977244746922,-0.4408295820899355,0.3375142675278215
0.4705657990878515,0.5387507627744893,-0.0888988393345277,-0.6428449167059385,-0.5398357975126563,0.018102963751241964,0.531157874827475,-0.42457825087187556,-0.37268314044740747,-0.9812294596742694,-0.9210031040786446,-0.5790857521289048,-0.4228543529025891,-0.18103073667626446,0.11159304747451307,-0.33256341682224055,-0.5038451068844534,-0.396232188495434,-0.2395444258285233,0.04567034392855805,-0.32716536426598675,-0.10651619790020143,-0.42638140993545687,-0.24212291996115515,0.16905132286942973,0.0059232964670532795,0.6819076234877229,0.6850601903514593,0.12791870177408285,-0.4694519846862469,-0.641064737026378,-0.005175185276384081,0.25523181102105474,0.045781893270587765,0.40668404829181865,0.34504835684048396,-0.08770257298704574,-0.323497779694294,0.8434583578326303,-0.014101136618587501,0.5835986614055223,-0.3228665575074475,-0.6825405528117434,0.5014831594195818,0.15671927010061484,0.5807981020254197,0.138558124146784,0.028443985814477574,-0.0711678235369637,-0.20341520932708584,0.3546558813403183,0.3555533371963274,-0.0679144092368932,0.39859878746470706,-0.41365998693822215,0.29872497482428395,-0.22536447927351894,-0.20285309595719886,-0.1037010449359257,0.3331072018595412,-0.19477762758649608,-0.33489591595033275,0.10932896775517983,-0.21924926689310026,0.22004493482093326
0.4124749145688064,0.4802574503360257,0.053723859674303896,-0.7003604940208242,-0.27464149207227484,0.07760557526107675,0.6892849275090748,-0.8070705327844434,-0.02642502355158778,-0.7442487138193477,-0.8336853610261559,-0.3424856699503074,-0.34243422641377536,-0.15889784810140506,0.2641006636574508,-0.24122006109815866,0.04707814946770643,-0.4287924502306907,-0.5189839336944928,-0.18131362267411136,-0.3910808815112952,-0.22083560292006627,-0.48959670280729795,0.27310899107871583,-0.061620207323480405,0.13085266498840326,-0.06695741870152723,0.08505592406168774,-0.17014803373401616,0.048951614503002755,-1.0031996396561493,0.3661052049571652,0.30642053832484456,0.5348289975663691,0.21377292608368803,0.2721443952900374,-0.494138306471528,-0.4554909123606734,1.0189799420313637,-0.12231545308711292,0.22103867200885288,0.003634119186083723,-0.5239302839505984,0.1550001711428058,0.2423772211468026,0.6132506648119302,0.35706634082706784,0.06421090140513942,0.18920551798519455,0.014987559018228541,0.4474198483890467,-0.1575402963453469,-0.26917270826667405,0.2836317000945274,-0.34835295871702177,0.11387115390188252,-0.2209923825483312,-0.26759948835233427,0.015710061958169222,-0.03395694332143469,0.3378424111509713,-0.055490627505039455,0.1383410166951596,-0.11482469342255466,0.08413161039489642
0.6091842720964644,0.058526279684113225,0.1112798832219944,-0.6506845545077036,-0.4716353285132686,-0.022922452613632276,0.34085539862455483,-0.6845998280942724,-0.26690273197355047,-0.5362212254262305,-0.8790778158890344,-0.4401638102696155,0.10545728028403002,-0.4550741397830577,0.05836775314523285,-0.5300276174344649,0.07630829466164694,-0.2513341156549367,-0.2717769345801954,0.47512080749718144,-0.20688498065282263,-0.005017803107143601,-0.1925657172181191,0.22895307370402068,0.14151143882185233,0.031882886288675014,0.6309164639127091,0.7148480006036797,-0.03424248917720921,0.052304401355599564,-0.8099276659728174,0.19562778120088578,0.5217924350032755,0.07242190833091965,0.36263106267558437,0.27299212069413226,-0.41874697785373927,-0.7504156698012037,0.7517564293120607,-0.15715921809666517,0.33870563245353524,-0.2823644165163744,-0.6407175129541237,0.18539655308300906,0.33649741603732297,0.8238856591301433,-0.14076285668351723,-0.4137260401249708,-0.00198777875629072,-0.3189770646695068,0.4291722387924623,0.6126079513202207,-0.5969912040624084,0.061036036148555614,-0.2511693952548754,0.0347461861431292,-0.42018945729889223,0.1780944057008647,0.009750692885126824,0.8697255248627135,0.43282547302492286,-0.3572189019360272,0.0754360530732402,-0.1216508523083441,-0.03183677562472492
0.369052631994337,0.21399506215412045,-0.0760103488845302,-0.9408865763725267,0.018742946320691123,-0.38933390187602557,0.5670454222590542,-0.41203428922802293,-0.07217819531709135,-1.029733540257327,-0.9958154712842937,-0.11332337176885246,-0.4820516977649709,-0.2751160256266141,0.015106293728795746,-0.3031735060968616,-0.37758183675516294,-0.45824649095367065,-0.6525688720029447,0.1812590685761028,-0.1556698770282594,-0.3290809140910024,-0.24792492689544718,-0.02442072888950958,-0.0327352067122367,0.07865741137295468,0.4737770055421071,0.8088324451246436,0.07750238231469514,-0.633497488874749,-0.6655279895534495,0.22290343668079654,0.16543512807729777,0.08051625829243649,0.3793869868423399,0.06266699872110651,-0.9887375464668452,-0.8234694700967111,0.7252306990502797,0.13068042616742215,0.28687090903268864,-0.2761859916959899,-0.6547711592261284,0.6501838813731549,0.034938243684118006,0.8087203315575285,0.09332989177218373,-0.13589040408659436,0.10749206633725365,0.13094864911704607,-0.20550895113913395,-0.0010907398469001683,-0.7388948015990268,-0.1138953032742002,-0.42173421156288315,0.09719786758400131,-0.4514495391828918,0.04989690497961444,-0.032083853629297505,1.1237950778666468,0.6221068089933144,-0.29063591477130996,0.15786034132376922,-0.08343073442589627,0.3208509648162119
0.3242683774970892,0.3830337055951969,-0.08970755883737531,-0.7170900768615892,0.04772796754159772,0.5734813700923744,0.3107478935889811,-0.015137995071588195,-0.3481400877680395,-1.0016046279878954,-0.8782323220276291,-0.09857903900213888,0.8431035211994086,-0.2948666876654007,0.09065398445913324,-0.03357043454438989,-0.44804305478679307,-0.4184339680582473,-0.6192758051677797,-0.1936243736716139,-0.4094802623694821,-0.18289591730554539,-0.581593957470041,-0.3688429138418493,-0.02919767388193817,0.4871177632747795,0.2869910506003335,0.8045058187086657,-0.15103834353654794,0.20916686355490813,-0.9071869500943605,-0.10605268944771438,0.12651384684000994,0.1967191096186594,0.06915887761664523,0.17966803124093492,-0.29498272404205095,-0.19029917208621866,1.118147379623533,0.33242841343575735,0.3511013494383138,0.30871447049394934,-0.7045938522919742,0.3065151165339745,0.06663656348030943,0.9578073842113132,0.22152577721811978,-0.24775472266350723,0.051906644875314434,-0.03992662962760492,0.549448559606217,0.4943787167844523,-0.6657067148191016,-0.09816944455787725,-0.7590918549300093,0.05691990998475166,-0.3488084706155063,-0.2271013994152294,-0.2562257243938979,0.48650511109820604,0.06439954143726172,-0.19813321267264378,0.12268830588486276,-0.26396059110182735,0.1597863664474065
0.3860265282613108,0.15314508294653595,0.009435358642876618,-0.9046644356390444,0.168691775909882,0.20706630437152157,0.4869584238009665,-0.3074786103478994,-0.40955088093867087,-0.8932714407060542,-0.7845004730682331,-0.48380557271445546,0.45858327750503697,-0.24096152613970406,0.3446105689785263,-0.6793349398329317,-0.6974519177257223,-0.49800656929930437,-0.4990877096748069,-0.016337833189088123,-0.07371075367551966,-0.17337165551514128,-0.030637839676560183,0.017973158074168924,0.1972537374123652,0.4436057164990647,-0.31879396362049484,0.4837139226722062,0.13033277732032478,0.16877819146695705,-1.1204180735295017,0.490996449362066,0.40232273293516974,0.212879019309311,0.12610292041216548,0.5071344301418143,0.031076625888962053,-0.5641968181938168,0.5852786723585202,-0.16378254364771522,0.7436041846223698,0.399212084227167,-0.5870940006649841,0.6009215014305878,0.11198429812599037,0.5023692551249589,0.26767316760740295,-0.27796288412965725,0.056004430196227944,-0.28187495314510014,0.5611855116897833,0.35084597658980265,-0.43968206586628594,-0.35687908183537975,-0.5045537854520676,-0.1512157553423823,-0.13692187657979768,-0.09526260637280698,-0.31661495447140536,1.3185384831413416,0.3586770150553711,-0.2663449318542049,-0.05232754087768085,0.024970099895577864,0.13705214132040527
0.5046884985057849,-0.0013865463699209019,0.21541511024458793,-0.9851744472288699,-0.14786187017131974,0.04759669085610725,0.5865206666731576,-0.7402165901301272,0.11549568110062637,-0.770168569460157,-0.6944723797162311,-0.23297564064436113,-0.5575472217367701,-0.35221559115824186,-0.03730039467750629,-0.6709974691450045,-0.32790237321107074,-0.3270019816500415,-0.6427825689107972,0.6738001304373897,-0.6317600639784167,-0.23735730963714397,-0.16176391598631806,-0.22179155355572142,0.08629370746551504,-0.14642626126963465,-0.4517210130827721,0.7359311170952324,0.07069402561700175,-0.30552353834571755,-0.8053060255727474,-0.15599033829186923,0.2976535632114069,-0.009601140960900624,0.4631779955667668,-0.0038925368038495722,-0.5935610423817455,-0.4818516864326783,0.6000330536349715,0.023595633555180583,0.5013965339617664,-0.31491084387136836,-0.6994061251573132,0.3177357802390566,0.04268685830750551,0.7441191039209022,0.049306299001718824,0.1148193144705554,-0.15244753530789618,0.021577068756523654,0.7213126189806323,0.24906453891263974,-0.5209149045842575,-0.009049282295808772,-0.33183171002344963,-0.16963874845376614,-0.20418773706492843,-0.1186643645461639,-0.2657602093809558,0.735772281382278,-0.11326645774815529,-0.448349262574269,0.13425241720646325,-0.14819486599653492,-0.19837855177079577
0.6605890014625,0.11127637041744216,0.19040538930560214,-0.5699782643143875,-0.17354974344787927,0.11946788810200237,0.2733178626788112,-0.32246227983068887,0.01341345022275324,-0.9941723263336049,-0.6030013483399018,-0.3525454061665102,0.03573415796847344,-0.2731867615252564,0.17437126397751448,-0.39165926707865906,-0.26700601674262453,-0.4269442250251173,-0.6420772992683438,-0.13172455442025266,-0.21749552646548836,0.07844781512905764,-0.12014250981475662,-0.3001502947618644,0.165136316417082,0.1444601466704481,0.13062380869814727,0.4486363422755766,-0.07352500669888495,-0.4133282152912931,-0.9277583510795815,0.5494461134539167,0.3588964191630631,0.1511615009864019,0.5189033877610196,-0.15686869099894016,-0.2710810156524168,-0.342994776684977,0.5758004149012714,0.07796368488830188,0.3518925073466839,-0.2763164003245669,-0.2602285186444325,0.724193951887244,0.46929756173327003,0.42592657018892677,-0.2740446348499155,-0.42613017155494903,-0.32367607876736243,0.2282110387255349,-0.18077968046440157,0.5149545338840564,-0.17829624660028798,-0.10218859430372382,-0.02803255738106454,0.1751655828335927,-0.17607037062849862,0.13481321203972912,-0.12093243335234953,1.0960462219628013,0.5489950754695074,-0.15352793057348085,0.03740584114094464,-0.17603779729712565,0.34813151271642095
0.5987261592917721,0.10443195257280853,-0.21908283064885042,-0.5393885840360982,-0.1613441490372607,0.16227059516756043,0.41433129095359167,-0.4808298602909946,-0.1719523112221219,-0.9761174466698335,-0.8983872622188908,-0.7918741177618941,0.06005447672023201,-0.0693990935312579,0.4076089292893192,-0.6083258829677876,-0.539861329065763,-0.21113766582562823,-0.7111155774697187,0.17514481745946128,-0.18498724331020117,0.0543792770872676,-0.0508732520389453,0.4791012270266922,0.17799690456430178,-0.01622363840633395,0.005041420267193661,0.5849364869521515,0.27953276175801356,-0.3031773433399595,-0.8233511976882589,0.2821024956754583,0.2598001011824344,0.2534320300082159,0.6360972814632796,0.18349005263869755,-0.1975655744639248,-0.16145291443289286,1.2275892084597482,0.08835513278801252,0.6236388547339384,-0.03365773655423422,-0.4619282380882308,0.549472848747176,0.4088169844318493,0.9188268142232365,0.4287924101201033,0.10024236296822801,-0.10831218308553967,-0.2059652622500748,0.17353994358332478,0.19479401964261753,-0.2089205447369878,-0.08342146857975864,-0.46022167801414815,-0.03387972304340871,-0.39012841672736354,-0.14397605844304112,-0.3898673544573077,0.7977129157266148,0.008311533955711645,-0.5287038932098647,-0.10683509592430224,0.08274845736685296,-0.34472592348658926
0.7139907592650073,0.3601145477548955,0.11996126825715553,-0.514107409434395,-0.4721721234061029,0.14600079559497756,0.7032936436223228,-0.3964193767016081,-0.328391513635686,-0.4837848660976014,-0.8103864403696046,-0.5311706228304895,0.1601899651232707,-0.3878667945391653,0.0665545002272609,-0.5549982125668911,-0.3470110940027594,-0.36623738828138547,-0.30616876571272034,0.16765411479290376,-0.42300402412034843,0.035203352597832846,-0.22332119948997242,-0.14996164845491683,0.21946743352974765,0.035747036513192304,0.32942560564167833,0.5737334827509812,0.022649037371550662,-0.04741493519635749,-0.85205924242896,0.10969667906619518,-0.14373835164158816,0.40488743905346575,0.35707469248126983,0.005094795608523661,-0.6297037547119669,-0.31553739360952443,1.0968901592250362,-0.11586370054160937,0.512629543344471,0.20368248852467294,-0.5055163561629769,0.2955513240376302,0.1893801278109703,0.5550855028182738,0.5646778672455877,-0.019458409599656855,0.12113965490088434,-0.16018828658602854,0.39733467444537207,0.7002421898138869,-0.56747346957511,-0.044225466070379804,-0.34338310274209705,0.1419883360364529,-0.0094913984795989,0.11113742086003105,-0.5178914326447414,0.2540442131225083,-0.21224435112373274,-0.22586622593951156,-0.005160017353473503,-0.09348544414960697,0.0685031811097304
0.774835346231028,0.5779245919517139,-0.2897246267811336,-1.0548933889515781,-0.44342195354471203,0.20446805079209934,0.5376323803498337,-0.5246544971113907,-0.15702403777658114,-0.8551288941317645,-1.0991026635849759,-0.5584676792899795,-0.5667770485727047,-0.18000049646252872,-0.2494246785686861,-0.21654443510650545,-0.5368946292715513,-0.23813855412160917,-0.5909355567487622,-0.5434952227116868,-0.05261742283843829,0.03354705640534787,-0.6235768629122455,-0.022690650050537484,0.20352991009758986,-0.3624386005971203,0.5454076507675867,0.6132090359991376,0.2413853757104593,-0.2237381500822288,-0.585611794860761,0.08428516933537987,-0.15408878400489653,0.09615734119525715,0.38922505849258865,-0.4801475732130228,-0.4974953010363439,-0.28878494321412607,1.2919253943649749,0.08653570902471443,0.6127915462190175,-0.22352748486370067,-0.5305093192845868,0.47507639432791987,0.046993877563970415,0.8053923222937032,-0.22584318843239343,-0.2510963063536264,-0.0012668628451502212,-0.3148150945243674,0.16020371581465265,0.17746527482512153,-0.39372587902929645,0.018783702997301643,-0.06187104275021066,0.0753560547611456,-0.5752956777285929,0.10438065234902869,-0.1296716749514644,0.6080483435915048,0.06025460816538665,-0.2849809264321944,-0.19075831432028495,-0.292581407627698,-0.17814178321523688
0.21122278678722536,0.20145728976555935,0.11835873584912768,-1.086589648033415,0.07926855789358861,0.1163898189871254,0.32449947356143516,-0.8172930869093206,0.043772073918217504,-0.8277226868370551,-0.7268104099201829,-0.25279098874799844,0.5868297997656748,-0.24140898701986768,-0.21773263213278,-0.3281389550622218,-0.27045174939278105,-0.3355133922707423,-0.9027363621373746,-0.25390027227090906,-0.34446153582177785,0.022833896357792774,0.47114826119645664,-0.06331284633877036,0.02982044807396221,0.5115576440735327,0.20453285545159627,1.0116257181639834,-0.2377813736027677,0.1721882546360516,-0.6144750543982966,0.5631469508127493,0.44937746967399267,0.07533750868690042,0.3646166947037481,0.05418434023231444,-0.27727784898791913,-0.3336123846166359,0.8653310886832735,0.014490792579352478,0.5245631788583675,-0.16009303894540478,-0.36503341000728046,0.6203717668468179,0.11061688276906533,0.6180916353029844,0.1829540295904727,-0.29849282864137494,-0.02128483566514732,-0.14129367583319932,0.0196002673508556,0.5843150731337241,-0.2019779323453387,0.23756767124924208,-0.15036942227242037,-0.11075924318884696,-0.02292034405294667,0.512291681029509,0.33861724844325575,0.3155164514822344,-0.05559366239159087,-0.2213731060100749,0.2835314360611565,0.17765953398682838,0.24706427636809608
1.0448978938273146,-0.016034108048535986,-0.21990977343284313,-0.4355732912285798,-0.5440802227430639,-0.007482288576166712,0.5080770344932466,-0.3605020318154656,-0.07508375839127737,-0.923221472311634,-0.5220578893522165,-0.21682450244014,-0.5923866138704067,-0.19167910425057466,0.14150116712118224,-0.43200136469799916,-0.9275974907785136,-0.500847033569924,-0.7173626055224893,0.03569829886445471,-0.5057038162384522,0.24425469437381647,0.021840037011314886,-0.20112974473148332,-0.04622403463995256,0.2501775640173114,0.12359990682793986,0.9130520579073713,-0.08285299532207122,-0.23338405748086677,-1.1078668845908366,-0.0056107005236809004,0.3111721461465909,0.10956862131179536,0.4256232442161406,0.14409164773698951,-0.7187860575687185,-0.39830875090848794,0.7085171173952257,0.04284814896126464,0.5684030646968485,0.08176727551131989,-0.7745239801575632,0.27114583872368264,0.29405123522851384,0.786780554916397,0.09161981945798556,-0.25262435069430095,-0.03880975625026821,-0.039670957497547225,0.65693008807526,0.3161821168108792,-0.5516308178976903,-0.15797735749662764,-0.3175265282923265,0.14429048871005107,-0.06665682996631467,-0.016117333743915913,-0.04370030757114371,1.537291903377391,0.3588691962641238,-0.08905762069851385,-0.04118772448152333,0.03194897715068429,0.1466191273207779
0.6183259663907498,0.24616365046308752,-0.17408669467893367,-0.4508807397207354,-0.6262424274034447,0.416009739016863,0.1975252276415524,-1.0759535596862744,0.20620879389083147,-1.1783173630850052,-0.3688320131163945,-0.41712274651988845,0.11519428919948732,-0.10213640189324368,-0.08210147096113324,-0.31010578018518026,-0.4471283039843038,-0.39942192005781635,-0.33211883097195355,-0.1575654035026239,-0.2958933015569579,0.10294871248851045,-0.18307521608504831,0.023901791229489322,0.42790522606915626,-0.030788734175091537,-0.21049049180339788,0.7301757751761461,0.18501007345027096,-0.15331430709630572,-0.8729339087159105,-0.390724122431708,-0.12391806403829961,0.1325367089923405,0.2306934504113481,-0.023783602838700874,-0.4277656361893253,-0.5725987097196511,0.833670656235612,0.1196081306831338,1.0276893748203493,-0.541052450172478,-0.6185033808609274,0.39711357718228646,0.17873561538849037,0.7515907653554255,0.022570560454058912,-0.3035879491434024,-0.0644834511335654,-0.23575928828588838,0.032888772578545944,0.4705559510336135,-0.5811812515317086,0.5155994242484487,-0.6299688325576227,0.44709161955289045,-0.6896574067593367,-0.13031198853101247,-0.16460031954930598,0.6591079248291674,0.06267712295430952,-0.28620140198339866,0.22007042555597756,-0.2654426111889883,0.06483461745137292
0.5745809570875366,0.4084279115620024,-0.041969652153100605,-1.1010238417239766,-0.3500760744546336,0.4056471383436211,0.09215650209477136,-0.1458497066286464,0.007445378140706865,-0.9741545048360613,-0.40837217586582236,-0.041770140142344994,-0.3318537702648476,-0.3674102043028999,0.47148470831191647,0.02551965605982355,-0.3862874523373177,-0.4002426532194556,-0.2869254062699761,-0.19245750479669205,-0.1363545048016736,-0.04588546805095561,-0.27093445666670357,-0.3661883414946573,0.10100396783269644,-0.40986025554159183,0.15020138214258594,0.11267873208138193,-0.03318366681291779,0.09594185218825059,-0.7646016501388708,0.21867269601462488,0.015842999196720303,0.21080296415167116,0.3277653661210002,-0.29077501832554364,-0.3409924296246829,0.2558487575451295,0.7253896276446673,0.13000941155762497,0.5156473293734967,-0.33201176973644897,-0.29772731573379696,0.4753258673796356,0.239889348069988,0.672513771041716,0.040992677249870046,-0.260428947745544,-0.07748377236681059,-0.036884505440067716,0.3607279581398046,0.4623757104914267,-0.44860056992775527,0.005242690740173514,-0.5766973075040579,-0.09361549378364369,-0.37612846775464237,-0.2513272084413336,-0.22958489635707824,0.4434764614249122,-0.24816687453998487,-0.2584187672311172,0.1341533933368775,-0.3012239425345761,0.14066431472316654
0.2654541021621718,-0.03178993280739155,-0.3242307999220583,-1.5248308599641438,-0.08132016959483342,0.11727952774579464,0.05277784117799976,-0.9819484627340483,-0.14090897120660362,-1.0041596050153547,-1.2253159346038673,-0.3788572406480986,-0.7497393565138798,0.052557264007948065,0.36741642221691445,-0.12854861051682068,-0.3962559999348698,-0.3539580667942039,-0.43609742309978,-0.3731664324786745,-0.998784428884925,-0.3162123440011679,0.06092170294345645,0.050751489743349434,0.6693585801296048,0.3606555072698563,0.7091615226198958,0.7046849519911971,-0.365708515583128,0.022418789019865992,-0.6176435851719427,0.3385152469691264,0.3537842538659821,0.3377115791177385,0.0838339274543881,0.2930163776100785,-0.2556984834483973,-0.16090861888121022,0.5923404754219794,0.2010321734758459,0.7650799772251987,0.3298926511829855,-0.8038062416512546,0.3923739688428033,0.41245995946665137,0.3677731802768027,0.7219692691651454,-0.032314383312650866,-0.03017483595618141,-0.09646566233651546,0.2667098083868588,-0.06174466289499157,-0.3933590166952063,0.3736752530963241,-0.2520353495373049,-0.27671886103230986,-0.012024920784274355,-0.33671548727627953,0.11926110678665006,0.00629779136858967,0.12325838564753719,-0.10090473320425823,-0.18635311579339314,-0.21041922115410228,0.34562705370585695
-0.271504904632957,-0.0005785087429971969,-0.07630407000997638,-1.5357194055662262,-0.35058281992007617,-0.184125194637808,0.0743147163847145,-0.5007287068319728,0.06271437854174901,-0.9512662141659599,-0.5606879758887778,-0.4714112770182888,0.1026952124224403,-0.3254302999582296,0.49804029526960614,-0.2972615192030024,-0.19183420243750174,-0.4656194252470988,-0.2979236398816142,-0.04005056471338901,-0.05529872004187405,0.024172755821999917,-0.10817225316746888,0.21366394230602853,-0.04335045675911478,-0.4251380010648351,-0.46447920473980414,0.06968699946826318,0.04896114958143301,0.7449952724533684,-1.082312786062139,0.22933948309127303,0.03420448570963515,0.0022141621413382245,0.48662075946434197,0.04345029429257384,-0.07208956425100325,-0.29862693159544207,0.4410639173734742,-0.27429937032251817,0.5919778498645042,0.08738350649509907,-0.9034166462478099,0.38055286162368107,0.08068525457820036,0.7191571742080056,-0.3041179188047777,-0.838924069905605,0.24701665496019382,0.06040014001442265,0.44214607743475165,0.41768680151208315,-0.05910192422862799,0.1105911348910311,-0.5392115098996934,0.1410620318041117,-0.011888411744273707,0.44417653341198954,0.2901824243979632,0.7168704690894961,0.3275439021238822,-0.42326047467356837,0.36379159096196034,-0.045671211787415844,0.11519526225379587
0.14854132201545536,0.06723086664673217,0.003708110164011902,-0.9768482716882696,-0.19290664827737314,0.26602297890558274,0.34021513089674876,-0.19872397563087552,-0.281063431395237,-1.0492352228275093,-0.8849915978496306,-0.5818676427562587,-0.15952169304119215,-0.349855405161046,0.17748045348983765,-0.04585970532633922,-0.6845361901069712,-0.3660061405060724,-0.19152897648393297,0.14716338164018267,-0.2695943325186352,0.14639728895870907,0.1133363753215477,-0.01768151987142655,-0.1344296122597457,0.0396483533251467,0.6431011149321838,0.6515565863036317,-0.2527252630938639,0.3219009106750679,-1.3852202854908109,0.3877139681449285,0.29882073994581654,0.4742514071216354,0.33743545942889036,0.07316002374970054,-0.540405149715928,-0.12954556059748706,0.6934648487476271,0.25321286365168927,1.0783706574279548,-0.07473720776290137,-0.2935794484540578,0.732700723875884,0.30070720993605476,0.629129668570077,0.10119688692666504,-0.5087173187728412,0.061307703294772586,-0.19639042271996926,0.3254991731525946,0.6051774486993224,-0.43742264693296573,-0.5331735882064743,-0.4043820925432894,0.11177677523149215,-0.3670013650183498,-0.2064280819826833,-0.030479700663796565,0.7604941444590335,0.05959394716596447,-0.44292854488276456,0.3550965034082125,-0.28060893496170036,0.36791993525558814
0.13130810226411388,0.12249634650935179,0.25207692842213414,-0.7171031517834796,-0.3547033991196794,0.2360346030755519,0.5604507402708554,-0.5438160320334952,-0.16922261865353244,-0.9425903010268213,-0.9951859023111581,-0.38402435496647724,0.322454268913524,-0.1705907093654011,0.45115825623826117,-0.3820819439323107,-0.45989616571822833,-0.46619045314402846,-0.3993837751888036,0.1026338165068372,-0.6291622223141585,-0.26903198856434707,-0.03649980635838513,0.011498825877506808,0.3167163545918751,-0.19753728409005544,-0.03513477370517944,0.46914275262783844,-0.09675874392394716,0.4028689792404031,-0.9510167650147243,0.17265455790409145,0.27897310033687045,0.13124640232592585,0.38520616907962774,-0.15496174666486148,-0.5029780697014681,-0.3056992926888136,0.8548076649334689,-0.0799200663447057,0.6569116187622932,-0.2883737060362937,-0.5426429985656602,0.4526552144679001,0.01615514071436456,0.6216480138786247,-0.1854686558882902,-0.3279443313333739,-0.1057565150988026,0.11017981495412946,0.35066339881881503,0.23429841602646967,-0.5411046284635611,0.3593617531794049,-0.22649408209174796,-0.054713942824805836,-0.21614113344808006,-0.2809566005962917,-0.41474107770911656,0.6491632033756647,-0.12862148407929763,-0.404558794009359,-0.08608668776528801,-0.18224334148540944,0.33730402421520417
0.5459310204300722,0.3169252319241683,0.2689736151659442,-0.9135562278778028,0.007044954148496346,-0.16602287283258677,0.05336307311044943,-0.1653356493387661,-0.26894588466738223,-1.3265822295471443,-0.546082751447123,-0.044107943748892,-0.444036084155236,-0.20740246230495882,0.3296350326956117,-0.4930413804455625,-0.7066228666120627,-0.5042417447974631,-0.46864273754453223,0.6447682546886708,-0.5579346642373559,-0.14964790007533763,-0.4234919512449486,-0.19995453341100683,0.63115048603915,-0.08756840363713948,0.20219778978444303,0.586115292052171,0.09000911388713909,-0.06365286270940884,-1.0311409775292788,0.19876111278665703,0.12487415430756704,0.18812120260692916,0.49601632627927367,0.4924522581600132,-0.1849643606197312,-0.693922430435929,0.7276759093971357,-0.22768266485506422,0.4160131885476653,0.07281692863171256,-0.9393408702468878,0.37758805347775853,-0.04887150271618354,0.5188855324525,-0.007050872835809102,-0.2653041378426033,-0.2867818492468567,0.15535389560503268,0.15192686138781553,0.09868610260673755,-0.6823500768460788,0.21471178353197912,-0.39944537103408,-0.07517162578213223,-0.6947072485841407,-0.1615816582909645,-0.17095072938033595,1.1199717012745618,0.5656846965255943,-0.27926332139795573,0.049482356223458104,-0.5765050547000542,0.42702740274413414
0.5447182757525604,0.14114096576574742,0.05676166345664482,-0.8145205662859719,-0.04611144688089548,0.1713341953956472,0.19444547252993094,-0.21869898156075113,-0.04404162055900329,-0.7091186713182769,-0.7903971746273792,-0.6688242681250176,0.5138713181062512,-0.19984697338669694,-0.03070511641352075,-0.6695356823925703,-0.26073955071291777,-0.4968587018718222,-0.4671775481730994,0.33479018647530323,-0.36769776034422375,0.4996806193748429,-0.2996602648715228,0.35871477548061603,0.2743548869389247,0.2742136891819966,0.21106540541464636,0.4352922979507807,-0.031117479227525988,-0.02686509001193703,-0.766240366515207,-0.09857563002428582,0.574512060400901,0.3809180108184153,0.5781252567712457,0.12158184183499612,-0.6339543366667039,-0.3942035627638104,0.4208629289489671,-0.07956007948467105,0.49232326667516757,0.02777880721159276,-0.7642303817068157,0.8191538600520372,0.06414002393910678,0.562147418939619,0.13102688819808456,-0.23235137252655574,-0.3675508745077437,-0.15280602379502464,0.3591405337429021,0.36349088516896627,-0.18328030911559945,0.2504843445738121,-0.7295833822012024,0.2370645277907103,-0.14852293852796988,0.11489933778774666,-0.1596809609211477,-0.1899937445573697,0.22995331436588473,-0.3950774432028049,0.22248574291553885,-0.05743646546291298,-0.06792409922341186
0.027603362147244296,0.4508015807922452,0.12478376612143521,-1.0378134350940387,-0.15922559976778938,0.3190858357032917,0.18973766879484658,-0.6462857193769808,-0.10113858350865272,-0.9678673426749097,-0.3982319627635613,0.039256430175272305,-0.41110764951464546,-0.28777128950130143,-0.1917349276241731,-0.42165794102368387,-0.23177704480048028,-0.39852435412329723,-0.26218763237560494,0.3754238360504265,-0.5964593935684833,-0.07371957000635909,-0.16366967699920684,-0.24462339106364678,0.04240076810972415,0.17677340813098125,-0.5008841286537772,0.7451632886887137,0.22820580221089454,0.14350765345232086,-0.663857036936695,-0.11205328544154898,0.3694000919559511,-0.11815484736171572,0.6356539634280172,0.3892439659517963,-0.2156019808831367,-0.29567906164646957,0.5603145831198318,-0.4136785401872072,0.5997588966393452,-0.24263101529405517,-1.020822810397253,0.44574455411756186,-0.061433430808479586,0.8654329731881566,0.05729091214489535,-0.06107802976958586,0.0434263463443125,-0.14692952171674453,0.1690093618081127,0.19449487172145125,-0.6124587953450618,0.12547010839431574,-0.48952132530851045,-0.27589625670502893,-0.09650330531710043,-0.034571820671590835,-0.25027919160577466,0.2065931332979053,-0.06328331559158627,-0.260683472420119,0.37536214443478083,0.19278543101405812,0.12976962694369398
0.22618306835430405,-0.22230289306475576,0.3382155177835645,-1.1430890072941966,-0.09325006354357912,-0.09511368046355596,0.23849210072939178,-0.5688909406498983,0.025299265925354433,-0.7594076007502649,-0.4778123266119432,-0.03816798427769581,0.12241060477648306,-0.3317453764720101,0.42196920423820733,-0.5293784584729481,-0.35732927643977136,-0.5115076036022239,-0.6806093824797318,-0.24869766989568884,0.10173295401233523,0.04811239472257646,-0.06231843886487863,-0.1681983315945783,0.3883699290860039,0.7690720727469127,-0.17609614913692964,0.3655076921501508,0.17470491369585772,-0.21683041924541893,-1.2186838078544153,-0.11922331967644179,0.2977622148658635,0.03710257980014865,0.6537347901459288,0.41507191652428543,-0.5818682857380856,-1.0746816771582042,1.0359113725665485,-0.05488835476073546,-0.03019742106934977,-0.4682525056079721,-0.4492273873702946,0.5518133427440419,0.13144179647026555,0.5239072640182825,-0.1948598524336064,-0.010516218883803108,-0.2586983232199973,0.02515215625148088,-0.0004177914663226409,0.4999057484129017,-0.6137991225546519,-0.0141834495526197,-0.5452689006456338,0.2687068911053696,-0.19515887152235922,-0.2955886112982096,0.2667229201357446,0.7085511984843338,0.07565388389062569,-0.2992273052196559,0.0077493874256280015,-0.39194790270979085,0.33030768145631595
0.5875059990878412,0.2060322515880777,0.19195290382827412,-0.5246517963666119,-0.2985245244433548,-0.10553252752261416,0.2599213133110909,-0.6928031111598023,0.08548902871018907,-0.9429261403770266,-0.7220196077477834,-0.6856550279388909,-0.02815534974953153,0.09013065590283303,-0.34670166961841065,-0.5347176184225912,-0.3322472750154746,-0.46703098944670707,-0.43851415300092433,0.17070779969193914,-0.4261113291134358,-0.16203288783153938,-0.01026747417632258,0.03214910412784351,-0.24630009073241171,0.7357615880327135,-0.03458782145747126,0.5526230330153694,0.21224363598993057,-0.49179109332397647,-0.9775778183746198,-0.022749846455075932,0.07367668857152257,0.36905741379608786,0.3233806983367979,0.3525223309425186,-0.7204600119355818,-0.7614602061286414,0.8331312965307546,0.05039661038352732,0.5581067710985648,-0.5372618550795691,-0.5460064879949789,0.4849129864348735,0.08446271657166253,0.28258719763711154,0.38815524736852375,0.3262898937646308,-0.08254061139303517,-0.03846978651864634,0.7038640813329486,0.5565671428456013,-0.7627120643875513,0.33485170582633894,-0.1768031157859369,-0.15763796939268196,0.19614869296977358,0.023135356969396653,0.19487391768996246,-0.04134050725798363,-0.4602004796249808,-0.23935346624422194,0.3611799459194823,-0.40217408605782423,-0.14768656725775298
0.5802559333138704,0.20484150826112668,-0.1602493503622063,-0.8239329566942353,-0.18603781601855798,0.05014797203951032,0.04185505040442122,-0.7217762708922406,-0.13034425698229007,-0.3832886565719539,-0.5761707939721349,-0.7882738382499658,0.11726665018102997,0.21250643838201919,0.03262389861330409,-0.5479711121152522,-0.5149828051078704,-0.23508253321774658,-0.7472705778010238,0.1716245418462646,0.21619747572167777,-0.15833136180235166,-0.14020000561624363,0.14170758973080952,0.02358573917007013,0.022559659957407885,-0.04135699386112057,0.4363586143673678,0.13244118500528498,-0.42284416344394626,-0.6253893671084354,-0.268329480242472,-0.02005750174036855,0.6823385239444292,0.34808701265612674,0.12481862835788773,-0.4041374094985701,-0.5901252019793083,0.6981498787744231,0.09705190836882603,0.9340128872559846,-0.6221811177315183,-0.1629912858527971,0.625714755682796,-0.12184125250477043,0.8207811017931413,-0.15517099024786896,0.2919805549585754,-0.21277366629209837,-0.41994682653177073,0.38952934671756834,0.39005279364635864,-0.5122573516523604,0.14632478610521732,-0.10304909238952921,-0.06813009098684607,-0.14228700391292667,-0.11877931615345938,-0.464322311831275,0.1730043158026881,-0.3231588560728251,-0.19732224654588076,0.4037258059138318,0.17735150514667924,-0.31493360594196096
0.7229822820783582,0.45032702184679596,-0.33750566759965983,-0.8070368686347121,-0.20896207932770422,-0.10541994083388159,0.4003424739812449,-0.6674802082371035,-0.0665915611239185,-0.6652129586772606,-0.7208833008064557,-0.3591387874363132,-0.15736245077626784,0.02947641189504035,-0.2373304548793742,-0.2598861192069761,-0.5110533761299918,-0.3318499853818638,-0.5151964771757422,-0.3293123222235422,-0.6955776472424406,-0.20950886130096202,-0.042770881837929445,-0.05605008767199055,-0.10733865026685899,0.4012660831240043,-0.2315447983694051,0.16389833298012615,-0.020958133050912472,-0.4283492712740934,-0.742096558722396,0.2878553746520719,0.5044813151321335,0.24823475250712235,0.4469780190092011,-0.19003029677381394,-0.5408800349561095,-0.541970680291563,0.5047053258269724,0.36999059812572427,0.3351290700203784,-0.10255242013290941,-0.5737180750505884,0.4772554612560392,0.13085519583978206,0.3703066017357065,0.0810754667270748,0.04729240519275577,0.10781250925816543,0.10667156184708335,0.5928060896489387,0.2881847047937678,-0.74119874470587,-0.1830141118755514,-0.28007009044701264,-0.39173764124089644,0.011336064135850692,-0.16652940736875704,0.0022112230649054595,0.46387085582218957,-0.09114848486992197,-0.17589554514875952,0.08026457654914329,-0.27037383137825316,0.05546151121948384
0.5397317177207299,0.7005150860039928,-0.20057805848897692,-1.0486591437997188,-0.2628092114208073,0.2089667191804575,0.3245524020640496,-0.1742471834961488,-0.27092242185580917,-0.7896627934119201,-0.6055295946056831,-0.270390145527031,-0.801418406257769,-0.3245640331405741,0.2649500572731868,0.02160165773414243,-0.44878611812468183,-0.5684455287049355,-0.38458319090465637,-0.27677018379051144,-0.28772362403718627,-0.0919764066994005,-0.3509476083691576,-0.32137868794533686,-0.15848484079678407,-0.03966184065526086,0.4298102543671871,0.22034357637717117,-0.1992970474166847,-0.01878952236303004,-0.8756857746678703,0.41073702300095205,0.009028542409804496,0.5344024092696442,0.5238965439514659,0.13206555516027207,-0.5418402589559808,-0.261413411611383,0.709372460125606,0.014969577597731772,0.687645329975385,-0.36245679581552487,-0.590437082749775,0.36885520520907955,-0.02011342584928833,1.2592040726480875,-0.22345970132161513,0.07528399783758549,0.23303752595945793,-0.0025801823063895044,-0.021202294465828362,-0.00586060295257753,-0.30441208764050665,0.10566443996181535,-0.14493633608265977,0.06716260011995795,-0.233328254255226,0.020714300602694906,-0.011577657629455307,0.23774054038232817,-0.23473814818122363,-0.49806744415175225,0.3512315270524726,0.46437767001630104,-0.49057242736364676
0.3092532064941776,0.12370228216767928,-0.09295382197321306,-0.8358714531928126,-0.47900988392369226,0.22339142047814248,0.5320323459009899,-0.4372674893999189,-0.021572788331598043,-0.7715894996558932,-0.7566401253668384,-0.22018345427163172,-0.2588851241538201,-0.09001489683764674,0.48280143205761283,-0.23321135077992117,-0.22278456218564135,-0.3953930710305493,-0.5468788813133268,-0.4058781641187056,0.05614705106707289,0.21907212202271553,0.16062367250438625,-0.6424713198285372,0.044371928220655145,-0.05091222632559307,-0.2618646891196263,0.3899331507405834,-0.21994765877305716,0.06031743350786063,-0.7201430997046442,0.2508266819340562,0.5534867614336629,0.45976885552901,0.5144934392273358,0.4216913228955516,-0.6270104630722365,-0.3337321483137333,0.521945373815851,0.03621370152966394,0.4778791522712587,-0.1347604006266902,-0.5957435711207607,0.4835980423275108,0.08220559276620788,0.6202680955729775,0.19268538218942374,0.18187496547153803,-0.025659005575959144,0.2083159345909938,0.21465898081822327,0.046158916760728114,-0.3511574052683031,0.44512540340567464,-0.38483449472941395,0.2782735123626871,0.0023806755431638738,0.03585858533101295,-0.26490124290037304,0.7753196219329976,-0.006764754473186585,0.03772770885705603,-0.14147842480720654,-0.023832011780010764,0.20290115986369148
0.47939878512360684,0.10667997850741417,0.23426202114256914,-0.5623565373325548,-0.052958796931913674,0.08792689746579771,0.30842626115781335,-0.8445559746454521,-0.11417093374211654,-0.8390046273719616,-1.0082151535159862,-0.15916836424241193,0.7611862188146619,-0.039485736908571746,-0.37611177485943487,-0.5115806696193379,-0.5730795175884335,-0.44895073540522556,-0.42509416543920187,-0.029769797313469085,-0.4874205505121467,-0.39567384853729637,-0.3409278668651592,0.29718486249058873,0.4194625864737478,-0.011161151914135109,0.18337574746017898,0.8148962052719927,-0.17153278090072838,-0.4077709718047078,-0.9673990877677361,0.14178767897000213,0.08668402267596352,-0.01765278841299789,0.32238964135895615,0.07389523344855735,-0.5951628863170136,-0.4337968963427491,0.6482627772562201,-0.10859530645825956,0.7814377897685403,-0.066414612528874,-0.37630121685090323,0.3803171117563926,0.03130899373326406,0.5235022260261271,-0.20158684869074345,-0.12426144985079618,-0.1599722810413708,-0.1334493329974762,0.21456043485145312,0.6273061521558861,-0.4425231273767294,0.3343604404448257,-0.2754870453599562,0.05087832871223872,-0.16644917379569357,-0.19436766370381098,-0.031201212245328017,0.4349739335380594,-0.35857858120979336,-0.030559776257483108,0.16747111094149902,-0.5735998556762057,0.3323302951733399
0.6114150652245587,0.36638650183584176,-0.2938623281478912,-1.1777882918205291,-0.12856740284187393,-0.22341892685389514,0.1853666816244075,-0.5909511765492823,-0.2677534815206026,-0.9338800840163347,-0.9115822954649141,-0.10602377198969837,-0.16273871879682217,0.13827874879117993,0.3505551635790274,-0.3089972485962323,-0.3204010071740999,-0.5538627397602808,-0.4364039241896873,-0.1343365827726012,-0.10592400980370087,0.32326081332240986,0.3112019334888542,-0.24829849185898617,0.14054646920958203,0.49940601784232075,0.4488373205063493,0.40850488891995695,-0.11870576432810348,0.10329086553644798,-0.939408626162211,0.5091833334928489,0.46179271813795836,0.6402562112032566,0.3121864252935081,0.47695045699411,0.12909408340886475,-0.31154867754175664,1.1972988022695068,0.14749656952701867,0.4905736954222252,-0.473203349997689,-0.7839093999540464,0.4944974546996499,0.4677251850846508,0.8465068460004341,0.24904675891169253,-0.4686809802397976,-0.003973415011405995,-0.15181516434067643,0.05991542832369735,0.25603061256157833,-0.6764323343781877,-0.052390679002070464,-0.18768856476907753,0.43361501795765706,-0.3469862816660003,-0.054093248514549275,-0.3270410114454888,0.416608615273854,-0.3189595669087825,-0.08926010734887374,0.057978521084025916,0.35156247972559507,-0.06273846497127906
0.9181475629817071,0.43482686078415766,-0.11984216939779538,-1.0125691327376978,-0.02720261100117438,-0.2186195694789419,0.1578190402546525,-0.49934785961724304,-0.49343988543884043,-0.8402368377941207,-0.6986083006162269,-0.24066940356463867,0.6013369468418995,-0.3739667371564782,0.04291077131561323,-0.5678031330590116,-0.7388211761974277,-0.2484757877344293,-0.7165246478974096,0.0237758210284841,-0.5522377941401586,0.13929268452005567,-0.47697330228627277,0.19827500746783328,0.2300329638119462,0.280158460351115,-0.10231683273299967,-0.12290204392708268,-0.06034066011668632,-0.34125556004385665,-1.0998467901151763,-0.04701119345766768,0.8546002494790702,0.35942353964470364,0.5368355035363085,-0.20353558095022656,-0.44013143140578315,0.005308639523565972,0.8026226609039957,0.1564613149574725,0.30436080582840913,-0.31110204781183703,-0.6772529840084366,0.6160608933951506,0.27314675187598464,0.45639835375874305,0.3983225169635287,-0.4497266988242624,-0.2897219504793997,-0.290231441916092,0.10837480482479886,0.3621721698750484,-0.6336836556626235,0.18211699207889961,-0.36757243358559666,0.20999760322884137,-0.2249879033961315,-0.1736419353495276,0.2227877779591205,-0.14212248069488548,-0.08288707141428055,-0.18759865623709449,0.30967514460041917,-0.2924496925744236,0.03984375798167829
0.6052420042703263,0.4813723511550976,0.09607484169698977,-0.43146578307754224,-0.5247985516594329,0.2742367258612011,0.5268235522197777,-0.8679970651449623,-0.12553518404847,-0.5841990665649416,-0.639660779772548,0.24449201300656012,-0.23907944256912017,-0.27396954552045744,0.15696470358008138,-0.16826145434791298,-0.7211907538055277,-0.36966889499356714,-0.5218130256243633,-0.11810647255451762,-0.43749907754841966,-0.0766821092797077,-0.807080669500562,-0.009348037455495048,0.30687937571041246,-0.35585137160516506,-0.1001998956467715,0.7507508742436418,0.3123297875487155,-0.22769838687870014,-0.82950453365309,0.13896570250691004,0.463356787122402,0.23841964610760466,0.26927326480392566,-0.07885604083475876,-0.4325009500228314,0.45079191678157704,1.3313827348839065,0.029484753079746275,0.6622729125338284,-0.2657278462238474,-0.5151774271232108,0.5901880083339474,0.6198380077403653,0.5765041366163813,0.10247198977941646,-0.062297968070979,-0.29839139722962393,-0.35558154839171263,-0.13150568722117345,0.3408378781661623,-0.44345176198154185,-0.21914939024390287,-0.48050987558128544,0.00423925609657351,0.14023268091549082,0.3288991763697767,-0.20348276108586827,0.5662027470295854,-0.16474109755949884,-0.3863853500907267,0.3437669671057117,-0.46731457923015407,0.11795061871268725
0.6636136023014677,0.35905049124718336,-0.1999824278798049,-0.5440574062442532,-0.23262785317749263,-0.2878379807234448,0.2383825001699851,-0.29331778448959794,-0.047714785052533924,-0.7455705875746836,-0.44621135450808547,-0.34700257004144214,-0.14868749594150046,-0.04831248087297475,0.17883531382752604,-0.6460980412041881,-0.9463548189210207,-0.17250892671191337,-0.474086555051003,-0.016190646981292495,-0.034556537459677183,-0.1080538458089795,-0.3450776465924161,0.5287411788863836,0.26270792454390024,-0.10777834588086947,-0.17393997061435862,0.23193169875710917,0.2796605514335966,-0.3900371832421835,-0.7118240495637738,-0.06950803418281025,0.7670967519204632,0.47929579359921415,0.34606037208497764,-0.1254742972871057,-0.6398897067640933,-0.4476910896153039,0.2633337198140045,-0.19162963036008968,0.7885863965610812,-0.6228050050557528,-0.6518229062649792,0.28440383172025463,-0.2499121562501954,0.6861839172256192,0.1303906900480816,0.11894224014950636,-0.3127295105925947,-0.3235878675008749,0.17477559851126406,0.14364313315821714,-0.6143834187942374,0.24054427429004024,-0.34212129046327344,0.2762157559767893,-0.18211203605041731,-0.4369334114072993,-0.22826183946423123,0.75493168701435,0.12440618639765592,-0.14389139934115938,0.42887514364120327,-0.11867766246586829,-0.027699744147460265
0.3485121508070673,0.10367483371096965,-0.6720060420054041,-0.6113441445123415,-0.17025706614441172,0.14536799701412362,0.3350255932833553,-1.0277106729225618,-0.17484122469855776,-0.7687881435082426,-0.6907915617486043,-0.519190552110871,-0.767782941323035,-0.2594454511157642,0.1293293847467417,-0.5083391987157203,-0.3840383049826101,-0.5119277102260693,-0.5518723227587446,-0.4352845906017615,-0.3797386852189764,-0.05852542030477379,-0.45017926685236226,0.010619173598106588,0.07225450771510361,-0.04160425340703618,0.5141286557188531,0.5658270774433944,0.022435791232244002,-0.3626781400248571,-0.7501783935758394,0.09324446653791948,0.2540056355642147,0.46819716676744183,0.09426611502821469,-0.010665740452161676,-0.342156548365734,-0.18543584601541904,1.1947108885507873,-0.09032676936521238,0.7002668304572899,-0.35024664969523367,-0.6116138847569322,0.20496167857595654,0.4896651081736923,0.8049759535770159,0.2736909406554723,0.019112516231812933,-0.43315576131106703,0.046775502671998447,0.2618048468496603,0.5794583113550421,-0.3470157763125953,0.3620872592800964,-0.3109339790371484,0.04694863370118977,-0.2876226114590665,-0.12249662907342694,-0.3013618579008759,0.2761218023249147,-0.10637019164946121,-0.20026820577039733,0.4055080394074224,-0.3545792551796421,-0.14665161808309013
0.5478684169610397,0.13494209260337936,0.18939562761947293,-0.4514775184396797,-0.6547782964978027,-0.11584928861679797,0.2616918940874127,-0.48094515924072784,-0.10115030446661041,-0.9090991945425264,-0.8383810382863145,0.14925746476707064,-0.4511503085247415,-0.1825790889438186,-0.054144899798882776,-0.4402966501117521,-0.7203232535280185,-0.17402502664667366,-0.5007330674687179,-0.1741302235092919,-0.3621520599068332,0.07472294080452457,0.1745380083255126,0.012030913133850962,0.08166610443160614,0.4544406257934379,0.20697572499411993,0.3564497802578446,-0.06546789208525457,0.08631675782789876,-0.9285134320605535,-0.16931605699134233,0.04454193922712691,0.06798574014661701,0.2945220009792361,0.008088806277616406,-0.33727287360696484,-0.17339540129453734,0.6059655213619144,0.0767868324137563,0.40872461487761685,-0.7906480364398649,-0.4912611408847379,0.44358418561287694,0.012315131992809022,0.5472313514361635,0.43704556458398697,0.19678131570954982,-0.1380840458140981,-0.042500632816351594,0.3780497109684271,0.18850472011001584,-0.7613332125116727,-0.026898729151883807,-0.23986008815972526,0.2917328823767855,0.3845102122546876,-0.5252753866031884,-0.04955426928572123,0.5727020800231665,0.2101471156039662,0.06122660158994493,-0.000480865038771372,-0.24893543766154388,0.48205894921529174
1.2004210291094255,0.5311981523168271,-0.2414023796395604,-0.6667267095303786,-0.6146735989127179,0.26650001392228384,0.38811973532405314,-0.8181089818143167,-0.16576647721075377,-1.0662220679306196,-0.627439685421122,0.05826082558819241,0.14201407100898206,-0.22340699121110244,0.14519054817855034,-0.2998055662976059,-0.6851463545042795,-0.34891846049327246,-0.5702777164647124,-0.008996472562184579,0.08440800587869818,0.24111013849937163,-0.14873731528706546,-0.02739908321170545,0.6544741979810501,-0.12319785035260343,0.5481115828327152,0.25605408997986717,-0.026059738621341224,-0.1065477385687311,-0.803682354320328,-0.30559119155402303,1.0047340491689,-0.06919342557129934,0.2830927907237363,0.48134036272548175,-0.17161620602736247,0.07635748511854448,1.0522889273757638,-0.18110316026659426,0.886224407320677,-0.561881922365638,-0.6004277257642012,0.23670014905583772,0.33613660685337005,0.7619713480925091,0.0894802383442374,0.08786077425583966,-0.31288033715949926,-0.4766138678465423,0.35660020961987,0.9805429668052807,-0.8680949784992239,0.3494230216535681,-0.47605141922678684,-0.07742467900478218,-0.15680590742321387,-0.03820339097877928,-0.6197928234398604,0.25426033085303296,-0.5731464680650296,-0.2445609977174219,-0.17120749502893726,0.0962224029959923,-0.3716713623442111
0.5670825623634083,0.037847390520754615,-0.32818994257161704,-1.0188938921036481,-0.08090287194150762,0.07109408529106546,-0.07704765558379748,-0.13567704406815106,-0.25221300653141515,-0.6707750011699938,-0.8159115189269839,-0.48295550459080433,-0.43709856384064727,-0.0031883040169513738,0.26559162667823566,-0.5279549315712722,-0.43036962452172484,-0.14947963447828685,-0.7396731965837368,0.03269966698729057,-0.21486124169032642,-0.08692814825134851,-0.40730548049083226,0.2941144575901928,0.08623158589051344,0.202951441386307,0.06910647578847208,0.2903991251712019,0.11617820894533068,-0.28788211100614614,-1.112805778725816,-0.27047633388879444,0.32765629997473217,1.105309155593707,0.5962695803032568,0.36397129718279886,-0.19015302517244909,-0.07075242136200777,0.680688475181148,0.053679590357610954,0.4063854415489693,-0.7896236345812462,-0.09151972589705383,0.30209759357194316,0.33913593975738165,0.6229336430446877,0.3606866463429604,-0.10025820851610605,-0.009262335832900571,-0.058333691860671444,-0.030861862113163777,0.6606664062205807,-0.47804867377519,0.36675198475606174,-0.016925445765909236,0.0072294549041951525,0.0825378378897458,-0.22024490334149363,-0.08299135825227091,0.05119874714091128,-0.2593565478191955,0.026475722971449192,-0.025759466300836146,-0.019217835049383597,0.29554218558384054
0.5226258157006684,0.23942345627756054,-0.16974918181036813,-0.8304018758126894,-0.087107007315432,0.015934657526898804,0.6470893894280099,-0.6145654568622223,-0.04154530983302746,-0.7221342093588032,-0.7696242821409358,-0.42603303595147946,-0.2054402414249118,0.08271690877219037,0.4041564442784371,-0.4004427753503043,-0.12177237759037846,-0.28552578895336034,-0.3617066528002557,0.4538199044434096,-0.1643458515510544,-0.13181239434216818,-0.15582417725617398,0.4502643872190777,0.13121253215766013,0.35786108523798665,0.43879041078676356,0.4566691307650964,0.014460182304157077,-0.041144676562806015,-0.753227355321975,0.15386684677362633,0.6241530272589292,0.46699548056397944,0.523694017022523,0.07755015419124045,-0.48854610664494713,-0.06935773107802057,0.8752898619080696,0.20325162397990285,0.2215454386211983,-0.8442231376106992,-0.574521274907565,0.18087135434274848,0.2778877691262228,0.354267428113421,0.4922556630238162,0.04573026322383296,-0.33216476568958747,-0.37575356525289194,0.274954342634692,0.43976188156348595,-0.326718965615846,-0.1341091347265797,0.13918247733336736,-0.28389033967011523,0.16771924728694024,0.09710205968950808,-0.34953263752438757,0.3894817066576015,-0.02611309808662097,0.09413495482026993,0.27604124461759055,-0.31807247847885667,-0.02728447030091624
0.42163691249403923,0.049711861738776994,0.24732169189247666,-0.804817044492803,-0.531886222163368,0.11726832110556562,0.5373818810097962,-0.15746090699411525,-0.30147520080527324,-0.5185925189500971,-0.5707218864635071,-0.6077816479017317,-0.7847988832127027,-0.13675257974377897,0.03476061060261072,-0.5333247897019414,-0.35926407509383945,-0.10230249312477184,-0.15471825502841602,0.03045834085002127,-0.1501036685695962,0.1797013438686467,0.22332466613399832,0.2500636076000131,-0.01853054662384163,0.07478102857694441,-0.058986760495032806,0.3135173996522025,-0.02870354534258824,0.28343450622623034,-1.3042297933049305,0.05135652595442247,-0.22204048576764218,0.6444966039358688,0.29171554755685736,0.12964864876500992,-0.1933778973133701,0.004195917002386737,0.8313713587762243,0.042439557390645644,-0.0028546142408383754,-0.8707195932071886,-0.553028907760567,0.39665362056712533,0.4279863418265725,0.9674268901612321,0.10501173360551694,0.058227544497536324,-0.40882921844533276,-0.2827394138405911,0.06846518189055725,0.3245262213124554,-0.12854207195938128,0.25414418079644396,-0.11339021014705178,-0.024548138646045593,0.08572992164734006,0.31942636663732416,-0.43071742686160774,0.19495315948591316,-0.3792166046119395,-0.2400852520135318,-0.20847482128980566,-0.07133852904932927,0.02635794579353103
0.1485938760152191,-0.1565002540837967,-0.03594112513793864,-1.0803580357684486,-0.1993424936036346,0.21620766404812197,0.07887991247160754,-0.7759632253614521,-0.06112155053259573,-0.9312427954721271,-0.7717498526112513,-0.460111340330499,-0.300863668288014,-0.28267907873253717,-0.0647701554339513,-0.45505855568974685,-0.13597389897483692,-0.3312819071438641,-0.6223385078813328,-0.08883695934538843,0.1245686545219177,0.09349311135749128,-0.11565781282428197,-0.14634844716664477,0.18618004363771243,-0.20687728234569586,-0.5082482990910236,0.6802273193217592,0.20111840041569584,0.30372629750395874,-0.7925661803414056,0.056684138751793046,0.3378121477848224,0.3511357876754261,0.12326085313269733,0.174692470780607,0.08235170455542493,-0.5111898430610801,0.6972261267305989,-0.0023000657895527257,0.3736272704831969,-0.0070501385385829535,-0.4656428815009809,-0.04151749472895859,-0.07637601594896445,0.658874135812,0.30546474745976177,0.0331644485301158,-0.3547303614567607,0.09592301713109709,0.22485266680153723,0.5645404953537401,-0.42045024256435637,0.29401031085512463,-0.1240210032068926,-0.1908360000511302,0.1889026290631775,-0.010509101842223048,-0.6905761733353837,0.2526349509032227,-0.14067827211501135,0.042278979348166185,-0.2813160972207869,0.5418780391627864,0.25354344046426786
0.68287434152643,0.03374469017031588,-0.4343055606074304,-0.8428045962405538,-0.3628256205513575,0.11553618505619105,0.2039886446768222,-0.3371576077094999,0.07001608945217916,-0.5876033335580664,-0.4248328011409261,-0.39934932766192704,-0.3746172902818181,-0.16848993456904698,0.1450377479416746,-0.19308500395257525,-0.4200376105539526,-0.4748384313444596,-0.8672456432595321,0.017542474163351023,-0.2189613395789909,0.19067630511850145,0.21887316965691792,0.4763456406506024,0.1757663163051318,0.13274245868905193,0.44363908423601844,0.709272876660856,0.0014873737275536703,-0.12144448153537306,-1.0517196839496907,0.43802155557107647,0.5159358319416847,0.23760617563619088,0.2744643993839555,0.2667215660138099,-0.20007439795072324,-0.5134383366964956,1.1555654641966226,0.07783376051006831,0.1343588494037166,-0.3953703071098518,-1.135466367770348,0.24046028155120402,0.3230610338495287,0.5290265253799629,0.5312118300868404,-0.32987355734672114,-0.4668143595348111,0.18603003822253567,-0.03677302019433848,0.6280625569027533,-0.5525301525171837,0.38115406793782913,-0.4711334837157787,0.13088049522562253,0.15301044348227827,-0.10901550290723026,-0.6093663492814537,0.9584772624370573,0.5893433318360259,-0.166501015077441,0.14013663948751398,-0.4623637608347683,0.4914319203522541
