March_7,May_6,April_3,March_6,October_6,November_3,May_2,April_5,October_7,April,May_7,November_5,May_4,October_8,May,July_4,July,August,May_3,November_2,April_2,April_8,August_6,April_7,June_4,November_7,March_5,March_2,July_5,August_4,July_3,October_4,April_6,August_5,September,February,October_2,October_5,August_3,February_2,March_3,April_4,March_4,April_9,May_5,June_7,March,October_3,June_5,March_8,October,September_2,February_4,February_3,June_3,July_2,November,November_6,November_4,June_8,June_6,June,October_9,June_2,August_2
0.3199035451334378,-0.8524952393038749,-0.10431122599611603,-0.2345749510885284,0.14364847835248637,-0.06816290465382127,0.05713539800165203,-0.1887543759730007,-0.41365206181531067,0.5429634298687791,-0.2933870930644612,0.013934587131755875,-0.10005486111583801,-0.31928671900635175,0.10196838887650772,0.6771560841339654,0.30578399346526247,-0.6589034315121505,-0.7454756201365879,0.06458088010874342,-0.35667218568541537,-0.39425580099089663,0.01289592174816992,-0.12267476648475145,0.4443326207138596,0.30552408596684055,0.38463084290105787,0.13151452349244996,-0.761453481397556,-0.29032583027771874,0.19715438376196187,0.7312190440942021,-0.10525501802696668,-1.1287605809588794,0.38221061301376896,0.4412482934951712,0.8761841830963605,-0.6083468256202127,-0.12417929259285161,-0.40005434892290326,-0.18268058023721329,0.4656909387603938,-0.4304825220559783,-0.4849050352133907,-0.5801489235347363,0.4746734296772701,-0.20468754336476336,0.32239309609152433,-0.00702368534013631,0.33361073387467854,0.592597973578369,-0.34342441330466233,-0.30840671658255336,0.4379474737484311,-0.004051981497605869,-0.6550113321729185,-0.0297244655590584,0.16905722222830954,0.8771046149300242,-0.0976353094866029,0.12418831212856377,-0.533503339595545,0.5461676410270022,0.44782489190069275,0.24799932092916596
0.5169300420148998,-0.8450690202495105,0.035737781507346855,-0.3181635474438165,0.14364847835248637,-0.06816290465382127,-0.07353827147755083,-0.26436622647777325,-0.41365206181531067,0.3706181150394118,-0.04728946197294812,0.013934587131755875,-0.27051146969198814,-0.31928671900635175,0.3190538520492744,0.6771560841339654,0.30578399346526247,-0.6589034315121505,-0.4865655758820712,0.06458088010874342,-0.19276584285615833,0.26770795428695565,0.01289592174816992,0.14099435429569207,0.4443326207138596,0.30552408596684055,-0.9001892332031007,-0.4533326601057104,-0.761453481397556,-0.29032583027771874,0.19715438376196187,0.7312190440942021,0.3083404427087466,-1.1287605809588794,0.38221061301376896,0.5523744659330779,0.8761841830963605,-0.6083468256202127,-0.12417929259285161,0.19447512417081309,-0.7872578372362343,0.1401130711222478,-0.2659955855363404,-0.40649220668742475,-0.195247308718575,0.4746734296772701,0.13139018046808984,0.32239309609152433,-0.00702368534013631,0.5897881010511782,0.592597973578369,-0.34342441330466233,-0.1436899170341868,0.48436901816201006,-0.004051981497605869,-0.6550113321729185,-0.0297244655590584,0.16905722222830954,0.8771046149300242,-0.0976353094866029,0.12418831212856377,-0.533503339595545,0.5461676410270022,0.44782489190069275,0.24799932092916596
0.23670119274425408,-0.5903387681301125,-0.38459143384646655,-0.33849018617649884,0.3060098844404143,-0.2521363996165945,0.2695777741393573,-0.4906782343382109,0.0279558965551098,0.4312379319413286,-0.12418683426006609,-0.15552998943084337,-0.07834161013688795,-0.47517012588184515,0.03445491430636777,0.8175951667565703,0.24847521824333074,-0.8371341034924669,0.031569141521235036,-0.11854728948341943,-0.17324475476924017,0.33988405195611626,0.021319271723515887,0.0880327519884576,0.3525397404245875,0.2482438562800305,-0.28972113073952216,-0.1546389930357759,-0.5132875595483221,-0.04166508701767596,-0.00493052875788097,0.39232804377916825,0.3560650886186014,-0.7206401575155252,0.12022160298171755,0.4267464651304131,0.4656153481090643,-0.045277073505249774,-0.052271903889039587,0.13964848380999523,-0.4984494942581375,0.07970019678402501,-0.3971424416866172,-0.04404811799916769,-0.12044537764052744,0.5012139326652675,0.023146378708008356,0.6547150413480078,-0.170970090468828,0.11207881905718745,0.009123932200750876,-0.062362946226477665,0.1466055621942442,0.38106985915974045,0.3076104569361193,-0.79169601716818,-0.05989972536524113,-0.22157153006683983,0.6603617522506786,-0.3382697015486256,-0.21924285690284023,-0.3434416232921458,0.0972517333987416,0.3164345184600874,0.5415762260580511
0.2161811856658474,-0.5205563293561117,-0.38702992411526355,-0.12246930061586396,0.19468779441347295,-0.1744240007968184,0.02447535649808559,-0.5614007653132153,0.16105020800884332,0.3841085342983856,0.12509505695400325,-0.1356988334412436,-0.22560493317419641,-0.4057230681709934,0.6459401818376562,0.4802719591344543,0.1218546240511112,-0.5658166171461193,-0.621452919567739,-0.2792614023000384,-0.48803625232966197,0.9916795832534903,0.251371826801845,-0.12596954871988547,0.2549392203501308,0.4953799211864368,0.1638453945563727,-0.49010774101395727,-0.4970706877470136,0.24542799272383473,-0.3708118130442385,0.8420194694967764,0.2181688421179916,-0.6401487739034307,-0.18204399600150312,0.14303613863628178,0.2587832223800496,-0.4005452613927413,0.004884040377073032,0.06759467240921375,0.19863161907250487,-0.05149662153792545,-0.42298675822154774,-0.20738210155751435,-0.3154046805693798,0.26261354558506816,0.737722485282128,0.4822865642414973,0.13601262308957146,0.590290894182359,0.34538830034015194,-0.018465774825915035,-0.36870903206375377,0.4857386753619977,0.3042101787028592,-0.39124935894540475,0.11265519370723578,-0.4428224484196397,0.38985766659162996,-0.31187214903266886,0.1596623119331133,-0.057380988474954236,0.4353637764058935,0.11737374219321389,0.5447675706335093
0.30810109321983953,-0.6875315505937406,-0.0922621025948307,-0.20676661985538541,0.1502156891603698,-0.8555528380008264,0.17594283565845997,-0.4231881685331202,0.2075448973288433,0.30180612132495843,-0.14397475485685807,0.4912957948881069,-0.11159687127657349,-0.21262280221653607,-0.04742412850437556,0.19551818101388552,0.14474840238301642,-0.9670204408845539,-0.3031689915843915,-0.37280795915375736,-0.21663521453219645,0.12463204201600983,0.15050324047293717,-0.22628068502731047,0.876543382241437,0.8212992281455406,0.13297208728648313,0.067900025072901,-0.4930386439122128,-0.0647013312434498,-0.00828324839684548,0.7243338785494376,0.03270545490745276,-0.8191429891803896,0.2536233589563466,0.25894803166613567,0.47823661661560485,-0.2525529073669692,-0.08790173352150507,0.060610487216884334,-0.487061206376344,0.24983448408905154,-0.24730170503605303,0.012008032981640014,-0.278210170888286,0.6290282783252358,0.5310757089090322,0.31894581847829273,0.15931829838340883,0.24685091823455063,1.0762201834294798,-0.009182756800071412,-0.08368048437203364,0.08101168330485847,0.31516186527824247,-0.8272915362859113,-0.3557760709629166,-0.4011379248122985,0.5115252376311824,-0.3531596693975922,0.45689440397980097,-0.6374066154360227,0.33940569927413355,0.7787544578079342,0.12860207820675512
0.47755073599268105,-0.40482043342564833,0.20862432969242622,-0.202997436746637,0.2975954111932859,-0.2214533016298592,0.06321861882684526,-0.41832391415767695,-0.15805711338788442,0.431075132146503,0.175192070176837,-0.391572738626425,-0.014012182136051002,-0.3762479686060793,0.48944286780667495,0.1808904068526462,0.24376827430282375,-0.5273407489024822,-0.35035327803368677,0.2818605815579369,-0.4710515054805642,0.00419176325517949,0.4398117559875869,-0.08780588817722482,0.43589651395169393,0.26625722802813895,-0.1880136851579593,-0.21626153048712177,-0.6241535578355846,-0.040392316057856356,-0.032282091352935395,0.4206483033267943,0.4382914898135805,-0.9270877154743637,0.0718991784994758,0.15879289147250447,0.22291172254682415,-0.10393402238305212,0.10546584371728188,-0.022286572437388324,-0.40090804433517724,-0.12966744807279473,-0.7010516826365342,-0.19729067788118837,0.06485072102596698,0.17838668544629477,0.08722720486873227,0.5078836169199453,0.06891542722166913,-0.05438204199909452,0.2502043710120234,-0.24971391085106265,0.09331281054288268,0.4628703871762256,0.4033379723420951,-0.6958016412830247,0.038867229574469586,-0.05862946155820935,0.40041759940374144,-0.10526768153759099,0.3731771163315629,0.07019239844658753,0.5250289874683869,-0.18026295289131644,0.015282923203817828
0.6764111001003011,-0.41690630016393543,-0.20903704028855188,0.24893126388288683,0.4271429694085153,-0.8036634653975983,0.10940243112127047,-0.14273016160381066,0.0378368776290158,0.5987816417054327,0.15075363922211027,0.18617984114674507,-0.48786943494516144,-0.24713625064286018,0.19149199198972017,0.6640622804048659,0.023772993292474582,-0.48596018045153855,-0.49606109829366857,0.09356476868314925,-0.4312552329645015,0.21159541057006076,0.17285847068188726,0.16396456976134194,0.6246736290707595,0.811285366211079,-0.12686094837810274,0.2621116404085764,-0.5550752913513263,0.19386849812214757,0.24866560018221534,0.5895993712950852,-0.276702083925081,-0.9204706626685057,0.17404996481566568,0.5284575390692634,0.5665803572631212,0.1719575059268026,-0.2572440805955921,0.07790156404121507,-0.4154066436086735,0.05655648431758406,-0.30771865638956597,-0.3840477588656521,-0.24397160421168723,0.38448947403429246,0.11696137777071364,-0.19678127728095057,-0.055338818488288616,0.3072038429130093,0.8799990091749834,0.10793668940198396,0.07730043341093976,0.0587419370910222,0.3891665028695588,-0.45228333125487163,-0.06708993027765967,-0.4836800853787985,0.7387730863899754,-0.3593445957332001,0.10039216816681085,-0.058368370163370736,-0.29157505301936315,-0.04317292089149147,0.875331649949058
0.4810800011552552,-0.6593315131146248,0.26002648109406007,-0.15908600286038982,0.12557571820957109,-0.4559884857776595,-0.08288856985046648,-0.30978788166856774,-0.09539501790099608,0.3978980582024415,0.17616748395107693,-0.3181994158344681,-0.27727384616996886,-0.4175009757595103,0.11959686203221986,0.40049710304974395,0.3953875759234645,-0.4560427780338354,-0.9763989339762013,-0.2997859231578812,-0.32315034745792076,-0.0303440267495425,-0.1501129814059513,-0.0926999336546727,0.2297706790164567,0.5898419317798138,-0.06341452203762567,-0.05421346946026794,-0.6447906841943724,-0.06832399632345347,0.16712551487164856,0.5763285087557876,-0.06464503503100888,-1.0474639250764255,0.45757239131322386,0.5376530724126082,0.6870447863694408,-0.2552428741955768,0.13836767228574218,-0.06533290911000439,-0.528240403262288,-0.06901468064432587,-0.2618542789853413,-0.4566984776987107,-0.3114940205905983,0.3595771162054786,0.05705710620867238,0.23507826182125652,0.01971875203090312,0.325871729958295,0.5985985585209145,-0.19464300568079193,-0.5633562073444214,0.2737702329314965,-0.06765734074339791,-0.9739605873733691,0.5970433681545226,-0.4595187446256426,0.48033785840416665,-0.13566610746370544,0.22206184721390715,-0.3740387616748096,0.15907394007264394,-0.08357718584996267,0.7042305024286611
0.5703027742191354,-0.8321344254087305,-0.3280146988377639,0.0007342330051509638,0.5271938397885985,-0.34857906825264023,0.3785677160938285,-0.3336247005088639,-0.07856575615586707,0.29661960278501204,0.49330598135217474,-0.0026900394402392946,-0.3148670606401877,-0.129236570889821,0.19703468678977443,0.36055383039077443,0.18441372160200142,-0.6270291688586827,0.12044817321536541,0.0856957811700641,-0.5310811981839864,-0.10571850419284334,0.6015923567736536,-0.11121649131961787,0.8718114986725954,0.4701348074833516,0.05733536470910464,-0.4986579948862567,-0.47410366264810055,0.252554672921686,-0.20155759211190322,0.4218235884391731,0.10922630508487988,-0.5698167769155061,0.2565065816397237,0.5669393595135105,0.08733973699592756,-0.08915982371843559,-0.09817143125864457,0.05575967366663334,0.24930488690737973,0.26880202049786817,-0.7989494572083334,-0.3401360494157608,-0.34031537685905694,0.397456984218606,-0.17408852056013752,0.4506248443556746,-0.24473038360763388,0.317658279928669,0.4772183468036658,0.04113433989893597,-0.29805847978250793,0.4885295005030622,-0.052127398833893085,-0.7669663072706894,0.2034727048409512,-0.8645246965365913,0.8091645392768788,0.004612886949850799,0.12447204915597988,-0.622673208399032,0.10666250727816333,0.6939148633769316,0.0781658456798581
0.7839174603512356,-0.8449898573280356,-0.0048836509466159556,0.042360676770447234,-0.019894139484328124,-0.2302162344731846,-0.24041828017709688,-0.12984523100744919,-0.24703360973632887,0.34245955119173455,0.10844786487041043,-0.32162986889077183,-0.4097930665925532,-0.09479687392168797,0.35421630980282026,0.6070040726057467,0.013567297139327347,-0.7184783275282929,-0.573628091627666,-0.3328817915985783,-0.19818453475659392,-0.18090274984176988,0.26395050641303636,-0.3185127564142832,0.5959480289147279,0.6505763021515596,0.16082559520147877,-0.8723904681328372,-0.28591660028371385,0.03145963740680194,0.24044698378162221,0.4839804545214361,0.37704270772973236,-0.7637069546043374,0.4316178153253941,0.39827289986466957,0.5439774560245445,-0.2313377354212372,0.11304611302891723,0.039408977010059326,0.3367187674547077,0.2589996940908203,-0.552481165086947,-0.10113808748981706,-0.480035290090579,0.40258283896464797,-0.030789321522700874,0.240788912712305,0.03130848987175222,-0.18327311122429155,0.39562327523691576,-0.2205291342162573,-0.4225669881563218,0.5333023009499719,-0.1362519994435748,-0.568722029072853,0.3782467523891992,-0.47046648214508974,0.3991742494079366,-0.20719665691950243,0.07998670105116645,-0.1943900156055912,0.2000948439649331,-0.10232145358547196,-0.1251422803564487
0.8852342091688482,-0.9198313929124097,-0.1039348545876448,-0.015147760057803591,0.09527264347743761,-0.32554172259798364,0.3793044593046056,-0.5174769776038897,0.1925531892128972,0.4823965254851922,0.1460242863492546,-0.14719585564708934,-0.4183441150428154,-0.45545994142693275,-0.09424184355399909,0.07098353706339056,0.1533636481700998,-0.7725298476411773,-0.23964443491287074,0.03765074531563618,-0.2558789853233686,0.8585098526806603,0.6000159769532644,-0.15259664048306665,0.8334599501214582,0.372215920323563,-0.35392707922370503,-0.6486611414054827,-0.5053804269335053,-0.2110510232602331,0.38544906309570254,0.7684146969335602,0.4404130433036102,-0.855820772958413,0.28796249925267003,0.5424981471278549,0.09907372257221074,-0.1115899492350928,-0.46053018744505797,-0.5663674093911186,-0.08424106100594245,-0.2528643612594633,-0.8069299942444225,-0.23873043854546694,-0.4521057785686594,0.14645077758867875,0.0545909979149579,0.20894957556987392,-0.14092176205638812,0.20464228546729296,0.40087617626903654,0.05761832474377636,-0.05650529821307951,0.16791018466867114,0.07568292408998417,-0.7370379528514314,0.08164152216436349,-0.13688355349912185,0.16901523215318076,-0.602827891073882,-0.09068858541106038,-0.382011853874747,-0.06394828717107862,0.6456051532589409,-0.15280228094846818
0.5572017499704955,-1.201435772867061,-0.3481951438356614,0.022882587452566078,0.16014573830970802,-0.12598384368883575,-0.32032957651573984,-0.5459104425752417,0.1310526447387674,0.17887515595422443,-0.09562688390455698,0.11526619838369262,-0.23688785449506045,-0.5299387136590127,-0.012025372016704297,0.7009036909460343,-0.05878157837493213,-0.9192676527170418,-0.9169433547002422,0.13487839385545775,-0.30464735938768317,0.282806021840263,0.10821377695840552,-0.2688664637423065,0.3791019806981624,0.2504684064302559,-0.34515621098331384,-0.024826927900536075,-0.5176827982766036,0.10248646471191594,0.46785680568025606,0.6345011608153999,0.27540824968581584,-1.0726537665791198,0.03311267398505578,0.13399762901585408,0.07459558669736757,-0.3312889238460323,-0.29216220411267985,0.021421349480978624,-0.00010639389361159074,-0.14287432879240292,-0.7707419378534248,-0.5378061009999692,-0.313123392594169,0.5899145374529567,0.03269747808762951,0.3477366064844708,0.02048754148902246,0.32063651839749974,0.0819514259161538,0.21012935857346787,-0.06585730252138727,0.3709611855553716,-0.18299898661398822,-0.7541328571728647,0.7752285905268397,-0.18294511784921164,0.7255704322707722,-0.22008436877686888,0.1852969369696255,-0.2873129717199766,0.7270291143282628,0.5061653992854545,0.6180470806772385
0.6860116585618348,-0.43603708363605215,-0.2969087189529223,0.0782698405602252,0.19152799124742403,-0.23976929365635158,0.20113259067976808,-0.5642351300591036,-0.031763450847833774,0.48172234274077197,-0.13959057773313258,0.01665443146038046,-0.13768124088331668,-0.3366172196831368,0.23275071825430754,0.1834606339544712,-0.014325395374451294,-0.7710081786400863,-0.22606586568027545,-0.19600928624132546,-0.5122860271638071,0.3140086877559885,0.5819669995597814,-0.09653535562350463,0.6227470875172727,0.6807707743127672,-0.1736840754925828,-0.33979500063075563,-0.7570944141278365,-0.06794984464203087,0.18477031175794043,0.4535357271126208,0.29569221249812555,-0.7107477223608671,0.1475159746964152,0.08556139948039075,0.1551090335068247,-0.0729325860223831,-0.24606093705730414,-0.5073019903115765,0.041465844743349335,0.0003047886480815748,-0.19636849123312547,-0.36409061253155695,-0.32466749396346717,0.5611879720934749,0.11118596436921857,0.09809587071764903,-0.19920031843193498,0.4554602185524381,0.25142016747290863,0.029962289284395455,-0.11119278765747627,0.18495659604954967,0.15049303070160291,-0.7883804325114085,0.235778199917777,-0.3316765148221479,0.5773362191472553,-0.18790852736223324,0.23979438219036522,-0.6321899351917816,-0.022894907268273458,0.7371898329964056,0.04302947618205552
0.7294691825787674,-0.4118443131525003,-0.21823949855183963,-0.11574577598923166,0.42494386312546917,-0.38174909650426403,0.45237652044291904,-0.7783428522818068,0.2122346923649842,0.46499674019675274,0.06544449041272879,0.3987299168491262,0.026288599048104225,-0.2869752943661149,-0.1503568262609391,0.9781930959205721,0.18367870493880792,-0.7638521854628583,0.0034725732947256394,-0.4476834224779903,-0.29681641809174736,0.6145028373694698,0.22949427299586803,-0.15361501375185735,0.5974634961860287,1.12252906511228,-0.33436382850856594,-0.0978889398767193,-0.6518559414157294,-0.20065063917859657,0.049220101977801106,0.8254394034535487,0.05466506806595493,-0.7117177409909043,0.172257835032818,0.4883484397034871,0.2143509388148804,-0.43619257560496294,-0.1105819233220387,-0.6292392426783652,-0.6079865216757776,-0.10565039922346575,-0.449630438594339,0.01418604776325283,-0.25531703473992684,0.5369039554958055,0.15220416770648598,-0.0840773899599059,-0.2693958347537544,0.3093778499035778,0.4708319553296393,-0.12706842705673918,-0.5774447639315415,0.08346493592587464,-0.14660600739262172,-0.5835659938997004,0.15316117597173529,-0.3513756411773613,0.3272238141553128,-0.606627089926806,-0.05695159725508929,-0.3410279797492182,0.2192363198672965,0.5109317762815928,-0.018902910425343228
0.5389168603239934,-0.8466779238936288,-0.0012751948513815975,-0.06230111077823641,-0.3327849298341836,-0.028052151221219804,-0.35528567974201364,-0.27104505143146707,0.08072532578165571,0.3544319932319068,0.11656445806372917,-0.5196879037057689,-0.29170985895819046,-0.6442308610078455,0.13277329390589498,0.05027401582911445,0.3330469134612622,-0.6836683999341422,-0.7823609577788254,-0.0685650913497996,-0.1118335359415341,-0.04440583369402437,0.21967081009606942,-0.007650191436885154,0.3805016782826162,0.7609625237643582,-0.32284308258335853,-0.47941054229090985,-0.6526304891962782,-0.20617314617164828,0.5928990440550957,0.6622299728444663,0.7686262866199296,-0.8725748845365786,0.38201162873126826,0.5899758264435555,0.30836301462008203,-0.42759279653247684,0.12437960763402114,-0.1210672935518099,-0.10426224922088079,-0.08756199239363187,-0.46126212846038717,-0.3958054165768194,-0.5039141587840301,0.36422545014841295,-0.26799527774193094,0.595302295993345,-0.08919720911278627,0.05298262295472432,0.059207434248285354,-0.04440179684447719,-0.43944991850231363,0.543811791147643,0.26067374899678647,-0.7779115664689555,0.12053933284561172,-0.22114167715796568,0.22397160033975105,-0.21433667827308764,-0.1603623677729824,-0.2919005362008713,0.185038345331188,0.23085384262290462,0.007442811635267305
0.7506629311956775,-1.0103431938647596,-0.427952035518285,-0.12957806248801385,0.5533968277085527,-0.7448351306211004,-0.07982351992697351,-0.5079359661681667,0.21661823842822245,0.9068041895464235,-0.21805562064270984,0.2935896344982749,-0.11642210598186978,0.13544997041195567,0.0032200095309060095,0.572272873501463,0.13176602781233396,-0.9140327487703824,-0.31446469157522183,-0.2291970212185636,-0.404132938653156,0.3975267445629745,0.5479521084586144,-0.13794839618122112,0.556129070696399,0.7701135389293606,-0.3844817154782323,-0.7650190199754324,-0.7476584914850363,-0.18897115689835714,0.5137681966875306,1.004712173274449,-0.00023373709874244253,-0.7600979607189949,-0.0854498710546363,0.157632078467584,0.16943769925504654,0.053995670955100356,-0.3833876122888412,-0.2773112068815481,-0.6267767365695692,0.17745733440283468,-0.48823150977031415,-0.48474515068607804,-0.3203596567048312,0.5850435426184211,0.12902377906536056,0.2690689206682244,0.014197921752186704,0.2154349929251706,0.6279326141211954,-0.25320954066754503,-0.3205839016875369,0.13055686813476378,0.37057862750727105,-0.8227713279280863,-0.11056506358095822,-0.5158303805762526,1.0968669383918657,-0.2867255865406446,0.12252304906104078,-0.5719979757359844,0.044980059310914276,0.704072851603038,0.29420508476794505
0.6487921506280533,-0.6875738480875047,-0.374005617735098,-0.048696636295184836,0.4366045529069838,-0.43982916779247494,0.26825891738079566,-0.6284005356734927,0.06831040774632724,0.7341229927771638,-0.054026871395380316,-0.346334941975763,-0.05184536925253662,-0.17133935719301543,0.0028403581842019465,0.4125722311089496,0.39407560827703664,-0.990244753321565,-0.6051186166534566,0.11916912898585363,-0.43302413276034957,0.9110931517865225,0.49168284159504677,-0.12659733156568564,0.7875664556767451,0.5922176569559454,-0.5846616183903504,-0.133265550818443,-0.6466140530776476,-0.3569427517251922,0.6371608541088158,0.7295820817796366,-0.0630526665678223,-0.686499755823418,0.15233235209991408,0.5663627289809945,0.2189676954463123,-0.30383307555859196,-0.2309556536715581,-0.25546914743271376,-0.8458587437916879,0.11301950562817235,-0.15503348530909938,-0.24154266381666556,-0.18898349191474656,0.4816507240943222,-0.24288879712436953,0.22515111415933525,-0.3929549089507914,0.10362751086942709,-0.004669840824286977,-0.23559354541017896,-0.20888249573883022,0.4542454658727745,0.2613070120421784,-0.5421570690765947,0.23602359845630827,-0.6130914552663032,0.361439207383928,-0.39303595747432624,-0.10350777849942878,-0.2668913849016442,0.31062138477741497,0.7526502379148899,-0.2587868373546
0.7984939887610023,-0.5891188344949954,-0.025360908240251667,-0.060720815751492005,0.2456099799101366,-0.4408295820899355,0.2114804632487251,-0.36020920986949756,0.31399919683295613,0.5176464963771659,-0.12815064619293925,0.20840289916118143,-0.3728134625672184,0.20766056215124817,-0.1700732752867921,0.6103543260123512,0.17522024349376236,-0.5927233834137039,-0.37449213381864455,-0.28523018949447476,-0.2788526045149747,0.0030957033333737227,0.20933546117016938,-0.13421307052729753,0.2014747744402831,0.6719234421795001,-0.3728018273959868,-0.4067485899879325,-0.7759252681871867,-0.16288014652208324,0.24456077569458343,0.604501413213432,-0.09523669796954004,-0.369298286643269,0.02997793237524867,0.4203270925823014,-0.10133004854212488,0.005830678045940521,-0.18337324519390763,-0.12855289068735398,-0.5988389267450096,0.165024632281573,-0.6293240626885775,-0.32140743974725894,-0.25814087650019146,0.5311995118327324,-0.027927511546690167,-0.20536948610773637,-0.43945895986034783,0.09348521652731522,0.2240527731168786,-0.07909627837485425,-0.019637221848735432,0.09784888975816529,0.1091340861697413,-0.3784051319548254,-0.1553695034044984,-0.6011484194215152,0.4484376772945095,-0.23192998703236972,-0.026967375303128593,-0.2881074443841819,0.2119877068050592,0.32632361530977017,0.2464231749375279
0.4705657990878515,-0.6428449167059385,-0.18037100375761833,0.0022601501898557447,-0.13030510123216027,-0.21924926689310026,-0.16880852966933646,-0.37192171229658555,-0.332512558108613,0.32521175865807994,-0.16523906483915782,-0.10421233430188998,-0.20773619337552224,-0.39240008560845624,-0.10441669748699607,0.2799441605712775,0.2790375637031624,-0.43211949007130124,-0.8581998810429707,0.008173678213797747,-0.33443612564440023,0.4612364177462213,0.3171806326379578,-0.22242261266755545,0.6029383462529265,0.533296226556419,-0.5398357975126563,-0.6323870747941494,-0.6104726484873014,-0.23005109602273022,0.15308615064901668,0.5835096703789165,0.07765403293672084,-1.0744843209387451,0.15879247763679546,0.7000595360748444,0.899964996383121,-0.5305158503667804,0.048362847408965064,-0.27126154806174035,-0.005500639906786953,-0.014101136618587501,-0.6571684162602012,-0.2570819558806445,-0.44300411990391475,0.5014831594195818,-0.2719218129801355,0.1509224773466189,-0.34232731023784485,0.0745765320670213,-0.030440290489701496,-0.07148370178869365,-0.6006374081877839,0.3296892775858472,0.41281467381344417,-0.7210436347145028,0.1013820502268377,-0.22740692570963028,0.4971363463325879,-0.41365998693822215,0.0015813370927384857,-0.4804191145267565,0.14965412735661793,0.856296350299572,-0.012640573840252523
0.4124749145688064,-0.7003604940208242,-0.11404744051611407,0.03946948612174761,-0.08176941721990111,-0.11482469342255466,0.6487965557042854,-0.4163506245732515,-0.10658761458732073,0.21698503722781187,0.015126194746206236,0.042790977213850015,-0.11012118213478765,-0.15311554297448765,0.04020327639334102,0.4976087785484614,0.13315827843019362,-0.6614928488976926,-0.17402182928846222,0.3915317563263746,-0.05511915638242358,0.03331310180438327,0.0681411794402332,-0.10682450667163182,0.5045566604136358,0.3167630369288484,-0.27464149207227484,-0.5045114543310311,-0.9430761371610517,-0.15154981908209492,0.23104517859358586,0.4314757561487724,0.3305670939933122,-1.1373892090841144,0.5262479781914601,0.4499046977559115,0.7182052075388167,-0.027778354691738325,0.06359646914988432,-0.523381815278926,0.1917595744845275,-0.12231545308711292,-0.7487354953115021,-0.5544038886126366,-0.6098165559359117,0.1550001711428058,-0.0998436806267979,0.08972707817252895,-0.022515045473122594,-0.1231638843717622,0.03797851233253394,-0.18897341725306993,-0.3123031030220424,0.17684780858761795,-0.048774956563836916,-0.9247734103412124,0.10546358239489985,0.03344158824535196,0.4902223585824981,-0.34835295871702177,0.11175324058797195,-0.3291394052284585,0.16045739653779792,0.03947393009636839,0.03527011152377538
0.6091842720964644,-0.6506845545077036,-0.15479660251168315,0.3039894963026248,0.3543593678012493,-0.1216508523083441,0.29606153152970366,-0.6115268934291358,0.21628032199275216,0.48308673625015663,-0.17769981789322425,-0.08929425346706713,0.2955422980649077,-0.40138622996169815,-0.41264464484572605,0.8067434575135009,0.30988893604400664,-0.7771708624550328,-0.3233136345401721,0.08861332080877787,-0.3426960773761136,0.462276262706071,0.3049455753521651,-0.20067522820641892,0.30717227344644804,0.4738047257512481,-0.4716353285132686,-0.36462846895824813,-0.6358667243239918,0.27499102430277045,0.47925250828236654,0.6305760532063209,0.1597756846311636,-0.6361466818463625,0.3171293500038894,0.22137578332311206,0.40174052225197066,-0.27323122250973003,-0.19914340322347104,-0.16705770461178077,0.04649529362934754,-0.15715921809666517,-0.7996663133409558,-0.42408157630823545,-0.24000956933712453,0.18539655308300906,0.03778645625107485,0.5556154204441834,-0.09051271166948975,0.5232834783813471,0.6087701555967266,-0.278659044994808,0.23126330951315047,0.165491290905311,0.1601445996161419,-0.7863116221355497,0.3343801219537467,-0.35016001012711984,0.6855339202681644,-0.2511693952548754,-0.20514380775772312,-0.2424558615173665,-0.06602025436597493,0.3116469048917129,0.27189068980642866
0.369052631994337,-0.9408865763725267,-0.08120395469286629,-0.04809824133729667,0.36748290123790456,-0.08343073442589627,0.1487599054463243,-0.49383505034167957,-0.04822132963606125,0.12257801607251631,-0.39643972411660283,-0.30994214304586337,-0.2589358379065138,-0.32854745841803734,-0.11621490253299105,0.574120832737266,0.40352739884654354,-0.3307972007924894,-0.7110339252887482,-0.012271734588813796,-0.2019653324354328,0.3355663244293832,0.14137401641358086,-0.3616877977343687,0.3069767619864161,0.4419962241259123,0.018742946320691123,-1.0342590422532238,-0.8489917841599356,-0.030672496994073428,0.8189989288146623,0.6388413135305123,0.004716844004372445,-1.1899549470685957,0.05173221166588191,0.32486341205216046,0.48404625706992926,-0.2840563260672418,0.20805874694161525,-0.22410006401088323,0.7703816338579653,0.13068042616742215,-0.8688903548226903,-0.6349743287933258,-0.4436081831333055,0.6501838813731549,-0.08908976712355396,0.2640248606288077,0.030865561520802873,-0.007342987214056559,0.5075759876376423,-0.43695099501465484,-0.6354556562862168,0.5763766203732124,0.17705749480705707,-0.7853278136635536,-0.0823372223056039,-0.25988593187013775,0.7204030245981237,-0.42173421156288315,-0.059288652812828385,-0.6629495084544943,0.31551387211874526,0.4391777853835966,-0.14107274196143027
0.3242683774970892,-0.7170900768615892,0.07262846527722053,0.08129618238418511,0.1472549314320178,-0.26396059110182735,-0.11932786776823927,-0.15804428082529753,0.3653392387081863,0.5187259075458228,-0.06612483913371389,-0.06320494576706166,-0.041365196371060994,-0.3528573476805621,-0.004000558639498289,0.35249957690902073,0.13839672220222865,-0.45900432738006275,-0.8916799685415226,0.43726533881108953,-0.2801728585274653,-0.3134398680456418,0.022859551686169814,-0.17514973051137087,0.8805084600637758,0.31894722978823836,0.04772796754159772,-0.4175487582686309,-0.8743393212524526,0.3329175362392961,0.23628543855035145,0.7772072060462576,0.21058709660424393,-0.6843718821137735,0.18569980594938712,0.5981070972579985,0.30053393951316465,-0.09316453281127418,-0.20005984319186662,-0.721062180322849,0.31996575026444285,0.33242841343575735,-0.6178496894036117,-0.6562612407305266,-0.3337628302345395,0.3065151165339745,-0.09146177274533249,0.21834503236289832,-0.2682658894484814,0.6129174958488014,0.16622552505660615,-0.1646987907452514,-0.3765482092362942,-0.17148739328101284,-0.055549152542309396,-0.5994590366184995,-0.11061582740322246,-0.3692102748373473,0.6603350723127225,-0.7590918549300093,0.48991569342498237,-0.3390893243440961,0.1098161482704831,0.5380899557358346,0.09912339696623221
0.3860265282613108,-0.9046644356390444,-0.1758839440162865,0.3439862838227611,0.27970208742013647,0.024970099895577864,0.21052916305703226,-0.6270752706272026,-0.11726358254779756,0.612105024635494,-0.20548942736597048,-0.3689469621809224,-0.356428052747918,-0.7257723314213912,0.1107194840757682,0.5815094380300097,0.34974629930745293,-0.4603107303025742,-0.30796685517382927,0.30700201224300105,-0.10340281285540846,0.24007595885881977,0.13041068514629853,0.0554419396189076,0.34664993748486067,0.27165264225024943,0.168691775909882,-0.15972876364253497,-0.7697928168969265,-0.015193748017204245,0.591410417520263,1.0034463359813037,0.5706852625213691,-1.2095393727778532,0.04648393633946739,0.13479142916780307,0.12160040052266637,-0.1995627476958064,-0.322963036707328,-0.6377877258523175,0.35314274911305066,-0.16378254364771522,-0.3563759191268557,-0.28232736588664387,-0.3374478836689981,0.6009215014305878,0.19173228747512389,0.140812365273983,-0.11810419199956282,0.20390898545021102,0.024858232783149165,0.08939718310611955,-0.5943396918295136,0.13801826903379533,0.11027454366764283,-0.9754559162916833,0.5300156527108139,-0.5254502943593372,0.5755661063345864,-0.5045537854520676,0.056932985824850235,-0.6850252703331833,0.42762207535008706,0.2745453851899474,0.281383961941447
0.5046884985057849,-0.9851744472288699,-0.20911465300290438,-0.21069818292905412,0.2448272720345417,-0.14819486599653492,0.09182830443576473,-0.2371739136884341,0.3686543484919776,0.3557784499133186,-0.13632279248454943,-0.16747834789839555,-0.2556544233156507,-0.2975668155339498,-0.11862822774330771,0.3453052380229366,0.43403497652105444,0.11415374828255938,-0.361082520194346,-0.09001250210641415,-0.17857663438344704,0.14449540238392738,-0.2314823332988618,-0.21876479904494614,-0.04622123903359733,0.8909804444435415,-0.14786187017131974,-0.8813668822954938,-0.9336482481894008,0.4696208353434682,0.8687083317865734,0.5427898494257206,0.3747347739741959,-1.0341692189872267,-0.16323021584683392,0.5062108643677323,-0.09367509090947572,-0.13103513805510392,-0.16063860572925662,-0.2989022900191734,-0.22339618755977625,0.023595633555180583,-0.7618612490841495,-0.2997902825164922,-0.49647937072180964,0.3177357802390566,-0.12361578879573146,-0.09098132040809702,-0.2033985407673285,0.10536926014716963,0.2661273414898113,-0.29099567321604547,-0.5597845818721481,0.6368503719935215,-0.00019800888700861885,-0.5813419291821245,-0.03044087570427212,-0.5287225599698778,0.6822083880333386,-0.33183171002344963,-0.07136477414693282,-0.13661389735683188,0.17232757246070407,0.6593846819035238,0.15860081490943656
0.6605890014625,-0.5699782643143875,0.25159001649722235,0.17960456305239214,0.2932562507435749,-0.17603779729712565,0.08754717986144717,-0.32559972728358855,0.31099406677475205,0.4741957735480849,-0.09807133117687865,0.03428570179493854,-0.138925676531667,-0.37861420135911983,-0.23543467460837925,0.43162870083711646,0.15516521744130066,-0.6710703818511942,-0.5903543088646277,0.02935726383164918,-0.38143160124768605,0.15415744414884153,0.4780862723110104,-0.2697575758522904,0.16647727138081148,-0.0014592457834646522,-0.17354974344787927,-0.8862014897041259,-0.8004611971433663,-0.11954236894269568,0.6312698939122133,0.4371323113417446,-0.14571690671933446,-0.9032191113372904,0.3440519495559587,0.04251847237041238,0.33989887545063935,0.12546548667150556,-0.3421669289810538,-0.4448891025567654,0.0529158870554745,0.07796368488830188,-0.44359416610393293,-1.027884629914301,-0.41010391550120623,0.724193951887244,0.1225138124444997,0.0543513084851078,-0.33116356394807445,0.5171904441629696,0.3054539664833002,-0.31979460123277814,-0.10086358221762984,-0.000607212085498729,-0.39096055382659034,-0.7641109036509032,-0.039685653742533133,-0.26400097831172065,1.025736585788477,-0.02803255738106454,-0.40198862513843525,-0.13946216430372488,0.058465857675491915,0.4006791620169382,0.1115522789112326
0.5987261592917721,-0.5393885840360982,-0.11267775465994596,-0.01894684406428092,0.17864011295670842,0.08274845736685296,0.3040293236514007,-0.5167361827686686,-0.23889217881329572,0.2528585383105916,-0.009692180783525607,0.250817631629376,0.08016388676201544,-0.5726360127238029,-0.12037430399108923,0.5935659227721086,0.17959830748910327,-0.503882042803585,-0.08254702586915483,-0.016557227388169185,-0.34024076888068666,0.2313801102543569,0.2841908186716296,-0.37484427194897046,0.39152726598647103,0.5971884111509957,-0.1613441490372607,-0.41219838725433394,-0.6618952608849469,0.05980749391784222,0.06563472842309986,0.5903025677005691,-0.3704227163546296,-0.8848857916087267,-0.08876421376095053,-0.04907591585627233,0.8708450732870445,-0.3477619518010574,0.07231713102890334,-0.1433650114948219,-0.5226262157567307,0.08835513278801252,0.039475926258534216,0.05838084511492976,-0.47329142042633926,0.549472848747176,-0.03880856008075234,0.3583990676397044,-0.037813775718560205,0.5326830927106521,0.2624352353741462,-0.07362364115945193,-0.4644573456132294,0.49455128703857293,-0.04347911329701923,-0.4099978875411105,0.9200161468239495,-0.25869952830607235,1.1581249916280654,-0.46022167801414815,-0.10697506846477331,-0.14203815415262933,-0.19989233898494524,0.4248504731781211,-0.31677364318086154
0.7139907592650073,-0.514107409434395,-0.05175359623113848,-0.10940947453017404,0.26491005561041475,-0.09348544414960697,0.3125916580410757,-0.3740586072670428,0.5104614510443137,0.7449407328795531,0.07671332097984905,0.1889295433530376,-0.14403269660673335,-0.1938514787705216,-0.08506365473543577,-0.20274320696594594,0.34569717876663913,-0.3255208125046399,-0.7379238358300488,-0.22429832026601537,-0.40800032388043056,0.8104488480400219,0.28766396425748186,-0.07133560640597511,0.3705382577246964,0.42165468482108925,-0.4721721234061029,-0.35252635794506215,-0.9564054433587013,0.20885951584230095,0.611521775822734,0.6963850298328582,0.32541568794714254,-0.7133021377677773,0.03133712780820895,0.5235706612415896,0.2875816009301571,-0.3502517742745964,0.18103882609696012,-0.21760266566413686,-0.6004308001427217,-0.11586370054160937,-0.5157089176896068,-0.3628666681511143,-0.11291934089562486,0.2955513240376302,0.2430348733403767,0.16917448775933616,-0.22257768909799905,0.34119079116787543,0.20401982268524788,-0.33360332726138986,-0.5855867620071245,0.5792617466687471,0.07474123436471182,-0.2630834382718298,-0.11132971035267179,-0.4750796962645017,0.8039545717245418,-0.34338310274209705,0.02749432920879674,-0.030874711299012876,-0.3297425225061053,0.372354609879042,0.08055098593622607
0.774835346231028,-1.0548933889515781,0.21747776559086865,-0.09693747513317924,0.0030934237858570857,-0.292581407627698,-0.2173105743822255,-0.40512903938806094,-0.09221170329861138,0.3062255969348364,0.010908154840928719,0.1606683894310702,-0.31768796764671015,-0.3416385619285765,-0.03433054438277425,-0.04096192672835744,0.4079644977487391,-0.4396240425507791,-0.418206635981034,-0.17292861087717637,-0.19417487368774794,0.0756338843896869,0.04907263814725119,-0.49988820101955395,0.007472399836754448,0.6032300545442418,-0.44342195354471203,-0.6767868731988632,-0.7115236747848096,0.007874466095046634,0.031396726331280905,0.34237018248904316,0.26595841443220114,-0.9305667902241086,0.2792747682166349,0.24120866040927674,0.46178440442069657,-0.4718285350571887,-0.012645375877196378,-0.06354546421690503,-0.08092035595319713,0.08653570902471443,-0.7085547232375864,-0.32950087416648255,-0.4672688649500901,0.47507639432791987,-0.23090318012217104,0.27859860501480865,-0.25112158308914645,0.5323720460260057,0.13952214172007915,-0.27545176779038416,-0.3734515142201204,0.2843421074502994,0.037043671779709436,-0.5078538986521839,0.3796548446451055,-0.49487185045074666,0.844214457977047,-0.06187104275021066,-0.2578081462585569,-0.2218728631602907,0.10425904334785177,0.43296847126875454,-0.2928894987116534
0.21122278678722536,-1.086589648033415,0.31131805739372287,-0.18788948778076517,0.08318297496482216,0.17765953398682838,-0.04817893507085548,-0.034980054690974996,-0.16317660417856586,0.08121012663307636,0.2395260004643386,-0.1985443253151924,-0.3451602916709394,-0.20030704942228852,-0.19213524275720545,-0.2793109466771623,0.2679901613624168,-0.28020093704452453,-0.6048050997956775,0.2420351694726856,-0.06219474582853448,0.30227081252950644,0.08560437582869054,-0.6383281252487036,0.20676409926375533,0.08276665820626589,0.07926855789358861,-0.8052237236088022,-0.9575319383323895,0.11600868114585527,0.25228126124898526,0.648464757293004,-0.10039214247267848,-1.4259562979646276,0.25604601101297003,0.4229842451503381,0.44578115912551264,-0.00579300056328752,-0.16327388892695296,-0.5479487789289579,-0.5731166392316004,0.014490792579352478,-0.31770497130988157,-0.8342744260771107,-0.4543952540178158,0.6203717668468179,0.1575920609778066,0.2459055609639285,-0.029282298296777087,0.5127164225628302,-0.1280377820185103,-0.44502305535801223,-0.351775068108857,0.2261426594036185,-0.3015674596466937,-0.8388242185064323,-0.017940889296871765,-0.2788655341764583,0.6997165382591822,-0.15036942227242037,0.18521283168195757,-0.5318658976674511,-0.15187487276109246,0.41524421767665787,0.11336296099733723
1.0448978938273146,-0.4355732912285798,-0.08811344495024584,0.0635018906348067,0.31922584531352655,0.03194897715068429,0.15796441968946287,-0.6173762424370995,0.2575976593819341,0.49181259601558197,-0.2518445979757378,-0.15648676879723217,0.22844657907467103,-0.16866754143641577,-0.4471533187126445,0.4198790024661465,-0.1427089729126681,-0.449636079725156,-0.4143275558806905,-0.2773941491271816,-0.42869314911983997,0.49653009230833983,0.44291351068099816,-0.32606125116140794,0.6442676286652365,0.3954113098564904,-0.5440802227430639,-0.2786438927283246,-0.7074909187421269,-0.19461871665715183,0.047215060461414896,0.9549900156687652,0.1922316160934588,-1.0575209774598457,-0.222190453911416,0.13250738225971637,-0.11707293561084653,0.07076703066901868,-0.3666411353986616,-0.3412488999679063,-0.5663932367780359,0.04284814896126464,-0.48356239025900444,-0.3839882975700809,-0.13665919732723014,0.27114583872368264,0.11315953512964722,-0.08118841396766951,-0.021943614411526424,0.3315102521039483,0.16989102045488588,-0.18589444046203799,0.022052504431889386,-0.040138551160052605,0.13731697238544616,-0.8493513013867062,0.4008110001304325,-0.16207527684421746,0.5807290069770679,-0.3175265282923265,0.033480430847228584,-0.5145389796161348,-0.21225094271439582,0.4593763267828852,0.05911199307651735
0.6183259663907498,-0.4508807397207354,0.015784838736324303,0.02710004729113319,0.5168401863583987,-0.2654426111889883,0.32358139116600704,-0.494461905187518,0.24847667114696953,0.35083167030269086,-0.14819683049881405,0.2984225382424941,0.041886030751225926,-0.03030173580070175,0.10495955140960425,0.676983993542805,0.3169080900619443,0.02863261968807171,-0.4760944946811871,-0.23198000620613818,0.15796833461326656,0.02296670708915957,0.6057379806909056,-0.07621881161219989,0.6857537447320259,0.2858557960397547,-0.6262424274034447,-0.8599320660242303,-0.6047007890287593,0.047748172084496596,0.2567242419052706,0.719123145562889,0.08218844081259463,-0.8021779022993659,0.2417143546175288,0.35695626658123725,-0.4698850807248024,-0.20596874786263789,0.06489581156819313,-0.1009643095852121,-0.8712869829638317,0.1196081306831338,-0.6736336842179207,-0.11035612594985839,-0.3134141764826946,0.39711357718228646,0.21813183059968694,0.16545391080290434,-0.015513562885291696,0.16547260301847816,-0.10589590576045321,-0.11853044443187546,-0.5305479087943735,0.2597482198853499,0.2963750820342277,-0.27379068914998583,0.1651683766623123,-0.2986701224010954,0.5155606180004082,-0.6299688325576227,-0.21441864493751603,0.2717418635763254,0.15393612351814173,0.6351640487230648,-0.4004195825632264
0.5745809570875366,-1.1010238417239766,0.18585229212121784,-0.011861176192414724,0.05569861957037643,-0.3012239425345761,-0.24868836520987359,-0.011292272259834583,0.00591667983294146,0.49377565378088994,-0.11398023971380529,0.27891488355543287,-0.327330910207033,-0.38755536147911357,0.40948724446421625,0.08369279199067797,0.6106730588112895,-0.7705554353218453,-0.1473052566087126,-0.2872540038364732,-0.15589492562449092,-0.39104887063052707,0.15455877355945213,-0.24451374939515286,0.241585020355866,0.2718848302687154,-0.3500760744546336,-1.1533181430137398,-0.8946302449046538,0.36762367385238387,1.1300997382362592,0.3639332918990609,0.2948888689811542,-0.601471589514071,0.3387990506771572,0.2297713020374238,0.5735518756330814,-0.30298772472587254,0.04741557376462974,0.12051561961653376,-0.5034625226787304,0.13000941155762497,-0.8972833600438411,-0.41585066966113543,-0.3523049129617844,0.4753258673796356,0.13001274939012186,0.5830914873658015,-0.11750533362160867,0.16623156088823843,0.39988134880825826,-0.12517862605459007,-0.06731392265161278,-0.08142459648443497,-0.01988367486828073,-0.6423254818205297,-0.016541492464712093,-0.3079207089522957,0.7025583568849565,-0.5766973075040579,-0.20667068693396085,-0.056413430839738016,0.05095766515579311,0.6246553009140451,-0.0054388960687827975
0.2654541021621718,-1.5248308599641438,-0.09349451990996123,0.08813803292242453,0.2035997518673423,-0.21041922115410228,-0.08738875164501415,-0.3749630488062977,0.11145075616605504,0.41668485315898596,-0.1118761653582846,0.03510528014234279,-0.360823536833624,-0.26216676292896235,0.19976058016175002,0.2641436416071282,0.4802035361040971,-0.4873551272864194,-0.7497222411765594,0.018435140151072657,0.14256572915666021,0.1962172809614479,-0.16789846191083327,-0.21196589710812697,0.09544144637782986,0.32565898549817124,-0.08132016959483342,-0.5349300019676093,-0.9279521403635723,0.11248578580999238,0.6267702048723961,0.6566428790037411,0.4005860993816503,-0.7180703408155398,0.10839291468507645,0.34732452881685505,0.2421214344990521,-0.40678750531315067,-0.05073679423156511,-0.5012589130884737,-0.10436273198789484,0.2010321734758459,-0.48758217160035383,-0.4492149961240328,-0.5134560049551756,0.3923739688428033,0.15525077156261824,0.6677481289583307,0.33595450093065754,0.1482228233617677,0.19054584995708476,-0.06375507827398628,-0.5588634672532732,0.31837659306855276,0.038202675875781286,-0.5600453288854214,0.2218483337253164,-0.7902696799816616,0.5454142692672383,-0.2520353495373049,0.24271838152829311,-0.05482453828010897,0.15422694253565647,0.32652452285275957,-0.2561207157815397
-0.271504904632957,-1.5357194055662262,0.16496106595997123,-0.011348440891077227,0.2693404828489195,-0.045671211787415844,-0.2786201977840102,-0.339471046695485,0.0707835311707193,0.06677494030966918,0.17770156833889994,-0.14109069373640187,-0.16678933765016776,-0.38733266239266073,0.3994609185827184,0.22517828352842045,0.2951487122827941,-0.3997535004292547,-0.024657475193854687,0.30000630666890477,-0.301110587230756,-0.05955426421643016,-0.2842172627429825,-0.4081356047515359,0.40718778328943733,0.28242642724851136,-0.35058281992007617,-0.7685486007019797,-0.6779663603433485,0.1738278344550458,0.633008317256078,0.7657847787173548,-0.10967832812939696,-1.2509108588565865,0.28682323884303207,0.26362965553763223,0.18059595139305681,0.03121863076673831,-0.06350566196188645,-0.4069187587705474,-0.08533150574519063,-0.27429937032251817,-0.9161512277284792,-0.4868374195778293,-0.857209525722581,0.38055286162368107,-0.08303937166283558,0.03497910605822503,0.016839586239232686,0.5797936740230611,0.3884010847089958,-0.1623469090096133,-0.30332513624642865,0.02628845240622968,-0.07323456647726054,-0.7449612390312239,0.07179707880426747,-0.3036747677590036,0.6565111089691029,-0.5392115098996934,0.23068108193855463,-0.6048284083622694,-0.004867813911546157,0.561592574950021,0.03293427420899776
0.14854132201545536,-0.9768482716882696,-0.051979577869908505,-0.03148019139424139,0.4260045935938692,-0.28060893496170036,0.033174282538862176,-0.4515079148574109,-0.04796248665956376,0.37250919661520454,-0.1051932178482141,-0.1633530267584552,-0.37440809214340187,-0.22327422006239378,-0.3228624730616392,0.4204435878221069,-0.06393676087574898,-0.23096337329308037,-0.8189980294487486,0.2641964755952608,-0.06694405030219477,0.017213860295432606,-0.20164654316366395,-0.5404800094269717,0.13868817494225455,0.2645259203416111,-0.19290664827737314,-1.103186437207539,-0.9597420057204629,-0.19430983563718934,0.7150401889801171,0.539277324050685,0.21799265722941868,-1.3911436636898011,-0.12067862958818151,0.09577159080065453,0.30849397360499353,-0.3071865048697263,-0.009364920111979438,-0.485220907022654,-0.31719425515583566,0.25321286365168927,-0.6554085343872679,-0.17966174598237294,-0.49407344386361446,0.732700723875884,0.29193736882662313,0.11397416222579407,-0.23792515625518224,0.6950539562723312,0.06117544536118545,-0.3184756384705605,0.12753405383998057,-0.07122241295404198,0.3588479827254603,-0.9352648423824393,-0.22615183658150229,-0.26302128661964375,0.7464142682492854,-0.4043820925432894,-0.007183005137976581,-0.37035468827756673,0.09891364607819304,0.48514862929206914,0.16851446153698413
0.13130810226411388,-0.7171031517834796,-0.08562751792744135,-0.1640006308565121,0.31812593887513896,-0.18224334148540944,0.15920923982902596,-0.6099786870711635,0.1370728681481989,0.6047361931053712,0.10783847891604452,0.5010300196649649,-0.3076882617967802,-0.40866448952165735,0.05618023763087163,0.5941301993994188,-0.07089511371833304,-0.37015941263540053,-0.8210893831461697,-0.2584134732430322,-0.06383996178720344,0.1997584324549273,0.04055462043928286,-0.2993746325220236,0.5370344219569088,0.16968635526152245,-0.3547033991196794,-0.9570237437413411,-0.9616843514427267,0.06507039694771502,0.3375866334212105,0.3699577667322999,0.08461918977706497,-0.9911872245468896,0.3064890065762999,0.36294707273596105,0.10340180388551626,-0.24784391288326596,-0.2969414310410402,-0.49952511676417255,0.04796732271322676,-0.0799200663447057,-0.8139733022297675,-0.42643902276879,-0.36111323521200467,0.4526552144679001,0.004648516681801079,0.2665194902239284,-0.371398403654915,0.5283578582316587,0.1944318028130959,-0.3701727926315663,-0.4858834333082523,0.4191744257848766,-0.032449384827812885,-0.3687520724302384,-0.31516953894990424,-0.021080891560110365,0.8447375376093904,-0.22649408209174796,0.08815492828478508,-0.10419453451388934,0.023940179415086707,0.4398815479731223,-0.04077037979158665
0.5459310204300722,-0.9135562278778028,-0.2633464078247438,0.1441999093056014,0.19284064852607335,-0.5765050547000542,0.03066340747669108,-0.4713420252869863,-0.08514748633654406,0.6315670639146993,-0.060592210141091146,0.654955852831968,-0.3797373424933841,-0.5849661398138211,-0.17721735825523927,0.6109181851136588,0.3310048276679046,-0.878530917485434,-0.8592926089183739,0.08345904017322771,-0.5933314066593205,0.3602169898978044,0.2632195277868636,-0.27797145443126897,0.1645008359645339,0.39630586351275476,0.007044954148496346,-0.8571619696305837,-0.9510419797238358,-0.1845495320291435,0.828664815528815,0.8600814285324689,0.5018846440264914,-1.0613284156061886,0.20608548663344084,0.2598889900353073,-0.033658048955084965,0.07498793133630977,-0.34802405550312926,-0.34776947492213456,-0.6107948679036788,-0.22768266485506422,-0.7285234196734952,-0.47577550547608405,-0.41164423389728677,0.37758805347775853,0.061406099098527095,0.10507963045397026,0.049848557852073476,0.37564963836325066,0.4880932856187435,0.2751828898498143,-0.245277078764657,0.2301796516820506,0.29528100824304204,-0.9209834946377126,-0.5940312842553699,-0.4558917679164997,0.6150047448772353,-0.39944537103408,0.09327982730800043,-0.09045805512033542,0.42738560999884445,0.619650501450024,-0.2531023552930246
0.5447182757525604,-0.8145205662859719,-0.23054632382303442,0.01857638906806247,-0.02312042459524627,-0.05743646546291298,-0.10347513609895218,-0.6930476346480474,0.0472771055877748,0.5903301389118767,0.10818348705972738,0.0662122020836552,-0.3942018902476027,-0.3121445848372216,-0.1209942218490719,0.846844323985568,0.24933211173095798,-0.5593396619308965,-0.4915043682174579,-0.452732559079328,-0.2941202320970622,0.543059776853556,0.17990334198010946,-0.39645883148588523,0.6600811568217297,0.6963261933113326,-0.04611144688089548,-0.489715968484156,-0.811264298687336,0.1707732027690108,0.6616737936169396,0.6669660797179809,-0.39196175376640957,-1.1323718817740556,0.40092499497871265,0.07008139229927585,0.1578630614689972,-0.5689644572066193,-0.0014568840411132017,0.20724263029753365,-0.5528266269288786,-0.07956007948467105,-0.51479585152591,-0.37618215604365707,-0.3769228167580108,0.8191538600520372,0.07473079023907887,0.342795761192881,-0.5714650994023953,0.4803461140247553,0.036403412897650034,-0.3704789682285258,-0.17190092911222113,0.31567391755965557,0.1507373813546567,-0.713166370536598,0.590247822461123,-0.36180555454966795,0.3613357848681653,-0.7295833822012024,-0.0772467942990877,-0.4247683650872337,0.2866978617244638,0.5892575059285683,0.12854518027324088
0.027603362147244296,-1.0378134350940387,0.3097587140852189,-0.20799943277746136,-0.03897531465696179,0.19278543101405812,-0.231486664119746,-0.29658394399850085,0.009648933243927571,0.3221490733437193,0.1250651543778381,-0.6248468061502166,-0.1144090767035367,-0.37890431995475304,0.3129400698737388,0.0359283725595658,0.6698065119287311,-0.17341140182916534,-1.0769744488138804,0.2554174894794415,-0.16930414959294826,-0.37105182881908555,0.19524461691048234,-0.5957642456418212,0.29850949361051915,0.13563595129068534,-0.15922559976778938,-1.0064298920967947,-1.1707614162258773,0.8116684903691085,1.0279565848152097,0.6156549929385726,0.38535286455044787,-0.9065707252238453,-0.19533866607718325,0.3577841873472199,0.9202846055384201,-0.5345916267853233,0.023112210877158076,-0.6833777615533906,0.4114268788144709,-0.4136785401872072,-0.8266917163940654,-0.1524844762208737,-0.4302439857620136,0.44574455411756186,0.07495497646923735,0.2846181240617281,0.23753444602629237,-0.15195138883677245,0.29762471636982235,-0.06209084410670815,-0.4306003915825305,0.1045953326603594,0.19044786829929874,-0.6587090312038536,0.3561308650698327,-0.32832639358683763,0.22205431510237628,-0.48952132530851045,0.19507770121432427,-0.39364332961159176,0.19508509753586717,0.16398900036157546,-0.03800290389092086
0.22618306835430405,-1.1430890072941966,0.5159490093263954,0.1507366905444865,0.4696971055347823,-0.39194790270979085,0.2614591212559979,-0.757366204714644,-0.016451373484323767,0.22331145089577004,-0.22713974986616928,0.4284762249482536,-0.1867783479064013,0.05461076457071616,-0.21214022724999787,0.29189721067124874,0.2534512008458496,-0.33340843399127845,-0.5472589841892108,0.37199444678845117,-0.5019753524612763,-0.12137225951763761,0.5861719147436656,-0.44805070660670887,0.466663742337689,0.28942251081994563,-0.09325006354357912,-0.9167291695071002,-0.9747689214706924,0.7014928471003677,0.1872999973588039,0.7301848972287187,-0.31724432636864763,-0.7536558932841289,0.1625295153813304,-0.011490172940402454,-0.26020034884356547,0.011911434819240292,-0.2987908025425521,-0.09700965701077666,-0.024861657765713675,-0.05488835476073546,-0.9343319269176201,-0.7323591290988104,-0.4434015043267038,0.5518133427440419,0.4514888117054716,0.2740971147294724,-0.6724485693618188,0.26835513831541835,0.22895549956014163,-0.16578610495264803,0.3543660801671179,0.016799482311329574,0.08055690574329923,-0.8695975171273502,-0.14633245484715068,0.20968262574941052,0.8741027888692928,-0.5452689006456338,-0.16950611076824407,-0.04460023030079986,0.5788390526818263,0.2422539917774602,-0.2788459642265897
0.5875059990878412,-0.5246517963666119,-0.39651175890067025,0.3214602338839305,-0.05520181051925524,-0.40217408605782423,-0.0698024982607651,-0.6981494392888321,0.10516446270735519,0.39548282316439864,-0.23548249112563155,-0.3326334658486486,-0.017964085507054247,-0.4570229807610768,-0.22029458179149597,0.38990006470282407,0.10216319263887208,-0.503304943310583,-0.4653010779506972,-0.6058714033251948,-0.5403990258604457,0.40796184916117023,0.44172191483430895,0.014921813247095884,0.09116916542187094,0.6075585258438174,-0.2985245244433548,-0.5756979114546776,-1.0097009518656435,0.07743869753613518,0.4121698246590993,0.5022229483905138,-0.2884297371474508,-0.725144124870379,0.07536046562099422,0.02288117697893921,0.4853641001753096,-0.4027202841452935,-0.06195914018392641,-0.12712445930231184,0.17218938300355865,0.05039661038352732,-0.509725798922611,-0.012375088815745408,-0.31872438431161787,0.4849129864348735,-0.12791606247511134,0.21980001376851344,-0.1257687383982707,0.298752960390818,0.3018064595209339,-0.2046468329994816,-0.14697299490926496,0.04613244076127729,-0.025457431695479003,-0.24099252703050764,-0.02315877378325218,-0.4819498707528691,0.5357522368101031,-0.1768031157859369,-0.17684681114138032,-0.18687377193600796,0.38707529765423365,0.6430168434651417,-0.5291630082400249
0.5802559333138704,-0.8239329566942353,-0.13158096108527445,0.08407425660463659,0.16129190254976986,0.17735150514667924,-0.18459017453035836,-0.6225737131211535,-0.1056231573437563,0.5224928705684041,-0.10959091187013358,-0.3407844251194965,-0.11906634465685009,-0.46085337420382444,-0.11125830327292871,0.3619358404706483,0.12775252630438744,-0.5837966653669882,-0.2361519948626284,-0.40556798436397656,0.01978591423227584,0.5068486917652802,0.37995495592968415,-0.08628617274310056,0.40547801974744335,0.4656084630015283,-0.18603781601855798,-0.75114749625672,-0.9254297609826425,0.478893777641733,0.5692038735784992,0.7803719311731211,-0.11870515408122265,-0.5328720480470276,0.22193136538234842,0.5049338078373888,0.39405023085409807,-0.1290375411205662,-0.015591648542745952,-0.2681473634766733,0.3591586061095246,0.09705190836882603,-0.4067881634555842,-0.16361644609965525,-0.2979977289787287,0.625714755682796,0.745196934266291,0.03037089876711012,-0.15553273364777132,0.21543302600628142,0.3561575688221908,-0.10240084356376623,-0.22420638845344,-0.31797569525204594,0.42560396011235635,-0.6769075224667057,0.13130521014237487,-0.13245039793580154,0.8238118813409606,-0.10304909238952921,-0.0755513903833641,-0.4415609884701819,0.18587769446154828,1.0131411599992932,-0.3973924325465084
0.7229822820783582,-0.8070368686347121,0.054876850669561515,-0.1537558201453828,-0.13990700767724343,-0.27037383137825316,0.11368276364073804,-0.5396763218653965,-0.021870085496049657,0.3976642709987109,0.045615386220153806,-0.21486904058320055,-0.01959929150746921,-0.327498429156277,0.14877138058045908,0.2786296348711985,0.4387604306978393,-0.7177524244800514,-0.2111868615518239,0.0971091547171137,-0.20406722786332515,0.233346333750939,0.4533951524801992,-0.3031358137392158,0.27792325378767113,0.3667435462092669,-0.20896207932770422,-0.3948404969287466,-0.9385053030078941,-0.10744279340684,0.44425544859308724,0.38645337377214733,-0.14471947024711979,-0.5026929631247705,0.16623864927944954,0.21856380382130003,0.9237217622117724,-0.24845299729697246,-0.07321014229921938,-0.09837658224812938,0.0418748204746658,0.36999059812572427,-0.6640024001327784,-0.2664166012268889,-0.4274151664976111,0.4772554612560392,0.15074831813898512,-0.21683707080919057,-0.1824025540286832,0.062455224113217744,0.6239499140659007,-0.1562888442956842,-0.7407702540932471,0.2161983451414502,0.08159088661266403,-0.7219722720117953,-0.3456406334607278,-0.29930675777532967,0.5459417032462476,-0.28007009044701264,-0.2970672079837976,-0.5183558282212901,-0.18006490323923763,0.3059390862655383,-0.41312256640696143
0.5397317177207299,-1.0486591437997188,-0.08911914847062334,-0.17088682611775072,-0.2259526088200449,0.46437767001630104,-0.17385664012118052,-0.5643048968306406,-0.2435372945314632,0.3335013442120137,-0.23476439181419506,-0.47094998123706516,-0.20735340785891496,-0.4717358716308394,0.5470424160775192,0.09770576406372293,0.0882653294768086,-0.2906388019418362,-0.5005031566641145,-0.08335285229750476,-0.3394157041598402,0.08449055375545791,-0.021936109856239353,-0.3549949075593746,0.07154996548725268,0.7899394416699606,-0.2628092114208073,-1.0465496497645528,-0.9401671526269584,0.35150060490241275,0.5519674402639985,0.5896197198857372,-0.13134431380428996,-1.2654115300143072,0.6078267160212422,0.2017480541121527,1.0081890111710128,-0.36056707438235,0.14195201065006494,-0.2651019745308545,0.4864214185977108,0.014969577597731772,-0.6098973083790599,-0.4163344049697401,-0.40499549505647686,0.36885520520907955,0.09805805133115626,0.19409531764090687,-0.11104425269620785,0.1617680230040044,0.4582867424937903,-0.44224038573479657,0.27437663356353337,-0.015131223825895905,0.01785597123336191,-0.6158835491265328,0.25132530484370846,0.06867808588082322,0.8040041040203847,-0.14493633608265977,0.03714846347224476,-0.0631544449194803,0.34335488255491425,0.5649057359281853,-0.28347085905140246
0.3092532064941776,-0.8358714531928126,-0.03366766863158666,-0.26785935563906554,0.3131482737397352,-0.023832011780010764,0.31514372534014523,-0.6952428315809556,0.069983951596998,0.5468062625956166,0.16121552050541504,0.1967148351430929,-0.29871832308351576,-0.3502633751492193,0.19811411630136028,-0.01465406698531807,0.4552556552540203,-0.5199647874899627,-0.3299258019403957,0.0404156124789912,-0.4821540942634597,0.1617855077144544,0.5348436501608095,-0.3085754416463966,0.2930066147182817,-0.10900433880144161,-0.47900988392369226,-0.6320611568662972,-1.081286507728309,-0.06240973657595392,0.6927225746974248,0.6985772153393615,-0.10018935186257177,-1.019838035165499,0.22384999268530847,0.2529901913754139,-0.7690829902958418,-0.018227418436320017,-0.005461779678075859,-0.14606632113679116,-0.4443581966248632,0.03621370152966394,-0.23323424929833472,-0.3294110790037999,-0.28287391761170616,0.4835980423275108,0.6666912260210798,0.2596641687808554,0.2565914869534288,0.44302216929774324,0.12138697847777384,-0.30622843711503045,-0.3274281682396446,0.3160984091438748,0.07727020503696322,-0.7266263840069374,-0.1852759605866468,-0.17002572719459955,0.5802859934989966,-0.38483449472941395,0.1785840351656982,-0.4539690816667852,0.36693752936204016,0.8090614258938595,0.19482803117609643
0.47939878512360684,-0.5623565373325548,0.007897352989227165,-0.042974345246185,-0.18220253182221632,-0.5735998556762057,0.28603036650971475,-0.7452991697120381,-0.2685172102951788,0.30405930096290373,-0.34008773320148433,0.39575538826171885,-0.12366751628344977,-0.13798785222866877,0.04139333071003064,0.15910960326323811,0.3056713858592692,-0.3046371569780984,-0.9453705028592011,0.1381544461474696,-0.6977090162576309,0.13773160361198988,0.20253430234745745,-0.24395325282777178,0.5454565041732483,0.21998099890985068,-0.052958796931913674,-0.8040821070213301,-1.012482420452062,0.4131230308419111,0.7966576049078,0.7836775352720473,-0.3275442482363824,-1.0708902775385178,0.4145048655831056,0.27732106845894555,0.4774758725715249,-0.5001392672913407,-0.34583346527626035,-0.5013530323208433,0.5830807513976585,-0.10859530645825956,-0.9896655050884215,-0.054691962576973216,-0.10812248100572898,0.3803171117563926,0.0551141129661816,0.1707042645975679,-0.41176101999625025,0.3834267813409719,-0.1492592111189962,0.08372514066043057,-0.5199246928899643,0.25961894358126325,0.27334624956622394,-0.44580108282536524,-0.4258626718680586,-0.7737030701010856,0.6318187638518552,-0.2754870453599562,-0.18018110816267457,-0.31396103224212735,0.3294723421019784,0.6663184479912541,-0.23654477629645893
0.6114150652245587,-1.1777882918205291,-0.13913583759049486,0.01896783721434438,0.19827576839940464,0.35156247972559507,-0.11799665685554968,-0.5830908447553962,0.23159234735324757,0.26815101006309827,-0.09414392676658162,-0.22053067269399126,-0.225777956142092,-0.415763873930188,0.14701864232748943,-0.08426775545853922,0.34207431556271184,-0.42432302763320373,0.05594376269456703,0.2574591925837107,-0.09207626811190465,0.23620063071093444,0.15864283073975596,-0.3482910817805695,0.5311464933748322,0.20893282481248218,-0.12856740284187393,-0.23281652748455883,-0.7531688639077568,0.3918783465790392,0.13042827134515467,0.7858318506158188,-0.1288011344970838,-0.9292351128588253,0.1294109656534607,0.2511344913149694,0.17874424262888533,-0.3886103033371783,-0.25389284066516316,-0.012964639437111958,-0.46120375125521085,0.14749656952701867,-0.4225384461630075,-0.1348288100252914,-0.5384333685914211,0.4944974546996499,0.5406980494542719,0.41277498856391714,-0.3794907573125759,0.37267315379378585,0.1465093200850828,-0.16890422830218174,0.2665928645483558,-0.030230824391951787,-0.17401117935679816,-0.3232431839516944,-0.1762756723422117,0.05592693422692121,0.6289917146948878,-0.18768856476907753,0.11867459429933375,-0.03317049008730276,0.23133513409888834,0.7222302365770398,-0.06581785994212838
0.9181475629817071,-1.0125691327376978,0.07140095723607565,-0.009663517828281926,0.24935915177674356,-0.2924496925744236,0.3707963579481699,0.02821141464248885,-0.19984903969517917,0.303017495792771,-0.17171466543856234,-0.005816617127000774,-0.3780720855289452,-0.8784256145794174,0.02408080523234704,0.523392119529183,0.14570564734903022,-0.4913072090806231,-0.796919088861472,-0.05082453411165902,-0.5429277204047526,0.13381712279616687,0.34051749935367664,-0.23189766995306105,0.5285155098819841,0.39759558320093097,-0.02720261100117438,-0.1458147034631422,-0.9064152718301851,0.3743603538612385,0.5125010237221884,1.2108057761033675,-0.46579110857350164,-0.8189775429538165,0.06099306762185591,0.6361328781519137,-0.07683481094407418,-0.2919099848308152,-0.10139885825082025,0.011454426445285756,-0.33673377585486425,0.1564613149574725,-0.6221201071679061,-0.7319565858851448,-0.35909618344489175,0.6160608933951506,0.3786504531384598,0.29492070335046433,-0.34623407432928716,-0.121509337976685,0.24168660251979435,-0.22517488043764045,-0.16313929073728464,0.5112713981135362,0.26033815280100203,-0.7939583375371279,0.03783902897527625,-0.2859955946283044,0.6177044672451334,-0.36757243358559666,-0.10766814138249692,-0.5642918760843479,0.21561972032543814,0.9217853942801063,-0.0784073936061494
0.6052420042703263,-0.43146578307754224,-0.3166713515387418,0.008670417824443624,0.029967047212831027,-0.46731457923015407,0.14838648314806502,-0.5947012767612584,0.5367263118242592,0.5893461940679874,-0.11787006568334583,0.036818703020663715,-0.0067462588405844265,-0.5671152171843967,-0.2702447856135069,-0.13669779526156944,0.03281992398247117,-0.7724775202104797,0.09915277979963016,0.020523116873255462,-0.7003338131596248,0.444695006722593,0.6697686031520056,-0.15724932524488072,0.7116578356566784,0.43132786985410054,-0.5247985516594329,-0.9041750309685055,-1.004467488817762,0.20062006835747656,0.592271665870467,0.8144146311124403,-0.015341371358087746,-1.016159500971627,0.37654001982818397,0.44570328092728057,0.5171644620438708,-0.3383574236886292,-0.4216687387693764,-0.27282369613971574,-0.3814098040039038,0.029484753079746275,-1.0667547206318209,-0.5976488043308295,-0.2859457359180176,0.5901880083339474,-0.42351032823190465,0.3977145131646099,-0.24571113167368958,0.5740274508316384,0.319951573680193,-0.2536812259346129,-0.03634619568053961,0.25066818737064417,0.15757963345847403,-0.815233520662427,-0.048798224872992214,-0.46386636899812406,0.48503499422057683,-0.48050987558128544,-0.012578771676824405,-0.38834920011399593,0.11989729203640456,0.4921262518344677,-0.33028490012307987
0.6636136023014677,-0.5440574062442532,-0.3922540293231694,0.04127266861629467,0.18570109248263222,-0.11867766246586829,0.27669020527893823,-1.037791286060431,0.24385844162343834,0.41756891448741784,-0.058068393173772846,-0.12203547356402558,-0.023591159363224076,-0.5786637863815413,0.16439644827071445,0.6938774786699747,0.038287161791431365,-0.8557945595123753,-0.35449338835828265,-0.04369078547434956,-0.44071745463782835,0.6630196212117768,0.32365632664857436,-0.1253600904175864,0.1768779386925593,0.07824294414036968,-0.23262785317749263,-0.5277231128016379,-0.7401816641193736,-0.004190164031951271,0.27364051244631654,1.1427969343667026,0.014586210383004103,-0.8093461370626015,0.5140430241613706,0.367295859283177,-0.2544800675463303,-0.3694914890059063,-0.2828867706911116,-0.2711055792438686,-0.20878841804913542,-0.19162963036008968,-0.6655189463678856,-0.2594091843153717,-0.4931088984174882,0.28440383172025463,0.11533834471058464,0.02809916519770561,0.04370261821457679,0.16035297915735336,0.360601559052515,-0.33493027453710283,-0.09433554255316462,-0.07306890201929521,-0.038119339342768815,-0.3973613624180661,0.016662033441275925,-0.09918420851481884,0.45303349126613823,-0.34212129046327344,0.03661927752965744,-0.06692310794843387,0.22431601573116844,0.140597734989098,-0.22725688843431938
0.3485121508070673,-0.6113441445123415,0.20973426629354858,0.02749694450837689,0.11764705322342237,-0.3545792551796421,-0.12144425025839665,-0.7231570945343568,-0.06680367368433028,0.3700899739447111,0.35275213917462794,-0.193939932984859,-0.004744924661589281,-0.4328714118644276,-0.10205268868851734,0.29979536259611156,0.3173407821346842,-0.01835878383243667,-0.09274753282593529,-0.12125707233228364,-0.06987686781052777,0.39136602909279755,0.2934508144872219,0.10247401767183424,0.21839713390881865,0.6457395945340418,-0.17025706614441172,-0.7867450639826933,-0.848643090858207,-0.15885576319002115,0.49115539073584574,0.6741403177870936,0.1139347034869719,-1.0299506386127013,0.34411585626553065,0.3833445177231863,0.8374943226181675,-0.16570673488331902,0.2155883077624236,0.026147061066604083,-0.12075929147254463,-0.09032676936521238,-0.7368440199622556,-0.3673659558094791,-0.018593681660236235,0.20496167857595654,0.017750913815316197,0.252785440076795,-0.07799103790475977,0.01953412233406948,0.3426111317222607,-0.25840847668451267,-0.6461808749128554,0.34117031848621715,-0.2407144648892451,-0.47612948780069186,-0.06913982416369832,-0.25410379051217213,0.652253504100108,-0.3109339790371484,0.08518251000152469,0.16801988737737583,-0.028466497315885006,0.26468737971612166,-0.3734696600975857
0.5478684169610397,-0.4514775184396797,-0.4770936620547951,0.24370460199121555,0.161581182316201,-0.24893543766154388,0.32194003850005326,-0.6837805973036686,0.4140184156108002,0.30083906166460717,-0.2874743826065744,0.30353411187676643,0.10435624085275316,-0.37392767944896615,-0.10374115810020049,0.44519440146387,0.02512091771334385,-0.3437056388650092,-0.5331284682653107,0.4384656884612706,-0.4253873390941631,0.4479403260120313,0.3512222524391018,-0.09755741660935556,0.06967049810287762,0.18350927127640246,-0.6547782964978027,-0.5178227871644157,-0.7049606882455908,-0.012093016517575897,0.4690214781606918,0.9037004879647169,-0.025887323518615633,-0.9505611619894625,0.367642704792829,-0.16028185769652117,0.3059206479409654,-0.2271868534966989,-0.38448709750452553,-0.1015756888738363,0.019657901711286136,0.0767868324137563,-0.8168216602373759,-0.45363739353197896,-0.14933448737512695,0.44358418561287694,0.3842911748645474,0.039969469641681285,-0.14625515737958722,0.3378418852905837,0.31104684447408576,0.130133988129146,-0.22173619950816806,0.3541740617710013,0.041954279980733714,-0.6210678220536019,-0.8722682587112008,-0.6655363333791454,0.766349686201895,-0.23986008815972526,-0.1967541671177429,-0.35583087253473783,0.26037513450777844,0.9244727673750035,0.1904865743359297
1.2004210291094255,-0.6667267095303786,-0.3530234086753209,0.12403815511758184,0.11851403653872872,0.0962224029959923,0.15178308786958838,-0.6243761342404788,0.18956700237702068,0.3151948262118145,-0.30934103398601576,0.11151180726838862,-0.027456042598041228,-0.5075978299133794,-0.2672318153007743,0.12712915890625814,0.26320030104717596,-0.6066272788534997,0.019348749456492224,-0.1782810943517607,-0.3504746325351231,0.06035827398951435,0.5112281994350756,-0.36228580011196687,0.9294098784926231,0.7461669328303645,-0.6146735989127179,-0.7118310795933829,-0.8220170311203258,0.13778284852346187,0.5830035791837623,0.7651291100096282,-0.21000738790367535,-0.7957272244046291,0.1060722016534893,0.2016616954355661,1.1530996351087115,-0.7051430691424087,-0.2594495706436657,0.30392348982430106,-0.7632121413791771,-0.18110316026659426,-0.08776559757932782,-0.011819912353805468,-0.279242028647734,0.23670014905583772,0.5671494499003376,0.05546891026835042,-0.023768002143653075,0.450647761745246,0.19101204996718987,-0.03729758823635196,-0.49658294805067443,0.6187172304012949,-0.29198167936049035,-0.11450782321319042,0.00876859397176978,-0.6398961762424769,0.8923330252272053,-0.47605141922678684,-0.14937079887952034,0.1580372762607132,0.2439667412687805,0.7446287050393297,-0.5836663106233334
0.5670825623634083,-1.0188938921036481,0.16716081487704726,-0.2890687358909565,-0.12734192587308008,-0.019217835049383597,0.08207961386069182,-0.2581981444772662,-0.3829578772980416,0.5962979472004784,-0.020512530495714193,-0.09607722464418478,-0.33357702164904096,-0.47940779264540995,-0.1293298101834874,0.6297365594637311,-0.07105085373364294,-0.6993175226200958,-0.49726779084019995,0.22511960697540628,-0.34504429926432584,0.5198878518130725,0.6665365994709895,-0.12648387978629022,-0.015109584155707768,0.13154560403966323,-0.08090287194150762,-0.8339926625089766,-0.997635280202156,0.4903930242479515,0.44946503541832,0.9133788815827608,-0.029650820749174647,-0.5744262652755376,0.2500370415291441,0.19355856220736378,0.6631244839298787,-0.5386386673295098,-0.046320158670685896,0.1117581568323774,-0.11169046176581732,0.053679590357610954,-0.8755114678845136,-0.3879962561875727,-0.4400803744892768,0.30209759357194316,-0.08771608109506818,0.41393725990914204,-0.019138150986146685,0.19973931627126784,0.26372980783804023,-0.21675957544358332,0.21408689258952945,0.10360791438789074,-0.15750855938093689,-0.3605573720056254,-0.3338442021319373,-0.12739327935793404,0.4448319388924354,-0.016925445765909236,-0.1793656154508963,0.04543513823542635,0.25378554519526714,0.6539707082241729,-0.530052481932637
0.5226258157006684,-0.8304018758126894,-0.06838855521902704,0.035365406581533115,0.19230668835675618,-0.31807247847885667,0.11999902941212486,-0.4253034743081656,0.07979575664396221,0.3680475309452888,-0.08026763401309492,-0.06593881381305851,-0.07734641100297111,-0.4008748159402214,-0.46803414703848734,0.5526307649582076,-0.047354125083988965,-0.6204215436268681,0.08059136433625481,-0.07245287867731987,-0.4599759014989446,0.29638106667998493,0.05892086614627713,-0.1738996136665158,-0.532905595447206,0.2548143895736877,-0.087107007315432,-0.1056438694336071,-1.1183274352647765,0.5306774791429105,0.5052289861511535,0.6047115998396995,-0.34021053871885215,-0.9752437963046311,0.1980268768999127,0.5719415774303801,0.6410398135450619,0.12315920704939258,-0.14894260520599117,-0.08252833710197446,-0.21558353541920128,0.20325162397990285,-0.8759588674219991,-0.20472675752188013,-0.45745083213781673,0.18087135434274848,0.16117885015497524,0.19089553198763876,0.41667606904255305,-0.07125195918480608,0.12222909584781358,-0.06497896461714814,0.006121506168391792,0.2796011792203046,-0.17501554927918006,-0.33118882867449245,-0.01263141473833184,-0.44763215328141404,0.022291643152880666,0.13918247733336736,-0.22812220786441628,-0.1549727407521252,0.13098211808749113,0.6048960190540142,-0.18515609179623954
0.42163691249403923,-0.804817044492803,0.05664161798569386,-0.1215402808143771,0.21022154210600136,-0.07133852904932927,0.021294021517564325,-0.5984431670421118,-0.20366083751388836,0.33247664917526737,0.28567281519382554,0.01299883523161486,-0.13379594216194526,-0.32712379837789296,-0.19317709104980318,-0.14297959997857038,-0.26696959261324443,-0.09807496626448516,0.06596309128455859,0.07948095553645718,-0.013167651767009222,0.37126369792347097,0.47634851469196055,-0.24440762419389142,0.06081859366839408,0.2507220928428875,-0.531886222163368,-0.8963013541739682,-0.8242104219621538,0.6921356694163731,0.5330923142961638,0.7270547950901906,-0.02533222351131309,-0.6992791168012276,0.020539712838482455,0.41006560047309565,0.2278420604159465,-0.47058570898874663,-0.3098526804761989,-0.2565288364678191,-0.5211267295738122,0.042439557390645644,-0.6602739083676149,-0.3867369893975533,-0.4355375893351236,0.39665362056712533,0.04713979867106066,0.017513232628440505,0.5180614209376152,0.42117962608908494,0.46715532150818684,-0.20290812505053474,-0.21284978735736837,0.25751490457359716,-0.21896098279478152,-0.3463953766061406,0.08233423773816034,-0.5168394475553898,0.6462715712135546,-0.11339021014705178,-0.04416066794578537,-0.11770327574652775,0.6052262561242389,0.5805481129784422,-0.49868444663532246
0.1485938760152191,-1.0803580357684486,-0.010657674769254333,-0.31478174435521283,-0.03860641271194115,0.5418780391627864,-0.4184592504907567,-0.12096689929919156,-0.21238947164832045,0.38301993832276926,0.060810900635083515,0.07861293394046814,-0.38442257528214335,-0.7553045506375434,0.5586598761266133,0.3294290941150819,0.2859647935384555,-0.4516748336336528,-0.6941936315638538,0.1812252738360264,-0.21523165773308017,0.24244211290715112,0.6365399144016919,-0.24142983181757466,-0.06796975536899807,-0.040412170002706124,-0.1993424936036346,-0.8302888335215668,-1.0757579025174868,0.4757926977102683,0.6212307222633467,0.4443284553029726,0.32903661872805023,-0.4036004678805862,0.7423028904736326,0.24187464080081367,0.4782562734039229,-0.3575318918469089,-0.41443269678551226,-0.48653342318669524,-0.44202896081139076,-0.0023000657895527257,-0.8256048240339648,-0.7557996332099239,-0.17970744586401252,-0.04151749472895859,-0.16754654839456662,-0.10811911996541067,0.061092796446154604,0.19842761735120926,0.2291391343747122,-0.19987232756852602,-0.0980312834966427,0.3196961656707039,-0.06683184867003707,-0.6930741394288388,0.5005434716553111,-0.11591616210028902,0.750458531914226,-0.1240210032068926,-0.06357813330209634,0.41928248992321693,0.4101559010737535,0.6638756645146986,-0.8979394300603152
0.68287434152643,-0.8428045962405538,-0.08377706980684906,-0.2246450253325477,0.5974747225779715,-0.4623637608347683,0.22927734402330696,-0.4447131827480383,0.3465957569639939,0.36230072249453166,-0.33486826297539224,0.42283075221677996,-0.21732987782985763,-0.24749430489889612,-0.21903072518286681,0.442014211948012,-0.20607600225155845,-0.27777454079977687,-0.7887929113982507,-0.25766709258265236,-0.14698242861113953,0.1386713036468657,0.5698851486473903,-0.08719500115307069,0.6075546266063013,0.09099638858494435,-0.3628256205513575,-0.7881448477985742,-0.8294236558525439,0.37878085247068755,0.16874604292950143,0.47790287038971885,0.387847569113203,-0.6784332764379649,0.044649835195511925,0.0960895688828827,0.035587264456534665,0.3620872519885434,0.3168559587254517,-0.28366288361384634,-0.7325481855587752,0.07783376051006831,-0.7446395884128479,-0.32056929908601606,-0.2691320777289131,0.24046028155120402,-0.10403160542390283,-0.16212463062289678,0.22758213898853946,0.30837052110756363,0.4104657317948646,0.11922824096688964,0.028705655755163685,0.13438635664537588,-0.34266504793473357,-0.1482610500775602,-0.40770275844497916,-0.2681403693668586,0.9650706495903937,-0.4711334837157787,0.18878793420858475,-0.04206085402677197,-0.12856390534700426,0.15371999421238156,-0.242359960488973
