May_12,April_2,May_16,March,May_8,February,May_3,September_2,May_5,May_2,February_2,May_7,August_4,February_3,May_15,August,April,August_2,November,September,September_3,October_2,May_6,May_11,August_5,April_5,January,July,May_14,May_9,April_3,May_4,October,August_3,July_2,May,May_13,June,April_4,May_10
-0.47795050051809906,0.057716198436546184,-0.6182992731670861,0.44051210145832115,0.14882067575178287,-0.23099698900275195,0.6354032408567905,0.19684548913404282,-0.1385332996572113,-0.49702820262412906,-0.4182149363399968,-0.20380675264260778,-0.09036354674913293,-0.09471498882107214,0.42973231000816237,-0.7086584795050905,-0.17193488117994268,-0.2882941214185729,0.20923876011819834,-0.6479020062068129,-0.27321795501157586,-0.12455096059441127,0.2750110819839907,-0.10490854058070759,-0.3642406234533076,0.3420664432510156,-0.2003856999291587,-0.30576177630166024,0.1252057807956139,-0.10041099566448873,0.25502402861257945,0.07538994252142307,-0.2303366993122723,-0.21792991850509844,-0.165629790720109,0.06838083062930655,0.2385239511722223,0.11075608834058256,0.1399162819520092,-0.2333113608981496
-0.18114308555463998,-0.06429952104795328,-0.379903937646456,0.19331941354251045,0.12745283853584588,-0.25404134903142217,0.26073227818032507,0.19684548913404282,0.16413752254013794,-0.29633985566017007,-0.38775872084543367,-0.18122153222251128,-0.09036354674913293,-0.3331782932910137,0.0003163386228215853,-0.7086584795050905,-0.016234031395198127,-0.2882941214185729,0.20923876011819834,-0.6479020062068129,-0.27321795501157586,-0.12455096059441127,0.17950912032152258,-0.22720835931902325,-0.3642406234533076,0.3370448991645965,-0.1852376610214217,-0.30576177630166024,0.11009045212519822,-0.08653285964287163,-0.045323116722326376,-0.006590706455360959,-0.2303366993122723,-0.21792991850509844,-0.165629790720109,0.1492014726641399,0.4148823973852336,0.11075608834058256,-0.051579149005106385,-0.16439643848582944
-0.14372741565167607,-0.012719908731373561,-0.5498604927118849,0.20906746238133145,-0.11870250603615547,-0.18307876470295753,0.48686457548890943,-0.10899731226925133,-0.1372551774363593,-0.1754655914896488,-0.5635229033604681,-0.2513986124383906,-0.6582560210895048,-0.2779507840709691,0.04421552031027773,-0.6022385491544662,0.05508736246661019,-0.7058191366459194,0.22596921358118413,-0.1502394053666355,-0.33181019791397987,0.056037802052010796,0.2421364005861582,0.19643079068780572,0.03308395599479026,0.27193908924807103,-0.2977197856512004,-0.32023097149171875,0.16124355128998158,0.006070714019914089,0.1884061365448663,-0.02813059202941523,-0.004895999215824093,0.2495806301711273,-0.14513700707229737,0.23269902964135455,0.26794657654978116,-0.2804503091886376,0.0323730138512102,-0.3038590785878295
0.021026518747055703,-0.02365444337307622,-0.6791148044095343,0.32816507140698215,-0.11357066772099127,-0.17138297302853717,0.4625281928376708,-0.0534635861228213,0.13975165212177454,-0.08677759272400004,-0.3401322246586088,-0.4914336334170408,-0.3894953884872093,0.07518743750377674,-0.19030226691138152,-0.6481676604293427,-0.28377681620492,-0.11385259120789254,0.11421122001512128,-0.1498685645088521,-0.010854170608697714,-0.07925502337325634,0.5496991595646918,0.0774076635179665,-0.28857524572410903,0.4725193231132808,-0.14735622611659735,-0.6489315249157297,0.16401265244489677,0.07148831986388843,0.08993509413786326,0.06077978167196019,-0.3448925503323455,-0.00884451339888409,-0.1848399643369706,0.4350806597929395,0.4009537801611759,0.17713906586287317,0.08795620127599182,0.1695227462123643
0.11432528840602446,0.15691408901815587,-0.4231734882226494,0.4916335112734385,-0.32754986189939017,-0.25703335302624086,0.4532296000578263,0.03317741741635653,-0.016170601964140108,0.031453816430237175,-0.3536461710524379,-0.35238828537811956,-0.5295984361895718,-0.18244656252403257,0.09736687850449946,-0.63847190461442,-0.24349877603194076,-0.3651974554897298,-0.22368450175161253,-0.2536452230830985,-0.07722258912324273,-0.11516688004394099,0.6571411587575284,0.02131295363906545,-0.02564655450074138,0.1348814473975138,-0.4782085631291953,-0.3946849262307642,-0.1510585593426187,0.09637451920522659,-0.12404862329472276,0.12252933387923169,-0.08142839912265175,0.317104754560009,-0.007507085714061154,0.6114746397417572,0.14619593450524088,-0.08449319353989533,-0.26239517465883067,-0.1580960348581072
-0.3149916798166913,-0.05666858536365506,-0.5353555086588851,0.4420497970093995,-0.06161739843211561,-0.34598018382130613,0.5529507349151446,0.1155393962019775,0.1482890370302825,-0.4461928796216596,-0.2208445324351951,-0.26690876108075284,-0.4391128016976348,0.17534165974457824,0.35769959745140406,-0.5821402470690383,-0.23589871187206865,-0.6194051206647069,0.07508296103166845,-0.3357190939255876,-0.17299186420122217,-0.08788824015418194,0.5776420025818234,0.049716152209054454,-0.019707000081088763,0.23030144695459798,-0.04358480490247328,-0.7969236523513412,0.30244922972058125,0.042727919625161453,-0.05082420141602524,0.1378015286364247,-0.24886726065340897,0.40151115844095464,-0.1990525765754748,0.6001949970319765,0.16735729179054995,-0.04968911942976774,-0.22348062797036847,0.0716897459528197
-0.02951162498033473,0.12375769465161875,-0.41671370234623617,0.553379615818744,-0.3081035866999554,-0.33235739965600936,0.324064650002681,0.1553216486100909,0.01403649018117746,-0.2569825408066678,-0.413117919127974,-0.49525227763864715,-0.3054926776572801,-0.32777113208474407,0.29670224604915213,-0.7826017115201027,-0.3847722099029029,-0.5342129790740273,0.14313228302386766,-0.2439439835397372,-0.38084757239127903,-0.02280398980969532,0.5143839663619976,0.26785303180937836,0.003936977343533488,0.12221107318718315,-0.12498740200179496,-0.7690025802850641,0.31635588927353286,-0.16262430394889424,0.019367979886981933,0.017391476840285025,-0.014870273313685498,0.20065235447799795,-0.008924055674374723,0.4006640142447801,0.14068850520026377,-0.12707046193639032,-0.4112434740624524,-0.2432815078425597
-0.2921441613398722,-0.20598165966138826,-0.6696470500844528,0.4585987053604885,-0.10947661913390286,-0.4659006160009845,0.8465296946062456,0.3081608093014977,0.07900903751695834,-0.35103597988631874,-0.12944465943632982,-0.39356988637140056,-0.5679564326486497,-0.31483730661000503,0.13461116077642335,-0.22733817790074534,-0.12661146011108076,-0.24301627074263743,-0.24587721658367892,-0.21864507469652605,-0.3050870725795547,-0.14951305820899638,0.3758797904993256,-0.09545580922843833,-0.21555197118071256,0.8610279884670554,-0.06122536452711609,-0.9619340739814998,-0.10406563904440069,0.07778327662431406,0.3697552073269385,0.30841364569224605,-0.2630851581506704,0.31227339801323584,-0.25426271493307656,0.350704140758845,0.20304180662461663,0.1176800861991386,-0.27465871037934014,-0.08229222151311308
-0.28359409677326197,0.3638701453230255,-0.5328494470752096,0.41566260149564915,-0.21878708612082265,-0.32233146700027787,0.4990651187701069,0.6795265929977513,0.12642813300265454,-0.03705786754809173,-0.30012471131382834,-0.2700511031195163,-0.2521729578341475,-0.02762815937693258,0.28060055527124156,-0.8176041979684656,0.023125681413006735,-0.4529637681139229,-0.14652638138631296,-0.2913184904364547,-0.3547519860319515,-0.09874452643674735,0.39806452300316614,0.07408383773912319,-0.16524202037140104,0.5645659394217099,-0.1922328460716203,-0.4902714361836019,0.2493406517752889,0.3399207690176195,0.19517512380048235,0.2379347393633178,-0.19663095467876623,0.21888428548568684,0.0483057120886253,0.21589325157030065,0.16544006105883974,0.1523420234442474,0.09976403592697691,-0.4046379201950657
-0.23385867978424618,0.013008455352204157,-0.4107793729336061,0.7150232049576066,0.043250766294882045,-0.15119320187887508,0.13360513882401245,0.08158500731388378,-0.02445235020003575,-0.23903706480764345,-0.28185677792433295,-0.19422207855333753,-0.20259358875385997,-0.13731231713487713,0.23499352361795023,-0.7316378072544552,-0.14771329945551687,-0.20508184630086257,-0.042635329834406224,-0.2938821451474485,-0.17077807559662567,-0.00023650542584516265,0.13646940539001648,0.06998303282268495,-0.03668536693061539,0.18757683170170597,-0.2511295519998692,-0.506959038015421,0.32507589384365887,-0.06227393121125868,0.273698940606395,0.14833683701889627,-0.10746923877241563,0.10425094682844882,-0.06796001712212824,0.04665253261401775,0.2895739731235109,0.05906893837820117,-0.1520389403198558,-0.2852292051175525
-0.16954182092799852,0.04906202683085842,-0.7168849816086571,0.3430283704258458,-0.2140015260142914,-0.31598845316664,0.4965849565016536,0.2785203264531054,0.35398550448066546,-0.0882385262977892,-0.09456571477209003,-0.6212139971671914,-0.6102082567616405,0.24075633171515065,-0.1759816528352377,-0.4615328277093891,-0.050246710681944154,-0.5047073614260159,0.10963291261076193,-0.2509560217196428,-0.3639370183821431,-0.32298487730117176,0.6323787598016921,0.4914672536586596,0.2249803325543036,0.1857074591731947,-0.18022740139084753,-0.6995213284768032,0.03532026190595718,0.22995427652949824,0.2811923859999875,-0.055677167289235385,0.055628156999714,0.4344017515134021,-0.03531775521040573,0.23077670033874634,0.38101942760699525,-0.2805624295243311,-0.07399087351356938,-0.2050670174642679
-0.17733687078909033,0.028620694271217995,-0.44117426327908194,0.3606634830944979,0.25265247794290796,-0.3501974293541652,0.5641741523383337,-0.5333705157643954,-0.1383696864317835,-0.25839687294142766,-0.3055366872657019,-0.4529201715875057,-0.24993266012720125,0.029167679917567163,0.4028408770873114,0.06705963839889904,-0.23956865455816875,-0.11331803315456826,0.17215581586931722,-0.16689559008531307,0.013142157992777636,-0.24872624176514035,0.3678235978249479,0.13503531355685147,0.08164804027926142,0.49929717965879394,-0.46632362020780554,-0.4119274508630067,0.21510884289059717,-0.212852739414284,0.34612775161123266,0.1685633408283656,-0.22458964638798004,0.12601905383427647,-0.03693818296284866,0.19026389725000298,0.5012291671276377,-0.1458293057705764,-0.002448240530645601,-0.7950356450660322
-0.22902954218357063,-0.0010972093852081727,-0.3583112769103515,0.5908712440465839,-0.022576710614939877,-0.3862890770044804,0.6691652625856134,0.6189003267288138,-0.09283021813594275,-0.145303944397687,-0.47549127948259895,-0.30788745246559246,-0.3390481984758581,0.19765571166605173,0.10347989535692384,-0.9446458470987057,-0.2099601755342621,-0.7507847415887214,0.08408345865173658,-0.5826980939155979,-0.32876328155797074,0.3002818216569722,0.44544017540696546,0.5023248587559851,0.09977810109397424,0.3539852806136419,-0.3571001144836583,-0.5008258578185366,0.3521646392109937,0.009776809403087006,0.1318123749787157,0.088435097765071,-0.09860262404664702,0.2457228081158231,0.10904195014772397,0.24190017635044478,0.3453557226834264,0.18876069597660466,0.03079817095504772,-0.392498491367718
0.33328198961587674,0.24752025590752427,-0.1801449158652006,0.8450781882377185,-0.13167579554413886,-0.14986688347143556,0.004032966136500185,0.15058135014636387,-0.28906518448637764,0.29611123802642697,-0.35557750552797496,-0.8811627685067196,-0.7508565856242843,-0.07447891683706924,-0.5345425039953804,-0.4746560268373559,-0.3796556742147398,-0.3989496078285767,-0.025715991266568455,-0.18822770687613294,-0.24872108155222372,0.05376056820881024,0.5716894355984818,0.6143541091360659,0.13788451832685839,0.1483974658465087,-0.4514702992494307,-0.6937196143179254,0.2877857344291136,0.24603596041149697,0.12288594341287258,-0.10032412893168645,-0.08025470637471653,0.5520635187741084,0.043651956772021716,0.2512498324307202,0.5449372072409439,0.01953913468049705,-0.31705572657910663,-0.3624675742638707
-0.03862408194810441,-0.18233408909279167,-0.16072727892935385,0.4167962536985654,0.06012521620083795,-0.3855907017410706,0.4286704052219261,0.5744425057053114,0.37633160846853253,-0.54353825429451,-0.4794577655523732,-0.16468385312832526,-0.7552939877398666,-0.18759315747427188,0.11304869773370804,-0.161399147429095,-0.07875532430908286,-0.44723356707254824,-0.15737931643258632,-0.11250849017856046,-0.24808118649267566,0.10668773773342533,0.3175788694069624,0.2565238275993539,0.11110681756719491,0.24871021648211733,-0.47383781106365036,-0.6961951091557358,0.27024465623631994,-0.11884075251281559,0.238744956175694,0.061145192822995215,-0.33424030382864583,0.6020260783247018,-0.10767111379910553,0.22784218164561468,0.47796104997174516,0.3250407292640621,-0.17022923624565134,-0.2595836823507621
0.1829958242415754,0.14251833469199623,-0.1831907363665004,0.45118915275895577,-0.14767016039853206,-0.21930684794045457,0.10184021402119653,0.5103700950185379,-0.19529752786011356,-0.26454388018832775,-0.4149673457218867,-0.33236915128281225,-0.19299993141484995,-0.2055562877473951,-0.18001902369466607,-0.6632346604035823,-0.25641717450181417,-0.7724384620889729,0.07995326520128059,-0.38558390355616445,-0.04693446920962972,0.40449594905487357,0.4560916839384851,0.39130134461702526,-0.0736731656754701,0.13046338931146215,-0.6024327040036002,-0.5337444612132217,0.2638159491217366,-0.038019374541071974,-0.11380612371092422,-0.13828315462428675,0.11308877092930351,0.2945537775251725,0.021609292430261037,0.651255498769135,0.5124178174036296,0.22979339098308985,0.0769270067504302,-0.26478036029887747
0.4291428758687624,0.1843163761755734,-0.31014417574600556,0.6232084528598644,-0.15275856831971926,-0.16473592812120438,0.050566063007770404,0.574562203811314,0.0496982922301655,-0.002225164597152631,-0.16098655250251975,-0.3631038580590652,-0.6214470769517175,0.2910743220907818,-0.5542035953636409,-0.5255946311094123,-0.1876370840643046,-0.46182419875441644,0.1134324291862842,-0.4511556986368637,-0.23660081543578326,-0.03212661715166501,0.4233597557580234,-0.04108323580917668,0.0008267548467328634,0.4151632680532532,-0.593808531653079,-0.7496851993242865,0.22760301842004682,0.22047348105928677,-0.024664188543265513,0.01261757863712934,-0.06835295043704535,0.28475004764454653,-0.004889444842055734,0.5936165467483935,0.4923976718523,0.1730808506535868,-0.1251194331323558,-0.01595568679984749
0.5859316744781803,0.03887626636426184,-0.23993418528525506,0.9328614196959635,-0.3255340624787291,-0.1840419855571327,-0.0901784301184307,0.21036075122669795,-0.2842704242940575,0.10060830393694292,-0.3217410833726499,-0.29979061789672556,-0.18181014426945938,-0.2694869453908173,-0.26852725539198957,0.08856573597976508,-0.25729540952689,-0.6002689877487501,0.22281178914005279,-0.33928773342284924,-0.19389621491080475,0.32587776602399904,0.47915188632489103,0.33075634826252887,0.22556061662199947,0.482665264684233,-0.8191169635525901,-1.0892004860179,0.3362607230380792,0.21052149020764926,0.11065626152579522,-0.12343033713528484,-0.16278449675719114,0.5746855330340738,-0.0029898510125270367,0.6427282975849339,0.7116977324297984,-0.16893197214278052,-0.24357571243611967,-0.033335681041456955
0.45357989787871916,0.17032635138348978,-0.2620279215742652,0.6516596450490948,-0.0733889405669603,-0.10458804915379857,0.07224951855205253,-0.04274252052994347,-0.1867147446137332,0.013283622151272573,-0.023819351553268697,-0.7003507986165516,-0.6139354733230061,0.2468266405188576,-0.1730832947240377,-0.06744218626320045,-0.3044362586581204,-0.4399120398835197,-0.3178002773769408,-0.06432002173616888,-0.07471947814332766,0.12818343526835646,0.3027918761267363,0.20501732255722532,0.2410327676897989,0.40020348752226664,-0.4741987881295618,-0.9382859798117315,0.408750860783684,0.22591000597494243,-0.0012091355414725335,-0.04019437778802898,0.08232937451563407,0.309170014383271,-0.09543827085422835,0.37097223109273164,0.5645237135526432,-0.3621694958577809,-0.031398686858929825,-0.3258717730362789
0.15289992347582507,-0.1772241232964078,-0.712306921045206,0.519322564091844,0.03586755282955889,-0.42644485936947285,0.4839435416627018,0.3656876412382599,-0.3009578745871201,-0.1901338988789955,-0.19715952562746966,-0.40969178386802957,-0.6397508123076122,-0.22165301976243063,-0.2479825164221152,-0.6728862783382938,-0.0572629020931025,-0.42592272275181,0.026985628894795555,-0.295175785252076,-0.4441398764969131,0.28506889309453565,0.4313605798182377,0.25005299834036604,0.5613574725515874,0.4834948856412082,-0.700124293220483,-0.5376364105622887,0.21392439180953565,-0.1354106954801751,0.38747830522006044,0.0021980972728586623,-0.1279021917606914,-0.027761298361408615,0.005342177237410428,0.305913815329512,0.7599157283610781,-0.0647516511683876,0.010074916250194521,-0.5756263445984916
0.07773645949308938,0.009376058280707866,-0.3624192174329113,0.5932764314269043,-0.10116744065647484,-0.1195851957446931,0.27526015811020776,0.20114230832335644,-0.23904208549897377,-0.16008735814396785,-0.14617282695450695,-0.3769496500259345,-0.5993681359836227,0.00839651589049345,-0.08734669490338803,-0.4550325700974362,0.08714513018397468,-0.5464365482892433,0.009769420243090021,-0.20298487119301717,-0.2946386904981664,0.10897167126501427,0.4415015834404457,0.07531174845566167,0.34712665222963457,0.3609002276473976,-0.3062502165704585,-0.6197786479799906,0.413411123322869,0.08199453877692767,0.4360583279234338,-0.07048820640858293,0.08382050475353137,-0.09434316329007097,-0.046501714410185135,-0.05004629975349577,0.5677794127447875,-0.3715485053227962,0.2445901184274457,-0.6503866785346959
-0.07514544689546661,-0.10838099582719021,-0.47538891957838414,0.4385037064588807,0.0916097059806057,-0.5476428903435676,0.5330839144304136,0.22372111550901758,-0.3218184268257185,-0.4213288186275197,-0.18840797940113327,-0.06847194623575986,-0.5829930098394692,0.04826909372841469,-0.005780448994677029,-0.3917542243649376,0.022203359718419094,-0.31119939413371905,-0.08627683954393758,-0.2689072150316643,-0.1667413377318776,0.3334243125469511,0.3519536051420467,0.19305002608249305,0.26285675812436204,0.5031690116557308,-0.4594564894995171,-0.4933573124354439,0.18811644600553373,-0.1412224308867337,0.23812949255585408,-0.12822824425023888,0.08500652045171797,0.043686323761929116,-0.1739728804197507,0.5542785387096338,0.6468198445534644,-0.07606976110795036,0.04932267080032507,-0.6099377696769018
-0.01453054226433581,-0.2287099994235178,-0.4052517674976844,0.5582369214445945,0.07434416659999724,-0.46281549210675976,0.44845837055473636,0.2598503139134544,-0.3271652859538142,-0.23235205981967613,-0.3600756464650363,-0.28895244021444566,-0.40930733750725234,0.059743118136818346,0.06365609329975822,-0.4989025631284778,0.17066514547133801,-0.4095066818843022,0.2522853410835964,-0.5270230837998862,-0.18108580583203296,0.29461905396292143,0.3163902774674725,0.05185902018677728,0.16962531122677027,0.1332279955250932,-0.5377209528775526,-0.8653326577430348,0.24486317729474644,-0.12729418216297483,0.6315374054146959,0.07974000955050008,-0.03698076648054163,0.061043882131922314,-0.053001386433284794,0.06816013549204367,0.5157506310348228,0.04444120846548786,0.3012306142292875,-0.8959135236002347
0.0366788430408712,-0.050159498330413346,-0.535826316869965,0.5727994471494003,0.05261481953164962,-0.29235580320070736,0.46247593005845017,0.46106901097611286,-0.3385836387924503,-0.09881090648036249,-0.2479337520813551,-0.5838610151239775,-0.6035638966348292,0.2826683776490916,-0.33770745632075255,-0.7412187706882801,-0.040245100123716945,-0.4655935189154249,0.35973961132522675,-0.4793560988946915,-0.36748328139147063,0.28902685188826954,0.6994318010173115,0.37507712753970424,0.2402514107633266,0.13038805614445093,-0.42461716840861635,-0.7278747596381359,0.12042340497426725,0.034082224242204376,0.2515652867204773,-0.17418477784351222,-0.1365533586869779,0.024143902372446308,0.1363181170847862,0.10694535214968351,0.5263784366657704,0.18888927681536163,0.26060302684922754,-0.9453958761860343
-0.14972402546762587,-0.007060538390285108,-0.6335313487321746,0.28043723023710115,0.10246104171509454,-0.37839585117351915,0.4474161323640814,0.06729931934083659,0.14288192985010287,0.03323500810254493,-0.060238691336520545,0.07815961242815755,-0.6578571127142496,0.30491180527072903,0.06002885009648323,-0.28093736132347863,0.2795049127438769,-0.23297778674252898,-0.07267895974343845,-0.1748732233450444,-0.09045423007301225,0.11922903116695892,0.09147345855569289,0.03357936752022472,0.35960369164338013,0.699118634572639,-0.7320207429500245,-0.9048968550321019,0.17949336407598937,0.1980232105257599,0.18857433761637854,0.10632987294195828,-0.006625104774941659,0.25637811659617143,0.03583241655229881,0.30049091209542006,0.4980621643251195,0.16308956100260433,0.1943939524691215,-0.4919831850402462
-0.05219274680211125,-0.1474024607663251,-0.2548171342239308,0.22068690898447227,0.6134722015598737,-0.17318889386459635,0.23370067308992432,0.5247572869754608,-0.5578416920514548,-0.582191683513796,-0.2895182927781418,-0.24840490626067943,-0.42706253686108764,-0.24342019214171867,0.6565367215151284,-1.1257146008670498,0.18907512389221642,-0.7985704768434899,-0.045659173664185065,-0.26083749120287264,-0.3085592682031064,0.5002275053444114,-0.009233286921605355,-0.2997197860517588,0.18224388234422423,0.3857106141485013,-0.5672526615765168,-0.2979456853378948,0.4604232767947903,-0.3541298412036767,0.747578307598724,-0.05567554014957932,-0.21021789232152743,0.2046511158184582,0.30473393568550367,0.20211186485983443,0.9539362012028392,-0.02552836069884243,0.41665104119511137,-0.7687162813986912
0.07944588262514415,-0.2667396505905261,-0.35952660639139966,0.8779474067494646,-0.03298534873575658,-0.2804298214702104,0.30622811573363395,0.716703967058619,-0.4795617433726333,-0.08517857265082385,-0.2379101968975312,-0.5157542515451871,-0.19685996260910735,-0.13703826740923591,-0.2628441923804439,-0.9094573980983444,-0.38618953727099936,-0.8075856735480886,-0.056460080362542256,-0.374510657242489,-0.5388646273852112,0.5095476768064793,0.3287978499441949,0.2919785300077906,0.2675010563457614,0.1973063430298556,-0.454057604006945,-0.8441996902077826,0.048723096369965815,-0.11314960577214264,0.1402707287469288,-0.19279597467196954,-0.020489905391706656,0.04331729173710382,0.25832729517670144,0.2823815750825541,0.6438312384237223,0.2832330747351519,0.09074765393430044,-0.45484928848675266
0.3624405585496763,0.12106603036757368,-0.484983532021967,0.8277953450090376,-0.12477112492680761,-0.43523738528204603,0.04852670156132115,0.3557894146327367,-0.13784599635120787,-0.14958820797458128,-0.1497780108280083,-0.48977725720483745,-0.6648910580531104,0.18735349324927505,-0.3587115400876577,-0.6083958842617134,-0.1556866928968389,-0.7441444210512116,0.07767409601891394,-0.02063774731785986,-0.07125802443622474,0.22150773704498022,0.5603205670510174,-0.0040613208809769374,0.015619176453616726,0.5613337002523142,-0.9199975320267565,-0.9712472356093842,0.5048154543062604,0.08419479773249847,0.20068576125690307,-0.176702860443278,-0.10133053054822196,0.27248739151771934,0.09332123279875705,0.4504024430465193,0.7962054949078394,0.045647240758110524,-0.1225948820016877,-0.3480243434233083
0.14761312560226061,0.009528474065613607,-0.49506892047847817,0.8093915261575297,-0.10823826726541405,-0.28390104554303697,0.3927849798191581,0.13315530610362586,0.11945824312687492,-0.16148760169818388,-0.13926944593182444,-0.40177038508381036,-0.7222343001373214,0.13522513257190924,-0.05805455770023027,-0.3745371400380386,0.1068446033410296,-0.4172100969873359,-0.36328341908011275,-0.13844253625028197,-0.15991922133879485,0.044461118416025305,0.483699066632832,0.13170615985290163,0.04271492777097255,0.31757964761826396,-0.4977575135910337,-0.8844829912177836,0.1135806265608701,-0.0024683346084259095,0.175572529992482,-0.024224484671801355,-0.20932482152182275,0.31338515919390786,-0.03793815105190028,0.25027878664306713,0.42468355928248425,0.13360799510642649,0.13142055929076157,-0.6944376969590876
-0.09252543911731226,-0.08606120387294856,-0.5508065263536204,0.3489821592641346,0.17995692801723315,-0.20783738762957674,0.28839971754347565,0.05709529630252326,-0.38112261152856225,-0.3651782238431968,-0.07419011338947772,-0.2758606734142104,-0.740270789905679,-0.15871844140717514,0.39736025523513085,-0.6577789961251542,0.2186385401754236,-0.6020437914143091,0.1724869331170159,-0.07526949418755274,-0.14501582142382335,0.14967658896291286,0.22942960848599356,-0.17236172023793128,0.2537747729226657,0.4347155168666575,-0.43815407471108736,-0.79592606946291,0.24089896964651739,-0.2871243988783954,0.3563787394612096,-0.04916022069034902,-0.19632376530061388,0.1769107406396419,0.07492405309656959,0.11397194030923512,0.6639211559937611,0.21130785322208162,0.37360900548774056,-0.7420492898840139
0.27548418997992563,0.04275568561876199,-0.5632223611878611,0.567001853448613,-0.05575037032831384,-0.45197997515573995,0.4940568627818288,0.6584099850806275,-0.38969764251239747,-0.10240890855637232,-0.4640342156527608,-0.5474262702659649,-0.14256231646459444,-0.01072711478261254,-0.13280954167267833,-1.0850802559079957,-0.188598024507683,-0.8333065542582071,0.26935904854956655,-0.45238121670701925,-0.26795760730307466,0.2745457522306854,0.4162430710287002,0.20984947941498694,0.006155238410211691,0.41671345908409724,-0.7770973325622816,-0.6190972377085786,0.4378156853575939,-0.15889543341705184,0.35196258835939387,-0.13724794538138615,0.017787049862758746,-0.2814790731849756,0.20061923168361842,0.48330481640182904,0.7409723641757392,0.32400867037331355,0.020333998247406684,-0.4548217682519682
0.23973802230908633,0.046741112560933704,-0.6097565139594929,0.7442113908153886,-0.0817124723760526,-0.1985689379279258,0.40798686930881745,0.7271373760999296,0.16472919994986984,-0.048764086160780415,-0.4207468771438583,-0.5076078296849005,-0.761103047705432,-0.21224975203096036,-0.3127744078153833,-0.8024472049436312,-0.12223833516774578,-0.7134224467677124,0.38738057120221236,-0.5358938994599384,-0.2078473290808672,-0.05493030914503855,0.6008616369807271,0.05104985960388381,0.013022199551693259,0.31163520532930766,-0.7206860476040219,-0.6901990718241287,0.49979410096263277,0.1754440224476255,0.135230466727514,-0.08037948419996799,-0.24047631236340405,0.35364706199632484,0.09775563733660095,0.5714918955264816,0.5156976666497071,-0.05455267385922558,-0.22541716668149775,0.1720261633429876
-0.09142986428273109,-0.13414781081993604,-0.4162490783405556,0.4949798054113743,-0.003958865261422639,-0.5507782193510256,0.34031626496412115,0.39854505452184974,-0.06995986934313013,-0.36057143252438295,-0.4079429174723044,-0.374248442528871,-0.6823312847943735,0.01208929796490886,0.24940960720191663,-0.3523403883016397,0.1124229775704263,-0.5524713277112949,-0.2505011709372084,-0.23804470778838677,-0.15922297107743405,0.032521708391136855,0.4008600024099662,-0.03641996135638148,-0.0469990081345025,0.40085883898869534,-0.5373821455192804,-0.97800726799212,0.42917429779098637,0.04003799912153827,0.29337799430825273,0.08233019036699464,-0.20035868506250226,0.517893061373546,-0.13385768048260105,0.756788304106587,0.6060231159503812,0.15666077475841667,0.014607993265623745,-0.3582228579058765
0.06342005662752279,0.07120846666540304,-0.3368848802631903,0.5126318051312062,-0.09546895941898345,-0.702053010946019,0.29858418926759484,0.2904877576572566,0.14093875703928233,-0.2849962399655434,-0.09791089479913725,-0.1619218568149829,-0.8136780337463699,0.34705835790967315,0.41743672425149125,-0.729047673348476,-0.09337995837159871,-0.49954371037680617,-0.14967894443762814,-0.14709602745100225,-0.035976728784750014,-0.07314683384863378,0.16635101431778548,-0.018870272088094726,0.3086873189870513,0.6320162241852394,-0.36163059874839887,-0.9077245299215931,0.25954152935547237,-0.20440845876064725,-0.09807063767569736,-0.04473372175483599,0.007099131673610065,0.2651339437695934,0.2747046985058423,0.33079912577772974,0.5885531447775745,-0.2123705159279467,0.07037596233227074,-0.36529592802682087
-0.3246432050757212,0.037684925587964976,-0.34497073913689974,0.25212837264599763,0.4580598654750192,-0.25642228855657956,0.31444121328542085,0.1456932013193069,-0.004190591285392897,-0.6905180404306875,-0.18299908552907362,-0.155745543243525,-0.6897627322686053,-0.13810676630862995,0.2309661615583541,-0.913200037415441,0.1610330257883849,-0.5081825738694469,0.08488046373110081,-0.313408888866227,-0.18661859397505462,0.1703194128476726,-0.06103601628000223,-0.3695532500882274,0.21078158361731103,0.18923442425564807,-0.2841808270820867,-1.2621194227303847,0.3249953391077728,-0.21322443451018197,0.5704656750663639,-0.08367954047685566,0.046737990306925506,0.16524784689437938,0.11565439838434192,0.3271997489234816,0.5404164337588965,-0.29240415186025137,0.23276184446640882,-0.5612686840996866
-0.11456349898649049,-0.20323864954343698,-0.5284881975738412,0.31896640013078487,0.4290625771383132,-0.5296622472319543,0.5549630094041821,0.1861433721711407,-0.14255119531935562,-0.4046101860431198,-0.03468282370797582,-0.12256070867253052,-0.7070135298049693,0.19034558570876742,-0.01752571949911122,-0.9701051593159198,0.0555166490777384,-0.7871123159887219,0.14837721423657224,-0.09479758275199011,-0.22564453252432815,-0.11626794148011509,-0.2341842257424439,-0.18292689767052311,0.25507414933317407,0.6617988739692416,-0.3967643574709045,-0.8556432729369177,0.2680618511417042,-0.011969011046484124,0.3746780841315648,-0.06341562173362991,-0.13925964858279744,0.17640835636980473,0.31762248439730323,0.1470621252336436,0.8159208918089441,0.0910096374347969,0.2534357808351862,-0.4226774486138247
0.013865894752653318,0.0629567796903917,-0.4849583301258636,0.6202274793185162,0.1370028573100059,-0.3832348247683309,0.36693557744050975,0.4629417204673174,0.03415566700878167,-0.3064244543639868,-0.1095230239069068,-0.20419280640469023,-0.32959637871464365,0.15906958745914307,0.20260694307158506,-0.7793170074776062,0.04517624580166557,-0.8445834138416004,-0.11767730608858598,-0.46289401628999394,-0.2846712782014844,0.1937571964264998,0.2739599375024116,0.04291425419060854,0.11410465329184193,0.46977195050475484,-0.3839275884370008,-0.7007219507541811,0.23818495573490192,-0.03707098896727454,0.1405349907880522,-0.0018088334015370355,0.1604569456372743,0.051306889623873655,0.07618433881593256,0.3496937476212116,0.44540396218882705,0.047081856877242256,0.08051993783515032,-0.43258472166130535
-0.03412258354698608,-0.10326258156999561,-0.3973302747481403,0.49074278280737094,0.07541524984090144,-0.5691367803848901,0.5744023655260246,0.354293874143908,-0.08610781006544259,-0.36525156426056915,-0.406697931232639,-0.008758138216827083,-0.7448130871019606,0.16871930556365602,0.26702305575051155,-1.1606243724063283,0.0037688408616680796,-1.0512750245242801,-0.18790894766009675,-0.30923532380746377,-0.3996294541016987,0.037635586761553985,0.3770328232992699,-0.14622419794399594,0.444467954604596,0.21463745637743017,-0.23391917008843144,-0.6973144626538473,0.46061711107690173,-0.21445021665802919,0.22982726205042928,0.21140519079273717,0.1454825966007965,-0.07001646938282408,0.1337966151256081,0.48375989050815127,0.5462531465610654,0.1697141031604853,0.019748374971811075,-0.29256542861217844
-0.12011700228847427,-0.09214713168940179,-0.6223027668067909,0.8677762864303729,0.17695796953879922,-0.44006791662272415,0.5171506666139603,0.060049142565228225,-0.25586019928778936,-0.44899379626091224,-0.35959448236382635,-0.5323777132643038,-0.4182092622721242,0.42391998997686103,-0.1889930077371485,-0.8666338653418109,-0.36371962934561297,-0.43743222668900356,0.1307885467494125,-0.6167821756505777,-0.500344143264504,0.03814656888389046,0.6113035935034451,0.2944697851071749,0.13605374405634196,0.5624674987683199,-0.433811125920358,-0.7507003659305629,0.46046182147866443,-0.06938249540930566,0.17909833650960344,0.03084092776551342,-0.04879907974205261,0.20810513681687898,0.1156154390778665,0.40980139747051647,0.7660642753867767,-0.20513396593003563,0.00981109266081917,-0.18772433078187403
-0.24459656754355918,-0.17732425573054306,-0.8127203715282854,0.2614644671614038,0.16650793251087725,-0.4057328655182784,0.5187046594490832,-0.08329035253971784,0.07476265269377289,-0.41522839540383855,-0.04174876483870529,-0.11862044651009174,-0.7150890218562821,0.48830934595494285,0.23980686410000362,-0.33647828112624556,-0.015263251469346956,-0.4725453424257215,-0.25699582395429543,-0.09174022139152713,-0.028671158605221042,-0.03813682155218616,0.5309753191467945,-0.3667405645607448,0.20644968308970785,0.7653178579661922,-0.3228422033630205,-1.351908521527535,0.34074005326325785,0.006428125185703626,0.40786211734005995,0.09959336626051918,0.0968140978266808,0.5635235857145594,0.1232642062000525,0.2027415000616387,0.513960098332129,-0.2138176968252753,0.28736497720670323,-0.21428475832551294
0.38372225108271907,0.11125016336643939,-0.42451168245574855,0.6722906632682166,0.1566510894513325,-0.07087889598736606,0.04557836492454599,0.5069033927746738,-0.8607186524901937,-0.32315492859969597,-0.7886080257258329,-0.3514883758260088,-0.28853516833252424,-0.1963491425295568,0.9245061080396216,-1.0667872334286361,0.09278099628284646,-0.757308568848581,0.21043317132630907,-0.570345876736863,-0.6721227771331658,0.6202789585891174,-0.019634013404539227,-0.38035757934179715,0.15358435204310952,0.45085783420692654,-0.5981534658125274,-1.0112569053700387,0.6369040076812797,-0.1452270140789685,0.1697840176311475,-0.07488291580020048,-0.05821041296251282,0.08840354965511582,0.26366652483530734,0.559268009844564,1.0532176603988628,-0.2509267935916696,0.12440096830522518,-0.4219412461772411
0.5767883051102727,0.25340227010206423,-0.3560614308401568,0.7980376187014045,-0.3698981130053059,-0.047602872679481587,0.1073085353931522,0.7715515550866999,-0.28052570787961517,0.09032481078960532,-0.6268377502072204,-0.6550308573502077,-0.42042251547320914,0.028984818208626383,-0.3864019168300248,-0.932971865475842,-0.6303268651167742,-0.5760634881494705,-0.12202021630579316,-0.40279583456080365,-0.37982085233117546,0.20546480746668833,0.3015838895589555,0.421690912896281,-0.24319906880902598,0.3405454045491237,-0.5034229497030598,-1.1359957431631185,0.4244813309090359,0.0585295883804787,-0.2868960423549632,0.033331123701755616,0.006958843757672112,0.12345550094779907,0.1504693213438368,0.6652575264801845,0.6542625636549185,0.060715418980049334,-0.07212211448963146,0.13499457290262357
0.651951520663225,-0.03280348354066892,-0.5119495300689318,0.589429192669257,-0.10736422645665,-0.17542031628240287,0.10335865666804625,0.716727516927437,-0.5310678683961714,0.20306682711723478,-0.39825921222638394,-0.5451350189612133,-0.44878048159790007,0.26078282255885016,-0.47930873425733067,-0.4486866198915103,-0.5425697143513585,-0.4316465760226061,-0.05373690992801164,-0.5106248191707428,-0.1797724898009227,0.06044820690206919,0.20902385090221687,0.15897268484781385,-0.09250379958359477,0.7424337704692088,-0.21418841080335232,-1.0656741348805918,0.5492166184857606,0.14501914475593533,-0.24398156286144276,-0.16613807672144504,-0.005394710265972297,0.4410745588173229,0.14914455564748527,0.4984727338535868,0.8974114084842809,-0.04165918244136429,0.05974127303110857,0.21165412372286194
0.3182066820430871,-0.07833987015352631,-0.5020732482487205,0.5978160574990331,0.06180153538348476,-0.0770707407367593,0.2565412268567421,0.5171772485141555,-0.4347585596238823,0.003383546635092105,-0.5684876592129975,-0.5087034851708191,-0.6416332749222293,-0.03592018423178134,-0.10864492382429605,-0.6839122329589176,-0.38444262055205036,-0.8131240738405627,0.0061899068323860995,-0.33058026297815063,-0.3449645365691114,0.08751015883394643,0.23204944198559224,0.3587577445508019,-0.0380383776246473,0.3510308569105025,-0.5099137690984337,-0.9568975503813186,0.30743369862968756,-0.12150100335687447,-0.31534442978696037,-0.09595505211025598,-0.04474212961326027,0.6192239118210876,0.146169828890248,0.5783585409695385,0.6542467022683247,0.05419719706334193,0.07283301806510262,-0.3312392965605764
-0.03571070434539791,-0.3311212747900195,-0.23472301131147133,0.4877124311999016,0.13084394070149405,-0.4370854185535191,0.2682824810045059,-0.020108105510911467,0.09224073223250506,-0.2676248298662954,-0.23627364016902735,-0.3166986061882185,-0.6869729334186077,0.15226522521395358,0.3312961524204764,-0.7268215676749431,-0.3846187663624406,-0.5484989919569069,-0.04492053849633487,-0.09677479298066118,-0.1332092968419585,-0.22931612895361123,0.27104137692059527,0.22498252231098154,0.019839490060322373,0.3919437625014604,-0.45814405103353756,-1.7906619344134995,0.38501006417141503,-0.20512409624643396,-0.11485008276107284,0.17493539279839082,-0.20025030418662973,0.2972871950330794,0.20602723631776715,0.5065258466889189,0.5452308935639587,-0.12516061499544723,-0.004945036608331843,-0.103971755391253
0.16152507500570326,-0.20109245981585674,-0.5410653144300116,0.48407309093413375,-0.07820015462538704,-0.3722455598447241,0.5399366517099031,0.48375927313341827,-0.10135422930525004,-0.3056902073788967,-0.3876427281785478,-0.37678834317101767,-0.7009195123366121,0.07318590116315188,0.0953437250039177,-0.9040820067402793,-0.27928498739184116,-0.503596085241448,0.4386859330292918,-0.22854826203552178,-0.26056735830799255,0.3297415288281081,0.30611486063101956,0.2550287153939349,0.03683689475576499,0.1731928738112223,-0.47730901782295954,-1.4006027082578414,0.423836240726318,-0.2615984481900215,-0.1037472556867253,0.17838040440336317,-0.1170073912328305,0.5599574017860678,0.15555404227756825,0.4072246422762077,0.7574274695136981,-0.2056779231270389,0.05531643578915607,-0.23849224064314753
-0.13821812151847856,-0.2710335155550129,-0.6671911876543045,0.2993000084324863,0.02156223113832785,-0.5171951520404343,0.481738182842753,0.10376374376583944,-0.02652508116088284,-0.23093181727590345,-0.1801464406677335,-0.20076024308428364,-0.39386453182253767,0.24288602106509072,-0.12789626582241104,-0.7828997892656877,-0.2681555874465701,-0.2552230831739373,-0.02757815812666488,-0.6680144371612848,-0.2641705982967479,-0.04285094124909225,0.5458360281766815,0.5468475382306878,-0.08342836827806902,0.19141342706027864,-0.37369820272598137,-1.147332608839705,0.40415967414078,-0.10695457296215588,0.0067806086407844746,-0.13803637673722405,-0.12347904975086242,0.3764080007970915,0.03702263970910334,0.46365468064290033,0.5493497836175004,-0.2424792734093541,0.032225124171871435,-0.16318679864317187
-0.19820300520753545,-0.07730570181953646,-0.42515418747442457,0.09910373632535896,0.08383251986353987,-0.5119495581583943,0.6274935146222341,0.03502634979106925,-0.2957852373652263,-0.37148133973826925,-0.4799361520436749,-0.02383938573627431,-0.24050899665524034,0.18513460715518182,0.6210988982241377,-0.47103188925713746,-0.0896865375869315,-0.26918719037938593,-0.08948269757043666,-0.6392304698483353,-0.1086839310794505,-0.1125565273193112,0.43341970738547064,0.16661732022918557,-0.0029468283730946787,0.23031956070721388,-0.22884008588411062,-0.972559448285367,0.21828476321443036,-0.2857500213374283,0.16191934026674404,-0.02821510641565196,-0.13788528224403726,0.3818945634241241,-0.047900257051185044,0.615619012069208,0.4598305803849788,-0.46434042281452875,0.12065601021257502,-0.40787990230289406
0.007291569075820709,-0.39481215498266775,-0.6566306223613002,0.3779028483032303,-0.026542302582404864,-0.353192974123558,0.630348800361059,0.10772785737331665,-0.47106260095207836,0.38271145340934776,-0.5990777777434972,-0.6957644151182881,-0.38806646030584546,0.23146164530610475,-0.15782692542122267,-0.9235836465478858,-0.28315122605468845,-0.5591857496347166,0.018943295948332703,-0.6237133246516384,-0.3410016865297723,0.03210277592096959,0.540788467910531,0.5886381183919976,0.008398824516230391,-0.024093361976693192,-0.5932903944729625,-1.1337733224781408,0.27964846793554804,0.05494964926740423,0.0405211776707631,-0.11320003989735489,-0.19624079585683385,0.12718967120914412,0.20429621380360746,0.7617972914316529,0.3445141779284533,-0.2806837439236898,-0.0353067102668672,-0.2938331464354935
0.23047402078231732,-0.13523642907399203,-0.309368086282163,0.24740927438293264,-0.07404718751082573,-0.3358812763824698,0.35306606775687166,0.42762917597814176,-0.17567611643708556,-0.08106676150066805,-0.5475504760513157,-0.23826568621791874,-0.38118586983675173,-0.08016989131349997,-0.010964186073113821,-0.8278756487990269,-0.4797818762346339,-0.6857663966801366,-0.09558591659077822,-0.4037781910038001,-0.45301079371534114,0.07818921424425816,0.3425399941020272,0.5386126959556187,-0.23949569918502564,0.16282197205041468,-0.39982982017464275,-0.8685658335324055,0.37294729257193693,-0.21590625559257895,-0.140430732174481,0.11698670900942452,-0.03908730881912292,0.3335453959373966,0.05909869970712408,0.40484559058234065,0.6076129828680079,-0.1785264999169867,0.2268806713543558,-0.04864744646325146
0.3409960975360232,-0.22243546611063167,-0.5319132674475548,0.5585049547172272,-0.10949258990056004,-0.1399406455246448,0.38499425605759136,0.40319538680345335,-0.3446260732531697,-0.07596247682329729,-0.7246912387215692,-0.448543964885371,-0.10865542253883484,-0.10851799870691842,-0.2528697848687748,-0.46519298849852164,-0.597313684836421,-0.521446510541828,0.09471132599013532,-0.42163706905468146,-0.3288951417264749,-0.22071250041311877,0.25654843311882586,0.6621871331099805,-0.02318804494078578,0.05644386177037478,-0.38832917795562294,-0.9944736533064586,0.5493446668794045,-0.18886984382653954,-0.2432472298524783,-0.07510895476669005,-0.03952719718026839,0.40137254861830324,-0.05569076775055379,0.7261598445285004,0.7220316430875838,-0.5142037749047348,-0.33962924974208525,0.21475367354903852
-0.1974586743563064,-0.13836901213367098,-0.6540871511174972,0.5420417581007062,0.10764124816029169,-0.5692481121697028,0.4457387881591677,0.08428298979199783,0.1335097000276374,-0.25400352171104823,-0.45168641786022906,-0.29100435155956283,-0.20171285144405315,0.26311358843199034,0.07608207290389171,-0.4091380979642359,-0.3046872253290262,-0.2881398547669889,0.02172651366721101,-0.4790582449474038,-0.395955395387657,0.23114361109599826,0.23967170017133957,0.6173526987923059,0.17108584949636946,0.5115619147092763,-0.39315338090893487,-0.9864488880260988,0.5423139823350676,-0.3013769098832034,-0.36657473341499014,-0.3493067565019397,0.05439722104812047,0.3801312670300884,-0.14174875676994259,0.8202523116897169,0.41727438930909916,-0.27818872391166527,-0.20352879776987226,0.29657049658581264
0.042962097656724874,-0.060958281636293195,-0.3779755000835838,0.4239547274457998,0.11378669236383114,-0.34218167792261345,0.3870782772186393,0.3511677112739521,-0.4446818507040881,-0.20728727493203508,-0.4644541957473975,-0.24576109582810848,-0.24217310077058918,-0.07553907846606162,0.3693654928007798,-0.5945589285849675,-0.22745464015434252,-0.6025836021666775,0.2220016107977612,-0.5816836951539759,-0.3278265994377745,-0.16380294226031566,0.4729645426721105,0.5460147222768762,-0.10489917288508818,0.1750707936104574,-0.4001302110466267,-0.9655902140888127,0.7169160454335052,-0.47744559794277264,0.1871732119432781,0.012787442501475732,0.014603496124744098,0.3442669565247428,0.013709749947263428,0.7185334332528946,0.8622910578614391,-0.24856155293556847,0.11726350541898091,-0.233844761324547
0.22618363873764577,-0.2299943263621178,-0.5351503851076175,0.7803100081482198,0.12149306350600511,-0.3532668662472412,0.016429102799042986,0.03623873460028729,-0.08289555352065257,0.10495847261549157,-0.3704105210540186,-0.37221980775874625,-0.34748435028467356,0.3383436619606813,-0.21319323939434723,-0.11725290498884214,-0.5744385390762867,-0.2854519055847313,0.09840806472590304,-0.8131897158121415,-0.4226876335243877,-0.22365430087871646,0.4849462409639932,0.8649368400893624,-0.21322677536262077,0.42592399432119143,-0.3908739897497413,-1.1671866591042985,0.8098319720601043,-0.2021836968967559,-0.19815584923942936,-0.1764799623837775,-0.10740242250262963,0.39549931277959066,-0.042355129177113204,0.647180352935727,0.9117416616911822,-0.47854149283460967,-0.18021966427108083,0.18566256787858498
0.18424859785442005,-0.40344718598467105,-0.6220079432956716,0.4483216664515485,0.2056763579737898,-0.37594471775086774,0.11281615932095074,0.26856320956492485,-0.29313008686098324,-0.012162678323797286,-0.6666558823668448,-0.2119425672454959,-0.3785159538906443,0.03421142929907969,-0.1564186579675442,-0.05379541172654362,-0.3562287920349319,-0.43422404407931636,-0.07168547708101147,-0.5102949559627392,-0.2908051220610033,-0.16591412399305394,0.09820797935018899,0.6707043605685141,0.15014079022854607,0.32295277327326816,-0.3258203052192005,-1.279461260148319,0.6713839988829879,-0.4295502510912146,-0.11364878211206934,-0.22864208556202945,0.0756571258771397,0.48811993562339057,-0.012717548600438833,0.7143074316302536,0.9288976315554939,-0.5446205608309675,0.05996849780705905,0.2544092249549694
-0.06601983056092918,-0.07399364192398886,-0.4838321504250397,0.5169184596869211,-0.11696109433876643,-0.021953304423279724,0.2965745494220374,0.0656693880890458,-0.27252334146172835,0.04543065870624485,-0.8625798193883062,-0.45456823420051906,-0.16047472213142894,-0.05770214656063388,0.15291588009849333,-0.4843398207988424,-0.3229501097551535,-0.3470241129751166,0.317955950993091,-0.5290547818443279,-0.41398216151760175,0.09513786621985698,0.5660512398844274,0.6767897361925663,0.27489770118480056,0.22228008990626283,-0.6760345178765235,-1.1383525052579264,0.559218360698294,-0.024796890692420276,0.25537834353706,-0.2877365173203497,0.14187899577818056,0.19109556629304064,-0.31945115746795155,0.8204865121124113,0.7445249544922454,-0.25395149321741084,-0.06694661538322755,0.013864322109517102
0.020492177047528093,-0.1849122467639781,-0.6467242933766242,0.38627390035854653,0.252120081819929,-0.3919656538926998,0.3073961949902287,-0.05360981878218995,0.3532976246904919,-0.2345947509863581,-0.6670667745976779,0.294650576104073,-0.37386046917699445,0.09963870392853337,0.3650921278631597,-0.15269904050477826,-0.21777495808997238,-0.3965088453210013,0.19500672932100144,-0.5450351743231958,-0.13018468643786787,-0.2015802863311898,0.37653295281594407,0.10690671489479835,-0.11855304636273134,-0.06607538615043661,-0.3836232385904055,-1.1240804110125473,0.5063621304835015,-0.27518054705458306,-0.04510538301245306,-0.06485897740362175,0.09466448827139445,0.33012781269175323,-0.1018802422742748,0.6203611808774535,0.8598013380538784,-0.4225419215672345,0.09408731170665158,0.06595757268820143
0.00030104616735492085,-0.27574624292763006,-0.5769642263520548,0.2727991120534432,0.4882345286203643,-0.35496302582162914,0.5980680123462268,0.16130172316258207,0.4122637735428061,-0.44307158579177985,-0.4215298232584333,0.11226313223211219,-0.3754236449567028,0.31736095285862287,0.25881444510961327,-0.34251028390971394,0.1552077290809203,-0.36478318586648373,0.6145474757415056,-0.653695148400543,-0.39473576021163903,-0.07007608960106004,0.2887167483373541,-0.1304519056849486,-0.0584304888397338,-0.09027662486860943,-0.37054797714518506,-1.064896557860578,0.671130752454951,-0.46334957713317193,0.10248569091971296,-0.1763082053266795,-0.0523821262485035,0.33766381964779324,-0.10791804988672433,0.4354587256889208,0.8102779210221752,-0.36238342067813456,-0.05138605323056103,-0.3435935903562731
0.020714139926343883,-0.09885955005481233,-0.31481563161185355,-0.08352410773197144,0.3929856784856185,-0.17148459503307764,0.32150127604029266,0.030085142466751705,0.07745881764029777,-0.5279233792497913,-0.8228748303117703,0.11784823202939108,-0.34729770698056295,-0.3011844821592332,0.5013064112094079,-0.7726304390580546,-0.030568399923346805,-0.37593144979446536,0.623152746648999,-0.6336197984765148,-0.5850757576057403,-0.02866162871392596,0.318239331018161,0.09341220654593858,0.11039984867951029,-0.4353054213811498,-0.3916262596236887,-0.7618717243699227,0.6135418502148376,-0.5104867694143934,0.14082279289289784,-0.35462380266511623,0.3138541666714696,-0.10201024696571676,0.05513290034359279,0.2736961431790637,0.8224673305172625,-0.047687137240896404,0.19448944654782274,-0.3973520967293177
