April_7,November,January_2,January_3,September_5,April_12,January_4,July_8,December,July_6,April_3,July_5,April_8,April,April_5,August_3,June_3,May_3,May_2,February_5,March_4,November_2,July_2,August_2,June_2,July_3,May_4,September_2,September_4,April_9,October_3,July_4,April_10,July_10,January,October,February,March_2,May,September,August,March_3,June_5,July_7,October_5,March,April_2,February_2,April_6,December_2,June,February_4,November_4,November_3,July,June_6,February_3,October_2,September_3,January_5,July_9,June_4,October_4,April_4,April_11
0.1891326237929567,0.5419022822757099,-0.1837873455442331,-0.6021884157732402,-0.39198169218978685,0.6070050725820958,0.3837740472513636,0.38436894884694117,-0.6175219999198841,-0.18050844911677022,0.25997850683810125,-0.22166974787090657,-0.3016856314249178,0.819613952356528,-0.27682903727751973,0.4601933588426568,0.3929147737610186,0.10096521014425895,0.1785616326506832,-0.4331590998023836,0.38024542810719625,-0.13502537386922722,0.15836486990226417,-0.16458628094418276,-0.27766114149505633,-0.12026187016989678,0.052644972856186974,-0.436191857062115,-0.41242466295125035,0.16414660447803997,0.45001741065258594,-0.6870682445295841,-0.059208888220374,0.0057467893056886085,0.4150159617192097,-0.4044077402707082,-0.36833229389204397,0.7980498516661579,0.13128964754670633,-0.41538275369009897,0.030679460146520173,0.12655632548763374,0.21452849495478077,-0.51625564480134,0.1430977213568169,0.21596629229361253,-0.2893687314343093,-0.2396377435093467,0.24989031756806357,-0.4497598948624929,-0.42176667816783675,0.4646561265763759,0.2633125253602826,-0.05431954013815574,0.19980639594655525,0.16205955302072597,0.6233441129214127,0.1846775212845533,0.3051732672607955,-0.7433650953538038,0.6004604561419877,-0.7288645487958203,0.05927373615254831,0.1041236667269651,-0.025544459384262044
0.32234719668689443,0.5419022822757099,0.2994714727220186,-0.7794080053537535,-0.39198169218978685,0.6278021805905276,0.6524987500833204,0.38436894884694117,-0.6175219999198841,-0.18050844911677022,0.4062340117558485,-0.22166974787090657,-0.2345690219935268,0.5642551615004623,-0.506701099897521,0.4601933588426568,0.3929147737610186,0.45301859386722104,-0.17102796209948595,-0.24049188800282906,-0.1496057226765774,-0.13502537386922722,0.15836486990226417,-0.16458628094418276,-0.27766114149505633,-0.12026187016989678,-0.15726625815259473,-0.436191857062115,-0.41242466295125035,0.13641776718661647,0.45001741065258594,-0.6870682445295841,-0.031620079544751656,0.0057467893056886085,0.7078597891998353,-0.4044077402707082,-0.02567644560839575,0.5721111447676074,-0.19422924298073319,-0.41538275369009897,0.030679460146520173,0.17015994293309045,0.21452849495478077,-0.51625564480134,0.1430977213568169,0.19532297901423007,-0.3590446147047445,-0.702064556058415,0.11333583784524752,-0.4497598948624929,-0.42176667816783675,0.3820389300513133,0.2633125253602826,-0.05431954013815574,0.19980639594655525,0.16205955302072597,0.3857280413836827,0.1846775212845533,0.3051732672607955,-0.6295933429313256,0.6004604561419877,-0.7288645487958203,0.05927373615254831,0.08230042130475967,0.32636840480058577
0.11058864966145736,0.607632672375219,0.2904428361124459,-0.5316004668920259,-0.4507525631176311,0.3419474517789385,0.4873209671337856,0.13543647356096936,-0.01626660779300989,-0.06742590305776153,0.27919882550909153,-0.4617912973369714,-0.36537278102907333,0.2871857926000484,-0.0024541858765256414,0.12834832287691705,0.5658348634925808,0.10991266263582394,-0.12214200631739934,0.0725784386025015,-0.18329884158882892,-0.20819963952885445,0.3728629374081302,-0.042085772474037664,-0.257253157416251,-0.07181570084035875,0.13823730295731185,-0.2001081863589659,0.045941279440828146,0.22276541080318918,0.6206104259159956,-0.37916712005183734,-0.10544388893123426,-0.02163082978033929,0.7364291513426626,-0.4201337089959795,-0.1912486980404943,0.7289719859289208,0.19679901624059581,-0.643791878915122,0.04027230547193573,-0.34085197900552316,-0.028832610002356235,-0.3584558061606452,-0.2218672992341561,0.06318337243481564,-0.0995913658380641,-0.5662809047276907,0.11092901651204866,-0.31485968418606586,-0.10446451695828524,0.2974192872006648,0.36266807590107153,0.09554831710036027,-0.14706863519857535,0.026638888095708434,0.3253702713035027,0.15358161952212496,0.13135848093618016,-0.8487659823736473,0.1690653619490257,-0.41608976735340536,0.1563759895219764,-0.11528423486265044,0.25290784250616155
0.15098031866870024,0.5241243246477524,0.0658155896353044,-0.24935063225403378,-0.8079339073701992,0.45252274718859675,0.5863142292274075,0.28938720008048124,-0.30458741820278523,-0.03422948030204096,-0.08848302588905252,-0.24655596681472886,-0.2657049288412232,0.6515195437464157,-0.745097403717917,0.3659504843531183,0.6627318414706544,-0.0038200268502432827,-0.11586522811489,-0.11680449834103442,0.18743028535586184,0.18348798463261598,0.2433386623898961,-0.10364176669036768,-0.23363566359178942,-0.12440392348991353,0.0144713643773276,-0.06650192933570451,-0.19480297489455517,0.06354014127805477,0.4310958927415725,-0.15271721781746386,-0.22876196275657504,-0.0399579042828957,0.6373703828479341,-0.33164680604057084,-0.1903159318456934,0.5250189964425148,-0.17503189877746594,-0.746399291343644,-0.05449267482819728,0.33300489843004044,0.28488109578916765,-0.42524191955986046,0.0301341277980976,0.304068336129997,0.24450252679137896,-0.4072272179585897,0.5021941821293957,-0.42635655629110675,-0.0569017271591133,0.3294604220128961,-0.12021419456516523,-0.11012307883516373,0.12375108815266954,0.036787544461546674,0.422465958559353,0.3495659059108324,-0.06886938606266552,-0.6555615109898492,0.19224350580865227,-0.44032730903839906,-0.0312878976066598,0.22081157001576737,0.14365177075413038
0.1510585168057194,0.6246250952673353,-0.0649244704067345,-0.5194434214261661,-0.6327606363182592,0.5458083939879397,0.46981481424100846,0.09097913155768489,-0.292032450178314,-0.2482165978558238,0.32106872578641527,-0.37940765253785347,-0.28809804797097843,0.1101121423996642,-0.38278617407286214,0.05626630352724925,0.46281875469813855,0.20635754752185365,-0.0968613705537824,0.07453356121488397,0.1773158305141044,0.30222568431692987,0.37504338801158466,0.1552225577211638,-0.38950759384722505,-0.16915101746571157,0.040300677630413596,-0.04533636881366861,-0.0624198072361586,0.2913409420512383,0.4167250160922162,-0.36653029350544264,0.17880957083050028,0.13860537225294084,0.6240820261133015,-0.5535482803891827,-0.23198971896986204,0.5110599710379667,-0.04322108610397414,-0.33968102690979946,0.01925991202910901,0.01705876113898243,0.24353757022914535,-0.3874129804620897,-0.4228702644766105,0.8219972170833376,-0.3907904605766093,-0.5565450776147973,0.08179210871169,-0.4331793252588114,-0.5976613527869947,0.37261777270897,0.027302514480560938,0.26163407511952813,0.183527136619314,0.22921195027540275,0.16735621856778218,-0.07861815812500557,-0.028452309156197814,-0.040447464775804555,0.10557080077847926,-0.462864077184318,0.05089926692617294,-0.19537590694510737,-0.08588309164393954
0.269301644068229,0.6157183193737792,0.5763328031623514,-0.4370848592287766,-0.658004154966759,0.4321320550737452,0.652415612833867,0.03017210462271259,-0.35078047453125977,0.10079401839080693,0.23047583935144508,-0.1656832814240143,-0.39819748119138326,0.47144767131108656,-0.1890343595583426,0.22472468154627667,0.13187491979870908,0.1771795190926178,0.03942611735129473,-0.09678537894860145,0.1434727611238234,-0.12033774544368864,0.15445925989213638,0.08191518810650879,-0.5057831150733345,0.08747478137600062,-0.06881212255831501,-0.19681784662952015,-0.255973291178296,0.12389584837549031,0.46248309265128096,-0.611834635044551,0.0025546800662726854,0.18076249056137078,0.45676653656685434,-0.20851373360382128,-0.18228800562333372,0.35095073151719525,0.06317171865838929,-0.2822179459029861,-0.204374417191714,0.23069495860441494,0.3245459466221908,-0.611844527590784,-0.1311321936599631,-0.0034547919011449837,-0.23884380188593787,-0.47907793201949067,0.08404357869251781,-0.37780715431512507,-0.5033316647481032,0.053893313836468636,-0.1675065810603249,-0.14422489946468509,0.028356970636014348,0.18137361000355323,-0.01349981951995502,-0.016726393176769827,0.14842452545842086,-0.4991104947163561,0.44582547882677365,-0.44365020214688566,-0.11403298734879526,0.14286978433091252,0.04836848999720281
0.5653661872772877,0.7663355669322739,-0.7030180128610707,-0.9502045739310961,-0.5816246939334762,0.26988980844703553,-0.25595692239981604,0.34483400608416703,-0.5164487247519562,-0.08083579222894688,0.48041723632844846,-0.26148507906692464,-0.2701093626220097,0.6898099239814454,-0.4123866837251482,-0.03047207703263216,0.22236521566165013,0.22717049487115484,-0.20073451663953323,-0.15229505596228995,-0.12946102801080356,0.23690187340290905,0.2748293767899242,0.3702438806343223,-0.26184266193268513,-0.07782493956757444,0.18265247804508244,-0.029254451689021792,-0.09844850829373651,-0.17462980981473258,0.39190323638470187,-0.8996863439074168,-0.32488371803664573,0.27335366054757093,0.4860404348426656,-0.3433023187381831,-0.3853824699771891,0.5157101578200433,0.035726470573416526,-0.5638219157873638,0.04214041138570741,0.26180978027721813,0.2240380732959932,-0.13671526978705686,-0.00014501386046344988,-0.15506481142505074,0.011347591394163421,-0.2747980486271724,0.2423740601330705,-0.29788642494572426,0.03749245995708045,0.1931212676316271,-0.2980251581064668,0.04843736731078177,0.059122531030882115,0.0120538077785846,0.452277715916539,0.200292419494988,0.19467668706959268,-0.49406165054155127,0.26013128852339196,-0.31769677458499096,-0.4636035555070282,0.21978493572196162,0.08462625600904222
0.33149588259522633,0.24305635770617517,0.08830022668996813,-0.12063295776767974,-1.0213692572451905,0.48045181340266957,0.5708666997616936,-0.122420291016298,-0.37324458202802613,-0.41803506930481543,0.4145740392510264,-0.6648816132470815,-0.4364683569491113,0.1301939664388605,0.5404841291237367,0.349213194137597,0.6145693303073151,0.290702294107746,-0.156255550735389,-0.03990355314306626,0.18912255881382078,0.2021505770246691,0.6542045240016291,-0.05879913171397598,-0.6092486495785217,-0.09122427054895291,0.09283677278800714,0.2656191681381609,-0.19285901310331033,0.03757282454026588,0.4975819507111255,-0.829043167210809,0.05725367443576865,0.7815600113992915,0.3726644843444099,-0.1471609091156867,-0.6320118758951995,0.24592269081816479,-0.2652087520756983,-0.47535718059830423,0.08864193916035802,0.05284416741750454,-0.27922114657847136,-0.2554379478435349,-0.2409432277660588,0.4850566536599362,-0.13050367473460844,-0.9695733779788561,-0.15412902434248718,-0.9055157954143381,0.01617433149549348,0.27880227542278,-0.26842692396588186,-0.44179596787932296,-0.011808417190173878,0.1310636023105439,0.06957243070065942,-0.3215280235750472,-0.12888863373833226,-0.6273024996829356,-0.029251295279436235,-0.22291718768150778,-0.17457974096607234,0.03939270443597277,0.07432834127593875
0.05290509813216364,0.8803210734348248,-0.2426632032469174,-0.5506531491055725,-0.821782088631384,0.6126809659567322,0.36339743717425427,0.22270590871963214,-0.4851476844765399,-0.33507503881841627,0.16137502320614783,-0.2989678823587604,-0.20430894171874128,0.7672612093641218,-0.3907467794268593,0.44671331865113084,0.21550594200624895,-0.1529561284163159,-0.2724852885576599,-0.46861975389982585,0.23758910432316935,0.3654379863176032,0.46303405361338135,-0.2241758236258387,0.18694873723753255,-0.08240739195323056,0.5436390885880708,0.12059294688917381,-0.11635588862161374,0.08360102709241064,0.4848816127288657,-0.5505185586134873,-0.04819812251097261,0.4215960390417084,0.5533350079039278,-0.1176157431953563,-0.3762257828096345,0.5723747799312948,-0.0579329454284096,-0.28236288598596915,-0.22648160612852714,0.39223054079440495,0.37150340872780996,-0.22152576206364322,-0.24687206735684974,0.4192687918281727,-0.5861556114801247,-0.5107270859650903,0.11543765620572072,-0.583382521130089,0.09292381946823117,0.2956978937692815,-0.031475254080856246,-0.00880673468045283,0.04325888725236832,0.11497054126182153,0.48160239986625886,0.4179954915651508,0.1504567008553058,-0.3740386362299284,0.19586810841937233,-0.6995052437315656,-0.19327639689448625,-0.013776121893773613,0.09473944032256085
0.20237130910650158,0.5718456205547207,-0.34362789766404583,-0.38835048761663116,-0.614156524278966,0.43406653732714034,0.22432273947044812,0.08442757010055313,0.020924314772709188,-0.14659438128209806,0.39125077958254983,-0.20200497160897793,-0.40711307804486635,-0.002891547898911502,0.35400776366956,0.3863244614115681,0.43791134476068516,0.5464056205409056,0.034034109225377474,-0.5203464495479736,0.21717605565107023,0.27452322899187975,0.1473008848565764,0.036304091835825565,-0.14082278716723295,0.10365249501888729,0.03422449337373641,-0.07257303776403501,0.16710124719686312,0.17567931959634167,0.0603046006638107,-0.3850544454770538,0.02976334777308326,0.23015806755310753,0.4239956793819347,-0.32511334664491554,0.009458775482962242,0.372200338190419,0.02756273318169815,-0.5833809428119421,-0.08460844492510605,0.16824878805022364,-0.20911849440969388,-0.3820229699729086,0.007641591206114812,0.09350252041775403,-0.18712641709391215,-0.5776290222365017,-0.2146653708513207,-0.6639275116681933,-0.0016563910172918903,0.2795233142535812,-0.10278053396120782,-0.18676247253268047,0.2670948742060532,0.2622404153836591,0.3042080756248733,0.10291079990387646,0.07976166079357297,-0.6190017986823965,0.34804122918019875,-0.7076698025900726,-0.24957070332358358,0.023491962046109094,-0.3553397525734733
0.22305446597333042,0.21156027409822672,0.11349971360385534,-0.4373279212423271,-0.6127734835230255,0.10488760265338129,0.4053167003337021,0.22486434770596606,-0.5477690750009834,-0.13593887743877442,0.33506970878024406,-0.5150968788473553,-0.47094443438498923,0.355504806791115,0.2473975601099824,-0.05789979710233137,0.40358036291919475,0.5197063886784486,-0.2695801646734304,-0.28352068186965146,0.26730658525702067,-0.10821972100931099,0.4407913047030035,-0.23149051234679685,-0.10831360615097622,0.0016229005610832667,0.17156628635150672,-0.31234788682938325,-0.1950424419502515,0.10205002231237989,0.2617755190647309,-0.7095601205045501,-0.21232189618258823,0.47934360799112163,0.22315516911152017,-0.15271874987528858,-0.10059935896854694,0.776286486753746,0.09991250081391828,-0.2853131449161206,0.141243181933567,0.12510704586404306,-0.28784970283689126,-0.4973326954474467,0.308263217044629,0.14436012612660865,0.2330415101801468,-0.2500350016496501,-0.04781883319795371,-0.5110240318948689,-0.148860052651399,0.12972470612445403,-0.37860863976683107,0.03581800442989601,-0.054200712893832076,0.5448168495234812,0.07827043899206071,-0.09549782646965317,0.1341904493463319,-0.938076493638617,0.20052422976218634,-0.22246390048919323,-0.42873337328493094,0.09011125702573952,-0.10458696313942784
0.05695509816697933,0.26886507875163046,0.04549541420843424,-0.4893223671168665,-0.6679400852909365,0.40812932485390835,-0.02028248177418654,0.2012995632759424,-0.608008372502703,-0.4482834375953694,0.23007646286442296,0.021209458991061893,-0.43796908080706426,0.5897689502645791,-0.24053123878890886,0.49118828821906346,0.5087517937878717,-0.08379665963846727,-0.0199583203731468,-0.2169525329240094,0.1607041284316475,-0.28434364635465387,0.06835804177862502,-0.11504754535824087,-0.39163190094279143,-0.19050250814639333,0.1575762862557653,-0.8670185785873862,-0.16711330038753078,0.12197630039843663,0.2349035681359064,-0.3985475172987906,0.009345537397854348,0.22601291062858425,0.45011509445305087,0.02264904249712451,-0.44310083040478176,0.4982090596421402,-0.13290517149639372,-0.2656492039741685,-0.47763999394573886,0.12727787354618086,-0.06324537679885875,-0.8735924561133559,-0.10294383181998608,-0.006686780531987756,-0.11414225132441293,-0.1691496927628197,0.22507629989897573,-0.35238415918507116,0.13279653309161338,0.6031365362042578,-0.3967110737342828,-0.3011983932884631,0.05185024843325211,0.04930311869313547,0.61220252478128,-0.11739690897070233,0.3813334197705385,-1.1867316814269697,0.4029930255024696,-0.45679419513302455,0.0529943389273136,0.30867829403621855,0.03641765387174496
0.05828073554214937,0.7470247956152721,0.41707897199064004,-0.6856637982099371,-0.624139033990881,0.32164511134911367,0.3172532879554948,0.3483455223005738,-0.08487347602014489,-0.10200251070252242,-0.013983225717452655,-0.20054408972431959,-0.33460865447548616,0.7157775465691354,-0.46321867736868966,-0.055920658884209946,0.29316927467520215,0.1698628837704774,-0.20699035784350844,0.2285491402508418,0.26918578050773545,0.02104137198725473,0.5596756790667274,-0.1162960948481128,-0.14675601363957466,0.0832978739531996,0.01444831205990408,0.04836941638528694,-0.08778486523519581,0.23934322275433328,0.34398126578631844,-0.44300808319009033,-0.29135864268816036,-0.07300441229311777,0.6335916864436504,-0.21075487371791507,-0.1990669213300725,0.6716158679601352,-0.2229357384799015,-0.5686186178096693,0.15542946243133016,0.41631922979825575,-0.40052154354747105,-0.817315885217456,-0.19092858094945536,0.3129580219479167,0.09055908588126997,-0.27508959204013184,0.1806302763484101,-0.23936427176529365,-0.3773843650614208,0.54276079800684,0.2561659014417719,0.5389438569392456,0.03897612912754763,0.15409869338444465,0.5448335666208256,0.14086386845242374,0.21195998099418029,-0.5019013669669737,0.020112282555090163,-0.6684162961820072,-0.21027251128474417,0.09098995478644342,-0.15487216866533343
0.5040326891115664,0.5387374548526982,0.02784941393963597,-0.2074092667197588,-0.7651533275150788,0.4251872605477383,0.5819908424066935,0.2879791233753305,-0.24856553457208716,-0.20895942596573297,0.2627160117309063,-0.24290301995792232,-0.5044122454397976,0.47575422806370177,0.12510698658730346,-0.005649623317872951,0.6557661970227636,0.5006821789734486,-0.1320318503551635,-0.07262654240140279,0.14294369677970079,0.24687956870265865,0.22076150865505095,0.1272781761853068,-0.19558602738473535,-0.3656536407411665,0.14416631926067414,-0.18746625593579413,-0.10702394963479309,0.2930830140340204,0.467060853783821,-0.49818420335503555,-0.2896161059076226,0.2744659557805349,0.04734912523884978,-0.20336071402761752,-0.4456733894250318,0.8021572509862869,-0.07075873344097755,-0.5848438274013702,0.3924107298269491,0.27549449852475716,-0.3231736154733619,-0.380481585660835,-0.056302131046978246,0.24693775905736515,0.22079460162396786,-0.23823933929987232,0.17464378621052978,-0.363577098977615,0.2957984173164398,0.22294611234593184,0.15615096604879125,0.03237298079559616,0.1977131717653124,0.49146782815504425,0.3355534909503887,0.13226896624132548,0.23031981372915628,-0.35129974509065764,0.26080361869160446,-0.6119460508467546,-0.20236956555677338,0.3758357305059271,0.06880902182360972
0.34524530490579275,0.14276331605854145,-0.023620319381198934,-0.08842614117448022,-0.8734032732712711,0.49670863118662023,0.19272313976697436,0.03795507724483575,-0.32896366459474385,-0.3213427295202044,0.18587623571341244,-0.026922026218200876,-0.6525054956958091,0.4159625316264659,0.1705082482719373,0.0415433727600828,0.1476174341085806,0.22478453979528032,-0.04478661579820311,-0.5408455460794083,0.17938320135707125,0.23562808590393727,-0.08148482050432537,-0.07979652072525197,0.041729449537132444,-0.12532598143258764,0.08829995509528302,-0.0830375004719166,0.1081251526871583,0.10662985275440527,0.620649996077972,-0.803335489471876,0.03313217404887488,0.6325431826337006,0.0893771391700806,-0.06286225595905764,-0.009911527487341955,0.6022009911886321,-0.07716435938901432,-0.6052534223164967,0.03604250684197301,0.09169765339693513,0.5012072516629724,-0.46218524562884056,-0.11424766457296116,0.10304176149226311,-0.02432136137211334,-0.49101662541046204,-0.027740989887344067,-0.5785608550493178,0.4791985405176647,0.34890345183845783,-0.3009884558569018,0.18142020861812141,-0.021833630597391004,0.08306912526754268,0.13645967429931405,0.07264491041795149,0.09934772378756712,-0.9813906101321391,0.08975679853431151,-0.05824617785011862,-0.3365450957882221,0.1723543970662611,0.007395399824881473
0.28298798242218026,0.7853145872424101,-0.6248806684064367,-0.6642519027538314,-0.43377379550959383,0.3961601818314335,0.1657443469426525,0.45106535410483084,-0.5276417914096005,-0.20049235646232486,0.19920744953518427,-0.10861932816060885,-0.043352511293928545,0.8332676634691161,-0.6673937900792581,0.1717588009360729,0.1815863017226596,0.012191657820363258,0.19438144633242949,-0.17500347655759335,0.24800122909199532,-0.07637103720494942,0.4514175426670263,-0.005843980363398574,-0.09819751319568445,0.2595837709048877,0.27720033480337486,-0.19382738964203225,0.23833395597318335,-0.1371784430568282,0.30515386937999783,-0.6521776102770318,-0.08794297125034721,0.07179053308238198,0.5179380646995255,-0.28246675956389716,-0.18633576090118048,0.39039661210203824,-0.21504653645044552,-0.45311287331292316,-0.2588599533058067,0.3787001902123091,-0.15021590293256362,-0.5644314089148531,0.19876295455099713,0.057540105900628566,-0.26435587548988027,-0.19380051800298037,0.1960532354719255,-0.27272920260546146,-0.7816296059656019,0.3906420970141944,0.1500636328759599,0.34797949946609497,0.007400739216383512,-0.042415709127607455,0.756537221279603,0.4390343266020273,0.16734185503579835,-0.5195968805488114,0.3033645944412895,-0.34867727649937985,-0.41634183356971366,0.49657187458453983,0.15011095894718562
0.38496730089821274,0.6507814166043482,0.21690248681505775,-0.12933692282722958,-0.1657006584309114,0.2176652361877452,0.5543403687399944,0.4041649048436605,-0.20086431653401443,-0.19852544200417452,0.52789540444124,-0.29670745542323007,-0.2230603895966018,0.10009746529326163,-0.2659827084660057,-0.09655348290008346,0.5204457331594111,0.6925286769862818,-0.06837711491117204,-0.19089396023212543,-0.09854081077968471,0.12514259527556004,0.26115299134816317,0.023951638784754516,0.005641390128141591,0.05279139093328181,-0.08319822491705436,-0.4669180209704205,-0.01944337294481646,0.09072294860101274,0.026513671780718617,-0.8022994575313905,-0.06526232831537129,0.5438299100115491,0.08666699120643331,-0.37529931829985885,0.03120579227421122,0.27776842381657973,0.07800278346115791,-0.5696617935420448,0.027574999962811916,-0.17574874245259026,0.01089330799760703,-0.8849591260979142,0.2642597079411604,0.21727266847567822,0.16083862275093075,-0.1913042765108545,-0.008587361997388413,-0.3909788120855902,0.39827391076470803,0.3046434866329409,-0.12563495285405568,-0.3341555725779895,0.3495774189563057,0.5223046300472265,0.2155664404940877,0.2627281714411884,0.17903834505599825,-0.6688249346710284,0.07095578694783704,-0.5106210037218729,-0.12118775405593896,0.206080932560735,-0.05935313626270012
0.27387676139999545,0.15267237826295968,-0.378968595221593,-0.2022141677847928,-0.7750547901159514,0.4901614142166463,0.11801638305250295,-0.019211421697236455,0.27584553163092096,-0.14036347702599744,0.09518858590260043,-0.13830409067785002,-0.2769414064605563,0.793519116102861,-0.3369440377997061,0.24036002160720535,0.16561163133531753,0.4392000095792287,0.20986594041811263,-0.18172815834146516,0.2630191349113841,-0.05424035057866623,-0.2757979177412846,-0.07024849556975915,-0.09552472188183253,-0.08960817449541689,0.03652731679779687,0.20011663553401948,0.1810076297982975,0.27954534795007996,0.5735407939899554,-0.25144649194375884,-0.1131977429225555,0.6508600195693123,0.21497186353282155,-0.2519703678392143,-0.0802159938142469,0.7899383368692553,-0.1478927314243471,-0.1733213555550679,-0.21739695356190986,0.19937055499808398,-0.2031477402247836,-0.05123072319926001,-0.2783161904441343,-0.12568458388550008,-0.030011408043660905,-0.5949213043464556,0.19203136734780046,-0.5280029118663611,0.30474804228471186,0.1758019452750749,0.035709683421413535,-0.16166946822496153,-0.054190799572483135,0.4118477229458535,0.2207778065720144,-0.06818895517293319,0.08322719079953626,-0.6787155412196706,-0.18002651277054138,-0.3285012655376893,-0.044499262801070354,0.11864637222593108,-0.159811616026601
0.1773165661945123,0.20778927316804283,0.03211805919040624,-0.04033117604420894,-0.6322553097010032,0.2571590796006848,0.5416016358105868,-0.012182133190599714,0.032603411506165525,-0.31513642613460247,0.1552645134767618,-0.3271242270422035,-0.3055728444956373,0.2685164755630795,-0.009984910616981126,-0.03128153885830233,0.35930236024898854,0.4507207586839009,0.18952292374034255,-0.29987637420089863,0.17170025309210052,0.2160340123646064,0.21215608664947155,-0.06698485877622928,0.11275511622371143,-0.29951379084459684,0.047217670660386596,0.6305966107977211,-0.045018371881431096,0.4384538620827826,0.11476134287917415,-0.6206998651227458,-0.28556543192535255,0.6920314448872047,-0.29581303660668834,-0.5566323464076279,-0.07112359869079213,0.48307185032009703,-0.07428548673829366,-0.24227698369386227,0.30484641283083164,0.2630251274770198,0.2181620328860579,-0.04779127879456115,0.13704893229820173,0.33656653982421064,-0.1464487562248703,-0.5466239970654321,-0.21892921662136042,-0.5127763089799218,0.23751190210160666,0.3527609118432005,0.02977286120257265,-0.27153977232993154,0.21388240673597758,0.3861138098131248,0.21488316194018542,-0.021637640919094703,0.05509867263438757,-0.7871905782102128,0.15711308580708194,-0.075427788876018,-0.21686683408307053,0.4107943967905619,-0.05252009687673271
0.24933295799760966,0.21551623383039498,0.6618495957100108,-0.4847007946575313,-0.27854938957710845,0.3381858677548762,0.17289984655944457,0.07233894203960563,-0.31014050611462635,-0.25701323262793785,0.3633349171473482,-0.03478836448863484,-0.5134515340117555,0.5519951953899417,-0.19405466770916743,-0.07280298308735039,0.03666193791027742,0.20925538282898487,-0.2697716613837279,-0.17932485929225678,0.13288947219725955,-0.2837152891181568,0.28239843968759615,-0.09166188209327418,-0.08678797659587081,-0.24159523777755332,0.1541860791657934,-0.28659941036066927,-0.018120874914769967,0.3454645942518115,0.20072927031234297,-0.4711637281631615,-0.23746864582910288,0.4484676423342465,0.29803041902399785,-0.31827887557451046,0.1282251099862387,0.5538320985725842,-0.4617462725671939,-0.3242170767255662,-0.11124656559648825,0.3234803273539338,0.46333786983378517,-0.07894278888605541,-0.16404517397309543,0.015186950925593433,-0.42110685225393774,-0.21724981655829367,-0.05403079379971707,-0.4230402935883979,-0.051412823504232055,0.5584397114821732,-0.2641249494202301,0.004571278828906497,0.209891460681346,0.00953705532213131,0.670051253734464,-0.023591527666976794,0.17506078012173232,-1.3711245719698228,0.3030633180708368,-0.08551914062137013,-0.18627997605475716,0.17693918702563666,-0.03264607301551762
0.40149004189669574,0.6762985750013509,-0.3932209543815425,-0.45066542305915736,-0.17536877339288587,0.5334617623256006,0.42101196983034733,0.2463363193035754,-0.2460231616919208,-0.5105535272976244,0.3693283097545821,-0.1426314592291792,-0.33997272899057923,0.45464485089558304,-0.30345491340988584,0.7833875310237638,0.4144560473649309,0.1870713059456829,-0.1275041626147925,-0.03705019366506391,0.11434569132130466,0.06021665970829796,0.2605568783635298,-0.09761997369209238,-0.11485213578123918,-0.2483300896337362,0.14247428515932745,0.008915118323476582,0.08927038920136478,0.4757537108056008,0.34994063321996643,-0.5272599760402545,-0.13385428987996256,0.12311375359058213,0.43794103606679086,-0.5290234876478552,-0.26905677750216617,0.6311519437373871,-0.11378313014054721,-0.25899216612493753,-0.09806065460860068,-0.0779954580228643,0.053090299032662214,-0.5616526761824531,0.3117995333880704,0.19121898539671872,0.19332499422610938,-0.027635828688252595,-0.018948547089078893,-0.25895331624348117,-0.11226805966370851,0.2862832408204792,-0.3487591140905617,-0.01404989657891565,0.33217632585203155,0.165082034617949,0.3919428741173331,0.1740705309874243,0.33500666738211987,-0.3280054843974889,0.278133686436526,-0.7043145763107692,0.009866269645590321,0.231498986385173,-0.16304345532576484
0.4940643793997973,-0.05826675334785546,-0.18292963765072218,-0.617563354274964,-0.7362234491367023,0.5537680335123204,0.42813983458703536,-0.0018315289152753544,-0.7605228944145714,-0.4682870006148466,0.295291885059648,-0.38445786702324686,-0.1817493348141491,0.6172861529204948,-0.47231422230761044,0.3805296110211968,0.41871271521084513,0.3071806810498221,-0.03250002230844345,-0.3517621004624052,0.41364411621781283,-0.07924902551266685,0.049141055364420344,-0.455986305601417,-0.5035603791819827,-0.05356183667336794,-0.06908461506907124,0.09576460008780853,-0.09880291811155151,0.2109861129428165,0.3189805994427486,-0.6112725837245209,-0.1266963438419303,0.5550550826008528,0.3681066997873943,-0.18548461143937686,-0.1520564666308711,0.7267394527805109,0.14581982078793893,-0.6303901611907952,-0.025554943088097158,-0.061255551266535715,0.2706173629363705,-0.5999796625747251,0.24324138790219135,0.3269702381229289,0.09935930857200169,-0.4902761475399784,-0.12163852498819247,-0.2844573665032867,-0.3528925237166297,0.4260241142874225,-0.2565356043961574,-0.28791148471872663,0.23976995870535436,-0.05649482546062976,0.3019520750318218,0.08329968517283046,-0.0072080822776935324,-0.780942524137834,0.47316819462865906,-0.2460865315998511,-0.15941189391294314,0.28900683786788844,0.1870832775674573
0.4460627351411366,0.54757378863516,-0.17118663089813374,-0.6429772990697528,-0.7800111333537776,0.6472547815861728,0.02046693134654723,0.1445518646859261,-0.16226098202031097,0.001975188050311389,0.2294526488680187,0.05945612288027956,-0.18401846537948133,0.7324605234533267,0.038849295781028276,0.7611542826629744,0.4915185779780715,0.215010333175966,0.13110242265507227,-0.4483454008087592,0.15120204428501394,0.012391365907582753,-0.24912988380110745,-0.36153344137156557,-0.48873256193250375,0.2473336816862248,-0.02268551421117858,0.07558379952159511,-0.006078330030051593,-0.04087876674511408,0.3316298578628349,-0.2149003468035466,-0.48825731793648486,-0.010088865523682287,0.48130626940087373,-0.5612524654353491,0.13409339727293126,0.38737284314905635,-0.007103099538689053,-0.6806358382560084,-0.2051112867496499,0.6574799556825023,-0.040012685298373735,-0.9253329658442901,0.02405452938965695,0.22493364993900639,-0.3300038890306529,-0.3406778171170781,-0.35535065463984317,-0.4703751862258544,-0.28468478211869264,0.43843402739873444,-0.3094865184456035,0.15267522372046594,0.2961959049785632,-0.03350630694551297,0.4350647367706082,0.2690528987959756,0.08891971039636229,-0.7994849835564596,0.5801561753382555,-0.42663001191249306,-0.09742447930685336,0.3121182965859242,0.2837721980021386
0.42045277219099686,0.3223394549759009,-0.5368418285740365,-0.587645205779019,-0.30162275660883686,0.5217000927258555,0.4888894947763999,0.40327018052599034,-0.030399616461481177,-0.5133803283840641,0.5583090854979614,-0.4521906028481793,-0.2889423629048666,0.2927275079406505,-0.34177284308856326,-0.42494211489969497,0.23842387459789702,0.19752989527424036,-0.08628523917592065,-0.18424995552424642,0.6293364401750727,0.2987756961826373,0.6277638671815216,0.38619023485821774,-0.2846635655969491,0.21050014401092365,0.0558629033731927,-0.15400169704781863,-0.21381305673503087,0.4238386566591332,0.4052858212602801,-0.6829786149613013,-0.25024974400294653,0.12273957562288734,0.21889087017054681,-0.3276973211461054,0.0215322582465627,0.7653874175960538,-0.2412359791567976,-0.571321859977167,-0.10368210135720136,-0.10890063327071864,-0.11960882312349982,-0.5531231551105006,0.2926266784644853,0.4857565948754974,-0.1014633454567598,-0.4300341660940082,0.04066533172254015,-0.3367023317461313,-0.16918241307138396,0.6297690922251794,-0.08809000416846478,-0.2691070494929267,0.2439322613159044,0.07914716138576708,0.5562848332374165,0.05448456298480727,0.2771716492702192,-0.4568839431051647,0.49192653911292467,-0.8091497166586596,-0.010357928652970291,0.4038574126281377,-0.10755790388451002
0.40323235686476744,0.5860888253455787,-0.18768907144392571,-0.7036073975397324,-0.6321479361451888,0.3550645521481755,0.4049869343492034,0.2198787052974166,-0.44991439012852086,-0.3240234652995961,0.4584561317720377,-0.30620821671539095,-0.25938403734024257,0.2750223120934908,-0.7283420927863966,0.11684584950219948,0.905162432602125,0.25777470386984347,-0.1858591290524489,-0.3809650904638311,0.05549945840777155,0.18070296046128695,0.2790815026969301,-0.07305460332182723,-0.5669863280664607,-0.12377075999699864,-0.08590244691579652,-0.6492993237849276,-0.10909433291172672,0.0738299409184935,0.4842511148483413,-0.9497881139957882,-0.03470320960773061,0.524701060692079,0.46418257694040044,-0.3768947670529312,0.14310055214472475,0.44927761210159955,0.033572400189056655,-0.38453538990957925,-0.1341347140124586,0.13395704273300912,0.12501799347352946,-0.5863874931508397,-0.18876148470520326,0.2851291284906112,-0.2887088650763616,-0.7100171721820633,-0.284461256238345,-0.35480545512063955,0.020703040083899886,0.4274672293267721,0.1068787626870833,0.43071417186685884,0.27598580735710754,-0.2009677971463772,0.3360552511143047,0.34572777229148144,0.30937426273971724,-0.5513246664046332,0.2484427936463664,-0.7060546473075504,-0.3792422008679821,0.20720272613136118,-0.2907050602486822
0.15233983801994494,0.1640342576735829,-0.9100279500702191,-0.7552467689606506,-0.4065647790807195,0.5775080800848604,0.003530691083436399,0.3175374290989882,-0.18556221457469368,-0.35679854436463043,0.17452654904927156,0.24625465981324957,-0.017414733795353812,0.9826048917257165,-0.6282490851610292,0.43380728234504823,0.21841389044465873,-0.13768424320053507,0.14948931901028828,-0.5006834973844894,0.4352231069340255,-0.05584231647472808,0.41295990239054403,0.05161867553961042,-0.22233986933655445,0.1514949036168317,-0.04433279231401699,0.659396784362261,-0.12848735287253465,0.1544026566324555,0.4668277663477531,-0.5754200129064933,-0.004526399022747096,0.3354217439157934,0.2826466590021047,-0.24166698478534748,-0.29164630650237355,0.7002834644083884,0.03033471022432932,-0.397054653548624,0.26210113837387894,-0.1029154661333476,-0.05582909549608005,-0.3968039289828261,-0.15970158796054995,-0.06935417727871931,-0.16421634803357674,-0.23727433832788425,-0.2084768891282954,-0.28097491641346495,0.009818054853752,0.6074097714484501,-0.15023400155313904,0.10991284155848187,-0.07084933550873011,0.11109234576287025,0.647782166738111,0.2657487487292148,0.09456791998789559,-0.33830211264968624,0.3929101850214112,-0.5469220986228054,-0.44937800433093883,0.057227723085627624,-0.33651638116814175
0.4269682978986928,0.5353097141304872,-0.1771288139206642,-0.0035448853836188288,-0.2139915851760115,0.3350291071150148,0.28121409359488875,0.3147726099924388,-0.70506226832485,-0.20669181637951137,0.0752381456476506,0.0854717694282242,-0.1311211672804083,0.7095497122328361,-0.34050402000097724,0.17612840647048864,0.4287822933483787,0.4954922914845997,0.08363783650246476,-0.18676760680475907,0.36954955399298267,0.21157328115436447,0.29302691602956893,0.3628611092313255,-0.17598475507125388,0.3576146712223227,0.18539193829034512,-0.5219651025636138,-0.2967524514812643,0.09888086826109424,0.4223484740688328,-0.23526152702527742,-0.31636603126895363,0.09566949665173383,0.26379045368662535,-0.37546501163262813,-0.0083036322826009,0.7133026902029057,-0.31344018014542563,-0.314054438926891,-0.20035069981578615,0.2758944441727441,-0.5739346488774407,-0.7833341627909587,0.42659750338421115,0.15997748807483436,-0.014686968297825752,-0.26932942464756204,-0.0001275985849140751,-0.3693127325283514,-0.15667959665437114,0.6147362158029215,-0.2088266347069161,0.25739722773981366,0.2670364568365927,0.11112549769823635,0.5946672575975265,0.208477924425162,0.39147072823562773,-0.637382166083098,0.4445301350409611,-0.6586603251450036,-0.1709588265841516,0.3520617917073612,-0.03428779255512249
0.5119821382797318,0.39003723051912337,0.45551842931836506,-0.22823473379926223,-0.6985531431985209,0.45456848223590146,0.23242037940484161,0.09430776157155368,-0.1732833215172438,-0.22467916296415658,0.40059790951018637,-0.1714309551124659,-0.3533228786725565,0.4221954608412009,-0.013548351148634744,0.21285761348640606,0.45557910323180084,0.2177435104178049,0.0006200782684539358,0.07476447879141232,0.10050772623577485,-0.10484375392999354,-0.13951051463426842,0.04461870802136878,-0.23667971233019555,-0.26299029595495604,0.08056700297910013,-0.23704158591154628,0.18894787135077684,0.056664183088207004,0.35005024164833387,-0.5559265136525556,-0.2694228453601585,0.4599894905548711,0.5798529617619039,-0.35048127140072427,-0.18840330110532208,0.6732455078321053,-0.13259374741780466,-0.7178553160159882,-0.17627628911092313,0.4712524702255844,0.4111737417065143,-0.38108096394260904,0.28895773638744116,0.25609763029155647,0.06381872236230342,-0.4637179591580017,-0.24338776481259616,-0.6116698206328705,-0.0652050297491776,0.5126159686146131,0.13825592797749703,0.015134215065620155,0.029620592207706825,0.36395105713155435,0.49307396014115107,0.5989772236726834,0.04443151821572743,-0.8798414163195476,0.11546859280912228,-0.3697644752997956,-0.3957300659957901,0.28321807536355964,0.2512226400505464
0.09772756838558765,0.8705544344412963,-0.2333848432693146,-0.1106145941768734,-0.6256527069878468,0.42354844916175943,0.4249241324902002,0.01185926610344731,-0.24337580288691918,-0.2354660862198796,0.3556926023461303,0.08222764315253603,-0.4597568733161039,0.5863396459928996,-0.011231370345055905,0.15434155925882498,0.2028379871775719,0.37015279961172226,0.07096817653702095,-0.2414514728390586,-0.022819995166302315,-0.038620023778261514,-0.4023615136542925,-0.04992911106201332,-0.03481695920322714,-0.2699916709124024,0.009729648709505281,0.2228284343838515,-0.20041801293853856,0.3871131139128396,0.44559291365071896,-0.29191873622592973,-0.1940207231198781,0.17204314179699848,0.4583300786376704,-0.36215778000699983,-0.42172718257110575,0.3739960378576082,0.20061512500521017,-0.4473588510662727,0.147623333561925,0.2002037036236743,0.3351120335267118,-0.5825716104417251,0.1965815469153016,0.21573531301015117,-0.3272267929048349,-0.47848299626709445,-0.19201099700486488,-0.262080461696823,0.06729731258851931,-0.006324120305683009,-0.13523359296956478,-0.05264153269124027,0.3919417846172617,-0.07636791390227742,0.12764381186310336,0.24393331156133138,0.04623777107750236,-0.5322539836790947,0.07758603357958768,-0.46924036160993493,-0.4649763300959034,0.13744483204501917,-0.004230111731282557
0.2769476179612146,-0.041049492716688604,-0.3730733412455017,-0.31364075101392214,-0.1812030005624151,0.38074526528121794,0.10322152261758302,-0.030127621250553873,-0.10859081248611507,-0.09138897861609634,0.4187835186308842,-0.02789412211776654,-0.2176114249562635,0.7524605223838446,-0.6916686988255101,0.11388310963874088,0.39348816662071734,0.07206474058547056,-0.08319968434887427,-0.040179933111430186,0.14251341995879374,-0.08851154283359497,0.1353897116269018,-0.25744507989432924,-0.043096844783762446,0.08527530474240913,0.11853101427826199,-0.060230229712108896,0.03970963745255556,-0.14780872343182438,0.5942762653114602,-0.7347727945854575,-0.5044425293297388,0.326728058364584,0.6257915163957457,0.004677198651347161,-0.11099610739726559,0.578014833831304,0.04056095082029022,-0.4759847225105421,-0.0529511226249319,0.2657244365682971,0.4393802260166318,-0.5504455603455269,0.18193359134367057,0.32300877551952833,-0.13117680377690946,-0.375330456910357,-0.014233972283268635,-0.19354171519343352,-0.1528667466151824,0.6096554022839747,-0.08433100576839797,-0.2542484959328178,0.07714172580455597,0.03703173100673048,0.4564280929366902,0.28182823928294537,0.36240670578088974,-0.6358380029186321,0.2469055103199209,-1.019251074684234,-0.5322251561653841,0.3303219062822301,-0.13015819885339897
0.3119944585054367,0.9156800362910398,-0.4229316874015192,-0.49559793085162657,0.056704308215435595,0.5184870722385715,0.24385522967556006,0.5288650643485201,-0.5516070273841203,-0.3940416594470912,-0.19337539578235025,0.060634328273093896,-0.27499537616341957,0.6534150617968594,-0.25629716125692,0.2818386089155148,0.5178969269600968,-0.1753309125436778,0.4170956139636923,-0.09071632986836568,0.0516631979782476,-0.03613471056567025,0.6405919833250262,-0.20304566743411542,-0.2832558790010632,0.633771928877935,-0.025644349368209876,-0.4098134476222938,-0.19327442001901923,0.46589382019516085,0.6013951564088341,-0.35838704546409955,-0.44752350370998417,0.3676036651736825,0.4697245063014034,-0.33903493088888204,0.03306662206210423,0.7104731811923461,0.20329994599229284,-0.27395498736631685,-0.39396988940072997,0.5153458612109991,0.10585312266843969,-0.6052324974015352,0.11156333394456691,0.3587012781721175,-0.23116187483463563,-0.5852931605915412,-0.2815610144337648,-0.33401928878383497,-0.06499332686056317,0.8065966684884233,0.132084034296979,0.10194338401431308,-0.039717053093504553,-0.11553479987639172,0.47847889160134577,0.28208871086894166,0.2551629737734624,-0.5591250915862511,0.5772966349866611,-0.7790490449493089,-0.5111775259160898,0.44353171202182273,0.05941565736235006
0.7092880594012698,0.49659861791879883,-0.6850503015759037,-0.21943352203438654,-0.35222867656741463,0.6138327155235711,0.24274088803840327,0.29438596149731805,-0.19486117512454876,-0.18419187231052747,0.12820912060580897,-0.19956919413776003,-0.16858457319453463,0.5300674711570234,-0.1516220494822254,-0.04913451562139724,0.6767490739235082,0.4471749372534837,-0.09948870169156515,-0.03456140515318871,0.042094827746237254,0.051091971703694034,0.21256354745028488,0.3170935406174247,-0.4307534281506731,-0.17408179523466472,-0.13610769938306644,-0.34327185112892,0.10145134689354873,0.5046845988074662,0.6987836270510794,-0.4801593492877829,-0.027628580508107015,-0.025625111046635993,0.4686076753363947,0.1270796795759471,0.36969762777590354,0.48530548107941984,-0.23077838151070618,-0.7813342978308708,0.041943273552773476,-0.2789298868366027,-0.11513520584984119,-0.5927916546615735,-0.345720790377313,0.2761242459577478,-0.16572121345315588,-0.4006592531211608,-0.15804034087260818,-0.37805503891514775,-0.2430354257848104,0.21398617888794047,-0.015430149280291183,-0.0729275100583038,0.542855106157744,0.3014466066451391,0.16688047571470965,0.1710595238101616,0.4484705863751133,-0.06365153879866606,0.22875853767676807,-0.41092154470931674,-0.3303833909690706,0.0637243964904353,0.2174581778319296
-0.1308097827464935,0.39781491500034377,-0.21818577630543318,-0.1852956361275536,-0.8084377574660542,0.7979159072116117,0.4207690903427611,0.00012400436700153727,-0.3123723844898831,-0.18850577125365947,0.4305523211578548,0.16019185353149062,-0.283237547409288,0.12320010974150526,0.5198911589158368,0.40607921572975414,0.41507570983948255,-0.17051701871802738,0.1274750810728234,-0.21330942906161665,0.24415311168803683,0.02572324061285502,-0.1568212592580867,0.07686417757627434,-0.4984185421104215,-0.08091362914929726,-0.05043463064325568,0.5445978768052377,-0.1501952262310298,0.4316163125614717,0.341469419221704,-1.2142023090204919,-0.09190485965265975,0.784603939233705,0.3900464567964068,-0.2066273038724762,-0.18959034046190668,0.4824825915046715,-0.41847530475952366,-0.37724387510513935,-0.22241182283272193,-0.07901103577904828,0.23952502944695025,-0.7129211212278694,0.060750627962181704,0.20926883214359357,-0.7266457252270463,-0.24909080597829555,-0.5632170053863833,-0.2868268990264522,0.07611323087260921,-0.04431380568314447,-0.04439834909375675,0.18216735712630466,0.2524684370964435,0.2637801419771689,0.25588048934611507,0.31041252626493737,0.13649682771375415,-0.4488767027585208,0.26680821135082855,-0.6545106934684473,-0.19851981608293356,-0.14866104673073355,-0.03690523705223492
0.2883503690267618,0.4281747145896676,-0.15569544040367234,-0.6212784007135134,-0.6373764507199273,0.45414831583438287,0.15380406206863265,0.1345067961546604,-0.4849784693314945,-0.21113618985795513,0.24214061519011854,-0.49490986203003556,-0.3773251991121823,0.3077183949945742,0.19934921696762123,0.7741761485319639,0.273133331726296,0.48475122341652116,-0.0015773802998649208,-0.2552160953928002,0.10863788126427684,0.488658157436502,0.18392008592553477,-0.2703768931293243,-0.3113812006963419,0.10015118069991483,-0.0511080164389764,0.4824684501671186,-0.5082906572745638,0.34418101899727127,0.2474362630200772,-0.8469685739960764,-0.15546474436254792,0.6164589609026321,0.5170801712282226,-0.3086724878542659,0.15925619796903515,0.5423761028879643,-0.2696684068489792,-0.40893317437968896,-0.41030921848432345,0.31942520029831684,0.25179750096730485,-0.6751614089204028,0.22038528194383117,0.3052261573658464,-0.3650382154635908,-0.7399276072880995,-0.19261554142204051,-0.3662853890924665,-0.4085277460074288,0.8752481145637411,0.0846048119905945,-0.22084709793480645,0.2859530926780638,0.02434542021160279,0.5276268200882812,0.467529089262662,-0.10320808326498467,-0.4505459376446057,0.2697863349534304,-1.0129813723956904,-0.22912971375806976,-0.11359249476615359,0.2367243478319493
0.10085993348331324,0.12969742344041923,-0.5920095258759299,-0.7900006991390245,-0.8368740798754363,0.655436193736935,0.154958844406712,0.4655538464028633,-0.01904678653683005,-0.48203443314934824,0.16040294765924054,-0.35576595234066416,-0.13579418225525008,0.38010015691792276,-0.5792414649237122,0.14991267582703982,0.30507905139426367,0.5251420830606515,-0.3746694989723707,-0.32985358860158764,0.24304460983212378,-0.06577592250070792,0.4340454880414731,0.03506512404981893,-0.47659524982677365,0.08295521402890901,0.40582488276265793,0.04263168598048628,-0.22535277157497527,0.20988077824208312,0.3770393018419505,-0.7884683243040608,-0.09486621169090545,0.5280974163032615,0.2107475109130466,-0.10464761122517315,-0.1644962727892724,0.7942313445820235,-0.3093433925478468,-0.870643803554917,-0.39500155376219337,0.42106121660068957,-0.04819285549878635,-0.8298793221239837,0.11192624786067813,0.015396691903475132,-0.31064152323814354,-0.32682541586861735,-0.14740885593601236,-0.2773027479395422,-0.6763663723157027,0.31535116058232726,-0.3983233277036567,-0.20662874217211963,0.11623139243698663,0.17453352226121083,0.43222187231606307,0.3624592360991307,-0.07440709466688401,-0.44482255174941376,0.21134700800121856,-0.8123870602808086,-0.6233099157795928,-0.06098844837176505,-0.25978021844227
0.18052641306839123,0.22096789783081844,-0.8404388039839585,-0.5338799127524898,-1.0786638301694362,0.40063283324991056,0.19363460202101412,0.30652264559910924,-0.36955855431105894,-0.2655680237289094,0.020068118348809345,-0.0022983847867617535,-0.29725145359532035,0.228834645170257,-0.18539246141452992,-0.1734010897001637,0.16526650593856052,-0.14251952532737225,0.19649561482094632,-0.181457894556545,0.1046503332968093,-0.1047829685081505,0.42582457644660954,-0.18897747646728774,0.3597343431130253,0.018876347350534936,-0.0704467180878892,0.055029102521601155,-0.15431153419950647,0.15156630793862405,0.4110654756773623,-1.1222717655378132,-0.09331323591598645,0.37421494973189556,0.11674893638491463,-0.22080151901702175,-0.1143309941444172,0.17091595127363038,-0.1391836952187173,-0.2885340171939483,-0.20814699134106518,0.4484428165963283,-0.6077431796396384,-0.1807334768893274,0.32243232358630824,0.13607986154505905,-0.41535578387251915,-0.4315665434149991,-0.29525317851804367,-0.4083328720629303,0.13085331081963653,0.09037621060751333,-0.005031989934090708,0.4796695161951505,0.4399750621486186,0.11234098451713118,0.06783228034493255,0.32676081701996573,0.07729616605195778,-0.3915343427352989,0.3762979455939524,-0.8081113136218538,-0.1870560375090517,0.27811160487329817,-0.039743749673535056
0.1683402892281894,0.3905105345550837,0.13784703255198696,-0.12512476620067098,-0.23585927415379773,0.7015663724373338,0.4226559699788487,0.23053983956409863,-0.21919502282940181,-0.1282596298644872,0.596483436862111,-0.10691525215555844,-0.4466697004634087,0.6567538257322206,-0.2704777928677967,0.18894809869897333,0.27441085338874327,0.3540329006717181,0.017262591228788184,-0.20710130348657216,0.2618553594135916,-0.11960246577736203,-0.08487415566142298,-0.33682905091125254,0.11865726127496319,0.28123065056533847,-0.009459155769514872,0.18274320190224652,-0.08648560854588783,0.3673271526135619,0.3953670361477603,-0.49619357589250485,0.1435937085882889,0.34727446821855035,0.5721164492398536,-0.3322526969265004,0.21342860201833888,-0.07880510175180394,-0.10144824778404007,-0.22816991039080914,-0.1994492802338979,0.36204646736864415,0.27218723535561096,-0.8795413745671485,0.18059772578800598,0.34459113490071347,-0.26718862513502845,-0.6056117602243732,-0.00634648274310376,-0.2733564798691889,0.10088456354538086,0.42988437967107057,0.10747858854354445,0.17561654921119,0.1662462219224517,-0.029071633553379706,0.37238959621702644,0.32530645752196735,-0.009491702491833016,-0.5179710793238527,0.3383997620531028,-0.666503671647907,-0.3551850280786938,0.0010757352423399896,-0.16259864767607748
0.12580530266713347,0.48034965235806837,-0.39374633195718706,-0.35402938269661227,-0.5838974313392118,0.2785728042899903,0.6200019412124498,0.10078923531734307,0.20323467296333347,-0.11523720438140517,0.013218087143460441,-0.1983321215546554,-0.22598699300427993,0.6195511905067382,-0.7268722594005415,0.28120228039913076,0.4455396405348339,0.22500593215883224,-0.07670986294049059,-0.22933588548054915,0.30016034786208595,0.36364768519307183,0.0828353561520235,0.12580745404223298,-0.3111926591523638,-0.21015849279016174,-0.28076841991363133,-0.5282907206461775,-0.12077522316219441,0.3655898370281603,0.4060502605064253,-0.7680137756625119,-0.1771683091995948,0.2030038984537086,0.706835991726046,0.0072379509273807485,0.03821297310653672,0.5095658192602488,0.07882392864454035,-0.28774433564233404,0.18983275551034356,0.3633800369299406,-0.007253788551438628,-0.30181050745656646,-0.044905289495323096,0.08985209296916447,0.07778192104128195,-0.39920190866816996,-0.055652686895009275,-0.349634495960075,-0.24032537925904587,0.22744581929386742,-0.45927397214990606,0.015653091750618228,0.6143109990172348,0.35736783137101885,0.3394115223810297,0.06330670459658647,0.5455324518802084,-0.19344150648115255,0.3422439666397747,-0.5501843109799512,-0.3682739643688331,0.4466827278350028,-0.12633371900447066
0.31723157963801385,1.0142306383225586,-0.030808671059909122,-0.17222293660397614,-0.7571862439814806,0.5366846334448014,0.2863437049378731,-0.02676292108130865,-0.26019702028932273,-0.35977829417429796,0.12156629406837742,-0.3911463758530766,-0.184056805166665,0.6438730833841197,-0.41476274518377537,0.04586071868753588,0.67216792059281,-0.01866145944799466,0.2146658107884578,-0.034500919739891764,-0.03469392198600784,0.3429312704819845,0.38824128400091723,0.15109728499252292,-0.002127563543074945,0.15127920852050913,-0.24707795280785905,0.27833725626812506,-0.1800629254346265,0.35417150197147174,0.41366213545952774,-0.37781393307011163,-0.18689346147087402,0.1776002877105481,0.3173332951148317,-0.4432090884774989,-0.2768903127714053,0.613855861915218,-0.036670109191514706,-0.5855759012521955,-0.13253070881427215,-0.009220153652943226,-0.16772109651805417,-0.07881958618131578,0.2541977803442869,0.21083525115410479,0.2738279448420466,-0.21571364466499982,-0.19320192714578235,-0.1904061784141905,0.2176727393048487,0.424155808220524,0.2881263270862725,-0.337463095629654,0.24386205478488365,0.1172348886175077,0.30385067580535524,-0.08730846081446897,0.02960752856358368,-0.35712244453827097,0.3054806373372772,-0.5858155729209251,-0.2588924232938393,0.5530290605390258,-0.04401166058610992
0.22943010202100564,0.4277861254164921,-0.27665963490321105,-0.46164345402949897,-0.55340120009873,0.44617344407125514,0.2733028679425088,0.18483873247123386,-0.7230522334611754,0.010551720202867695,0.3256955159976112,0.14940686136168083,-0.6590428970582224,0.24033263991146947,-0.053505539630568616,0.19413221018434487,0.2396356099810663,0.6409378713301072,-0.01323092214370497,-0.2607296476951987,0.33990241700507495,0.1120207873203241,-0.3700109084461122,0.01939836968601502,-0.3724548698104577,-0.07270915520897026,-0.17614220268687042,-0.7338040971062839,-0.1081374260221411,0.3944063491535801,0.2745095904245268,-1.053392069046103,-0.38550009472557284,0.6119798354382336,0.1061281396410351,-0.6170139521498477,0.34694184409352125,0.527851421984715,0.04648856611602413,-0.6161156161048336,0.0456903367894593,0.02411432149988095,0.1764345884060065,-0.19098275431236167,0.24919653701480762,0.17140553158265925,-0.7785097403316924,-0.3157146450362138,-0.550519917506131,-0.503868341805104,-0.04669429901330882,0.42724854405149004,-0.3574678884436111,0.04887117213994391,0.05608568911183087,0.023501803789007993,0.4742441486102315,0.19738935278582456,0.3982034388516705,-0.1764962710344662,0.511939637150498,-0.5764221754165543,-0.07047514544198677,0.3484928322585543,0.012347508110222866
0.447627242750357,0.6125985837279156,-0.20734581791677173,-0.8389273045561628,-0.0855584085210194,0.30903228081814943,0.23170420545373027,0.36529745994836993,-0.25239374555764293,-0.20861953381827678,-0.15981873590687515,0.19750596491522054,0.17057322420602103,1.0824663941734276,-1.9200861442532142,-0.023531676715807033,0.37253971623308263,-0.004076774414051437,0.0982969404721749,-0.540736487839495,0.2873972680490309,0.14241701920685979,0.2515524806379218,0.15795198990109546,-0.08081919231206047,0.13066391404101912,0.3712553408916419,0.24891338910366095,0.07569173865828675,0.23586960035250223,0.09750657981155342,-0.32720567863810984,-0.3352287133405813,-0.09609134409852238,0.5846747526506686,-0.1946367099852066,-0.13603269871079338,0.8591525669269005,-0.2809888013967521,-0.21786581202875024,-0.1459813306271529,0.010872246473712953,-0.28058189230425795,-0.8311500245142948,0.43578454922679866,-0.01421533325496848,-0.0637515412570688,-0.2972007304374418,0.1918408480495624,-0.06796319473156315,0.4333350472441845,0.6221399526527153,-0.2920199875535481,0.13293874627247065,0.3739628680701273,-0.06802512779463361,0.9538172129544464,0.523477315480594,0.0008556789099569556,-0.6157403790477433,0.4777922944055905,-0.588014373171085,-0.21049487607113088,0.672754351674292,-0.38881763123764634
0.5354379905841233,0.8745893668243659,-0.07073377614064688,-0.3520635947989992,-0.7005790018467697,0.4288951185012027,0.28728121728589817,0.24266005371559035,-0.5181952841523194,-0.11857070717008297,0.13987516155465557,-0.035611745052482054,-0.1371003823731212,0.5765850376457986,-0.863004106664854,0.04847209635207734,0.4651156707873003,0.5335910237859415,0.008294201787920709,0.37800342063853265,0.176246287072169,0.04377461392675609,-0.018394397689819514,0.37850622492798547,-0.41964171292733654,0.08870152570955737,0.02130399240040299,-0.2709412521634192,-0.12942356076286823,0.4572372038898318,0.7474749731355063,-0.4609370718673768,-0.4163640375294834,0.26585291769777214,0.5946190217013045,-0.38758924129172956,-0.5295722963825992,0.8657952160081609,-0.18165292327790483,-0.5484575551721124,0.2567747697659893,0.35031163063688747,0.08040663972898593,-0.7694786433656826,0.1582640404028578,0.5873148485538626,-0.24820229537262523,-0.1854939362812878,0.21827147467090516,-0.2821705647426628,-0.3449605602664294,0.563064564673371,0.48520983822949965,0.03255183801250218,0.4484335598046632,0.3971903391104633,0.5156438561572705,0.4085524635068705,0.13979062708097229,-0.379128694064686,0.6398842849700138,-0.4990589072634801,0.0700360838024799,0.6245255530093482,0.13883330049536854
0.29905743567281917,0.6267248257959914,-0.06322458942922168,-0.27577875552563264,-0.8558105223446469,0.495806024605469,0.4592061623409406,0.07490301608586417,-0.06031550108684282,-0.32837185321756185,0.352950342990865,-0.15993838260246251,-0.3198978123575392,0.4956685173246048,-0.3233233598950578,0.8584166646918013,0.37170768707121554,0.23283450549804102,0.1461968287264952,-0.07600086337863787,0.45947842340323064,0.2546642693944484,-0.11803764371113445,0.06177413115235074,-0.1477484972481607,-0.33359920580574837,0.1354487842641981,0.0009005341445544879,0.06167598533543375,0.3398369225384967,0.5294535967838345,-0.7526395396457279,-0.1925058946957272,0.3006226884076522,0.1937289869332701,-0.3450193507012298,0.1992533246781723,0.6552458265731466,-0.21631458855021568,-0.3654881541980758,0.05711088598953798,0.08788299364980418,0.14699769734284301,-0.5859909446544843,0.17019273907765922,0.4392842596515569,0.07289285700497963,-0.28996327976118824,-0.12694979404773946,-0.3365950216598742,-0.032182646931024655,0.5880272152826294,0.2190218844124761,0.33146519175987466,-0.032995987991899664,0.30205551570125555,0.6506110591810665,0.13559808332801307,0.0022863962603235505,-0.2767079516778606,0.10587698915532029,-0.39463959111714464,-0.3387077370041627,0.16078541979712643,-0.07065054645149971
0.06931731124801804,0.5136557709480513,-0.382157524644681,-0.2015550690836506,-0.4953048672383959,0.5810191821338971,0.36887061883515454,0.16153273747794256,-0.27272192390846345,-0.3684776727280622,0.32167337368025634,-0.32445721866446176,-0.28572532758486413,0.20662647032031575,-0.3775889868665716,-0.03448968544272507,0.35840103416433633,0.2399789159578687,-0.05972758934671776,-0.007287704032419559,0.16058126118514393,-0.21439528658349913,0.12024357732827874,0.09612741520156938,-0.2795837765723314,-0.17282090065556735,0.21382154278378024,-0.31089088688401956,0.1386228124967244,0.29425242093440573,0.7026334399965319,-0.8999116309588984,-0.13680607268991868,0.9334533008813042,0.32394377942411673,-0.3581290426685493,0.030008247711847354,0.5727404927674472,-0.3542199670139171,-0.40287323910434164,-0.004983975490605273,-0.07051867707863219,0.1572111609375178,-0.5778228781582468,-0.09134643026884283,0.6003690642057904,-0.12287183974674017,-0.418599305327785,-0.2792827502707801,-0.4833340899368862,0.03536264188755993,0.6635558093229341,-0.1358848315618149,-0.13379317677969027,0.3137550509893249,0.6591330874876536,0.5703534689582656,0.18193999407989417,0.2697456806941895,-0.326301660175109,0.1590472116951123,-0.5319271039683652,-0.483230707699064,0.15214643208342749,0.09012999877387254
0.29372999513500914,0.7209261725492173,-0.11118987645803852,-0.3957750239111346,-0.9427174366841464,0.566045766743108,0.3494726897300037,0.29319006843088435,-0.3284335097519803,-0.26399188711501564,0.7955528065494855,-0.12690555349341737,-0.25252431885040505,0.08427536384654231,-0.04943441160933698,0.29737280307223524,0.23468836365243526,0.25235159598250734,0.01296197440074337,0.4776909134796596,0.015620432064976347,0.1151186755116983,0.4437144747299162,0.006734631825385511,-0.0030614908736225632,0.10661391247221069,-0.21648800261493872,0.22371709118436026,-0.10215106375329477,0.13423263043278716,0.25113119919881854,-0.9619092688970258,0.03596495185163606,0.5305693933647678,0.5119809765676344,-0.5468674383848109,0.008122033928146772,0.5040146365719569,-0.20813698763706967,-0.36863725748134035,-0.07411738932821174,0.0921885599818553,0.2281766735982283,-0.5660197316903689,0.46999304907435197,0.36002441062343726,-0.18298511672135093,-0.1910390567624175,-0.33824732114572764,-0.16003995420907874,-0.2824743324277903,0.48583080277083307,0.05837107690794039,0.1314512057081226,0.14738184280662675,0.5164365192327912,0.3450754359972373,0.18671198397405997,-0.11421381954713992,-0.23601557369236287,0.08092430062585049,-0.31363465151243164,-0.15279533697730058,-0.17185246955884964,-0.24254778911275668
0.5059764048825147,0.6860934847105334,-0.2751052984615482,-0.6507265446924136,-0.46633134421358796,0.5386010206287751,0.27467550843070265,0.5781333318804822,-0.1972577508997518,-0.3459526131493095,0.19157223829402908,-0.11794138766767381,0.01466337587247063,0.33246548213831467,-0.567045898486937,0.034109732619761114,0.4005553519617182,0.29298827467564026,-0.029937186322601145,-0.3681285261387417,0.2144412860865219,-0.3017558486164752,0.27602610336100797,-0.12316780422601101,0.02054083394146959,-0.009170247748101074,-0.06113043540735894,-0.2266011593425616,0.20049205042226614,0.07370950183037658,0.6537316502573819,-0.7481397408575933,-0.09878215247524955,0.4820756780888099,0.36886436592559013,0.27944831916652707,-0.1348440514587586,0.7162314816616377,0.20558760777529572,-0.8888819768989479,-0.17859634057116097,0.07329443866909728,-0.03497485807111625,-0.5054418841665618,-0.4796570705363665,0.11202341280399182,-0.34847754079842075,-0.6699209486972213,-0.1862328307139625,-0.23538296290337285,-0.16338559900810368,0.6658108345737789,-0.16608602200087175,-0.35058200975320297,0.14040132225619095,0.4337958843648491,0.6093432886119629,0.38230564224813274,0.05348262038702284,-0.495126845053228,0.39734077288723063,-0.5064592166265313,-0.2574820212868063,0.13374306194767344,-0.013545658483188665
0.5920261085630038,0.327447179854525,0.07798085905853461,-0.46730413498340834,-0.9040746344142123,0.5265049315494968,0.31296917108740246,0.2667865752461074,-0.31809236925317574,-0.21850230754315048,0.2919402485899769,-0.028145289863750977,-0.1677724720869327,0.574099327903392,-0.48917580753023565,0.1429744963963134,0.10386849920031917,0.6301327700649032,-0.14039019616873366,0.1856833039681679,0.1363776458102268,0.059712735413073446,0.19562647503059086,-0.06265165960151031,-0.07450637199559915,0.09733477104651156,-0.47761565310303983,-0.37024678498716823,-0.17386053173612903,0.1210399046577405,0.37373463314041133,-0.7950316079027845,-0.30005176416144597,0.3009312407620018,0.2850995251217527,-0.3165659790130618,-0.22833788931444454,0.5634599182016794,-0.008419362126420277,-0.8105945976717824,-0.18285016649245078,0.1528915261694207,0.39105079525404784,-0.6031366476796205,0.26574089951247626,0.09364792754286735,-0.110799210293521,-0.5149369780504439,-0.11164583651481955,-0.38990795570669556,-0.2791702835561486,0.6197414021064319,-0.24309972422539033,0.029179734175910597,0.3253159179895195,0.33368660726946725,0.5095548870922415,0.29956485628157126,0.2957573666182667,-0.6742278738626549,0.33392888996936015,-0.7079003265264628,-0.10659283561181174,0.34134567090186047,-0.04475207716522134
0.07940417075932954,0.787701004293881,-0.21720004157318779,-0.6744792176901535,-0.48868907885756174,0.6198784237586085,0.20054647188035013,0.14997721760486,0.13906760890144926,0.011642675029308953,0.15677891529862434,-0.09646173219065776,-0.26711834897106734,0.7491095118125359,-0.7136596105693338,0.5367718079385201,0.037659485239377406,0.2747664425179416,0.018196972815187527,0.21085899687632084,0.28489210520820585,0.03523615488041621,-0.1766827539462542,-0.3022815676884891,-0.2937773612288442,-0.18502328752076716,-0.2219120982851821,-0.0875510947119976,0.0057090565171842855,0.3879367214057189,0.5287739309732729,-0.500239539476948,-0.23436847469020855,0.02257566989760941,0.4763834445188737,-0.2894798409203685,-0.28246521219837756,0.8376357716578969,0.04604075017193256,-0.3689030223069691,-0.35447302343096143,0.13691049046348563,-0.041581150933676196,-0.29084498570545864,-0.19279101715936575,0.20761478527215826,-0.4099750677103599,-0.2701218383016626,0.04186591909810888,-0.2742612796429746,-0.2738484218304385,0.6372751640730814,-0.20640044992493223,-0.013838188891716632,0.36306698341985977,0.4558921657226503,0.45667852857306196,0.24797430320314254,0.30218940848102055,-0.9186963256025353,0.225169141225002,-0.6143677970630812,-0.2586952053168081,0.1411673213084425,-0.13448160916755572
0.3883012451086507,0.8201539681343893,-0.26831523302348476,-0.450554688199567,-0.8468888037355162,0.40334590954662874,0.12631967978043068,0.3598532762702722,-0.06671921559747976,-0.4874981846158468,0.362400858794524,-0.4481788945355548,-0.0475388278791503,0.5882108511830495,-0.22610890202310396,0.3283156196707733,0.28489261195225735,0.1382438402149246,-0.21872244239296212,0.10344401181446906,0.38066183425339345,0.15787054291320082,0.5847647214441465,0.14825569933226576,0.09906607634714104,0.017200167758589166,0.11305937966731713,0.43691388247738466,-0.36678277504499257,0.11198302634774202,0.7270985070717338,-0.587402862395636,-0.09938261809700435,-0.011688624275064743,0.6142497254843879,-0.41324950346254213,-0.13398662926839097,0.589448598865444,-0.26710391906839687,-0.7178536977609103,0.03398822111506716,0.06243429737231066,0.2328863425743802,-0.942401072028226,-0.02718678812512003,0.5109356801688537,0.4245984978418181,-0.5845450592205814,0.15844721053276434,-0.4385073319106599,-0.37367313578938116,0.7144900118170366,0.011388626425207701,-0.22228066652018383,0.11800986914203576,-0.10104359895215798,0.5740867086456631,0.14921894228411187,0.022714470436779752,-0.6989089289654671,0.533442021129884,-0.8621878316955158,-0.3617052865312037,0.13178829525133218,-0.003918256626626308
0.27847182114284097,0.8173251843609765,-0.6112032107541987,-1.003892316099747,-0.5601513235449114,0.654816693279857,0.2568651874436717,0.4290890128068432,0.08079274093535724,-0.23399585220017624,-0.06635840434359239,-0.16209926434867822,-0.31193402637852524,0.6057335142588512,-0.25679930807352264,-0.051282661685441766,0.872091740853161,0.12103119888021292,0.09307546962701443,-0.30460610586774234,0.2640243171599773,0.12189770100981925,0.3034873195068599,0.4533125958096233,-0.4808204616354199,0.0614791719466086,0.38985877157550264,-0.2298397945911892,0.2938117349003567,0.263626760882148,0.5288893579905771,-0.5075472301617092,-0.46977790691515425,0.022855603060592276,0.7038563497931218,-0.5432245191998146,0.0658692269556188,0.5719797498626762,-0.01610339830290848,-0.5410570833652538,0.283699948803443,0.3470191786417751,-0.1042233395904228,-1.074001718649537,0.28234460271455575,-0.1784653761719242,-0.1443982631515064,-0.4497734957549913,-0.2925676946407049,-0.0994401527639843,-0.08450788473349326,0.5614000896705851,-0.0050793855901986595,0.03410575896289533,0.35799733316316096,0.33546069025641,0.6529566328781851,0.5777319865449002,0.3302511163954086,-0.44256069388469543,0.497933014703358,-0.45492712487653486,-0.22814021252110275,0.31794853490021635,0.11109957671847168
0.6108590966161772,0.5461042731089212,-0.5632275614563705,-0.38682369862450805,-0.8383908457763392,0.6211656021271739,0.35077225306407345,0.31959809483555507,-0.23203319113259496,-0.4147310940877321,0.378274640536992,-0.400523560729093,-0.2905914673622277,0.5262744789784125,0.03385703602226953,0.49528384501303363,0.6130638550806794,0.44831933218171055,0.06593549501753011,0.3848535035865281,0.17962537759330338,0.08809030976093091,0.40483281972176427,-0.05193137983671379,-0.19398012005741894,0.09386532731974762,-0.20837476474549127,0.34924640690279835,-0.3605346265347362,0.42713609742481123,0.5626719810742928,-0.6171931539780149,-0.07406004843829629,0.5664683013999192,0.30850904877400936,-0.3218171485740997,0.12745449471328313,0.5954645835097659,-0.4170965236313688,-0.7278624267512221,0.23687215195195305,0.01022126566337328,0.33864747956963126,-0.18743177882049294,0.06651329678576129,0.2475698447972143,0.11439738071788053,-0.3984458553447006,0.12651084297926457,-0.2874172688396299,-0.057300393278746226,0.6560971735293508,0.26474162873906004,-0.08106223115552705,0.46380755015388364,0.10852165209605265,0.39923063567330846,0.08283763377177951,-0.0765509348542859,-0.3456426736080398,0.740227284928877,-0.5461302904344526,-0.021946467658901292,0.052341293006343076,0.39860673204386055
0.41936422051470484,0.7289318456911698,-0.10511355903748895,-0.4941222635466088,-0.9445829440535877,0.4641193052622862,0.3129510899565545,0.13653350614326812,-0.6224050733324997,-0.18427084322442913,0.29213298454433867,-0.3701723456733865,-0.434128942517298,0.4707178044509765,-0.06845191798441107,0.3457999157912303,0.2212537517077188,0.17280223658379307,-0.294477197898515,0.24712352227335366,0.2006093838521968,-0.08997649987334694,0.14832051103787558,-0.3087181858384706,-0.2797628384247972,-0.14286095154029366,-0.0009197337105982389,-0.04816965952182608,-0.14107147837898754,0.3089888806990957,0.4823831113549426,-0.680398500930859,-0.43368141607777366,0.37955555598303925,0.516025881716524,-0.2856503503697115,-0.31738211727990306,0.5983352336969513,-0.3245117880482059,-0.8323612592277655,0.035734907695669685,0.09396037142576749,0.38972510387347026,-0.9639349177197638,0.39513456945826814,0.4923920486556571,-0.055052654623069394,-0.3219882278876581,-0.31291211645541606,-0.3321021853779272,0.05245126596740893,0.5767783568862166,0.10766066164462083,0.2630440121259596,0.21048134200949253,0.2990525413098288,0.5622919373147846,0.4263882589488426,0.12129419398065006,-0.4556742700528759,0.32503047569027377,-0.3016408139357343,-0.270421523713244,0.16213235722605246,0.09392845138317925
0.3404834820042066,0.4318387714273482,-0.6258810538688081,-0.5961678458611568,-0.8285015461406137,0.4431306535973216,0.056468148481593095,0.7593832940455238,-0.6325564760983468,-0.6151732187470543,0.04967370257069146,-0.5402066568285864,-0.03868511775218917,0.9093644457218429,-1.052760745306359,0.23566004207560776,0.4179952504844014,-0.20348752942506307,0.08012112586920159,-0.3193683978914249,0.33690046092510495,0.2531609908243069,0.6711566101043962,0.18157501726015654,-0.2731318335837102,0.33757327294225503,-0.1678983726279468,-0.14156038141045565,-0.27470248611209547,0.23183767063234978,0.39244948366387045,-0.3579654693369151,-0.32994042588468786,0.2827187220844869,0.48656383592490976,-0.29352985083124933,-0.3463378991740088,0.7992748587058387,-0.2906306948052392,-0.7205771600525018,-0.32614654501942636,0.1455173894167861,-0.2962805804144433,-0.6757079259795771,0.21986363335896453,0.36229121436053,0.010473523726944642,-0.20934220512487,0.22645211632120515,-0.3997141813184347,-0.4286108506235996,0.6829943909820425,-0.26358453883996935,0.1859077764519765,0.088526497332631,-0.11646256379645276,0.9121519298477154,0.24925431485143296,0.26937125711052035,-0.5990903671100711,0.6372227403881007,-0.7616877881408918,0.02386875371273782,0.3484412429688533,-0.12649995949595064
0.33063310330695084,0.6815929348179606,0.07937327062588055,-0.4440638831195453,-0.22550981487071012,0.6894574094086201,0.42431012028722176,0.4142906070036945,-0.4536330898286062,0.20322087772328384,0.7448189793555471,0.1521686038677737,-0.40142633450830906,0.10626881458007502,0.14771999830664503,0.5829098904617028,0.7351996880911695,-0.027331881726734585,0.048482107910671104,-0.13934633154957204,0.24479400277724356,0.20631015956900792,0.11979295996036651,0.05215467520151704,-0.6181170878349702,0.16724800764491274,-0.09310942356463585,-0.20482588932870177,0.06444820123806283,0.28474968751000734,0.45281814444690505,-1.0902563100973055,-0.18725033299418553,-0.05568840598919231,0.01229803991890116,-0.6535169737596035,0.028754692584808242,0.19168282726829075,-0.31958060623436546,-0.6395453222171797,0.2859037945336219,0.08346391732469315,-0.0006901763630422081,-1.0460019191562568,0.477391457021331,0.20151779803149572,0.2551040438299633,-0.6152826890387862,-0.32708315526763576,-0.6431465133816862,0.2521882838419488,0.5961052056060084,0.08324476515186703,0.17252388264916604,0.5754255689868518,0.17138342653808858,0.26662002592204614,0.1613094685527729,0.220220782279766,-0.41901991448163933,0.46500881163207,-1.0225136669538635,0.010098203799807526,-0.15808590871629014,0.024899946805124612
0.3154646715552577,0.1292970500474103,-0.17155182795396787,-0.40583044313908373,-0.49694498441499046,0.7250221344947974,0.16648248840126384,0.5034016387602077,0.4141407251299619,-0.6532294295838825,0.24417842163947553,-0.5783576615530458,-0.39972510970713193,0.44898274020175244,-0.06924123922182941,0.4659261166080245,0.30640385872467946,0.42261175769250464,0.11510931580133521,0.1152592531252195,0.28737612989140404,0.23255582195152977,0.8860439078784665,0.029828491215136005,-0.3826676253016765,-0.014397355221084429,0.024116004944908745,-0.3282921984651349,-0.11139390262365259,0.5113504926476389,0.3682910638266031,-0.9177195664434771,-0.10558298550000646,0.2694615773635222,0.3933657974695545,-0.5790709992170345,-0.22147495869933703,0.641724827478856,-0.2387809269327693,-0.7041047294107986,0.08914581992279602,0.46600192609915825,0.34662992458021796,-0.6904665785826016,0.2773043960620245,0.3236574687149819,-0.020858135863715786,-0.23940248532909558,-0.013335827554441286,-0.20159284374635583,-0.35324509498496515,0.6299384526455234,-0.03538144551350052,-0.1507499105206357,-0.09453279849809648,0.0510492174616021,0.5328173990191765,0.12806018009513154,0.13590134816762534,-0.621380151818356,0.21735544327466133,-0.523069113887186,-0.3927763107448691,0.18031370958625875,-0.0548249069018948
-0.2598781625902678,0.6147776136616778,-0.11360619659940754,-0.3726865116112198,-0.8364146132844157,0.6926691428349767,0.008265916221103814,0.29404236074708484,-0.25870842089048524,0.00557993945014542,0.6036032826429885,-0.03603488349500596,0.04347312799015258,0.4901963256753583,-0.8588372891756293,0.43586494628416156,0.42683268225474025,0.021299700766793182,-0.11232404623258961,0.0878395008491902,0.4279956264475064,0.075426275132733,-0.06309934021988371,0.20663434564626915,-0.3078000288926088,-0.0625303835692525,0.4927828852280222,-0.006925342483875219,-0.10651676862483075,0.3291309479027544,0.1985509770928457,-0.8352519734759069,0.10504073878658475,0.34783201682456627,0.6146834679170287,-0.251036355989194,-0.18330459232030305,1.129258912243212,-0.3109152411361373,-0.7293570090743713,0.0013256182580393058,-0.34574073629902213,0.591895706403883,-0.4943665151372316,-0.10763594238352127,0.544831939685012,-0.08862032515448276,-0.3599391674955015,0.16283446746594343,-0.557587461168518,-0.5993331334023052,0.5645534876647972,-0.2830824850419911,-0.3571264366482715,0.1733376063946719,0.13749531043039923,0.5852136802047659,0.4944652417813541,0.16826794877684342,-0.8274373479073305,0.5750362809864505,-0.5170626905571877,-0.2591742252350758,-0.16459129281136384,-0.30276786886966334
0.12656509394156992,0.10829159845009154,0.07980057913599538,-0.13232313751786584,-0.801058387866584,0.3383476576920747,0.3450245579195562,0.2493772719044058,-0.4542216002933819,-0.2912038873799121,0.5429431758199057,-0.1089912547126338,-0.43283350938454423,0.15615020343628327,-0.12347880910468047,0.2629899952909489,0.5359419047307221,0.1336808347237412,-0.18849046466906094,-0.06645483782973138,0.13752769764263933,0.2892348447660748,0.23144023395051866,0.3123255743224571,-0.7008598736372694,0.10307938587527611,0.22892731457792825,-0.3233531121633421,-0.21352749408921692,0.46387297719599363,0.6899304730665998,-0.7783012220058871,-0.20588806207983357,0.23705098699676136,0.2995676733503266,-0.2919722508687949,0.2632522122260862,0.6733979289996825,-0.14235835811220893,-0.7497450088139913,0.04925022979506172,-0.059248297031747096,-0.09834266589914982,-0.871335078219676,-0.11314127557463557,0.3970801458601222,-0.2183003953871522,-0.7809450156930864,-0.4455007091573862,-0.3815367109549782,-0.5927176240846163,0.8242919686618944,-0.2451823736560517,-0.0029188642785457214,0.3026118469102389,0.4301463908958891,0.5914399626070329,0.3078978252779146,0.09950166378026172,-0.7015960115451141,0.3800122836162154,-0.8408846567359987,-0.30637935817514156,0.0997913356873672,-0.07456655424332989
0.37014400687044763,0.3657594471326702,-0.23377308111368267,-0.44604919514292657,-0.36769007799795894,0.43007864483157915,0.334322032132053,0.5595522856371962,-0.10422309349724443,-0.2362564467612617,0.2732261275951782,-0.08790193198176546,-0.19761917513932953,0.5997125951768989,-0.766566209706448,0.4932826633048288,0.41564775348929683,0.10584034756278644,-0.11107180250331258,-0.14736786761395645,0.1002973958805838,-0.03243653385168467,0.2841934969821986,0.026761486612003824,-0.3278323033149683,0.08082239816457495,0.0033282057597864984,0.14324924666328925,-0.13695359209377023,0.2382707611944423,0.617837436815003,-0.7083642408373508,-0.3980580953020116,0.3741917794892591,0.5940622105105134,-0.5161231639822945,0.15767529092598664,0.5003547837565098,-0.14018723326048088,-0.5426904297990941,0.0896584242036348,0.36828977475956987,-0.19666551147147893,-1.11004050284686,-0.09547888116828081,0.14061715049028448,-0.2438136894696307,-0.3986538843304599,0.09739110003652099,-0.19283023689216686,0.011164875474928795,0.6142210073389072,-0.028684166376907953,-0.20458310481285502,0.4196393088445876,0.4099249065641433,0.45759381763499757,0.29860499247696604,0.08152945287404322,-0.3609858098510675,0.6674062630610761,-1.0622115995634238,-0.25937509261196867,0.5248883412230755,-0.0727170598263278
0.3732122202231388,0.4385625993769118,-0.07424431490064284,-0.6021899416582218,-0.1840717880948688,0.4905159630723197,0.4542387338899358,0.6719083104699847,-0.022786921600862244,0.024783658749814228,0.593042908183649,-0.19864577371650594,-0.21349848408103722,0.9826357800217794,-1.1568671639395767,0.17771041537841253,0.6856642581201977,0.19395350024911112,0.18636179216755966,0.0309901629233078,0.2988041630040948,0.3153931424939074,-0.20313006460852673,0.17310835997740426,-0.5610126919107045,0.2919935965829934,-0.15490704023179402,-0.2007699923612871,-0.22921321068004152,0.3488562519762345,0.6643968222083478,-0.1571057306884251,-0.3019117382809859,0.26267473538232183,0.7771825525833833,-0.48801342976936596,-0.008713407754416744,1.125762724201751,0.30927864222556734,-0.36825202508224847,-0.1649098731396323,-0.035907118512454816,-0.04953220194006023,-1.1144631320885163,-0.04726812042967242,-0.01610097883185642,-0.5862690165014908,-0.3047376365203419,0.1389579924837769,-0.17670790147277282,-0.62733555111863,0.728329420302214,-0.012478336895798216,0.32902604182628836,0.20336879461552781,0.3036412004122964,0.843900087210562,0.4032075177894621,0.288375913399768,-0.3951561065990319,0.7059400279043596,-0.8474094642096902,-0.2740853211927968,0.46469003162941147,-0.2809709628203446
