December_3,October_3,November_4,November_7,June_2,December_5,October_2,June_4,May_5,November_5,August,July_6,January,February,September_2,June_6,January_5,June_5,July_2,December_4,July_3,January_3,January_7,May_6,March_3,April_4,June,May,January_4,September,November_6,October_4,June_7,November_2,May_9,May_8,July_5,July_4,March_4,January_6,November,May_2,September_4,May_7,April,July_7,April_2,August_2,September_3,February_2,August_3,April_3,March_2,May_4,November_3,October,June_3,July,December,May_3,January_2,March,December_6,July_8,December_2
0.4660447063324561,0.1443233048231235,-0.4147033812521358,0.3643896674908383,-0.6116366759620914,-0.6500806603959096,-0.11060101514638271,0.294005524102802,0.07766919685753307,-0.6729086716750439,0.5774404302921131,0.6674079836715192,-0.12652848460083949,-0.3333937999162847,-1.1267969987217403,-0.060608615624575146,-0.2789186562688811,0.257356915275339,0.7320054672497567,-0.01094021186009863,0.7572933037259053,0.548470789940784,0.10188527654926688,0.2494741758827568,-0.9061473159813563,0.5349940496176583,-0.32100944341323057,-0.17749261188604018,0.11556330967198841,-0.1667136964044421,-0.022577605858159502,0.014731369783586669,0.21694407183799178,-0.9200876352950678,0.9228502523573525,0.2849911594631911,-0.010681022744809004,-0.22044040929653788,-0.4600765235598781,0.051991358582177474,-0.2734530654964144,-0.7513194187260975,0.19002656970038623,1.4031298539409074,-0.3022737783438248,0.4723406461302408,0.43680652831008393,-0.19425347776627702,0.2102116092117106,0.06073209013273971,0.400172220494255,0.5431406962352362,-0.29556911674876735,0.04490657795821906,0.44322870699380623,0.6470005020238476,-0.6857691585953412,-0.2802933188611562,0.40127814218576024,0.5711964078217184,0.11161834084358294,0.31727821566660924,-0.23330052882790125,0.01987690833086865,1.0292362480689374
0.4660447063324561,0.1443233048231235,-0.4147033812521358,0.3643896674908383,-0.6116366759620914,-0.6500806603959096,-0.11060101514638271,0.294005524102802,-0.1216336202075388,-0.6729086716750439,0.5774404302921131,0.6674079836715192,0.07218753394359563,0.21086080598348086,-1.1267969987217403,-0.060608615624575146,-0.017902372965561495,0.257356915275339,0.7320054672497567,-0.01094021186009863,0.7572933037259053,0.18249999330299357,0.0750709097194382,0.19799679729894942,0.19326352426526688,0.515703016194843,-0.32100944341323057,0.43611421448896326,-0.18366637707878888,-0.1667136964044421,-0.022577605858159502,0.014731369783586669,0.21694407183799178,-0.9200876352950678,0.6363744529829375,0.4005080754465926,-0.010681022744809004,-0.22044040929653788,-0.539468145998096,-0.2701274394515035,-0.2734530654964144,-0.4445195433371759,0.19002656970038623,0.9569975976576142,-0.2588867164523707,0.4723406461302408,0.3609428703804752,-0.19425347776627702,0.2102116092117106,-0.3330400471184674,0.400172220494255,0.5004347552220678,0.34858852437244153,-0.1586976441175075,0.44322870699380623,0.6470005020238476,-0.6857691585953412,-0.2802933188611562,0.40127814218576024,-0.2556155077238147,0.19951850907075652,0.6252959733456348,-0.23330052882790125,0.01987690833086865,1.0292362480689374
1.1662214240778521,0.4566359327402261,0.11977896344061502,0.5174904293389342,-0.6182117041220847,0.08140914639485694,-0.11484670169731187,0.5848706875890661,0.16376071024676794,-0.9782951167088958,0.8063783924181477,0.24220744571485384,0.27990629077959195,0.09868279152199971,-1.2487566576829179,-0.9433333364309751,-0.1330957613484107,-0.5385193460642339,1.0215882465258204,-0.3449282546183645,0.4417285208951249,0.21320407001698932,-0.2153959795645528,0.2492768136601899,0.1822527824466174,0.35984260641149246,-0.08846499427487563,0.32005373826725814,0.0010195938223172205,-0.15265495626448805,0.2109670600018319,-0.41955358613232613,0.18852906638594158,-0.7433842601164955,0.29968709210337197,-0.24335638422083927,-0.248786428216119,0.041867060685747894,-0.7693008699069115,0.4830304589175985,0.009977970581610011,-1.024015207320599,0.5587873112934553,0.9030436321154719,-0.031061366712286723,0.3718253685800389,0.5220934227167229,-0.5590232513476155,-0.17471425943554583,0.09079809722448512,0.3292164275364561,0.6314008454079033,0.4526829713186643,-0.04288111688184813,0.22437386432315287,0.3396500700023532,-0.5301392772570978,-0.5375123698071983,0.8379099451736631,-0.28531792056078803,0.7263458180588797,0.6998194545857523,-0.6756346384983987,-0.020351485378338988,0.8793693510721605
0.6127879873348928,-0.005480291228379917,-0.08240101300574615,0.11687996039736016,-0.7564713819040246,-0.5267768582660135,-0.47472065420202125,0.7045641724304756,-0.7830509717516744,-0.4937913815464586,0.5123099433299348,0.5542114278958475,0.05911757291929214,-0.3624193997528311,-1.1882052578628395,-0.44929690677038914,-0.3409144888458696,-0.28143022121464817,0.8384813033066043,-0.059208784934562886,0.20961993974811344,0.15813225695261113,-0.4611206553934462,0.1915350652055324,-0.3639934554398721,0.27641736389832966,-0.3147370394631741,0.4880644297652639,0.022402069583954062,-0.1701751286897248,0.18546208957932914,0.5411621703586249,0.17920506267537153,-0.8692241219031672,0.058547022640238006,0.09857705852401885,0.08423936622429681,-0.3440416337635175,-0.453419201304018,0.23637454579530415,0.06065020065719981,-0.27268051369987095,0.3556539128875507,1.2111353606149624,0.2545799082728866,0.38601978954465394,0.9284633244731191,-0.6599822653660823,-0.32343061248066746,-0.34561198153822886,0.3868581717016794,-0.0695107567480791,0.29224636137588084,-0.43250559861246773,0.456083475626627,0.04744137311196515,-0.2595159276880797,-0.11710338153227456,0.14343890962338934,0.1638070412354387,0.5674301407774255,0.22792955062508552,-0.4105183695377238,0.37485349048279276,0.8808770495590753
0.5842243648190427,-0.0369098027807803,-1.0151434647757933,0.08718007620599735,-0.21071887072504492,-0.13437207641944499,-0.19297383128637752,0.7904643384458113,0.20530140979719275,-0.2826247644340788,0.21196240065254157,0.4090721484616747,0.20106782496703007,0.43145181956213186,-0.8590786349461996,-0.41732326371512907,0.12787767260539668,-0.46106983438471055,1.041930017339635,-0.11917472168881751,0.6689360810507811,-0.33496750192833746,0.07067502324611197,0.0811975533234504,-0.4276127689154314,0.6315205965022408,-0.006247452630044767,0.2547708162094008,0.2465407541672488,-0.08591452355954732,0.37860994201441645,0.21014162036409303,0.6222033066329186,-0.5841705563506367,0.24804258617757938,0.09677497615911954,-0.25262085437448795,-0.2919733837548883,-0.6373625337398338,-0.52906666856812,0.04925539504015062,-0.7997913572387259,0.8865005130695267,1.3266336645051247,0.7256849950437855,-0.13627983895849577,0.18932188126449367,-0.4278962084770831,0.05922007532270189,-0.012424607860950607,0.4796748431533767,-0.2277129628026043,-0.28897368996807515,-0.28826479033060665,0.25559767317571164,0.18323152874108245,-0.25096498158260117,-0.14773643648290424,0.011203619777983585,0.004370403069373668,0.5385307997594767,0.37149102435186254,-0.23098020932628818,-0.04231172740356194,0.9873638709649976
0.32533305101877863,0.018888762945536562,-0.8186267300769989,0.12423361449211065,-0.46553926303661114,-0.49511544165681726,-0.08042078572616342,0.5184197682339726,0.3957231439933856,-0.4095778041373725,-0.2905739919143434,0.034120744369992406,0.02251641590684628,0.32945184341034583,-1.2469830225671872,0.07464471342701504,-0.4369434784572888,-0.5703287002354921,0.9282995049426385,-0.067833639534737,0.5908062411827097,-0.2487677044255447,-0.3997310754426656,-0.2424582272572766,0.22380124520175085,0.20855156538698583,0.17162933466608638,-0.3083776107824476,-0.07136462471378172,0.1514654915898077,0.46406191170685585,0.2158156772138286,-0.476167283975682,-0.6371991331746424,0.4296954109463708,0.2732497506959532,-0.2273154957499964,-0.3067999600115436,-0.2016201351698187,-0.7153343862249817,0.2999006491060302,0.18844962558396094,0.315096109140784,1.0095811366808565,0.36793172514388806,0.17747637668302452,0.000748551178941334,-0.38754760504067465,-0.1248594393291213,0.183695841825776,0.5939271692179925,0.11515138439928083,-0.014103432392215315,0.0821798718677485,-0.003858503269330807,0.00645545480376223,-0.6222663339010336,0.04586794904345025,-0.2912337644285691,0.01647839527103081,0.08769251037002164,0.6296305404430314,-0.4544158706010233,-0.15546706729968068,0.6997777370377105
0.3577798718219996,0.3346444409875059,-1.0697538323323557,0.36129465277184847,-0.27233950487806086,-0.430412423483118,-0.3280725607939727,0.2900391702660632,-0.20388944587726338,-0.13611787478113746,0.5823911127676646,0.8924565517140307,0.31467943007209703,-0.05190584293378496,-1.080856622461678,-0.46405415983016474,-0.018409009231315894,-0.2484722845149434,0.9792193329325091,-0.4332658899608516,0.7330706407984915,0.6495022856627977,0.16804874660493843,0.39117884508056244,-0.4510688684298271,0.3026443433504683,-0.38406753434412455,0.33999706929247914,-0.09274798271923136,-0.38440978758743183,0.35562932675783376,-0.5375111614069686,-0.06521266986822533,-0.6559635336563872,0.31233024823663175,-0.14991666040878576,0.04672103043656127,-0.11773473922360704,-0.5372482986834873,0.9853363046510094,-0.09536198674993249,0.001618827913157525,0.7808182332221084,1.0058865422428405,0.27870802823685575,0.6578264819539718,0.2203683240580882,-0.42467218616946456,-0.6022314347056494,-0.10327681050842488,0.5731809933930854,-0.7885834736458995,0.09139603272735027,-0.32198610925504767,0.4339007088946256,0.0761322576547687,-0.34685456728612957,0.01982108049199148,-0.05511360959593717,0.09568681646683766,0.39593578361449755,0.6830690045494114,-0.42870909738274804,0.24245056200370232,1.0146219976966866
0.46966435203131696,0.3533650849807943,-0.7686270404639802,0.1800170812493792,0.37316909176916424,-0.7925019453575685,-0.0906417302952052,-0.07599817422803984,0.02922986799231843,-0.7043471353077055,0.06657046102381181,0.7772268929755711,0.04859295881379305,0.2509843017602904,-1.0434829044815161,-0.0695430441999716,-0.2028774937622015,-0.4228793454709866,0.6235799528684629,-0.18890351355158097,0.08613093898302776,0.3659290300543675,0.05337168984148945,-0.007693209971409071,-0.11949452643251521,0.5432053035812585,0.06131690224881706,0.5055569842148099,-0.29665380156726434,0.2780819557203852,0.41737609976093426,0.07564648541928977,-0.1772859672207312,-0.7981239644205667,0.5465460746889312,0.20681562318310287,0.5428308334841249,-0.35474591654528626,-0.8560559416115021,0.3171838418459217,0.19837644754698175,-0.47728231451606185,0.3546989379109513,1.1927808032720697,0.5795659797406273,0.22449481522003384,-0.02531681929576971,-0.609765493907744,0.04448528703628986,-0.4101044070060843,0.6290992235562161,0.4952463974111257,-0.052314540486332224,-0.2673848615890406,0.23025900558879575,0.4219024475798159,-1.10204962536924,-0.6637556010086477,0.13581630852417848,0.07645794901514491,-0.025828218121282685,0.848023920963432,-0.48589386229166986,0.004972954067298807,0.21719343808044306
0.756367225554226,0.43231008404685617,-0.13788844748124426,0.036014638225700515,-0.6260058903306002,-0.3253160200755706,0.035399748735980965,0.6276580626379632,-0.20241532177872024,-0.3971805464680447,0.5943368117519287,0.7910320402934813,0.2360653982809035,0.32218313815138117,-1.010567355964268,-0.3931387073092631,-0.13194039545710207,-0.06961755037898854,0.722194110727903,-0.1995013240410347,0.7072762827096973,0.6684179750999989,-0.268272387878992,0.5260122855382854,-0.6327398224884258,0.8462231260443388,-0.14438068120693126,0.034635734624234873,-0.04410173096312155,-0.03883775981683506,0.2661107474180149,-0.35466055604286656,0.4200608890865594,-0.8912319068683447,-0.7566095643119565,-0.35947879000646676,0.08086879423447549,0.07492688082797477,-0.49449547157269125,0.24147889077452914,-0.19024020299148386,-0.575920539325601,1.3158115852609815,0.9388273659159391,0.35528739846857427,0.27290779122690867,0.5211645269199476,-0.43082010205713567,0.13027174191972574,0.3132096981140872,0.5261921373537914,0.37099075785993346,-0.13675314092969998,-0.6152877546927084,-0.007822597490044884,0.5496351501981284,-0.5767312937287555,-0.23419039227815294,0.4242552127397588,0.34294876535209406,-0.1373683065294373,0.9361277346104753,-0.2513460379114143,-0.597597354466268,0.7430386116752326
0.5926016492482453,0.15362159444377033,-0.5487527950281138,0.2639310102377582,-0.7776759577780176,-0.4103733394737966,-0.46611997106416064,-0.36046697522660637,-0.2537716307705598,-0.8635528645493694,0.49827269513737116,0.43985517701314486,0.2017330024061744,0.25249204296157446,-0.7767478578293052,-0.8829755600531253,0.16680931513723674,-0.3931056647978029,1.0781815234931142,-0.046467241369727776,0.6803386419197921,0.5843377999271941,0.1697022214226676,0.19616771354830542,-0.2778129853920931,0.5634481933507037,-0.11385064518397767,-0.035619209837624816,-0.2561321672884751,-0.4092499787315076,0.05555185960022787,0.43329334433831346,-0.05815579866116456,-0.5991448476161464,0.19139163461179898,-0.16004101516331604,0.14555542915631514,-0.10497871416375319,-0.5144928340746543,0.7822049371560842,0.11925389839032208,-0.39185901206898943,1.2052623432282012,1.1210858300019384,0.6380893751693325,0.519074544233365,-0.4681060033650095,-0.3729574405592431,-0.06392537323257423,0.009806130063708354,0.5530128813963124,0.04459416263256573,-0.23734113716822874,-0.27953704781543,0.059823118030655036,-0.12104022439167503,-0.5106610455352502,-0.2609729896772766,0.049263535270851935,0.13049325725638605,-0.08305794114928752,0.8278951435437024,-0.3579401976747502,0.003738865611722493,0.8485425696912192
0.14835782260118113,0.21981159396442262,-0.530597773216084,0.2089088077413408,-0.06643458754594794,-0.4702287662678006,-0.32523861437968243,0.2305455868591761,-0.21139209455504873,-0.364938355824072,0.5425091915743877,0.18797259182676018,0.06890520916942076,-0.20777916970987403,-0.9327722897666253,-0.3137058459823408,0.2826444015781254,-0.6163018402615646,0.6513385646391482,-0.19873602098410478,-0.1476903581136549,0.3122364798985907,0.0006903854275412957,0.4160960467325307,-0.3919424805310155,0.7892142513230089,-0.1559774557942638,0.0765640389569955,0.08011363468677365,0.18093324240868916,0.03574633241820575,0.24018628253021984,0.2728363993986642,-0.7114725619832953,0.1393575013519212,-0.3306843759235451,0.06872116404303735,-0.35133747047822805,-0.5689968193169304,0.4931589525018741,-0.07621012809005262,-0.9881665899430585,0.9631903839249403,0.9118846727038428,0.8454022582278461,0.4468357392260668,0.08616686938291584,0.008399310938973347,-0.16140224449692198,0.08201153751291199,0.3571540223620192,0.10181459161504161,-0.28576127581351035,-0.12538018383710153,0.0885844242432495,0.361979144531553,-0.6738997517236142,0.1481601746710291,0.09146183832070101,-0.41951433011310507,0.20028557626095275,1.037579288129941,-0.030573196404324945,0.08479237574202006,0.2567636219828505
0.3365064652075667,-0.1711511519731049,-0.857653658996587,-0.32767533247198266,0.24331993291729836,-0.22057664338297836,-0.11149325834433442,0.14324107675741873,-0.2561397444629275,-0.3386701468758767,-0.13302216553832924,0.40889051934152476,-0.16407843804643163,0.48643797827157853,-0.9250766263516081,-0.3707755351490501,0.3230365999960162,-0.12060262827916277,0.7268501294285976,-0.3016406027956813,0.27145698162655246,0.8881029481889888,-0.06714295350601612,0.13867934047904013,-0.32933839402894394,0.6190384273833597,-0.2418284570772361,0.22550113251699092,-0.3339575368114023,0.13204973133254155,0.08930057453579467,0.35412289131628927,0.31377874401460326,-0.7639496067445204,0.7942966546007864,0.26026225106506523,0.5520901761233866,-0.20307927018377664,-0.47606899236852,0.9320596236059052,0.03319695934261198,-0.9159872542368171,0.9932291689922692,1.3252192922772812,0.13065261799670036,0.5088521914575173,0.22983759205787563,-0.37404891569513826,-0.1011569769930063,-0.29173563190420554,0.32581649071472896,0.7571303730829518,-0.2295088183653574,-0.16798275251296796,0.4372052088908356,0.042314821617642176,-0.582137227895196,0.08615878124170395,0.34702668503604583,0.06782872982737065,-0.8107986766782111,0.5303160873837232,-0.4860483985741569,0.8742479981112344,0.7507986211894528
0.5345106809904971,0.2722897624057503,-0.8114149913729239,0.33992816647377444,-0.21647455257306705,-0.5866952631022069,-0.24851380125828793,-0.21843114045400328,0.22085908564953832,-1.1130337739506044,0.8234363136871767,0.03920826115228996,0.17890502868587604,0.575505097508076,-1.241109397657534,-0.5211322202469912,0.25999616019035593,0.38634552643044223,0.9826237932328171,0.0696824518934859,-0.004167688964936432,0.5919139622982506,0.11276174442295368,0.22807377030893095,-0.44022703889849446,0.32687130978662715,-0.04090605101562059,-0.05359101571593755,-0.20547032737103543,-0.06672269018531402,0.2918510236919334,-0.2324901722404298,0.27506733958505136,-0.572484928227803,0.18271279662666035,-0.23582937844274912,0.03655848413037059,-0.22180910254865627,-0.30013097042128145,-0.7651894737403127,-0.4519939423233584,-0.5821426004956209,-0.18006647866575629,1.1483359192243674,0.12376137833185277,0.5061937650106605,0.5240735049373638,-0.2841510450556183,-0.48642983306968157,-0.22539784843472704,0.09871549548032849,-0.029625533831718162,0.2148888121869868,-0.5053179970442856,0.245088424881389,0.3571006692801346,-0.76860787858327,0.11364200640110225,0.6572344127989039,0.07773498288974093,0.21874607250630887,0.5571725877874892,-0.15354535384433476,-0.1138605621272161,1.1354468722387403
0.5489674396353689,-0.06608143950228895,-1.1693118595998204,0.2202424012453298,0.20081163238030866,-0.43644053102520974,0.339233684711315,0.3437129262943739,0.36336980113656026,-0.9131922956437423,0.4832343775828497,0.616562261531799,0.21020724902710403,0.20147338549306323,-0.8895396059056431,-1.0836994173534782,-0.01060527180425537,-0.2977513827869772,0.7431605311713368,0.01498954170952757,-0.0974711001147777,0.35555329275096836,0.32710816219251243,0.24373500246401675,0.4041729090297043,0.4603516656918867,-0.16645508609409915,0.23622803202669557,-0.04515066247396674,0.214780329506633,0.005383087225236324,-0.1837635678027833,0.11035909703922539,-0.6107788050138308,-0.18061687480574767,-0.10548909747854403,-4.232317671691577e-05,-0.18404988822618829,-0.4478763578441065,-0.12271071669267765,-0.30104747372547946,-1.256091992621323,-0.0523154879163977,0.8051126112016385,0.6722821590971733,0.57215545679864,0.27645557536835913,-0.26889548716934725,-0.23816397853995652,0.09337188635216376,0.5477676503432529,-0.08596348893287117,-0.023301327295804607,-0.39439606453499043,0.08155554938346593,0.6214125238050494,-0.47456953990604206,-0.2493631541460297,0.13624689327344697,0.11069481059994501,-0.04167597269238547,0.7103752698984738,-0.4119275531921718,0.5592858963790763,0.4388400290080473
0.4952217647867634,0.29931617340634387,-0.40025580199263106,0.1625705214278073,-0.5594468597860234,-0.6366735911005794,0.046866984036679965,0.9845712814235235,-0.6043569970082531,-0.8963856451773208,-0.3945998671849849,0.4384354323615337,-0.15077519059324207,0.09806338903264432,-0.7012256187820235,-0.10074710114916491,-0.04963032713356874,0.173212601989093,0.7312657395279073,-0.17905750386988317,0.2249867822754205,0.7791052996489785,0.09184296781208118,0.22222330819331396,-0.02878663919114828,0.43250968087093483,-0.6604618646832554,0.2798686243472971,-0.2571354917028409,0.15938039816526536,0.23274323659938545,-0.5932692214399254,-0.3234397898832728,-0.6914869205610179,0.5065217224699183,0.24960139356447392,0.0628293691072084,-0.41021165919435004,-0.3571842056961637,0.8669397106627348,0.1492324019730907,-0.47748072616591153,0.35936273135215174,1.3685532620715748,0.5435429407038005,0.49198961190157886,0.2130184757864617,-0.28303620951870456,0.04965189806118171,-0.028401929238909045,0.9569036818175054,0.6723842027498997,0.1583164789587036,-0.33789481230804885,0.19460745145273217,0.715654276931031,-0.6162935302238697,-0.26620772103502244,-0.07479166663695462,0.2485843151274439,0.16850330903407168,0.7630731798736718,-0.10369581183369875,0.16145753282089514,0.4774397227050744
0.430279072316696,0.3390033749997259,-1.0892939112500384,0.32668800237832424,-0.23442003463780256,-0.35630302264094416,0.3392787515808267,0.21777413245038635,-0.33570261282322034,-0.3727350830023249,0.6215131859485339,0.664701049171172,0.39611539237661864,0.4227181000815615,-0.8400176334421687,-0.28007115079589573,-0.07688348632046076,0.26388797142283965,0.7177864422867224,-0.5103005096088022,0.26174567397027504,0.6234547003863115,0.2156643441851841,0.5042219864441148,-0.36470899543885743,0.43096824322940586,0.5207513738836567,0.21433217620577272,-0.11237679276030621,0.05754109301351094,0.14777056919757134,-0.1939292587533491,0.06456814291659359,-0.6447051444032769,0.36408611594688833,-0.0753664714014324,-0.07269249795104363,-0.25212045396290805,-0.12415983910886697,0.5733912888904689,-0.1850320277536277,-1.0453830411902933,0.7966179839373494,1.145316235587196,-0.07141109811160073,0.7916282548692163,1.1227922731881124,-0.2324847204133919,-0.06194995394845768,-0.05336133405672188,0.31474044312382443,0.10361158065804259,0.06666340883835778,-0.3206106207802828,0.27767928232175587,0.47130838802211983,-0.5568012893387889,-0.14953801252926655,0.34588117924526873,0.15197822510467096,0.2406049100484966,0.707042253768594,-0.441662567179607,-0.21547529617082753,0.45247860955903596
0.3021220802247837,0.0173818950324195,-1.0621088826520173,0.19881876931741777,-0.32934511606408545,-0.37932346790383875,0.23180975474696322,0.3288034751439856,-0.4446285485100354,-0.8421264471202525,0.0053522884922977965,0.18065894265968613,0.03839343169915401,0.5627595787806424,-1.1747690714702175,-0.5217027220823438,0.27790714789337645,0.031196036661599633,0.8552736541922007,-0.23746564481922572,-0.015032573990009922,0.3533801625103903,-0.16766870826825447,0.4151656382539279,0.6292996963259669,0.6897882731900645,-0.15355960112072653,0.2611754588651056,-0.2165056890026355,-0.4134696500687673,0.06287332299723611,0.37264150183682776,-0.04611795928682694,-0.7528553737599915,0.44358238310244286,-0.11114692506286135,0.17669605930158494,-0.022359725461409477,-0.48450673538271294,0.32289593160650576,-0.1380718768675554,-1.135980854525651,0.963356661833833,0.9726747807864173,0.7806768019621465,0.7468230572785826,0.3756748362156652,-0.6799081686032713,-0.18821229054962033,0.2924483103242808,0.4878983351832195,0.16781821848234912,0.44177350028134926,-0.5447585259359898,0.6457718599224391,-0.10169577778836018,-0.36101768607842916,-0.3464808031814271,0.022499695900572676,-0.06692431782930547,0.4183232523584459,0.8947848227309119,-0.510809244889591,-0.003453130762515598,0.12715270359163544
0.7749752615746913,0.3005045053731136,-1.4451400620867538,-0.005305897718952388,-0.5303992508721755,-0.7691700546452328,-0.09918191724195347,-0.004527010256319491,-0.1019806051753636,-1.2376090537691822,0.47028377146163003,0.5574628638800019,0.09780170041025606,-0.0010970812358497561,-1.0160888511513508,-0.03028344017411013,0.20328617132190868,0.10900965107437531,0.5626063239688213,-0.05150093811502247,0.23134483374643572,0.41919448491674627,0.33108578576265457,0.4973448513965722,-0.23986202590007816,0.1104938675446612,0.03775753896447676,0.22863768773660914,-0.0661248978972126,-0.1438420375477686,0.404664617565072,-0.2659866777104729,0.11339030404307829,-0.4550823126362955,0.31693445943440957,0.1516793610490228,0.4555226917667331,0.009593937027207365,-0.27969368901041475,0.7584353769196102,-0.07953589307021773,-1.1952564639571486,0.8416918511109391,1.1236305312809531,0.3020484674040619,0.5603198726339307,0.4256509168674196,-0.4606333272645268,-0.40824367993665006,-0.02047147857611567,0.40148454679738427,-0.3928566026785715,-0.07797743842326241,-0.4174196128653499,0.18599605408561365,0.332809238673021,-0.7496421736708629,-0.1440355114078136,0.5103969952236802,-0.17941657671367586,0.12198792475375644,0.6303013099003476,0.16610608914243158,0.6232370056437393,0.18909920148628395
0.6310555014760536,0.4028606305902257,-0.4386563445397896,0.15097216518403656,-0.1288959929851924,-0.29849065477435865,-0.27422727739837155,0.27304340030975577,-0.8921550069694277,-0.7626090178384866,-0.2823874811828551,0.8110168295517681,-0.21024237289464065,0.4850090344388302,-0.9067276935325179,0.04429979866665935,0.030370524586870618,-0.1375324936400792,0.801445655187053,-0.41644151091350057,-0.07929436629211113,-0.013244708715988554,-0.11136699389467093,0.5864598388375797,0.2707650278314247,0.6528256715227518,-0.05323073036334335,0.33754969346454666,-0.10925836683670018,-0.07528048680215825,0.15346762757488894,0.3205090324058798,-0.11754089944098266,-0.627049296129661,0.42500411806899774,0.2708059377846968,0.23836067143996015,-0.2788412235705484,-0.14648255709576002,0.7878428896542242,0.194274296037366,-1.065395416953148,0.25427143623908355,1.2304691085569583,0.8990539351737262,0.4977089809833036,0.39345578518140306,-0.3052309417642065,-0.017134878356816555,-0.3035823437721604,0.296418892804472,0.2249971365008578,0.35489030830254664,-0.4384613915746865,0.7321472036648187,-0.008218447438295286,-0.6263846682620836,-0.5895378548273674,-0.20408564178394523,-0.2379369477572462,0.556583845583548,0.8990403073881164,-0.44433920706232505,0.5376890484967066,-0.2321420043397026
0.9482320233635643,0.40266349223402925,-0.7003444102348045,0.6729400495938384,-0.2563548486061471,-0.4554126376823048,-0.41849552621441327,0.08224253142690277,-0.3268922401753002,-0.7451906033878233,-0.3228281340606576,0.28728266456375867,0.003359536117447756,0.1449885230130104,-0.8807064399704068,-0.127102068322228,0.06806696259618018,0.0717541934004445,0.8840352646463057,-0.3031897365141852,-0.09963361269499757,0.41739200437457447,-0.32254251582989274,0.4835680574415998,0.48948778992514164,0.5447066195975316,-0.6625783492262718,-0.07653723153981554,-0.1477062582455061,0.07997306636996514,0.17923900459796666,-0.27955599100296097,0.1998876935297864,-0.672758656550647,0.5975781912514289,-0.07770155386527744,-0.21256546916490748,-0.20866881208601468,-0.21646893288843472,1.0512561439295667,-0.44790894229546385,-0.9969058872975755,1.1498218757926475,1.0399559452181049,0.4200893247526589,0.6212413534989262,0.14335729427552413,-0.37965166762904967,-0.11013450947173328,0.1542389518206608,0.42147113414805526,0.4519341579931311,-0.18063219512642334,-0.3206597036924984,0.008199800711010716,0.052293099800510126,-0.29468652134988016,0.14244325925613877,0.6272606029412529,-0.020648401822573006,0.024806434912557823,0.5619196773312888,-0.5534742904453991,0.8744322355617922,1.0622538646004474
0.31046871588046543,0.08406032332701716,-0.036264133558717215,-0.09393251567714786,-0.9433428709075281,-0.5533552481327475,-0.727833170704376,0.49697418733667026,0.2795823265444974,-0.45776684920526634,0.6827134330637676,0.19019790306811823,-0.007804837977058211,-0.21456077175567323,-1.236326799166574,0.12365731323679194,0.026587270554781117,0.11787880280005289,0.9655422877573532,-0.3038063799413626,0.014620567597824596,-0.0008996856374197497,-0.2884132820921883,0.22698734455698788,0.15710456800264544,0.9332779798317963,-0.44071958615553675,0.5361342831064584,-0.00047831840257606464,0.07302579549571125,-0.12258909537236694,-0.8591878876123846,0.12096815001124724,-0.9240141407002893,0.48285068475694903,-0.07590840147969148,0.008606115175945738,-0.13239043957891777,-0.43812513070373393,-0.2893201094600774,-0.33015654729301414,-1.2971403156815275,1.1948260289985724,1.0240770834622068,0.7583794446773845,0.5589260763327305,0.30632096091088235,-0.6850726303219719,0.022708900672457382,0.01653853567009609,0.2179819120040989,0.28015672690379445,0.2605648035015906,-0.4293377328190128,0.5727960128428478,-0.05655730562510313,-0.7899801339671133,-0.23142155561255862,0.4543026548725413,0.06133887658610489,0.5574590920983977,0.9349245974314064,-0.13665128707080385,-0.08759240412111977,0.48615715063213993
0.4939778169034704,0.2502688350328702,0.03372232826953913,0.030336929501828556,-0.31555190288277485,-0.382677415952737,-0.30888670777763755,0.3552113202780511,-0.2297866356620465,-0.34794671473996874,-0.038600358768496296,0.22163283127730998,-0.49291742615529216,0.5278249205944812,-1.1822980371722334,-0.10775807978973798,0.1620803662464993,0.24899918117554393,0.7982569505374961,-0.7517227915877058,0.5687474658932997,0.46868039646740994,-0.3889828412434818,0.49270264053633905,0.4936259974962666,0.5216673528815302,-0.6365704046915613,-0.15634772791767956,-0.15908173098038156,0.19468317385389142,0.09241307865759148,0.3180825314781446,0.3921543288094052,-0.6090550382561333,0.9899884741232179,0.11015798361411762,0.03134470164618224,-0.23172393361436427,-0.22913882255292217,0.2255457542366999,0.12338720633345282,-1.1968321111119589,0.3006376676011277,1.2110743228459595,0.735566595836878,0.6418641185883285,0.24427015606183045,-0.5691450688358834,-0.27889446681132585,-0.3717631050336067,0.3225324734227186,0.1276059510302955,0.3848849867842205,-0.3338173455014509,0.706310627022626,0.49846463913492733,-0.3460310954127083,-0.3479981318855511,0.06358864199730277,-0.2707879559483963,0.07898597768332496,1.0445667513145134,-0.22918302043285735,0.22569464199334377,0.7624781646520044
0.45872571839121473,0.21015888570656624,-0.36483987990173905,0.4417886844766828,-0.028006467006550788,-0.6927440958577155,-0.3140494063403441,0.13004246220950216,-0.7026500333495638,-0.42569648961104856,0.12753290373556314,0.005377447519171786,0.13489634635512676,-0.03785668810076663,-1.0884553841990245,-1.1151373174002541,0.2482995771963833,-0.09972883406353547,0.7131422418787654,-0.31841863938686,-0.20080709379396036,0.47221327953287917,0.23471033695813873,0.28551001334642007,-0.25131792939977315,0.46797772216993544,-0.9116598271844175,0.014974029105581987,-0.38803364327493384,0.1185081981241296,-0.02983708054515158,-0.2312501654871471,0.0594404274657212,-0.3380101818180326,0.5458206292517255,-0.17244051340737887,-0.13302808031154612,0.25669097261874246,-0.27893983123700894,-0.03516998647943218,-0.300211091908111,-1.5725462445760168,0.5410982569238818,1.048428268272269,-0.0019082400952623313,0.5797597786445156,0.35769678781341663,-0.5789046083981239,-0.3917562146101857,-0.17916732805249197,0.754169928872016,1.0895439375540081,-0.5270040493149013,-0.4111121402784379,0.32772492575250034,-0.14260243570898587,-0.3923088096264611,0.16529956215502786,0.38587350054093106,0.3324778841911628,-0.17655878040187692,0.631601114800333,-0.13591593677661254,0.36590711129990094,0.2551162968143721
0.4670533859027526,0.2595035477288851,-0.7729201972370485,0.10497342606437916,-0.7901520487286294,-0.682620170986787,-0.41021575834135837,0.6293531564001992,-0.24441594198503347,-0.9688861046469534,0.24534121921320803,0.40966146319416175,0.2462022664382464,0.11273823929685955,-0.8077821250160067,-1.050764322163598,-0.2448993271691452,0.24913289933637262,0.8930060943735315,0.009309220470965433,0.5234482168070104,-0.01036143292773202,-0.23076183628830257,0.49267450315883915,0.08534211560834432,0.5466910051181784,-0.8243044724357675,0.009670239000731128,0.15977166519006947,0.24644254138909127,0.23264367753949522,0.39939731415441826,0.09795240382045095,-0.5529895441387183,0.38704051223238406,-0.6280939456554571,0.24386013055459124,0.03166689721409191,-0.7007442322271558,0.01148476004434592,0.138202373309949,-0.5737979886476476,0.47837909571986004,1.0160253560096482,0.347209079796037,0.5237681200718427,0.1650001580811863,-0.3275674192537409,-0.1553172374167246,-0.32617643983576383,0.04491648866325623,0.456165394263376,0.12025822613693968,-0.37123608195750035,0.5047373576475679,-0.17593089291574704,-0.6375819966433051,-0.35344750394144353,-0.05575786963746067,0.011719497647667401,0.6525127827805144,0.6473404159303305,-0.2386611500198147,0.09632576715329458,0.16622684622002892
0.6767522705508173,-0.3078935958522909,-0.6586735629273229,0.26185896057956576,-0.26852295093046413,0.03703500692229775,-0.589953762952637,0.4840994485273937,-0.6481366485824008,-0.812324881281715,-0.40480867875683485,0.1203178155190093,-0.10620026037653688,0.11023168788747364,-0.8208266545490734,-0.24594222656487272,0.2763286888751847,0.347820431190851,0.6992161216608758,-0.32160944054289065,0.14772180668082963,0.43745848628631423,0.16752266138254665,0.5089687790649636,-0.0022809288098390237,0.8103860421609511,-0.2140153092594009,-0.05085153852150519,-0.18670679744481264,0.03758612558715563,0.1326901619265567,-0.5729426583761542,-0.12850141273147192,-0.7911791692022417,0.6009491809379158,-0.319377090956299,0.21564880153132612,0.10045487193335771,-0.30041913732368625,0.3243387282628528,0.11740615383795348,-1.205462143737173,1.1834657573708263,1.1880265168112056,0.7102941282687756,0.5016411184637474,0.6917046391010361,-0.5954658461003247,-0.19350725632997792,-0.27886785398619457,0.6865296727621183,0.07733595166253696,0.11684308781221711,-0.3189126259413887,0.10404655249200469,-0.03225828877279091,-0.5320591287028231,-0.3792238444588509,0.41151238440022947,0.034113125020584584,0.23664518569443344,0.9120886862699715,-0.4538838221151394,0.37137276326821966,0.3995530616294816
0.4007092596155224,0.2999338435316106,-0.3182890789946549,0.4766485732581827,-0.7547327074938643,-0.6612511820527787,-0.15827435573528983,0.49822065993300996,-0.23045919877112736,-0.94191075209324,0.7935251632886544,0.26539293807820147,-0.2242881117103323,-0.13718682790878547,-0.9764912239930561,-0.7344681085294399,-0.16932554430376934,0.17999013056620078,0.8387786040544694,-0.06479200654491525,-0.16619393781670563,0.5396142722986434,0.22206660694194508,0.1738320776149578,-0.2817365218087231,0.49146915322879103,-0.5199811500173797,0.2707144180793141,0.1900419011098426,-0.23558345394731234,0.21366971340381416,-0.5477270960523092,-0.3154476756319335,-0.518476276542882,0.48810168412698884,-0.0753128324469208,0.21896757970055888,0.11814608211482996,-0.16383817447769164,0.5379782184207649,-0.28746704108231824,-0.7404472265039646,0.3599241701908831,1.213938487047666,0.2524231582499023,0.7208495579515772,0.30843139777147416,-0.3168761185635335,-0.24575343762808805,-0.2934562886177965,0.00895922961772816,0.877354662285667,0.5476043999201409,-0.43696808335845194,0.29876887816820935,0.3398156918018036,-0.6456313121280335,-0.16194024222456133,0.4194938192481211,0.5362222650745451,-0.19463438523234305,0.7446304915559434,-0.2049819705315088,-0.16994568820309436,0.09896954937892492
0.2482564548095471,0.5323770799844392,-0.39293780154317676,-0.14294047243128455,-0.4000059791502342,-0.6322734966349545,-0.32759569913446274,-0.1654282516263852,0.05240345267675297,-0.029123890142353705,0.15592503939739916,0.3587642371777977,-0.13988529618438006,0.259424123249844,-1.0832088696601525,-0.7296411992670739,-0.1202116034273117,-0.2367311978770966,0.9633484423413908,-0.13018167858240237,-0.2044268775413385,-0.1887925118370684,-0.13230343838514314,0.19461883795208046,0.023283269066041168,0.5733945845536953,-0.5308301867424566,0.08392020209111811,0.22595227185448505,0.19346230558349187,0.08637735935676494,-0.48258251244449685,0.18717080086319074,-0.9696565094022069,0.040587873596706604,-0.09985853759798227,0.1361449083558352,-0.09685219852918212,-0.6432536463692796,0.33416647620337453,-0.011662650766789573,-0.23472855282305713,0.09775432451610841,1.1654836014800634,0.4424708883436857,1.2157084875008188,0.6200491032742236,-0.21787068703168014,-0.007267296557800874,-0.2495497526732514,0.1174254499306449,-0.10122065435871362,0.4548278709643227,-0.4609315412137114,-0.20273457097423297,0.3960530065619784,-0.3061440713409073,-0.005786562828959736,-0.11745300048567217,-0.005166278680341675,0.11028196436959928,0.9305929687521455,-0.1724164779916188,0.5795462454163309,0.1498188665604646
0.9888256032396071,0.40915619454776025,-0.7636044189247865,-0.21349490444991664,-0.44802836499966436,-0.8626794310210204,-0.5251176888624465,0.3937945966204702,0.11649676080799717,-0.7470304889822693,0.11615557013210752,0.07014216979898519,0.019989257554163545,0.2409752161365827,-1.4050264706710716,-0.7422672317422917,0.28304446418712137,0.09061725857425407,0.6618679111298962,-0.15520430386663195,-0.4079402894488267,0.5689553339059551,-0.19034039361436592,0.052447635089560636,0.5426669695705867,0.5643147059238962,-0.4572881704004224,0.29656403961451927,-0.17659820170185886,0.0003953017990567312,0.09023046777708486,-0.7352062932728392,0.009233179505361865,-0.6887221559668488,0.7757545938226962,0.010212400689655635,-0.0187384886023112,-0.049780295385406334,-0.5601440134062247,0.296069680210024,-0.13840220129206662,-1.2025639063309068,0.4077188918577599,0.8211430849368242,0.46550930600148227,0.5697733081328605,0.7851655406073454,-0.3277546340789404,-0.4376423735676356,-0.004420500675340333,0.6057812320332869,-0.08456830727723502,-0.26547160576621287,-0.38870740488576844,0.3596180305734685,0.23619591250858601,-0.5042722237754077,-0.16153740977488226,0.5562144073324241,-0.6021711817432841,-0.05182078832848445,0.5527509991607847,-0.8866259363105748,0.13196006440742022,0.5287169265570482
0.5662113615275152,0.59024340233485,0.25499272482359386,0.16025569684150748,-0.052039113297627684,-0.5979087510727787,0.08020059858764672,0.3976360427403519,-0.008140771595158941,-0.7658051700674406,0.06014201392636876,0.2366913538574573,0.19464121487381494,-0.01740415102177187,-0.9463543804620931,-0.3936713140427842,-0.16939208102888959,-0.16412560007374807,0.677327413970066,-0.20144895103455857,-0.1727215988251059,0.4146355052574999,-0.0672750916870297,0.37519432966158844,0.11392776549868133,0.5515705596264181,-0.6147699018654926,0.09205102599530017,0.038893033050762596,0.18219033992700345,0.18188081599260775,-0.5131621082228537,-0.2622073879624286,-0.8189505586404896,0.34854848700019836,0.22886802458856603,-0.09032686708925175,0.07442033504069444,-0.7780282393256936,-0.10338739190637594,-0.32508356937468696,-0.4726702947119168,0.10941480884226838,1.1406251526346707,0.5648403447245797,0.6853366081072892,-0.04392046142690213,-0.47558215933337894,0.10127145156120068,-0.16579495039843872,0.5063926917088769,-0.14487230015747293,0.36221768193895887,-0.23664075744165597,0.22783434403532526,0.38651333517209396,-0.6840848086922809,-0.29691291637769357,-0.5601644101635921,-0.011150366990109246,0.5684197657898623,1.2775778323090368,-0.28867312480316104,0.286658228459351,0.7891849162606511
0.5301827517658182,0.47773353837992427,0.5021658429932483,0.30243118067058794,-0.39067416928847587,-0.5803413943670399,-0.5898934668094076,0.19553940118280222,0.13928745231690412,-0.4768539427820185,0.7142394782758494,-0.07364266719592992,0.5824009845356043,0.12345247553745434,-1.329606560751705,-0.15794860761911897,-0.07730912427379828,0.13747216606688847,0.8755576752834949,-0.3685003667675601,0.3485428960549054,0.8798897829026531,0.10592289974983286,0.3190276747391465,-0.7745828024036397,0.7710468943948652,-0.07868292131458599,0.361048273076466,-0.34162633355994376,-0.22691864933724915,0.08534458609792522,-0.9497015398194493,0.39741607608031243,-0.494406277475096,0.3513219560444847,0.4858311857904624,0.23767985739652814,0.14040573624985103,-0.637550349373368,0.7672456711820986,-0.21978259233930972,-0.7918086313181074,0.2447401828119069,1.2603549055535628,0.041668236534553094,0.4563002314465328,0.24487186976955233,-0.8319285659879562,0.16720059754918365,-0.009355940815134266,0.524166054118763,0.7770056042488123,0.12716628996830676,-0.1616731915760461,0.6688152892359004,0.05660825025367233,-0.5497536061610624,-0.26017618451609675,-0.2845124381499141,-0.15441683518516175,0.1177680529382349,0.34220892103190037,-0.516110985272595,0.2639759613598874,0.7199374763918005
0.5567203164184159,0.24474483655810364,-0.20285947871186022,0.25481083973722746,-0.19128792688087778,-0.7853403525626248,0.10867046076702744,0.5590490719991353,-0.023735189673407382,-0.7493080491707561,1.2294350267106466,0.6266209879519018,0.17298562339277745,0.5451683690472181,-0.856669589194489,-0.4053673790630725,0.037271224427682256,0.37800421155961955,1.034439011190705,-0.4698567566546568,0.5113777319029857,0.2752678906609889,0.009995950033958916,0.20255775864155195,0.01692161462165028,0.15341872358781564,-0.7343018730802646,0.10458182404009586,0.011985472642190714,0.08895862803227568,0.3575510614489269,-0.5729767279381142,-0.3689805721521432,-0.7817073618656671,0.4214516528047897,0.24682061962124355,-0.17200644288091257,-0.12217031064950079,-0.5774738819264849,0.13739080156344463,0.04964761040059745,-1.7809111683891297,0.9817186400754243,1.002124213865995,0.5068244337342241,0.761708066202277,0.3375121370656045,-0.2928833345414898,0.15356424690028933,0.028463177802359067,0.1218697984858646,-0.02069274339503529,-0.16219214214227218,-0.2592567833695224,0.30184624871324645,0.11200180323489697,-0.589222170377687,-0.5860498109102267,-0.05710098335221139,-0.2130009536814043,0.6346826249058893,0.7099180232726054,-0.06437843070699786,-0.38190016681176586,0.4793096509230417
0.3937598902759401,0.43167538591720755,-1.104039376489528,-0.3948427692960118,0.4211007383390488,-0.3618183119241808,0.07467305730745673,-0.20202186167940986,0.08847180366904075,-0.9030971956816852,0.2023202723647055,0.09495886638298175,0.1532475906746718,0.19337374658110182,-1.0137386861870308,-0.5880630768177063,0.182528284935358,-0.1676535344753622,0.7756777581989314,-0.44545008617446497,0.1238339059013272,0.5325556172382505,0.6148305601279106,0.2291413738929932,0.09096873947704315,0.21364953088445032,-0.4935778326454835,0.23737329557512193,0.40250262962810024,-0.25025718819359305,0.2242795097155712,0.21953966713558504,0.14389926665353292,-0.9646095497229614,0.4622194074559255,0.20381675435412513,0.15069256695298133,0.2328480847944774,-0.837909907679005,0.037648788472247716,0.04784913988932701,-1.381945522694592,0.08231226023289359,0.8554408368298387,0.42148324087668504,0.497617875842871,-0.21123904899985074,-0.21582358981608657,0.30638405096948973,-0.44962042572096544,0.49223409232045806,-0.09028950533174007,-0.026529046386697622,-0.35314036396417237,0.47780950051761967,0.1916716353206144,-0.46763219376334486,-0.034242622466364045,-0.4305425864334873,0.07687583234280457,-0.0179573435235031,0.9368863632680587,-0.20800270866616175,0.5589236520120185,-0.2348784818366212
0.5996572202739402,0.5532958258781326,0.04310802953131103,0.05991456803421487,-0.6698270004980595,-0.24308427900137755,-0.03313059743236542,-0.4522899010296431,-0.13964058559010334,-0.5936301815508322,0.1479663255465219,0.06967969545004446,0.003236376084262846,0.3092061603457862,-1.2018143251880458,-0.09679533537355034,0.07036858899139187,-0.13659457488212995,0.9329287168116872,-0.12286575159272928,-0.43933812389249993,0.8188635216152804,0.2614962191216389,0.22011587595775317,0.07097235143321606,0.5151675303831196,-0.9042345417537669,0.5971572058381664,-0.05309660193756634,-0.33607656350965487,0.1507723644958642,-0.21874092828316963,0.5463383413858076,-0.8484116806823738,-0.00402364518060859,-0.023658648657464317,0.38890890863194905,0.43417744233970085,-0.2446156174489655,0.5148572040132426,-0.01882901566495874,-0.30430301236272395,0.6375584618913112,0.6032467205394816,-0.14445212976639,0.889269338929622,-0.25264511100795906,-0.15388610913805095,0.04694254586285228,-0.2667910592227592,0.40494432560869126,0.9404557302472052,-0.25924444121561707,-0.18257119263818344,0.4825285611063655,0.3770840466490756,-0.10377489552490192,0.004139778904535433,-0.5301066906905605,0.6636710162160728,0.7170747893156376,0.8638222063230335,-0.3512527435620694,0.4445865198409327,0.32488879408801674
0.36194788608233724,0.045683644520813714,-0.015936674202584346,-0.09264854049726502,-0.46498145207873104,-0.5328529512035951,-0.44696174639422837,0.8324903546944432,-0.47656834999429115,-0.7906837613594214,0.19876581423506398,0.0381863232668006,-0.19928430045164197,0.535064655036766,-0.8815945032443326,0.014199575045728004,0.42898368564951916,0.2398509681550974,0.6434148823412186,-0.13196993266472468,0.16390591462271267,0.37627576495125054,0.26888582943511086,0.39673782257716883,0.15694712453944976,0.30117354523018125,-0.6636853869383338,-0.18116900400007097,-0.0972899393537394,-0.15803327655444288,0.12252175719060639,-0.06481461177260647,0.06596057477922583,-0.6570617304038626,0.477203032139349,0.10721910111423436,0.01416524990132803,-0.06846696615900633,-0.6413491626927648,-0.09947699253932406,0.18165241845955796,-0.7389381187094579,0.6082067890904581,1.2199378012780908,0.37083540016279337,0.5419592941064014,-0.11095694188148449,-0.44676009762641145,-0.07521172088663847,-0.16502474593553282,0.5429993567949012,0.5005990283078156,-0.28501266494026034,-0.3595586938457531,0.6261829855157098,0.17568677362547128,-0.44737569874564187,-0.6288209526175598,0.20985216321515732,-0.06995762706227168,0.5863462149603036,0.7216498287664588,-0.44471580560669144,0.2515754305739558,0.14708865132880708
0.4612841375883191,0.18110655670271414,-0.036403720446618215,0.23926907687739307,0.17965374195090322,-0.35400667018713544,0.2399590149717118,0.278778864255348,-0.15624367905440806,-0.6636993887149556,-0.6474707170638552,0.06444235439555968,0.10420775723032441,-0.09190208481600912,-1.2643952534428728,0.014600435284161752,0.09410896357242979,-0.07271833456650031,0.7585142071498825,-0.22338306395305366,0.06216388447169016,0.8449139111325232,0.27126906738247675,0.1439136114031207,0.2134512020677744,1.1388967431544073,-0.0018913921428935845,0.24301048671088454,0.00759885416229919,0.20823742684524912,0.3057396719882215,0.5138991510491118,-0.2803080820361018,-0.600755540192648,0.2604955020005949,0.15036015134817232,0.06561664741572233,-0.1889645090675415,-0.234968233654509,0.23177282703404062,-0.19071713203841723,0.39280138950024596,0.49179925969186017,1.0355976909268367,0.47802060304195615,0.3998502086707737,0.12809561678611844,-0.08982045065370525,-0.23073169327880255,-0.2947039676610621,0.522341473336073,0.7794132521416428,0.05856399698190888,-0.230279640686874,0.3615235542409456,0.29956514306486226,-0.4045370991384431,-0.33432802956405705,0.03874493802645988,0.4030457412765459,0.03250772477678925,0.4985585279588844,-0.14255086931651773,0.14251556833930762,0.38749243358807084
0.6619334127022393,-0.11924258978960249,0.16445175906516712,0.2224688052354032,-0.49988029548548013,-0.8736036439183683,0.12852386062421595,0.11283657048042021,-0.5963071925344545,-0.506334789749488,-0.3485863577930886,-0.12338971799454296,-0.031792559197471135,0.4537884484285324,-0.8922310865934772,-0.8267138366922425,0.1575127810024694,0.02075740222824833,0.6092003780450861,-0.3029297719483151,-0.021511794801155282,0.3767627837803251,0.3994171217588557,0.38346177767447776,0.3896200728925803,0.799130503903871,-0.28000841505300045,0.06808985746651079,-0.1594749163047901,0.2717746509730475,0.08761391072598183,0.5387611205830776,-0.02626989609524743,-0.47741467620163813,1.2845361412755674,0.3372935450856644,0.08700071276110959,0.24682783366755787,-0.5955718722850906,1.0489804922477668,-0.051339859841252694,-1.145742358901967,0.16515052006407505,1.040002453867362,0.37778926825361814,0.3069253983576681,0.31599157507427095,-0.2374694011446412,-0.1600375571443665,0.09948402475285298,0.8329249029170649,0.9031964135547871,-0.1299057082431082,-0.35620831295644895,0.3897813729920971,0.4113138664561366,-0.6853970554814999,-0.2409278748704631,0.3172725279243656,-0.05833830550042407,0.5315804945773109,0.7953114624282009,-0.30265198307278013,-0.17706296299489757,-0.06937544835357591
0.5884742165528588,0.24477414219803395,0.13224612310124714,-0.3840632469219295,-0.3582233445000464,-0.5513533556738234,-0.3325960643527086,0.3453227086306253,-0.5875718308834409,-0.15158699573188494,0.16914347990726417,-0.02351398529080005,-0.1699526070736863,0.38010628802383883,-1.172154378209954,-0.04937006431801504,0.3910685666457171,0.43146899355649093,0.5100442103250515,0.2571329559752107,0.3247587856689806,0.39850011808777275,0.06520982617091398,0.5104432260504101,0.9961873767895543,0.663136765618389,-0.8460666047455196,0.17568719805279145,0.024060935076761943,0.24719304835644734,0.020983796184824224,-0.28224011178384506,-0.028327302025345072,-0.5278570981768816,0.499009485387334,-0.02980165086465906,0.13593372328344966,0.13510407152688836,-0.2268810229723031,-0.13302975305039186,-0.18186142753567686,-0.8407037443144811,1.0140493770474666,1.0857937558412225,0.7555855260785828,0.6153235817268384,0.3293709498991834,-0.47034923514686894,-0.1363602240432952,0.035129088458422275,0.5234428830412322,-0.21866903638972432,-0.1578346850966091,-0.45023567053920527,0.42138849374881127,0.024135107786464903,-0.4255117250888523,0.23421370434968214,0.16342807779517046,0.19977086777423206,0.21686443970475414,0.7013694881148322,-0.3637268994952782,0.013294126394237087,0.17304980188430935
0.6271956319051241,0.03189741914367802,-1.0595552006178555,-0.3590213300185295,0.03372821212966729,-0.5260781749659357,-0.11841309210159037,0.47558881603666087,-0.017752586823985263,0.308439991337386,0.3508973990428137,0.04745332877871894,-0.21431625230758086,0.11762214219661621,-1.0096618351508027,-0.4852598326109116,-0.257527388339017,-0.4630119768483201,1.0085494423879133,-0.06696900797592685,-0.08304249542990161,0.9419196982141195,0.1437714893792742,0.5798370605266674,-0.3460518324366011,0.4149751293268337,-0.5930026997391818,0.385538089037259,0.0674001780756668,-0.00958357423512517,0.025712312230318543,0.6442929525755428,0.16858782443339254,-0.6300737273095188,0.919170959068763,-0.0469728678506527,-0.0761209691322301,-0.25472330822056827,-0.2422147192295389,-0.6491910821419257,-0.10587242782678125,-1.3932439001417187,1.0079166158579747,1.1864561485895544,0.6124621345468136,0.642022259308521,0.20252238568046255,0.08766605189417263,0.011162956856850488,0.4571780612345442,0.025862566245083422,0.41598299611160405,0.023766829742651163,-0.2855093199412426,0.6832453494534196,0.19995633073252592,-0.15053202142202884,-0.26974853440729557,-0.08760538412544527,-0.03339981574980054,0.04086441100331315,0.6164132815920687,-0.11949200130984206,0.02558143469364743,0.27139637669303973
0.6176745922656712,0.0867680359257689,-0.4966758938589153,0.08587770140801679,-0.8025856904254797,-0.4703668387228672,-0.23258684557054649,-0.017305887571075304,-0.9539400574271556,-1.3460898102429062,0.4311020788774683,1.0237945123799503,0.4757731523136208,0.5079659887746939,-0.9878371657178968,0.06939902837406672,0.1750445198239982,-0.189183303951197,0.9856416921633623,-0.07929105869150305,0.7111097477347973,0.42058576319808383,0.138038545597378,0.5820977672391779,-0.4017924152086213,0.7746211915984662,-0.6186954712644925,-0.06654513673837252,-0.48403034817211266,-0.17338417158482217,0.31577742420246113,0.3392006267809875,0.45355634340069567,-0.6891021473816884,-0.08691861403873954,-0.1228177291273472,-0.1493038997415665,-0.17438723421092267,-0.818666402483193,-0.051991060466743615,0.041764494296350166,-0.843442597087451,0.8909107645252777,1.2150871124158678,0.5933637528385296,0.6453090928953967,0.13780325898034557,-0.5715194016384633,-0.10646151112418227,0.03523951462711796,-0.380427787558046,-0.18220352803185175,-0.05457990113851337,-0.6409265561879848,0.45934413132664315,0.08353249248689383,-0.5443518482342535,-0.5272322635771991,-0.04006459273509215,0.05458455419598718,-0.05941621447024015,0.8114930727041035,-0.2633444975371697,0.6688520985599379,0.2675071456480992
0.5434238679144421,0.4492823407870697,0.037235499587141244,0.1949517923984892,-0.14557570475059772,-0.2704133851173181,-0.6315997524065052,-0.09605484842545199,-0.873664576697012,-1.2096224941543081,-0.07608981609958751,-0.05266614492725015,0.2957952896881173,-0.1635912413763279,-0.7114730414706505,-0.09782255900967013,0.15145260508507152,-0.005127499294488948,0.6168421177060253,-0.20750166675324858,-0.441417298019127,0.5353580273652057,0.28499682826779443,0.3328282683619718,0.18214415638407785,0.6816835918357744,-0.44566199889500013,-0.30510548792921005,-0.21581018917126119,-0.008752587890634045,0.46117524822821543,0.30773326128470513,-0.6108976199826907,-0.49181254409604847,1.019578963495765,0.12056259458309447,0.4268405914148429,0.2511195204270147,-0.19345752347203088,0.20938957169098568,-0.0317580341946289,-1.0599949566445657,0.33766567239526263,1.160205073132912,0.6856291905724926,0.5457197988028879,0.18938379929002735,-0.13571016668930289,-0.03075178118286126,-0.04908523641724911,0.5127603661434759,0.6529454261772919,-0.12636277854661768,-0.29539367166433894,0.09419425743234626,-0.07733238243051681,-0.3494625241072711,-0.26979594982630795,0.12701571151237243,-0.5376112873265062,0.5916599549728702,0.7927839631397272,-0.7133164224172289,-0.1714919026456507,0.5484485802047687
0.6218582516861533,0.1680946136170442,-1.6718184451222942,0.23244993431185706,-1.1115761263267256,-0.4940649458945893,-0.4399116956649565,-0.40864151601817966,-0.4125878741902836,-0.4983342962966625,-0.31785797985482755,0.06674450804207291,-0.017778166070147164,0.06593850365379403,-0.6836104911853632,-1.2260472636297484,-0.2809395127707972,0.6080278620397063,1.014749566354399,-0.22819632535377277,-0.24267144461662452,0.7472233528076865,0.18169393314200227,0.6444306135089262,-0.38697078052863837,0.5675757846221806,-0.42369884421517445,-0.412020332313919,-0.026451694880455876,-0.22459847351032808,0.2710264797398,-0.003931507603373623,-0.18623453112818047,-0.2776259761920789,0.2673787660606552,-0.14150772106846377,-0.010861650974502174,-0.28016675455622475,-0.42562083426510416,-0.09320122116224283,-0.15756095899110495,-1.2839607768281431,1.3430570423914348,1.1069300665942907,0.4945946510132674,0.601379399412366,0.6796923903159161,-0.11453106087767403,-0.11808960522016099,0.07081047953975547,0.14496422583235818,-0.07340965411881603,0.06664428926155314,-0.41073513194581207,0.36418882083945264,0.36017334251347,-0.9247440617829337,-0.06725948384505519,0.23634190085441703,0.23689485480163058,0.28629676954933636,0.7170304960158388,-0.3512089310361426,0.43673755876553366,0.3552844602705149
0.4658094235303559,0.7110648323543597,-1.154535312846756,-0.08596846650510909,-0.004549341938796036,-0.7410646089301743,-0.6467728583005264,0.2672714615144589,0.019897243614316495,-1.2379885660763115,0.15274273582690812,0.021287818631068055,0.3612022488798138,0.43910753282214604,-0.3243491990070663,-0.4555140170761343,0.40201883271652467,0.360355605713767,0.5296043073769133,-0.10614423318275898,-0.2145902977479802,0.6702129735046995,0.47781889721851967,0.15066279062894142,-0.37854402619021293,0.38823983992933503,-0.6558341705202405,0.7414114350286252,-0.10171255923837422,-0.005555420559599542,0.23623246569656478,-0.5661645819084451,-0.3038154016614623,-0.6610299992677202,0.5932188282515225,-0.10060552059113011,0.23575016961143797,-0.11931685682777356,-0.43771623935192333,-0.21904970087708558,0.36469476632297004,-1.3246719049558462,1.1307740735009342,0.9008833568779108,0.5130278488931257,0.5059393756888887,0.9541538084041278,-0.28019748646759657,0.3223397506595964,-0.12163476036319479,0.20339967234887651,-1.003102579367167,0.1116552415391576,-0.34997894978033006,0.3090283884555627,0.35820363587930804,-0.27982343144577626,0.15340062515384173,0.0013074775191164387,-0.3524484779800506,0.48109230559282545,1.102507009665933,-0.27464537289490815,1.2584486427463935,-0.2272385462477935
0.34571902680447636,0.4447086374439619,-0.5866289955307266,0.012992318608533594,-0.2987375601242245,-0.6426181857484112,-0.7805461453464717,-0.3632065444773481,0.1367229585804716,-0.6334587223042931,0.13871127614939593,0.5961189552371495,0.011314171799024988,0.2626701580327899,-0.5777273488452375,-0.8142420377765186,0.06484119934625365,-0.19055990815192592,0.9214018118900529,-0.07798957375256259,0.14347223364598,0.006735966388248794,0.6030616009762316,0.3661848597855774,0.034887885352068285,0.5361082097708855,0.0020146812545737552,0.6978441202913884,0.5738433865644128,0.034952779862958014,-0.0827327975512461,-0.1274697495937094,-0.08089243720035787,-0.7316732895491799,-0.09745304361228163,-0.05293844246730195,0.5400137489985242,-0.11013997292798669,-0.3087794631519937,-0.020728283945171327,-0.1106889483861665,-0.6891507512407316,1.144731370931219,0.9504318740667721,0.26871143398505776,0.6530589853211871,0.6753493047399299,-0.5783704750268119,0.2656713807052189,-0.19152467321718628,-0.012936955186451566,-0.41645585555524983,0.28491888412193095,-0.4720678317528236,-0.09088621336005231,-0.06579724210423735,-0.3680036270191933,-0.23032933898745897,-0.030669657688440086,-0.49749381566071704,0.3470922235223328,1.0533831813494277,-0.03052204568362798,0.35480945098974986,-0.24523106875085832
0.6003945903168759,0.576229417406136,-1.0542259368483728,0.757104492369409,-0.5168267770507473,-0.5783170083999976,-0.4709530958825123,-0.0015112219835321794,-0.3160753743681241,-1.010380626993182,0.723949814165445,0.21539352016286967,0.22781263849106415,0.36221399625787276,-0.5859501675831216,-0.6573979237612582,-0.18533640976268123,-0.1954133911335772,0.8508986761899352,-0.13860433997055582,-0.024575264120772926,0.12462784177354691,-0.08183279708624958,0.2685648718090624,0.3969743102034783,0.25342497846160933,-0.14003745614021879,0.5768211653311065,0.056284738621337115,-0.07600965956426778,0.20406282613616675,-0.7687449001812348,-0.3480549607055951,-0.5256155963371766,0.018941871289904134,0.2527211401785189,0.26805819164244793,0.1047366080304016,-0.3566213769587168,0.6307090031285358,-0.17074198365771096,-1.0255775752085403,1.2657901230428998,0.9719744656011983,0.22611272313423442,0.2991782625345573,0.3916183711011228,-0.5766731368141386,0.10818044205075794,-0.21518056227836882,0.2794285399800863,-0.4118425174269717,-0.011229605648964601,-0.33119804050050794,0.37569286583842665,0.2008072692779642,-0.28922207380085296,-0.21399289266999694,-0.03479152795922445,-0.11837635039258931,0.9273628753069121,0.7166359919318558,-0.06577314305923668,0.0629906426890422,0.694217552714475
0.7721574023809235,0.4112106875294719,-0.4266124491812119,0.04230012860464374,0.08607336146564713,-0.7479940491483748,-0.21964493913269012,0.3328532265453764,-0.8751782973762359,-0.7763336717715581,-0.34001150863049817,0.10713840906453287,0.3519562134501789,0.2197000152113502,-0.8068273528062311,-0.323039389848256,0.03672441684962346,-0.22344963082695185,0.8885735708680288,-0.08476853940320755,0.1756965366083312,0.3517518538112389,0.38152423068606983,0.12290787080634301,-0.08202130048384201,0.4810648472622515,-0.2274183139978575,-0.09059529883873191,0.4869061044571138,-0.3600511632933577,0.1524856283393473,0.1362791524472881,-0.3523462291233461,-0.8595764101538091,0.4680222456749105,0.17245875252506476,0.3981622277516987,-0.14176241156226746,-0.5431797491065594,-0.265447791262164,0.07218042057449256,-0.19356159753941674,0.7876233123414774,1.307934400968444,0.5639593768141526,0.517423292650283,0.05065005491001621,-0.26744389842971616,0.12905654554239004,-0.18702904631145376,0.30038622764158307,-0.2508888247481116,-0.07102902268242152,-0.43405962614718746,-0.03984550519325693,0.03430014111407536,-0.5982041769903536,-0.34296538547495947,0.6541894549498879,0.06547329385506316,0.25513563650783094,0.8713721539112328,-0.3000183868694542,0.010244595613391763,0.6371279396298665
0.2815398638147465,0.2102636464167394,0.10150855798118441,-0.22325414131460333,0.16645949321044445,-0.7025767649073387,-0.08544504986514087,0.5147175941943457,-0.05232440075086632,-0.6826127846562636,0.5800251182444537,0.05704228151174556,0.38670581418517946,0.3620747844777187,-0.2746979146674504,-0.7351643599088695,-0.1450674579344673,-0.0275228259441039,0.6261422218282139,-0.19741288627976872,-0.0224735062101162,0.16225378162339021,-0.2499838606054146,0.24064053623900283,0.21257436899902965,0.4360214880940594,-0.348518949511887,0.03645547747727451,-0.2819260088560884,0.07938482178871811,0.17505294048521028,-0.26214782994798314,0.010873806740475542,-0.6974223412673355,0.37244657630004036,-0.18174151541371714,0.1302512677600719,0.4287784799993453,-0.45594934860954,0.4866879198702098,-0.4771260675653682,-0.4155541628391188,0.6938459674934621,1.1499736227399204,0.516631362511178,0.4090685792523076,-0.3432272408717975,-0.5396336040007046,-0.06737451890035134,-0.16077340313841398,-0.21778503831453078,-0.46715851315704016,0.22502567744348634,-0.41075994148202666,0.3580649787106147,0.764750895550311,-0.6368103042033386,-0.4712008812986272,-0.15761505841391307,0.1322633004268581,0.5482614552790267,0.6140664125696289,-0.5014788164220946,0.19060390195788018,1.2754076325965733
0.7733220398647698,-0.12076776629705911,-0.22115980459978685,0.08066361939937958,-0.1821738495855305,-0.5169491805911833,-0.4655553204909034,-0.040931963687976296,-0.192922125072279,-0.49474601410287666,-0.15498284666090362,-0.23973972660964954,0.11590141591227154,0.17515493791913622,-0.8445600747985386,-0.5485842172184769,0.5351526324492728,0.2154284554835197,0.7131394224960464,0.0023659254195812496,-0.46248896439955633,0.5835320036805479,0.09902055889659599,0.09377058694789378,0.31252731726383054,0.7742628603098735,-0.2563724343078845,0.0018564536928758653,0.05441233737721519,0.2382565705667416,0.14301098055372619,0.33976496948546153,-0.40859612203756257,-0.5442591602442077,0.538650999040984,0.04764782853176458,0.15689060777364908,-0.33925452508541787,-0.2084380829425218,-0.2683845443823415,-0.022647444253222467,-1.079765288007958,0.25813489969536446,1.1869364524683923,0.3420939895981141,0.5892720866337101,0.5175215892492924,-0.34406393059122875,-0.018465793693584337,-0.1983729152998906,0.27596065459332214,-0.09592334519490889,0.3158927498902983,-0.3533851263241314,0.6859349686618786,0.2286542486244545,-0.5850800816346585,0.34713506582626846,0.4167880328229188,-0.444869284061254,-0.28910744026338375,0.8759689580909353,-0.47357104949063417,0.7612943160954244,0.20105369243713211
0.43662932186736747,0.15780798843232532,-0.41001011344485144,0.4159768408338484,-0.022388888821159574,-0.6684914310628617,-0.24136170506699342,0.6217222312687577,-0.02580863446789572,0.10777550827787588,-0.08572750179420424,0.2560946951588966,0.2882491199448677,0.8541601710712812,-0.9714485893593299,-0.5514696678575814,-0.08599167269248806,-0.08014386984452446,0.7437224983448151,-0.21614371275502636,-0.6432083304231176,0.07606652578176049,-0.011695426789984593,0.649296482656817,-0.1381263724039962,0.7355024935308566,-0.6706958804050847,-0.34038088228993324,0.06958047449228838,-0.22652108329922385,0.01646918312371423,-0.2878871837018423,-0.3956796403720737,-0.7943807140201704,0.806539788997328,-0.17153719257811118,-0.16391092331833773,-0.1671422058392096,-0.8357613257894537,0.22563681223178272,0.07648779065817779,-0.7820408890994451,0.6620486190188222,1.1209986676315915,0.1531096735928824,0.40753047749881155,0.4394825839427069,-0.2122004105590099,0.16532898071656202,-0.3646999668537472,0.2779267989527121,-0.015272374179974811,-0.27958218740582874,-0.26696890399966483,0.24437937613422867,0.6920941602582258,-0.665649609068072,-0.17471470981646342,0.013086664491570005,-0.2380695699427343,0.5291100399119124,0.5151725219924593,-0.44298408326800776,0.6870986827748106,0.09640386964134942
0.648204565697195,0.32520734508872884,-0.5265682079236497,-0.012437214668446106,-0.47126748600169954,-0.5683263980890001,0.056198822432100254,0.12978208386616943,-0.5219531913236806,-1.2327533375765802,0.22406560428244254,0.1011835400475912,-0.084972004363076,0.754700507653525,-0.5523533578874888,-0.23325085475284033,0.13795218690523536,0.606823027513511,1.0163978119680723,0.05497237431818475,-0.01001746297382606,0.7744424094626041,0.14167598657194724,0.5394090460141947,0.25438682299093107,0.52787679293711,-0.2160053878758031,0.14894968092977656,-0.4165618815174631,0.550194581307866,0.3813739629100801,-0.035666365846378195,-0.057728539383983764,-0.5863474854089764,0.5544587654297786,-0.42780305641901933,0.2623217085481034,-0.17537369008248338,-0.564208726439668,0.776632633125886,-0.09809877535224126,-1.1650800110321249,0.07691843112150773,1.1508338187696676,0.3431918550514393,0.6722727341575271,0.6862589532746862,-0.32959990562087615,-0.13202097717493,0.0013271737140870057,-0.10283381635929432,0.17203544083225045,-0.21437969833904985,-0.5016456639527472,0.7150616806817697,0.17536142953677789,-0.8851215560905988,-0.1752135893683041,0.08149601178858748,-0.025525730754094134,0.31278441629749837,0.7002182924773145,-0.6012535379442777,0.22225076853230527,0.6555650516192061
0.31201539220942215,0.00805310400724639,-0.52353379650801,-0.045643442643723685,-0.49667779146742713,-0.6188556295482328,-0.6598172572599329,-0.18639040102054844,-0.013313392723136645,-0.7240843546286759,0.8418552110495168,0.5370455266786065,0.04519314444910826,0.6347275752749011,-0.7806011822200344,-0.7641932252778263,-0.2652729231079746,-0.35296927209192247,0.7171311246338989,-0.1731793230540759,-0.2949307054351576,0.2605566841974064,0.15108706412268494,0.36710315288292505,-0.2645524327665471,0.25473982350776,-0.4076143765112072,0.3655382921136386,0.09265455687365778,-0.09399912169819069,0.11680261789367435,0.08822080770894274,0.23150597254053795,-0.3881007426788943,-0.30574006753579475,0.16787039548612243,0.09910571454004322,-0.23924138686765223,-0.4554938402966383,0.35279866757654105,0.011994899626355186,-0.5559848405470796,0.7112348392042062,1.2809113249339574,-0.21568634400548284,0.5712923926650587,-0.0443836992913742,-0.5407650587370167,0.3266058346866443,-0.03805557316139665,-0.26281315322138904,0.2526724672396723,0.29123640473840706,-0.3712551769263069,0.516922729727068,0.3478551088225468,-0.33088531122429843,0.0427707219167701,-0.3149115557525608,-0.2089176450650533,0.4548982390103457,0.783426019838273,-0.33760480521277225,0.25979045346843854,0.29730969659252243
0.021479504588415178,0.3708882201714253,-0.6192782734083655,0.35024867032867846,0.235533381862816,-0.6562921196826339,-0.3684283503492906,0.21254079637698944,-0.8042970793130868,-1.5408985563357194,0.4334748903138755,0.6131002114488701,-0.09534185431757554,-0.16550957481925294,-1.2415898808790837,0.16323667463753475,0.19630573419502506,0.5115783367781644,1.040247661922884,-0.038774949205646475,0.5092637101951415,0.14701383478496918,-0.146666877873899,0.5463750702221818,0.10375541847568481,0.3841610796061161,-0.5305818709403265,0.5540751818774932,0.12625267930433676,0.22635039888966338,0.24862697716574245,0.4502842847201293,-0.45754788761430804,-0.6171766901626723,-0.030374769267583784,0.05225665156452969,0.17939496429839547,-0.3018027130156511,-0.7750188101189334,0.5347880305697774,0.01454618915860277,-1.4491350066687791,0.5078498793251253,1.1095739342836444,0.48996000480184343,0.3983883380055825,0.5161634549230658,-0.4162370822674362,0.13804452775562157,-0.2756447907655869,-0.106329799819357,-0.5210082807105083,0.38505292243028266,-0.7938961656051254,0.4571764604863325,0.289581508933326,-0.9234708201366394,-0.3897102210395814,-0.166439854369445,-0.3388876895033286,-0.10177378513358776,0.7686300991798535,-0.46194622445096406,0.39915371350205203,0.05795108767427398
-0.036592368875602264,0.2349602013818833,-0.7499569877780892,0.1694517351460843,-0.5403139844391653,-0.5053810199170125,-0.49289244860787806,-0.009601932413117312,0.028867566960092607,-0.548766784957624,-0.042938324557771704,0.3437836614222392,0.040246906035984215,0.7551904699667684,-0.8433410968096571,-0.5463057400441415,0.05080070981793622,0.28336068874419523,0.6406011845774877,-0.20128020544036873,0.03666249513531522,0.5432213836087315,0.3078887098029933,0.09193979362133892,-0.07681502984087832,0.12781363497704856,-0.3214084354713926,0.46105867905260034,-0.08996842141760457,0.3865136318993856,0.3558090018443641,-0.11624770298436056,-0.42645021584007425,-0.43409087339529817,-0.17003674830433535,0.14425221544249872,0.2209276154097875,-0.08460475605096188,-0.6740650432844686,0.1361904511165712,0.09217222025469543,-0.346335020373432,0.23370957007803508,0.8050998965224113,0.4844979984721434,0.555168378587846,0.12591527926244356,-0.32272232902419906,-0.32858019213006084,-0.13347563703537255,0.5827454783480223,-0.3097358664060974,0.1213829830298793,-0.5519749128076152,0.1453174298617044,-0.020101544294348385,-0.5893443483090344,-0.006152641898396798,0.19438212999047388,-0.05107243315332882,0.2867799943245787,0.6312383050348404,-0.5511269844973727,0.7678290543036542,-0.07701760889382278
0.32165706579255493,0.24168187571062585,-0.9790280539702757,0.3900458328096287,-0.12798162056439305,-0.2919439142160741,-0.11212707899094337,-0.09371924328783277,0.3285201157295104,-0.3197895982519571,0.5609648937648342,0.6509780320930854,0.416480815281463,0.5803642804603374,-1.023007471996073,-0.1302898261387377,-0.11019598198241168,0.478451766264149,0.6306314693462213,-0.42367653865809984,0.46952873468291545,0.9276699156156777,0.15910058370174002,0.08325226945455304,-0.22367469384277755,0.03665376034793019,-0.06607024272871968,0.06844610503707253,-0.5450491149001088,0.1229812347598436,0.09289422033153835,0.8525939064476696,0.06807105767618635,-0.32228701532319703,0.5509227274000416,-0.033918134632874276,0.32230922878753304,-0.17253712437823854,-0.4859255245295226,0.6178385244041142,-0.1957801827268794,-1.5557435435259208,0.08308049992647923,1.139029391560644,-0.08652588605891207,0.8554183605893467,0.4047644473859539,-0.20147909021695978,0.06148468302465329,0.03345994826076008,0.28712774554065845,0.1026735321038713,-0.23806018955825609,-0.38108732897492575,0.01037125561014604,0.48906772102054946,-0.9128403932960086,0.4251648484481543,0.010151597957783115,-0.3093374826596604,-0.17026016609246514,0.5387201724521619,-0.26236879121223244,-0.16871476551381098,0.9177994014385589
0.3379749010228188,0.08200511070943768,-0.8170298996849982,-0.07168693955022845,-0.6303770205474212,0.08874410069827772,-1.0742535992038609,0.28503336602763246,0.10996248883653689,-0.6272668882009654,0.13366657002429522,0.02892572482205373,0.1332253456097252,0.5212074783693538,-0.7663562742865262,-0.5690416850985605,0.1361876693944405,0.38906235485467583,0.9453543011311305,-0.2774997068491839,-0.7749091205298682,-0.13772726492741147,-0.07243347024723074,0.38259850524040745,-0.550779641600198,0.883676362292248,-1.0407166691097487,0.27101931276777286,-0.026346217671763622,0.12564140137303328,-0.14413634190022148,0.5335808408909984,0.02724445786432301,-0.9252155702289251,0.4923995355558903,-0.18180333575182894,0.1681569138331821,-0.25224438471592037,-0.9805364537195974,0.4897896683378816,-0.15882981496228224,-1.207138973196643,0.7863443355601913,0.7961186226084912,0.17577188604407706,0.80044067223916,0.32880314092547375,-0.2683723863874228,-0.03234766103152888,-0.38243614211585586,0.2829908085574667,-0.053221974912805114,-0.16638246596423034,-0.7898034170471513,0.5196342784710345,0.05576057511592711,-0.6782775013366825,-0.039811366373743794,-0.18261663298629915,-0.11895420966472793,0.02775265180347016,0.9679210953585928,-0.3164729886975012,0.7894247149791379,0.42148624530761797
0.686882218041019,-0.12077395200334837,-1.0845603703051907,0.031032145948415697,-0.6943806439689338,-0.24093591845243223,-0.23519831804391952,0.1169466595421686,-0.2510259572694063,-0.328682210590052,0.7833404800096282,0.3910809374666857,-0.18045511003297812,0.669252233685773,-0.8690049915686033,-0.30225440500551526,-0.025143565570122657,0.7223063955359088,0.9015890338676353,0.05207641556311777,0.32471826857320285,0.3088341078254035,0.29808056298419394,0.3972913036068375,-0.21525496779134423,0.6435730849868369,-0.04349258941254768,0.17211412640732268,0.03565280468045744,0.2737010888074206,-0.10633337964106412,0.14432143728951236,-0.3480491755431249,-0.610679490593331,0.4549788650470561,-0.2912811185335565,0.10733134172100274,-0.1025282365029909,-0.36903659845052494,-0.26910934522718666,0.18978115413290597,-0.91225094875081,1.178409045059044,1.058933592599499,0.4676182566934691,0.9014011063710471,1.022109765929154,-0.5057742665596683,0.10775437197840629,-0.5080811872495989,0.3547035916098245,0.10284172277713266,-0.22976536436383024,-0.5525674401808874,0.3293861230541523,0.1989886244218064,-0.8060869522766929,0.013566248315987538,0.1773418686647112,0.018598998568494826,0.27567954142562334,0.8135341928225737,-0.5103586014822322,0.7201567745139177,-0.13643521901237005
0.22636276322704962,0.4102665926235243,-0.5686093158054616,-0.0020471155633014354,-0.7120030177225317,-0.43627569040744396,-0.7822706295201665,0.4416634292146583,-0.6186466849401628,-0.9752412424867835,-0.27804220115377337,0.4197870091229552,0.12470056469349702,0.8581841839017926,-0.6533389208163705,0.30514763583878585,0.19739564096136555,0.5741433546467157,0.8149568928160018,-0.08736554405417488,-0.2503079329198383,0.5235174529809867,0.06275211537237346,0.22041728864985793,-0.0176703853264758,0.9642134885065907,-0.6160639942135846,0.1102172769490589,-0.27158056482428694,-0.03293663104609231,0.0536011714504266,0.4669759534365835,-0.04318153579127452,-0.6380184345096218,0.2117206610158822,0.06951834957373962,0.2945565894111815,-0.10552767317654076,-0.7966187220818491,0.4847275907679028,-0.07273057618103738,-0.5827958956695383,0.5824934989599178,1.214646083600757,0.3827794820639618,1.1169040411307738,0.7490092354529241,-0.293228138580853,0.3815333821717499,-0.23867135053221702,0.16434971916045488,0.03874067578848968,0.03942865464970631,-0.6313361179512145,0.1874117263273003,0.41053372996121035,-0.612109339870559,0.37244394457060137,0.5370704724733428,-0.1989763431246387,0.6628347600821864,0.6445310392303849,0.007997351367559274,0.40926890871131627,0.7434973922476857
0.33888448917683334,0.12579981300315915,-0.16118489503347572,0.32443818857173606,-0.11167414184981074,-0.4454985540616611,-0.2604306394290105,0.32865142875919817,-0.4053702216130164,-0.3136098869580006,-0.19017662746067932,0.2971511826419387,0.0577691702757622,0.6673454533154195,-0.8771747813616255,0.17745076412184438,0.23871813388738788,-0.11863187111489938,0.7947323243996696,-0.3004904495673487,0.1336850150590817,0.5910651476788303,-0.05534082069713568,0.44640492714716185,-0.34113355406745693,0.4701119479523155,-0.5173112083572167,0.1121863111508786,-0.5186328898187254,0.01147983580800472,0.11709920454601698,0.5139669769768658,0.40663770980835573,-0.5780591085311674,-0.22822061913191194,-0.3194808173140556,0.35106636233238236,-0.22655285614985526,-0.6007789392288719,0.552709336828937,0.31545417184595964,-0.21334916990815353,1.1507777208998409,1.040000534314713,0.7933266264427241,0.5496395796439334,-0.22126783479442944,-0.1750047943573594,0.10785970255596826,-0.008254780453648795,0.3149817234359059,0.701209705330344,0.12250479555048112,-0.7248699801166859,0.3002303997917766,0.43039008225639963,-0.4476562621747868,0.28487719709102655,-0.21009319416239675,0.06897720239027054,0.9489363811136395,0.7248337680400281,-0.27715699739204813,0.5375944956674347,0.16031800424269432
0.26062132527855214,0.32523368365990796,-0.12942057243729976,0.17060267828852096,-0.20468122799667948,-0.3265026760967101,-0.5218305841130016,0.4520477692384183,-0.6769071843050689,-0.8052332096973782,0.7713524430438028,0.015039781035353621,0.0501506915667197,0.5227549099706699,-1.0121453656298105,-0.04423272600078578,0.23265141197113756,0.271213747774423,0.7494217115788885,0.10153328880591159,-0.2878886157748638,0.5195885411785771,0.21214566172424668,0.08091190824345001,0.12358612208234263,0.4401812069130052,-0.6820654583413318,0.06741747085990901,-0.14546948000219162,-0.23440878290745729,0.05694270967649607,0.11119019631906407,-0.32329748570215394,-0.6430956807397765,0.4371206203002093,-0.07530419620467149,0.19121932739333034,0.2045191080301118,-0.6719143615173057,-0.4313362433720302,-0.26388684837516047,-0.5562755249412525,0.9957905074119997,1.3682438823634453,0.36114109771182357,0.5028210734299619,0.5889133314392376,-0.2973508077660492,0.027159492755443645,0.04220447324260531,0.5311114437495681,0.3381457720671959,0.15534187552790973,-0.2952989463619473,0.4852530288543495,-0.12831933775956442,-0.9109000514128615,-0.2307512746969778,-0.11102168932984027,0.4150784090971679,0.36161058015088926,0.7923667680636011,-0.3736057140617275,0.48359680982219994,0.288298052766995
0.5007828323977418,0.8009378366859299,-0.8006961135413528,0.1887029457080026,-0.2661826092950871,-0.4087807701754542,-0.39651473381702435,0.37735047088824414,-0.8207774610873692,-0.020921441371045197,0.7119072570725986,0.18773088858323778,-0.13149220871300699,0.6419651596982568,-0.8436634526258295,-0.44329521972608893,0.05530305326502381,0.3130521551850835,0.5970800087634461,-0.45731638747223624,0.5360718089389794,0.42862613074963957,-0.02989069012739719,0.3801191257854161,0.04082521836561063,0.6027805332340228,-0.6404282278754694,-0.018359270201309664,0.0396571441714717,-0.12943797935687246,0.04334016421744945,-0.9674994279186775,0.06379002021156907,-0.42351414743270077,0.42500554925124523,-0.2729719935413734,-0.16876463012726894,-0.1045712925517612,-0.5788384818727041,-0.6100618227610615,0.03691310913484126,-1.1335853226906194,0.8417231539980362,0.9823884850992141,-0.3856888406386634,0.8496767180683488,0.7209390411585311,-0.3698050226533541,0.16895812821994355,0.1225609234524682,0.3189350866921958,0.6651343012445845,0.28704167231883027,-0.4359783490011778,0.42940093788841527,0.6558516880045232,-0.6082005269193932,0.10723961237216188,0.02954178975987414,0.047132839782932034,0.004610642946464787,0.667685817438663,-0.024085987893166697,1.1038274022730301,0.7681212166634119
