August_5,March_6,July_7,April_5,April_3,March_5,August_9,July_2,May_4,November_3,March,July_12,July,July_8,July_9,March_7,June_5,June_2,October,August_2,June,July_3,May_3,October_3,July_14,August_3,November_6,June_6,July_13,July_10,November_7,March_2,August_6,August_4,November_5,August_10,July_6,April_4,July_11,January_2,August,November,June_3,February,November_4,November_8,July_5,August_7,July_15,June_4,August_8,December,March_3,April,November_2,October_2,July_4,May_5,May,January,March_4,December_2,March_8,April_2,May_2
2.650954637864981,3.1096097744288422,2.575616035756051,2.576843348766139,2.3373373366197066,3.085492159955112,2.744016521419841,2.5524633022644845,2.6029514620641274,2.7353344989755213,1.6692809101170796,3.020354379020185,1.9924754221796246,2.076705931073013,2.311247784759154,3.2502476270870395,2.4165454443708643,2.6550811256060665,2.998170393229248,2.6295194234408803,2.8073785605478685,2.378240002233781,3.0076511088310802,2.4159627766321425,3.6094801606525904,2.633553193564041,2.2781511263179373,3.2922962741638604,2.6737761590942055,2.3931393833305084,2.4054373969045963,3.2785928210986253,2.9163423536399806,2.768242425433605,2.8081641710490275,2.742514345077867,2.308049872753643,2.897916013912265,1.9670654952163842,3.0678006023928632,2.5761135794244368,2.477411923072111,3.312093265115732,2.470942666304146,3.184519732080522,2.9073232153263815,2.5554067058582106,2.3251542893414925,2.4895838918370843,2.6153718526087832,2.552861183461589,2.3878900105838556,2.5298831938470685,2.6149627737161727,2.4436487090524834,2.42180550478363,2.6671610237264876,2.7950271745052957,2.393628769366117,2.3030330134930463,2.193656610543641,2.503489390123306,2.0378871180456484,2.7909490822997,2.577056221407737
2.650954637864981,2.608186940952197,2.575616035756051,2.463965471830758,2.2332549712097185,3.280035988046,2.744016521419841,2.5524633022644845,2.6333191185768348,2.7353344989755213,2.1377236084984474,3.020354379020185,1.9924754221796246,2.076705931073013,2.311247784759154,2.8077019250224886,2.4165454443708643,2.6550811256060665,2.998170393229248,2.6295194234408803,2.8073785605478685,2.378240002233781,3.0309287942012504,2.4159627766321425,3.6094801606525904,2.633553193564041,2.2781511263179373,3.2922962741638604,2.6737761590942055,2.3931393833305084,2.4054373969045963,3.009358231855382,2.9163423536399806,2.768242425433605,2.8081641710490275,2.742514345077867,2.308049872753643,2.9774352010007004,1.9670654952163842,3.096515136584175,2.5761135794244368,2.477411923072111,3.312093265115732,2.906431671053217,3.184519732080522,2.9073232153263815,2.5554067058582106,2.3251542893414925,2.4895838918370843,2.6153718526087832,2.552861183461589,2.3878900105838556,2.8776423072886925,2.9601437864041813,2.4436487090524834,2.42180550478363,2.6671610237264876,2.6689454819388767,2.1183969562173184,2.269234913574162,2.45817086080495,2.503489390123306,2.2809507726148994,2.7420390042437957,2.56250888375291
2.6534453606640827,2.9087706324745417,2.729845613099908,2.637391013315303,2.410960067396549,2.942773857826546,2.449446436439904,2.2054925605744446,2.4529082474563153,2.4391929567752544,1.9099730439847933,2.8949611424968626,2.2347446498235763,2.292623109563664,2.400160799848624,2.8768576516611306,2.1643694111530696,2.9374938243751982,2.9360154430880403,2.861034676385884,3.047705445257811,2.234930406128532,2.921058937206648,2.52012145250466,2.9982288481482176,2.8153382892219416,2.3490838278757877,3.246810269019021,2.508937408792021,2.1549896661347745,2.0487188645809686,3.0593244399437407,2.9660676265439894,2.8653541217950287,3.0080078618933572,2.612092256997976,2.5269962824081373,2.6898937904650797,2.2730861539359233,2.9994270379089047,2.676923072674375,2.5851513821748946,3.138220789338238,2.4015437458515407,2.563380310266749,2.3549538588252603,2.6216532847825333,2.2379303863072084,2.2356964443885525,2.843415278888747,2.728053110669579,2.776062611768668,2.680350072816342,2.7506915019222027,2.215448252085413,2.656036424968954,2.677351245306163,2.7390670272284976,2.389597283588467,2.10708847146743,2.0568118244949467,2.506040734079238,2.2244268914369516,2.5604079688349284,2.32490868543485
2.7448573800590492,2.522528224594471,2.4440275931061,2.3986993728274584,2.3193068802311423,2.9424769441652416,2.671363926793748,2.1794902525091007,2.658144864625724,3.0489695989267056,1.9556918829790242,3.222430445602168,2.392396259990674,2.3068449725755524,2.4029132454700095,2.9107285760387,2.43308909232922,2.983108252733093,2.8904675450208477,2.732801897210134,3.2266692383052242,2.25720906986743,3.0372848179111047,2.620660959977229,3.2803639556568096,2.5708718200628753,2.395810881642963,3.214846489696921,2.6429043042604325,2.239139845728543,2.5785787422394337,2.76581940889987,3.071471662788127,2.8602351527022,3.046035523837201,2.615818596589733,2.2922985468693406,2.574617297017549,2.3367780413366406,3.122186167187703,2.551179887404766,2.448677472077882,3.0996496622079333,2.559277836269601,2.628177367189234,2.528944882911847,2.6830905627394257,2.4371327993939755,2.601226777679146,2.675926235140852,2.7908641207485805,2.731922177162454,2.435292100667211,2.8626972605909913,2.755719816789001,2.6428382480036303,2.8702581518392987,2.767318469850813,2.310322703507659,1.868556475264194,2.5592685583796815,2.981514898006961,2.499293294335378,2.4608012892594506,2.519875372315123
2.489657391935737,2.796447663433259,2.5295764894913164,2.4365588550343587,2.5906555238132336,2.94222431223831,2.6687338970472227,2.5872023106263056,2.3915829173428156,3.02605675753947,1.6090873534835686,2.9777623988159667,2.516701299662572,2.254570238537426,2.86102394012453,2.808517011598978,2.286398468502135,3.1909137390488893,2.9716525235835456,3.037517781249474,2.9969368016407336,2.523768275037873,2.86152930854628,2.419470740390269,3.5911976763819413,2.667912774324067,2.4093731354631895,3.0271293073399375,2.739468673815924,2.2977279176871224,2.591453001776885,3.1044400384682342,3.1027825152072905,2.8793423811186023,2.9504449085726265,2.5759282793919596,2.69523664158693,3.1697498982984733,2.5018060267089965,2.936474664238742,2.3049328332304726,2.570630954452439,3.2448324775483717,2.6784562049276923,2.5577203469483356,2.458373125892377,3.006349007165169,2.2352481635206956,2.34748457702515,2.5210018972328943,2.924549818452559,2.7659895011848517,2.3665663446443923,2.8315952742798234,2.3288133306467635,2.711774887251454,3.0775072396273933,2.752580696160172,2.2550657505484044,1.9140462484973768,2.3980844444575142,2.9009321260072802,2.1317004181659525,2.949885986227598,2.5211490325671417
2.4296113412941813,2.814778202022107,2.5239918076955994,2.590494542209347,2.3820487444580336,3.1744521164235664,2.5879523010296976,3.0320660339911707,2.8674905543579574,2.545345489915815,2.12824181444302,3.2000162402395103,2.12611152275901,2.372106649514487,2.5612865572189825,3.1754020335730555,2.3464166359998466,3.000866050036896,2.7081746344892696,3.0351183207792727,2.9550747015285475,2.4968667963905866,3.0074347605747285,2.181581792064632,3.5648902200255383,2.4919561766232037,2.4954168454799306,3.047931208944703,2.813381420175954,2.4101179435486255,2.1979967357994292,3.264441038263598,2.9059245338274655,2.8552890703206546,2.8986610557600936,2.81695994732801,2.9926562625557787,2.7029689219594895,2.21952308611124,2.914848341462,2.6016598511839835,2.2465039623704426,3.038070545079327,2.5486447284670635,2.6395824390100864,2.841795003502219,2.837805854382372,2.323149532371676,2.340835732254287,2.60249983605775,2.803376233973066,2.4133337276928297,2.767853439787607,2.8880388380897246,2.403571439328501,2.1857129789223677,2.951655238403262,2.5398308850616687,2.40991116630595,2.0425656935769294,2.021359625949902,2.5312983738411896,2.1820245471100668,2.731216143490282,2.5766631163233527
2.770037190704249,2.702318546996427,2.5592837628387883,2.63670934321684,2.3973149231049455,3.32332936230719,2.461246269238693,2.6048381407568386,2.6946540928098344,2.9754110245067085,2.0861794862466603,3.043198777848283,1.9834083071916702,2.239915349074035,2.4026567796067804,2.9884820883933996,2.3312645108266836,3.0035127263258046,3.0271530962135214,3.215073333670036,2.9517987781908723,2.340268083158003,2.715205630269199,2.6358681686184715,3.3338446467660168,2.7676954866044223,2.6738574249210387,3.112088060899491,2.7181537298434413,2.541822923258367,2.1950507371677066,3.0416511874278265,2.8814496505107807,2.6552184308607405,3.1291135157136027,2.7128553143996332,2.447019412032498,2.999754444887452,2.2227536705783306,2.984775072766406,2.691038724654239,2.501232286066618,3.099464656788205,2.715498948889969,2.804852298383515,2.4418450002154533,2.7603202706149763,2.2279630468923157,2.5162306731442405,2.6441178849140465,2.6473218656383,2.679502340901031,2.7196189401178623,2.992328374415269,2.3189175338429724,2.5302762645967007,2.520791054162499,2.560825709663587,2.4858468284206663,2.1823430744305967,2.4964122733868246,2.8682247410520043,2.230850790004018,2.889693518408251,2.5570874758697144
3.0637571338651672,2.704377391398606,2.932449954397884,2.618704369363705,2.418750352782965,3.0925992826498137,2.6624779423260314,3.0685033661472016,2.875048036439497,3.079930549158673,1.975986028749409,3.289351340217248,2.8475717954631183,2.265560663620725,3.063963010112517,2.6783899124957755,2.693610229550379,2.9874518445120177,3.026829437958335,3.4386254995233605,2.9116150147650903,2.5061603952067038,2.851353022855861,2.2837470460682012,3.287053293660803,2.6303444720349107,2.470409378110272,3.372764168797287,3.2213443187487787,2.8786102284556403,2.072281863654436,2.746182826927366,2.7648977404140087,2.9775310248861926,3.134729152934539,3.1901873568946715,2.467482353560602,2.9212709728598587,2.3802286679962257,3.1574650524355845,3.0606568449586637,2.581298874981068,3.109716061489123,2.9622210423815263,2.75572537798358,2.2463615802314045,3.168028616726117,2.537686261954622,2.327564208763066,2.655944895500311,2.891097003357658,2.2980244140428865,2.458690587398255,2.9601686436028447,2.5895846330338657,2.315732977668177,2.938685773061544,2.508425050704786,2.280638027017475,2.068525306509118,2.501108902986589,2.5608333369144773,2.0533806586514403,2.818166132743361,2.7245719028293167
2.2450137489804147,2.8333618729985877,2.465885921534914,2.697732234170714,2.405214581847515,3.2011692300033876,2.326542705110613,2.2453692150473388,2.74216679164835,2.4415232028782587,2.089845268335269,3.0054091619501353,1.9326514200639546,2.2767311685550577,2.553548663900338,3.223547433393317,2.4525232334743685,3.0096687509433524,2.976548643394074,2.8561451262104156,2.864815234340825,2.3674994928388595,3.1631562391599584,2.3899115443926124,3.0230033663976843,2.758546946491986,2.4543772116874805,3.252298986987631,2.916096239184638,2.4081222863489278,2.435612059180797,2.843201128776552,2.81708989265112,2.7568974513229056,3.0115950118539616,2.508858644268676,2.5824629733859106,2.6753889738055556,1.9590041866120187,3.069792855056937,2.3665649913589735,2.476392648805052,3.0726159970107774,2.5982771675533773,2.5374303930555446,2.4982679470973785,3.0713390445331896,2.3533565575916153,2.4597386616779375,2.4016232649857847,2.874690159079831,2.6912797061225473,2.7310397152147647,2.6003298989235404,2.6368064090972188,2.5719875771064826,2.7234703034921064,2.984851436106008,2.448216302777758,2.2716672335182797,2.1917322836328728,2.4930728405728564,2.4334948352016337,2.8577705986094837,2.6158175115126334
2.5935843964964906,2.943441368876627,2.7074562230492023,2.65010549633781,2.5601841924788884,3.3334160039261604,2.93860595308896,2.5309549180167488,2.6101605239428745,2.5502966449932662,2.059265613821322,3.0447686872315503,2.1763245652387266,2.4305896803008027,2.6588814689588314,3.3076560551441627,2.7273331210547576,3.170381434830067,2.8681316955781497,3.404198907227486,3.275425643829627,2.3946753487576786,2.6967546862749447,2.544850353555585,3.623794725413059,3.071575021223652,2.240256806527895,3.176227201844207,2.8078131181462394,2.4560059538105965,2.176471420609878,2.9325338155385414,3.180443273032816,2.828621484319476,3.0966576480477768,2.3891700744345576,2.6643079341919442,3.370178382293043,2.278558127042482,3.1508625687416614,2.501316201732602,2.5125785406467775,3.2173138758342987,2.7162236244399933,2.865968003912604,2.438518131139333,3.0330894414769887,2.396690979561482,2.5498176781880475,2.8815724316226046,2.7350907229750288,2.5851051025067027,2.79798719573247,2.9924247699119326,2.6789656689580177,2.5553720553256274,2.9142656183463616,2.948810831997285,2.3738855309749316,2.239887770565071,2.5948451500828713,2.7539699776580444,2.275057470307903,2.8659524411020247,2.984147391963168
2.626064562445449,2.68389673445524,2.7336770008885845,2.722539154281719,2.582529116387054,3.2321240899112857,2.773506117944941,2.8679928391676834,2.514763556750274,2.614570101613553,2.0191300375364922,3.185576103626944,2.5919859219867734,2.2826503253250214,2.882033792266432,3.0779744605231754,2.481946781248182,3.1768943273614982,2.833987600338852,3.2929591183472007,3.1451996366480306,2.6692530109071564,2.851212429034043,2.5389450227439987,3.296743530956264,2.8739715131222296,2.3622165989175556,3.3249592023885026,3.0389307078262364,2.596167352288897,2.2351906984671364,3.162804069856787,3.174970507942272,2.8693572415640354,3.1962846314786186,2.2992357276652178,2.6780890637465724,2.8995980940155093,2.1469309170693065,3.0041601542479777,2.653875795552362,2.6749646479666627,3.0873505519849727,2.5058904689393096,2.7695617165180737,2.5997760880642966,3.085547263999731,2.7080925518370815,2.4265849045124357,2.89374112260258,2.9447845788327633,2.4170187755026094,3.055508322089075,2.786863733322954,2.8447457579699815,2.4561636118908194,2.9407240809010733,2.7913284386363872,2.238085300897885,2.481121930229628,2.358095047101271,2.6925852036595597,2.3529396108453393,2.6508164539632477,2.7552329184720543
2.7742781421605747,2.9097974824770656,2.779944185291103,2.5679970947908575,2.2850949163799226,3.2571402668838347,2.129185657839727,2.7415052448193893,2.6603124152801496,2.9962713022413654,1.9482710018682634,3.3351844265982056,2.241329139514498,2.738341356465149,2.425809236682504,3.0352937703370926,2.5895822494753036,3.2180620993289017,2.5590150569030903,3.10302630130203,2.8319808955703083,2.4666518859806175,2.791151737604083,2.2986538120083635,3.0525863091227725,2.3407488853347176,2.8259746421450456,2.977645693293247,2.9997725398375086,2.1850816371852817,2.1894360587208688,3.198609730414457,2.7216629398323886,2.8872416939741803,2.9004434149199634,2.627639369027535,2.486622255089941,2.984859619968639,2.035095640569333,2.9776480484807,3.1102536700174706,2.312531623620326,3.0538725997841123,2.9574582940910226,2.7861992833850366,2.265598595688141,2.596342707429989,2.6133432314150054,2.2126768289063046,2.5907888029883392,2.7541731305584745,2.821909946456611,2.7128440552813693,2.6148305521916475,2.6027783840293344,2.6498550830429406,2.689949543230989,2.821008633832699,2.3787618286765064,2.4678331939489886,2.419191827960681,2.7357947943634002,2.362099511407591,3.010469974458189,2.7882424418764953
2.499430711292935,2.4840001034565096,2.6581257837342935,2.7292349586037075,2.345667113962838,3.1669237830787726,2.4621297968116087,2.994352214739217,2.475603440817558,2.6745491633187988,2.0916015072179945,3.174366394877498,2.5115877864605225,2.1407424579483996,3.172075518391112,2.6099331729892326,2.426723044411393,2.604242753293965,2.8654968284331113,2.8430688853803363,2.9207967189779565,2.3384987036367244,3.0065751417756608,2.259452518679913,3.0145425003750166,2.426931254208793,2.2407295657772393,3.246092110404597,2.709008093342552,2.4786938378801646,1.9968015501355094,2.6417407828213815,2.799322103178065,2.758238100441417,3.3525220699089155,2.474675827813757,2.589836247277787,2.8510631843041594,2.2694727694159824,2.905340165082473,2.576073403089889,2.558045082224827,3.32878890192868,2.9724558653296436,2.8264426187588074,2.8011607352932177,3.4911753018911282,2.4490655648685333,2.265969551396171,2.5217688212043763,2.439624186476224,2.617578810118484,2.4370741692392874,2.7522538229737723,2.727999561522987,2.4851919028381513,3.0922945420248853,2.7676066790759353,2.4844358536004503,2.138964381139234,2.2799891526360954,2.201542553245565,2.104132841678275,2.6860961966212025,2.4465173147271697
2.622355217600832,2.4873422283671376,2.5476746074106336,2.5973692503293693,2.5420067326917977,3.15065933828139,2.6991503833622428,2.4959623564820896,2.44256816558548,2.890138415833585,2.2073633912969854,3.1634455814691553,2.3240224171830755,2.1703653625449197,2.48920422047519,2.894167050419227,2.354069441103476,3.1136179554610988,2.7697813431348575,3.0247742186239375,3.034078842035491,2.3054142001581064,2.9866416239387004,2.4842187928582753,3.1968426735369393,2.5041028415162714,2.306203068021742,3.1252503279204977,2.9322765469864214,2.49626661280778,2.522355375565333,2.8519126318215884,3.0308307098436997,2.9451139942780133,2.9233000221839434,2.267062404232565,2.690331773242722,2.874295458564376,2.1236868798811326,3.0142474392609304,2.6628203492458025,2.2539972515526356,3.1226070175271516,3.174408940091956,2.7786750854784925,2.4168135568260687,2.766211124130716,2.5181278139970478,2.364949344768368,2.845986277533975,2.683970330306049,2.7004324484995834,2.570699951913298,2.769797706883276,2.1519469418808517,2.3897764124946317,2.7820666979518043,3.2234977250184156,2.4129186067429127,2.281906619146862,2.429626481551398,2.6944781191174987,2.0967890236283004,2.71340752288597,2.5964431223269786
2.6009067675515385,2.9812341229587678,3.0507822571145695,2.9283123803615383,2.7221258717250256,3.329929104153017,2.734878153324645,2.8705277289018434,2.7004558703491215,2.6533282833920047,2.076201909793769,2.9862452992179764,2.2488166797606843,2.3556050984057597,2.490351606624362,2.830051396936412,2.1954648517368303,2.8044827762946882,2.714215451676127,3.2755420063461393,2.741874114391918,2.337755237068183,2.711962104049171,2.091323792743468,3.141107670874931,2.682195086533867,2.2324539115075694,3.0116929520265425,2.882033073698789,2.538260893463532,2.4790634858603817,3.0018651766478843,3.173170533195033,2.777022930937462,3.1980649389560973,2.703597424189424,2.6016623059629755,3.107344334872211,2.1468914598820015,2.9198691351113917,2.5311834086866405,2.4818836467715575,2.815479025997111,2.3697538929188218,2.3437462203552117,2.621078330445104,2.8967071821928925,2.626926071187436,2.0800216869858326,2.77699571477154,2.5753568544215724,2.5960220629092596,2.841351312142046,2.548164337721087,2.6389446697913486,2.2649409853281877,2.9200197378441737,2.5857146941355285,2.1607530460893782,2.1059513211523595,2.3045323824818666,2.3895849890850362,2.325401742120433,2.7932406934601306,2.7684575802478353
2.5398781707012286,2.4223749171203,2.641385811522838,2.6088334325406755,2.169826776883214,3.1077071101850806,2.2062454457473333,2.429005051670822,2.4000724375059477,2.895258228056339,2.0776450650357856,3.086472477134222,2.1635668957824503,2.297583038528525,2.8553761172096053,2.6360724942958047,2.1850233251566027,2.8240523227929906,2.7074235415973678,2.9800353527165697,3.1072420792320137,2.4322841203993706,3.248907295263863,2.3614180180115336,3.2566307970836945,2.5803273228124013,2.7568001884377207,3.11939881125931,2.881745522728711,2.428157183851592,1.8644605239454615,2.973441706301789,2.956473007770902,2.637969986487221,2.7739138866529007,2.331166734822217,2.57646233570334,2.4183857696915037,2.0997540191736586,3.190735357303302,2.4282311541850423,2.3742674681082203,3.0604286369969467,2.8161857285660035,2.8458769905230668,2.1170210183090505,3.048078824159424,2.18498422025214,2.163127926800317,2.4476811628828408,2.5472695054780417,2.848124860345846,2.750799468084212,2.6763049854323215,2.137657551795642,2.685012020305456,2.7368869363888426,2.950198952520611,2.4886981839774482,2.207532552550831,2.240475897821384,2.3227571649315593,2.0377811418041665,2.6147672848057977,2.5960009368532964
2.4541861042395277,2.5331205569309625,2.6158308044496326,2.6098641482621145,2.437427922715982,3.2649887738484793,2.4028508338726704,2.6641492603515995,2.6172772486858467,2.718340016854372,2.4365262386343662,3.1819712310871173,2.621276791838138,2.2862956619970776,2.820657173131209,2.6956602731675687,2.401178004138985,2.853571203361597,2.9286675894399647,2.915869481784007,2.9850012379189113,2.482080829920834,2.6774546671679227,2.189169562801415,3.442626626283992,2.642289739839215,2.1999289406723013,2.834318314278342,2.9998236474741673,2.704641165103977,2.3878334968701527,2.819343699113474,2.8475225873213224,2.707707711404346,3.2295284959916226,2.4869435662454205,2.7142191007710754,2.8271585700848663,2.2162115521973726,2.9480555354384657,2.625549043008729,2.629620202108949,2.901305950322978,2.799650129137036,2.46613416447988,2.2279081061230275,3.0773646163087123,2.2363086376812595,2.3856890916191773,2.574794909221052,2.481782327341305,2.4657827999129536,2.996457869453678,2.6281921356510027,2.785180722837769,2.4013409946906332,3.17256580541994,2.9731667713499466,2.325557219003922,2.3612991335559563,2.3597985465006226,2.8370746117063796,2.2844067254268388,2.5588869466178816,2.346633953319631
2.6035553602302843,2.3262737586282065,2.3118086383991088,2.464493292764029,2.281268178451736,3.1084245214851145,2.542986443117977,2.543806135112438,2.4535830505651606,2.6899870509338055,2.2441635930398958,3.11880682985483,2.6599875227060843,2.4649853419945003,2.6226456755796455,2.862940426308848,2.0457288794036588,2.7022742024132067,2.914123170089497,3.067748089914759,2.95857806136843,2.30639105110138,3.0506328904578983,2.7154122533925977,3.2839950831523788,2.7710160793703085,2.5035769060222686,3.0574530489235454,2.7862979548600277,2.4524267983337467,2.138553563667295,3.073693624787284,2.700247923888868,2.642296887854339,2.8838069821494345,2.604854413539918,2.6440984742651015,2.8627511044004406,2.179914124117804,3.070969971659783,2.804539008902384,2.4418904619781014,2.8611366807795697,2.6347942197119245,2.8163848528988695,2.36863893185316,2.823496766590085,2.0734049442404063,2.360795091464417,2.5213193166453896,2.922932683603083,2.5508788047849382,2.6663128298410013,2.759175951932961,2.4234209581401913,2.3133680230772393,2.7080082780978896,2.6008715121453148,2.3213246857730394,2.5195623234935804,2.2902479561293494,2.654454988128348,2.234317765932252,2.617592938839111,2.5359438174823943
2.7168651848871734,2.803581112822876,2.5185797811623742,2.6584031968859136,2.326753714777589,3.340336110741717,2.362402096235039,2.574818292737516,2.658991557096448,2.849966611590792,2.134491347474428,3.3051429917148547,2.548019243862547,2.3153162811565275,2.6635608365073478,2.817928774201185,1.9855041870388965,2.971207336467635,2.7978391646643237,3.191692198825229,3.0117225233861884,2.2572755555952866,2.6490236407546464,2.2700595589965444,3.504776939507253,2.3669828125861154,2.385153471112902,2.921343329637907,2.890550697907666,2.545364986142884,2.5358136247928904,2.9729266452154786,2.761925338453969,2.8074216307991113,2.9120008121786216,2.5136973943907535,2.383246436393082,3.0234362690957646,2.174887609428505,2.989830218184593,2.6269189613286468,2.50519310398581,2.7914870158172045,2.9677212514144067,2.645719290650883,2.3911280604846645,2.828570006741268,2.2992603054352854,2.3672970082053846,2.526983833507,2.468725069385993,2.796436144328468,3.0280277989346183,2.699911217886006,2.593341875433118,2.3947404323658557,2.7031545190347845,2.3911061908970677,2.3163817449258457,2.2821858274055016,2.269451097778831,3.233237839193386,2.2624361801335393,2.822135074592771,2.5486973441047263
2.8940930418265896,2.5922242514445397,2.5792378077192093,2.6791291207522074,2.714963843777594,3.2053915226085556,2.532425733921276,2.676459892521404,2.395666443626684,2.784288291162488,1.8967037317588018,3.4919065270021257,2.2952375175924478,2.5555771487281858,2.6856850711976903,2.78440760661061,2.220270146882683,2.8225009265140586,2.626764796547735,2.9186667991554747,2.784707138490378,2.4749720125555656,3.1984977335003753,1.9864234632895836,3.5432890977650624,2.788701007550326,2.251245003821859,3.353555518841813,2.9133874103001385,2.419809812843328,2.3306087711575807,3.0176630280356918,3.01404409233204,2.7915709044838066,3.204999710382005,2.7938400379475814,2.7966738594586125,3.107676442440599,2.26957211721699,2.7546120756703374,2.5785058747123433,2.692122905567477,2.8383321826323002,2.6172185495159304,2.847293997982579,2.6431642039834706,2.927675054284066,2.4947409615297667,2.382628922881086,2.5343312487809633,2.488589413419272,2.278160274812429,2.764188955950507,2.7073801900374272,2.3612802888138678,2.1898126632447603,2.9042988243551378,2.609478583534088,2.158231561293562,1.9876968490926405,2.106145658911981,2.6430831925951264,2.214170060568709,2.7904260260137175,2.669328619033028
2.471970313019871,2.833102679772793,2.3947421956984036,2.7564061705438996,2.5736439202011216,3.228862702059588,2.3318946262025992,2.267742188666175,2.3464053209727753,2.723069553930967,2.1988338117245165,2.925911971325971,2.3631749798645076,2.3265165587642933,2.365230909049024,2.73548451259791,2.4103939701951447,2.9855926512526634,2.660312127735447,2.976172266899059,2.973048971128226,2.2018662208515565,3.0643898037422805,2.294459609576746,3.1149786281095415,2.6745684566584744,2.4344423891553415,3.09798877675182,3.088832202043213,2.4040476899731686,2.240363144846291,2.904695742256664,2.6026500171282345,2.7022859716807193,2.9446990840535894,2.3018349041816557,2.505539719549191,2.7091913422740572,2.0941499997007362,3.1175119147686194,2.6389239221067187,2.276431303303441,3.0533946665689786,2.3421592271360034,2.81006325948643,2.6684443409064165,2.616884833147985,2.2018601546751757,2.3083548467109165,2.588306913460286,2.758874898888663,2.6077554864365355,2.741913611685927,2.909312255800722,2.7522128364416782,2.4001245290390947,2.8266955886212424,2.859572543277896,2.378044465589465,2.308504127983137,2.4898467193050995,2.8176014624594194,2.5566937206097133,2.580820999970555,2.5007527150449707
2.816320585874919,3.1071880263402507,2.8837885862572388,2.5277357026061433,2.2855951974656277,3.1332064935204147,2.517550044525827,2.6979733594409048,2.5457564807680977,2.911060179794942,1.9487664243727736,2.910315851226348,2.2020254451644545,2.182481202836472,2.744858655627039,2.624363249616267,2.21641864204564,2.8511023972669913,2.7245230794854662,3.119086690252856,2.867968447210364,2.1813304959773485,2.5569233545143057,2.4120157509293825,3.2245513372451624,2.769715320564835,2.5637666417543916,2.8794852872826042,2.7660515806676953,2.5789509269480155,2.738023267748154,2.8998358892778637,2.771828295496451,2.739453585655999,3.0783738044345563,2.486713265625999,2.4064890758808657,2.7889484362759647,1.9230816302281737,2.787639809294072,2.6184344076195063,2.5541353802005884,2.9479444885279293,2.6968453713653915,2.8462290451465098,2.5115834210413968,2.5367308780704847,2.5164363925131474,2.234908173202149,2.679615603616138,2.7236545872829954,2.4245002576299934,2.82355804502231,2.459379810409051,2.6450667013024556,2.252617698794228,2.581877794173352,2.626949737599033,2.2310758593721776,2.4375025185454664,2.0998730516444217,2.728446520444951,2.30639868672726,2.5159912351595373,2.264502137639277
2.6383250420405924,2.8354431198652175,2.5085032433212704,2.771833148474735,2.5884419978761124,3.133636107544871,2.388912629782539,2.626993869642468,2.547944763422933,2.7055176872132267,1.7437295093122862,3.184762311739257,2.604954082911426,2.209542998985711,2.9962335843683268,2.8539422879371474,2.3879296533525487,2.944776170974517,2.606800611741213,3.001394985966076,3.1592449422387565,2.331927108128545,2.961247397956714,2.446763794678584,3.2496081088345643,2.907524906423318,2.727117769279827,3.2969243222459226,2.8092865721190856,2.552059186190195,2.2007181080426594,3.036449968494559,2.755986527372548,2.7340777555105706,3.0978752009438564,2.3597105153820572,2.5632370206020414,2.7773952367518686,2.115630528763498,2.9374175993685263,2.762108481878297,2.4359264179848594,2.765572572592938,2.622144555772462,2.7938783354764407,2.477977522588981,2.7120813357911553,2.5490719375319437,2.237844007110915,2.6921142045276225,2.616662367905506,2.620759222062855,2.617249812057459,2.670831860566542,2.3894167483798783,2.12308126280068,2.9980539455773676,3.1610061102919853,2.2170891814564975,2.0462748592529527,2.251903468848077,2.6753231875970718,2.037466258835672,2.5973771961157976,2.594035556245478
2.8974884578684548,2.9041221451408017,2.5693700858784876,2.5291332624724374,2.6188571054208993,3.069224922656704,2.429183890737606,2.7012486703706573,2.39445876156663,2.633801615505808,1.7912080847454805,3.1341376630922273,2.4504079016931324,2.316771843178878,2.6231283760203583,2.985245186709347,2.2504305371867224,2.6300820774374256,2.628846816384605,3.2575919189597204,3.135100156282282,2.4928707411743956,3.087442759196474,2.328228222254034,3.227907865384146,2.640810876128794,2.1472719122509982,3.136694619806674,2.7973652526949344,2.3261448575828645,2.1178872603337204,3.0005933544317647,2.883927273821429,2.6280317895634715,3.0537491854148544,2.6778786658281613,2.5774212484886005,2.8746815845336844,2.1034988340272407,3.262402215121953,2.8577715033198903,2.5558294429681414,3.2986462654589355,2.7084641171939676,2.892277232959283,2.276542014032835,3.0280715725274145,2.0588110209285073,2.4438150771175837,2.534934561707421,2.683945475889913,2.412311123341501,2.678153550322911,2.5900814592779207,2.6584176103458614,2.102619576086762,2.7029832997212817,3.0278488609814502,2.445870747507207,2.6347595526987235,2.26429365744536,2.772244214518111,2.2720574239936844,2.9365892777237455,2.6729809662470947
3.042951285331729,2.9112507147582822,2.882024401094845,2.9712219505578594,2.5842701516010607,3.0599191879314005,2.6773884771996133,2.9479452867947864,2.362225289374278,2.60767179603888,1.9611851116977272,3.3562581648913614,2.7784847771730004,2.447077593718119,2.911930077899592,3.230901722626972,2.2813765177829484,2.7984546600353104,2.561580458586039,3.4160233191694944,2.9081107134048336,2.5358633271371556,2.7551972163224336,2.569287866600251,3.5537389493914184,3.041508435935752,2.2915701158580606,3.1073451674559536,3.1072174982041822,2.5353337857813605,2.392246933421708,3.104691700184877,3.0056231735128485,2.9016750178582593,3.0153450596777267,2.9050486026922737,2.792682955342089,2.9233925409290547,2.46328662871553,2.802275606104683,3.0601613757511363,2.289576679202941,2.976982868445428,2.1829736712597847,2.3210824693758103,2.859240955350239,3.1096238483864704,2.3522537630792084,2.275876443759218,2.5931148128689663,2.688593639312114,2.442169982904247,2.9705047169084744,2.88930047345587,2.3582589325321925,2.0438535825469724,2.869672611135631,2.882718123898185,2.2802336996365984,2.2020019425991646,2.3242493676934615,2.8383800778077255,2.0773567842519096,3.022793054814773,2.5295672584081155
2.773676246001382,2.919437094450739,2.8369072272464932,2.4548854015373305,2.159325965945479,3.0789294784969283,2.257409861158342,2.4660177005270656,2.382246317047945,2.46642290133241,2.0651821226312674,3.641991718096934,2.0674165671574243,2.6197516048993075,2.783051204368285,2.7947289269655387,1.976783526684438,2.704376845302679,2.5641397584746755,3.0865204939667588,3.180345447619298,2.4596758235746607,3.056384604907438,2.433293268090042,3.3016708190629824,2.630861271991496,2.456394900262437,3.327164997523379,3.220692253526764,2.427434447916499,1.7206832233924192,2.8232017092835138,2.966194730444183,2.5619551311187148,2.984444547483039,2.4721224277013363,2.992273423058599,2.668144209211991,2.2967810891928684,2.7167971946285934,2.7407912980151017,2.4902494909577824,3.038830018241529,2.681249048803632,3.098266494284735,2.434791545592505,3.1059009563235893,2.3303542393722383,2.424959827961342,2.7861649306648166,2.7734214671204813,2.4241489874517526,2.546751447640998,2.586914287015446,2.5291415505546633,2.3923514608700582,2.9030144247744616,2.8875624439066017,2.187018321032353,1.7077939299353087,2.297888934556212,2.393814980692057,2.3906999017103305,2.733182586817214,2.3884017596090694
2.725948361210789,2.587560544770858,2.3633515580412277,2.675855072310444,2.3471586681051395,3.282700886448692,2.4132286081336307,2.440470666357477,2.502725225324253,3.164847515568212,2.196511954431013,3.411145083264812,2.3913151348946866,2.415516060497127,2.56844449441555,2.4804155265865098,2.47135926016261,3.1001291911378646,2.782661690166435,3.1190825532931683,3.028448435241621,2.4188005581889556,3.1946177888945417,2.3279127188666258,3.2726639642182853,2.868842296100723,2.711482637882325,3.1323909985169567,2.965882457115535,2.3138270312908333,2.4996929056168216,2.7985596505654136,3.0723248710267765,2.8798649891637504,3.0284297089782592,2.706913393926368,2.4486826855267916,2.8363305381576094,2.165274433864812,3.113743096733425,2.618656759938069,2.5394874160456813,2.9163063503895437,2.6200353262546745,2.6022217306411917,2.5697150822980723,2.5536821857805374,2.3189895181675317,2.2708128159706087,2.948428129867678,2.568666452982343,2.4710284653707975,2.6087242013172074,2.620092108065761,2.2884130077891625,2.127843393898877,2.4540641397220857,2.8388784785105603,2.4424658295488677,2.143418377989925,2.325907037379843,2.8818746354784466,1.9799833157937732,2.7208701593552838,2.683056641337015
2.635073138962851,2.446166766478322,2.5383372421298884,2.363906684738809,2.350519944058613,3.1748997749570105,2.27884317191306,2.5643533303088195,2.3747384921099814,2.8446042208482734,2.174674807802019,3.3301596490336265,2.970761883777057,2.233761495282676,2.630137867439776,2.6492792145672857,2.214077140919788,2.842852440676356,2.687664519166308,3.202299321988612,3.101681496763052,2.3942565218736838,2.765073437080263,2.6666822776621,3.358870941680907,2.6104771639198563,2.666095126078218,2.9118310803766385,3.121430075789664,2.4043316485098427,2.2965060698310316,2.865708322162457,2.9604642055085892,2.621120315195493,2.7662728712317817,2.719732532788853,2.7022989488085702,2.8343883024827643,2.404734962109697,2.760238679355639,2.6877902598644448,2.2776470905275574,2.8510452424127384,2.718681771404359,2.714211410766822,2.3688478745302923,2.7323032971597128,2.31051024528343,2.0628006279468676,2.8103520982542385,2.5828332847977125,2.402964788748169,2.826264823169544,2.5576585918342354,2.1495796810336967,2.237477700613545,2.582999650397781,2.800275455728291,2.1416818013043284,1.9560233557103208,2.3114122883222024,2.5957649609143845,2.10716215205181,2.7208617859230624,2.5747036606663243
2.656011391323076,2.8459423296793593,2.4302537400849973,2.3655310310797253,2.461228436287244,3.2485475676030218,2.6778130181795,2.262567585751898,2.877861734523238,2.5455426637093144,2.3561611470381267,2.911132052565119,2.7334817540957363,1.8991210843432464,2.807870880111123,2.9666545522911583,2.1622811265440878,2.8912611018435603,2.6959812545983217,3.056451590176611,3.1395505416866833,2.1448273242252562,2.6541868328344593,2.3332499052600992,3.067329699650417,2.807992085604316,2.363170793686797,3.1871604450888706,2.8003040160729173,2.245227336640271,2.2911732559767284,3.0339244905166507,3.009684257915726,2.665576597508468,2.599427263972158,2.4273350791894424,2.260705841755647,3.052550074610664,2.2264362581456387,3.0895748440718163,2.428654864623979,2.48158760337893,2.7898564238230423,2.123994556834693,2.8211921496528527,2.440875486481479,2.476362568969658,2.378931142461624,2.280563844423789,2.7005111145848395,2.935724863612761,2.1012378455370473,3.1408313060036295,2.691871082616596,1.7831563741203433,2.258046569407191,2.61311530198298,2.548582504866269,2.5247157661118327,1.8584541895680866,2.500662697096052,2.3940654884355057,2.4510140597947636,2.7341718988946995,2.7157015110991334
2.9658673649306837,2.9043369292487564,2.485512099470586,2.9337007341051065,2.5573967425390443,3.1085997498361104,2.59539327392066,2.5576326768487037,2.4750202318078305,2.3169101150577616,1.8018064519857748,3.411870318084316,2.589917163196668,2.5612962916889623,2.986795462079305,2.9816125103604723,2.565525994986864,3.211252123551436,2.568081597743618,3.359705517653484,3.088898384379283,2.4784610008591854,2.858817361589886,2.38504835510628,3.5242257795845786,2.7564533020907644,2.200624684606791,3.5609617134855607,2.7856476962538776,2.480936712461373,2.2736912222498047,2.999576609198764,3.0973346330983946,2.726184643838941,3.096341608932749,2.4283066770367534,2.7633785332570766,2.976527230665674,2.378192355370976,3.0331740566867396,2.6818302677386336,2.4594475058830683,2.991234497112468,2.5904156794541877,2.614991203597525,2.716576261021555,3.116651349016074,2.4360619715468528,1.979615926651363,2.7220850007326503,2.7071642979530446,2.3877365308361727,2.5597889512391423,2.4697726526149575,2.355956030719026,2.073818451681919,2.5603555353899488,2.719768530996681,2.5260875571112233,2.2466860613986395,2.394308997782957,2.693986431292343,2.2520691896463156,2.7632351151645294,2.5687755939563135
2.380710912139375,2.4255922460428105,2.5118752092324055,2.480423233044496,2.0632720999479575,3.4056394290556886,2.1440274673571054,2.284277396333498,2.417829127757334,2.7931959226597276,2.256370806341103,3.1561140716293643,1.977258395762169,2.169106418424209,2.2538179467345265,2.594478103868791,2.2371987345447844,2.6230420317508996,2.7510161278226866,2.7952874746513126,3.115638202767572,2.297381032725684,3.0063456474451065,2.2637343906595513,2.980595474023634,2.32403874785415,2.3730288213637576,3.0270726619468378,2.765717751460195,2.321302496148615,2.2235599611922843,2.66131142720256,2.5710393962679343,2.5050148601937248,3.1176333345381875,2.273565543701473,2.649821897027355,2.913275817741333,2.1782482886953805,3.051033806355425,2.486661031042647,2.272143448391224,2.9844540364792014,2.7951500913705516,3.080704806800137,2.837488635766985,2.9739408748112144,2.161904143316551,2.4439611438741644,2.6878192592861154,2.5456059391384227,2.304367314355064,2.6592222299920785,2.758030320430945,2.577292647340249,2.1577284018622684,2.44909586013488,2.509507362340198,2.3042367974669378,2.2886080761718848,2.548450080553664,2.1105845219392623,2.2837190941099172,2.8933802979812557,2.416394575198113
2.739485169739981,2.8210183888586515,2.6419658566329502,2.5867403916973712,2.323632493152298,3.2582346131883835,2.726963353500002,2.3172013432809906,2.1391065115816685,2.912748370133764,2.4079654900033276,3.2667131525203597,2.6016903486886784,2.2067821604763758,2.5195688526625406,3.108469938392083,2.153340915150848,3.208672218723336,2.8733066446510205,2.9768863538481423,3.1670665834102802,2.2641988635070778,2.9682020098470367,2.380633069995542,3.271522115355403,2.729792587971651,2.6370156476384987,3.171915896680262,2.974146633622186,2.463809635613384,2.222529532248007,2.9216195449625717,2.7820969277196674,2.680143352992469,3.0063987254509437,2.8280639348382435,2.5060428504366303,2.9783300118637097,2.2385986550038592,2.7904066222945905,2.63239348513454,1.9305911007561234,2.7843266963410254,2.5058639066630755,2.539943040028237,2.827062951170343,2.6500341162132903,2.2225377346129482,2.512615637911948,2.640787955238216,2.6410953466802036,2.674068968693931,2.9778163215907187,2.7551892854390037,2.458098423726309,2.1906635316800434,3.096439523632482,2.6546837662718383,2.5524008776918774,2.5238186211069498,2.611185448813689,3.1778340410216823,2.2834964976835,2.5710493634969556,2.5454055402107856
2.629387045843757,2.7466277824632837,2.623639361602831,2.448785216568056,2.7979396669206587,3.0050929784491474,2.441474546981275,2.99357686332117,2.3959891462975795,3.1904255965295785,2.302304608524497,3.530602339346918,2.573395722325965,2.4554799953581306,2.8963397795158197,3.033509005222963,2.5914216406835964,2.839971349490381,2.7724099204477,2.986684429865192,2.975847448879964,2.500649227186827,3.590149150617193,2.455098395375083,3.7029710391045105,3.103560424245346,2.359606208759288,2.9496224861827063,3.18289989275723,2.7020426552919217,2.3927190096309547,2.9865423110932836,2.73670368448241,2.752219392685583,2.9492925930207843,2.375095940263198,3.019837345174255,3.3221873529707286,2.3073914240593965,2.8175309030193687,2.7576956302320115,2.43107779450796,2.888415086532303,2.919299397184007,2.908534901409808,2.483903875922706,2.689894771114078,2.2585931454873553,2.181668875877685,2.7593581831763054,2.955352498414282,2.5172943131010848,2.694030945261872,2.95419800933693,2.5368159905217693,2.2742328225149384,2.6459643423026056,3.2715439940732516,2.4511876089589015,2.2262535891425155,2.5056008149639406,2.9901313415597692,2.332134952184744,2.7552412810460427,2.5264207207988627
2.800238789005235,2.898524947201186,2.801361073476574,2.4765488142496275,2.557533916790039,3.1753814184338878,2.4595234747435297,2.7343543996941215,2.584434879971781,2.7508988464540858,1.9812701206030146,3.4166901393220974,3.0275039991057304,2.12160261796633,3.4070681674742316,3.0904509930087616,2.46806651587634,2.9313699965594333,2.8735526637785545,2.937312741835824,2.873308677441455,2.3175604605174955,2.9055624213619793,2.391400152856056,3.436170461740489,2.9672726324254417,2.1988631777056833,3.420105543394607,3.162334427932412,2.778890392005236,2.5311440054053223,3.270599084351213,2.6940765968320246,2.621766694102863,3.0930764863197346,2.6418040153857203,2.6636275508866003,3.2518867371218096,2.380977117617225,2.6428218045835217,2.7345279899698864,2.5081781679876287,2.907044153195171,2.7187259415598843,2.6203762470681324,2.43874355148522,2.9862200045173775,2.3854383242942023,2.1709971447968885,2.8122318082092908,2.708444366290559,2.669327229243599,2.8214703524101137,2.6694991945833677,2.620625905285416,2.54082308297214,2.6560401340244657,2.736410098580346,2.1575676676460414,2.175165996108639,2.181763664267169,2.938025470587154,2.062495173581583,2.6600625777102134,2.617797792250414
3.073523575580766,2.377063178197361,2.7428213695665287,2.435824266883749,2.0721770572871905,3.0361180260630305,2.420545774702605,2.5589215038895543,2.672765229835456,2.652504180141338,2.1336740648275403,3.3831343714900135,2.8418453901651244,2.5066130793715637,2.7214331442465407,3.061612225743366,2.4921694327083177,2.8583322006601044,2.7442126472054698,3.1977048904224183,2.91024918936558,2.5337951874764055,2.982313879113522,2.4805706014445845,3.3662591008321097,2.9463334715134635,2.2833434368109033,3.308121974270681,3.187188066924986,2.423441005195952,2.3474504764997777,2.9248843852485673,3.0579363426027757,2.837218089255415,2.9836747557791363,2.8002829057868692,2.72001292837346,2.693770327740014,2.2831377524579315,2.8487376942359566,2.7909154358947372,2.527812820602781,3.0281664874515384,2.682535550057865,2.691043848098183,2.5583100484848718,3.224173676974023,2.758129049301061,2.5637618245173495,2.875802542065965,2.6093460117596066,2.707749343561864,2.557699475968476,2.455483161442343,2.5165564017590403,2.479492479465063,3.0117687847176593,2.792155032412834,2.491358566442279,2.095425667094626,2.3438260977040257,3.0810075115104216,2.3652366424828926,2.884618646214598,2.7974341151902187
2.8199051342258183,2.5641289966135408,2.6481055309940364,2.6531098251460805,2.6880186773679915,3.047824327871322,2.525939025563365,2.9884017575549624,2.4707492639159736,2.581120582576107,1.910782839074567,3.2970850636351368,2.681157293996697,2.5713942413125004,2.7594424931516928,2.7937273991178047,2.425376772413498,2.6880518776294466,2.9759496987099827,3.0480258949713437,3.132300948645771,2.3191843083655086,2.9732404800029677,2.8012328810074756,3.5097457803984877,2.844952841718237,2.5404244784751473,3.228430335478141,2.9996352408772884,2.3963987029733027,2.3598837413654494,3.198612546379086,2.9266731272460547,2.79304452858925,2.954350757143862,2.7281812524071607,2.8208112965080896,2.714288075309377,2.2639091365335653,3.035755662064302,2.599530249060266,2.453342754944699,3.0754554198814055,2.817753082753713,2.4735044542429563,2.6044649634176715,3.0056105060845884,2.1345560147630533,2.293302528523774,2.6961654094267615,2.5988875717371243,2.7824294633347377,2.608351212280826,2.534064960302178,2.3276436328520154,2.6263815097951144,2.923140313786314,2.7527760512160016,2.5691037289058793,2.3156995679096415,2.441002160186248,2.730415420083276,2.1295900037385294,2.6234323932325796,2.6947626259089303
2.707717886560052,2.6962812166554135,2.571857160798766,2.8205904406400806,2.4687583030005977,2.8992463264874084,2.435269824958596,2.9295434929191178,2.5401615860679505,2.776907441599478,2.0035942824829593,3.176701953421802,2.3999430390087597,2.3523865634153878,2.5909369238414603,2.721718533982406,2.6000332505876944,3.0855298438969405,2.8372592962110015,3.1209791226180466,2.8947698724866893,2.287904242564597,2.816199430192588,2.4486788405273963,3.5479256982327203,2.702615877928036,2.5718376081480403,3.2145802721263137,2.6601420161822507,2.4522160668511144,2.887222208932419,2.732328951283404,2.6391645196513753,2.3641316538916155,2.6900598145348242,2.3551148885682682,2.6393147562389956,3.0325487491292655,2.137322847941958,2.7024342538653445,2.386842616444113,2.2962022747692696,2.711491251965209,2.8044562606359507,2.877159392807803,2.7421152898489494,2.688355239614644,2.0504370729924566,2.186004967303674,3.030958408464436,2.500847787338641,2.1902524770182605,2.7804621213246783,2.8072616248386675,2.3604559750214578,2.52270956724291,3.1072191529556124,2.914609376028567,2.23751923736379,2.0744822670114225,2.485220109592808,2.723666665999169,2.2998860251962054,2.824373576007179,2.5939757048512746
2.608769024917733,2.6255331402767688,2.8653723227502654,2.4328041722403166,2.2329625253385177,3.205588576509034,2.452956573794307,2.3644113837971905,2.4379555366320864,3.3671175741735526,2.001642803108837,3.3334684587033303,2.7949625228650943,2.1387433264868085,3.2935367867476617,2.9503665682351987,2.380737583774873,3.2583500156826792,2.7431002142652843,3.0870478720686876,3.0254627173177613,2.469615444210963,2.7092519058635713,2.3186843930456864,3.197303330760735,3.201264697998764,2.6878086056265085,3.1854048835133706,3.2089012714483798,2.4770512372480558,2.873471970048735,2.90902644218593,2.9502269944864072,2.738043375722441,2.9434705155696927,2.274816232098217,2.583497580503791,2.4588500233573565,2.216278046870599,2.6929253355329443,2.7415289245347263,2.250326496224076,3.08650379785615,2.580857687788041,2.8580786200378654,2.656781281998294,3.035024733538638,2.319244427938372,2.2839054486498096,2.9644967228697285,2.8103320250834014,2.593374320746199,2.5851653122582934,2.509460050128886,2.620703335589096,2.3662184601327088,3.0464417680123304,2.6535610003865178,2.286959822044378,1.9656363141044695,2.593605631692087,2.8399350081319072,2.1186461728033015,2.549436545280792,2.2691892494971233
2.7682420537406442,2.823694921820098,2.5857136585348086,2.590935612135921,2.345751430750669,3.3763746106480785,2.3819334287421543,2.2780275470705864,2.3462871156646283,3.16958414822134,2.0267129312762955,3.225966276857382,2.076159843068658,2.362798056356251,2.3064923341665398,2.9589699178059177,2.491126961373101,2.9559448470939484,2.5847934283811127,3.1464148040787814,3.140140544992386,2.2210729837284044,2.972214352034022,2.1935135568533806,3.311926073966271,2.6642815183830297,2.154987531752502,3.1170534308602873,2.9792799060820223,2.348414657595274,2.396550803972436,3.2989258808184774,2.9257931730586555,2.700523947576813,3.0312499185620254,2.9618146779857017,2.302068157996599,2.4833708528134073,2.2292573279012413,2.919480134208167,2.720639448875155,2.470678823457925,2.9664673777437383,2.7539328545534074,2.784593773088645,2.416484691728708,2.4400672501116807,2.0701115601106492,2.5736643846538745,2.38133909783653,2.733045260115183,2.2449558941905545,2.6557141616307245,2.614844651056551,2.2608725665446965,2.2799921567191745,2.653031898000401,2.8308109757615174,2.3697811115548904,2.2092413272418034,2.3714973948947766,3.0841362673857984,2.042486739434877,2.3957914439629704,2.775418448402321
2.7379850668645314,3.020254315234513,2.917611519701374,2.8271945041878284,2.9300652060565326,2.883251352197979,2.6476633654105735,2.8414387992972605,2.6224635384263415,2.0742887854631924,1.951434327502402,3.4451769420582106,2.938027603717882,2.6598364168304562,2.835419623957003,2.8583702378679496,2.550947875027402,3.1053833956975674,2.6757203802888148,3.2180964355489987,2.8292200682272703,2.584733379432914,2.454286633153817,2.177904530852137,3.428938673510646,2.7636968326117026,2.0746324798831064,3.209856509021352,3.321407914235142,2.583522288733158,2.5242121317470865,2.890968865819744,2.7632465992020796,2.902708957856851,3.262500072472705,2.7914377074990684,2.9602095182154895,3.2227607109266065,2.1459520158271235,2.725833853735328,2.6798455422119196,2.80233118145498,2.8951983012030995,2.677495557786885,2.6072635739714127,2.8719515437967016,3.0668502310768506,2.332512838908632,2.106233770147033,2.8049694953083657,2.9020805360804562,2.3280140349551086,2.7341715194338083,2.72727711811042,2.8575473232527537,2.3737081444920203,2.813984502768574,2.489123978510898,2.137594854477915,2.255577156165065,2.3920025469182042,2.777573788784805,2.3983695674155388,3.0006187756515654,2.5532510349224227
2.8228312805430096,2.478278927144449,2.792061417435041,2.3456941655590544,2.485141265318853,3.0302298013235878,2.6892187486044943,2.40032307819337,2.351779137622585,3.0156237972246034,1.8556876193306602,3.259703042927961,2.4904399818912744,2.4509224148384927,3.0498054328090123,2.848000420613271,2.3513580839702155,2.7544824468296225,2.825163970864011,3.16093933929053,3.0027737593399544,2.2265690557442546,2.6080960723252185,2.6379070129286415,3.368835525477489,2.965271866933445,2.811360637374334,2.9902723857359335,3.0253267806404534,2.279501840020773,2.4432484870477573,2.691042736910912,2.967529660658211,2.830035356550999,2.986155179667121,2.496781970097524,2.694319587200597,2.430235684110003,2.0771520225326627,2.934626047140726,2.4841478670058548,2.8762589520929844,2.9583403395173664,2.7380959991944085,2.6591788359308937,2.066828623110665,3.1138704332731413,2.511038096365524,2.309073224757843,2.800048194034527,2.7660243442545744,2.6142990605003376,2.3907472398184852,2.8164560342039873,1.9520957409819346,2.593234678344755,3.0284194589394713,3.092827933681157,2.069215989600923,1.8715351548202661,2.1827758525006336,2.5255633105022777,2.1717444232182745,2.6745949246043974,2.8419940206452634
2.5705243421246218,2.7530577411543318,2.11071775323857,2.4310113355071357,2.2742671400121393,3.174229520303518,2.6174947870372445,2.491496254856571,2.347522602722607,2.6667552320314414,2.079387829856191,3.0049270869812945,2.4424312093219385,2.4368316678986415,2.4395383457552193,2.660515876297241,2.312277329752001,2.700370591195808,3.0372151708968125,2.9592810545043307,3.1606962030423618,2.3444235817966987,2.9677020183636778,2.5857392678239615,3.4611707292113674,2.561990807993466,2.265469443913409,3.0306467410599462,3.0934206221796425,2.2777706843894014,2.1793108485829737,2.765420852550174,2.941950279992139,2.753898945232857,2.7111250308145585,2.6989147490309593,2.480087124527868,2.788469284497717,2.2472871241068035,2.9507032535406443,2.207249746386017,2.290706742946556,2.8362177826775627,2.672402055957977,2.5489296470218887,2.6361714880329408,2.126957954027192,2.2529933606283095,2.4558267538993444,2.6653563650609797,2.6873349810496765,2.555239561854488,2.799565098643859,2.9496507559259606,2.013351496587858,2.3883812756806373,2.597829369889792,2.6439231661139764,2.26459228588635,2.2143312585423387,2.0770577370755365,3.0354316179444143,2.142079451905403,2.75268922838166,2.6207529978644204
2.8103253973058613,2.535445569986161,2.874008498286237,2.5377599703873033,2.63765573392803,3.286858688600172,2.7400452894810017,3.2184973785026996,2.4022175816047446,2.691710540929078,2.2098660326186734,3.418547263658471,2.3917567138306244,2.4699818678006427,2.581512145984149,2.606168634097228,2.2360597784861476,3.1511017018621947,2.9473686936053474,3.020484689694339,3.055715558493498,2.4077861866333965,2.8658569455723644,2.469794979654007,3.3229698688984524,3.010992845671516,2.523524718380145,3.1631989675601706,2.880599716083707,2.2446040795502467,2.2033612973731413,2.6818067365597704,2.711775681117333,2.810205338315253,3.01278869382049,2.6333805639717527,2.427283572026925,2.9656307962458155,2.096223493295571,2.7484335110435287,2.3266568803208156,2.6406422971910257,2.944900741005319,2.8967136696759512,3.0223934680909474,2.602653924835182,2.4069843182680395,2.1291469560146314,2.2421408095312123,2.855398275712002,2.8788280648439004,2.6139493269525103,2.7580492727730395,2.590227163656369,2.5360081859224746,2.349310688546266,2.7338842157371483,2.9277883539196567,2.5371344019159925,2.3101969618444023,2.3378072827709993,3.240909908479013,2.307070026355562,3.0186100470571953,2.4009058962445438
2.697852549402128,2.654969112480836,2.4316529720881888,2.4451052910509543,2.26351300993102,3.20204920017891,2.5217481054163833,3.0446556731858894,2.303916638034336,2.891151201566376,2.1651751544321423,3.186201387037904,2.575386801996534,2.516828362729504,2.4654356093938765,2.832238102620389,2.223119535854375,2.7184042127424837,2.8413992794274083,3.0658853312758665,3.1227163058491456,2.273163326065278,3.1550616067413517,2.484012582978463,3.5110800896095644,2.892590520729431,2.211098728939296,2.79020468987437,2.9249316212715497,2.5464701424588783,2.1595811340807884,2.993351332067409,2.9333169368204146,2.7489532137682082,2.8348568903100047,2.6712109013825027,2.6982995861246932,3.1763772920932505,2.087727304862562,2.996508844014327,2.2327218497162042,2.71751829009274,2.8679996853299756,2.7554111736574196,2.651927568327574,2.606803969271177,2.654072669685661,1.9407521648283361,2.432227009803354,2.7093589125696815,2.7428677332542555,2.3984669660090074,2.68310743554122,2.6636341423592844,1.9052560867424118,2.27617535596139,2.934827259169677,2.727917193598452,2.3942319645513983,2.169460285226856,2.3252506428038324,2.553776914955488,2.2367897865421322,2.6823320968558964,2.4966552008182683
2.739902858694877,2.6881665723655046,2.68941212899807,2.4614336503277885,2.5124931273017888,3.049849499794009,2.6224729211162447,2.4856991655418517,2.839939087071134,2.4378677486905787,1.9675837959673002,3.561011799867308,2.3788100092835354,2.750813400484089,2.7997187018478016,3.2224286886214535,2.36004861757595,3.0579514813121333,2.823444064383689,3.2496949828982693,3.1506905360418664,2.3629011416271406,2.943504829934064,2.3261838671164443,3.6006961622071123,2.789672707644275,2.2019170273728954,3.025797260397892,2.965827439291285,2.377360998987386,2.6045997669694683,3.093176339413142,2.9375198176258226,2.924238692411189,3.335278499626338,2.4012201943250258,2.824331627257493,3.188978239058179,2.285994664055975,2.7826381920821834,2.872997142853797,2.7974751933011737,2.813276938344638,2.7353635304469948,2.8337690913615914,2.986406411843018,3.0393165987133037,2.6987354689130276,2.4222979779795133,3.153507518982602,2.9999394682543423,2.474476655912866,2.63744985450349,2.428448092806088,2.9053928430007923,2.3412580529399207,3.008501651493916,2.989092510069422,2.2712071955302227,2.168436386322312,2.2408924048507557,2.8881415148929532,2.5539283806467536,2.917612486078426,2.701755895204319
2.9643925554921498,2.3803472441718605,2.49969385622664,2.4576093036421813,2.1464876835255544,3.1297487223842144,2.616388526889569,2.8194530187983955,2.8056646885992866,2.5819877798533724,1.964049470389117,3.2056923146697796,2.3364217136427397,2.5637739422826122,2.7568383436157586,2.823956118160082,2.419219488137032,3.0318557407295077,2.6381543223586883,3.153844338423623,2.867093343202734,2.296115878961951,3.078896198966122,2.692501233834653,3.4833217147064883,2.554674435646276,2.5997808096273194,3.1324648360474354,3.052953694910378,2.795501774486981,2.2258376921058436,2.7965386209309724,2.735012442598885,2.8029164383641927,3.009885646141314,2.4069311207261013,2.910881837018745,2.925875897815113,2.136263174820072,3.2915164761338858,2.3265868744919254,2.3424746057071277,2.9890742917426856,2.7748532664176198,2.7887863489615783,2.4799590443521478,3.1435876727858547,1.7991942455244085,2.2636293020461267,2.9096414034036,2.458741181660146,2.576468140107609,2.6997983198154736,2.6520337543039467,2.0238174244561984,2.6076190211508576,3.0908257495671525,2.666572263318308,2.350249959292143,1.9344503336866619,2.5871696352981726,2.44380732695543,2.3749655294024468,2.8248103762536556,2.504657822410594
2.709495384883553,2.9538289215524594,2.8400244577831577,2.507322586880663,2.3799495080828468,2.9291481112011346,2.5686627774135427,2.89777797648791,2.4592560308373446,2.6375296622279816,1.8977840883030885,3.2428344298030365,2.7222374871401622,2.4522381696120465,2.7988118621625113,2.83508389904223,2.017053106037513,2.8527133571059977,2.9300953319665592,3.411096509391571,2.7639137874889923,2.501005067038738,2.5160517861518827,2.472712856369462,4.05752631389016,2.9367340221027316,2.372573757950046,3.3068052961078025,2.9723067388772497,2.6054073880496014,2.380254733039606,2.9724016597646306,3.00963218618873,2.872282043918149,3.001732397577459,2.372034437074926,2.596465867438609,2.7206077288371247,2.4397394858746324,2.847875635805522,2.77053437246723,2.5163804592824155,2.7943787346724624,2.93598643754426,2.6104735769336282,2.378253477388897,2.9638906215885976,2.410263799136513,2.6890059488912934,2.941713837936315,2.6336179853262993,2.7077634163125706,3.000731922286681,2.5926653904246493,2.420663350381187,2.1928009053665956,3.4813954155299083,2.5804322568125904,2.115727932467066,2.0346468978115007,1.9131442455106216,3.097636956918329,2.2091856877460314,2.6617790436627082,2.324240539533655
2.707957404945827,2.791608832669718,2.253900544580454,2.649427336409415,2.280437349902607,3.200405729645895,2.615910410291189,2.4350335535016554,2.4112850498278218,2.8764734838034305,1.9381652405004115,3.1669188898900926,2.5934829809844144,2.124513902120309,2.948183100251744,2.751120285706171,2.1440660305650536,2.854232468928423,2.71468718409004,3.0758396333043736,2.7918281052281517,2.313245734836754,2.9955140008597367,2.5995206769849655,3.633204153436851,2.9670464764833007,2.3813032685664925,2.9307392828634535,2.739368369149433,2.597950450728262,2.4472520255038783,3.0095917216576757,2.8025239490800686,2.665710910449687,3.1179270452443086,2.576688062431089,2.4876307443871366,2.9438034321134663,2.1855679174951135,3.432807109734787,2.391251852612266,2.5505027480720655,2.8413225098640114,2.909038608119962,3.0414338761232274,2.79363150918176,2.448948546121216,2.2213847906821695,2.354153949185614,2.8043157884461682,3.1060063425589592,2.65225757840056,2.5070088994563937,2.490399791466816,2.4887657489789325,2.8112849772184676,2.861460737926501,2.683605840636479,2.554929250473646,2.488416748312782,2.281465099137171,2.9433266392746273,2.203963356154495,2.8457632495364593,2.554552804026953
2.7270734927560123,3.028002970275965,2.6333371723165535,2.5343787870937766,2.0980454927118184,3.113327291002827,2.3935572968474883,2.787242419447035,2.0806861629307902,2.8415765615988926,1.9409305838919644,3.310906801972031,2.5897817674478443,2.4694897241949207,2.414925708688617,3.0958783876558287,2.5076517747178855,3.202640012022367,2.661891820105803,2.866003712317058,2.9553959325552226,2.3755425153122776,2.613606863697743,2.3697428249942485,3.408875674349407,2.7942929091865074,2.1553055341809135,2.927565804445281,2.9573527941022344,2.485587246247502,1.9646926572150472,3.144748787255325,2.9380521389908965,2.8413960679481916,3.1383817744280402,2.4764616758885305,2.476822549798779,2.6451805360073046,2.265893057988301,3.089213738723813,2.6193785178032676,2.510940190514965,2.995689333398904,2.5390278571399487,2.947175483061513,2.7182858658213744,2.521565191914973,2.4431667344171446,2.493473253290259,2.389327487687931,2.837117291930235,2.1515746528933613,2.7648760813221593,2.5482501348865916,2.586989804672023,2.3512405310401148,2.94801994945332,2.6398464565663446,2.1070522414052766,2.4049153424896503,2.382201269686476,2.9045716373714496,2.218090148921936,2.402645980786759,2.2876113323135283
3.060698481869388,2.739043890945442,2.7010653136136193,2.384677149340214,2.5092948871088594,3.2869084469946697,2.5007119144930425,2.4315662948803545,2.26778597894154,2.47010167425213,2.282129796439845,3.3471100374012774,2.4121613264291253,2.3804830548116183,2.5871768715967494,3.068398244767821,2.1916606609001343,2.9185168003835233,2.787670893578117,3.4745360875535747,3.2733379190733003,2.375277428504886,3.107277660050315,2.4981668627231692,3.2821176802602094,3.057756465009765,2.356043998537959,3.1311661384803053,3.2293766342492294,2.1667483402250856,2.121944942659072,3.0186255683627286,3.1431844810227827,2.905268708682966,3.140484693224035,2.8137459698760487,2.4390904127629143,3.110486582151209,2.1629342611303115,3.1456194382061975,2.961232250742113,2.6913295967009883,2.882392198452882,2.5903850994687563,2.7673564865202462,2.5410521642202015,2.728116904672743,1.9781762448449889,2.1841688032715694,2.7868530301816903,2.896812899585022,2.842253360130813,2.6819989990772997,2.7038906118364365,2.77431899197517,2.489253103126843,2.839066258727081,2.9799015789781595,2.30794637922208,2.1791502707325,2.41650924104835,2.617978345251955,2.371984099194994,2.9481809905061978,2.556857382662708
2.6515863554182864,2.5797476324574293,2.2874010122325172,2.447177792350187,2.0684645342201553,3.254857751706813,2.48405421798246,2.5941069331456204,2.3298807025547035,2.3864185357635015,2.5193093834252624,2.939778046912211,2.2757235662342747,2.2467912301955364,2.3551985515650253,2.8494542229744386,2.426753170655132,2.8758192033587036,3.032053674734612,3.114874862145737,2.661594294941209,2.2760935577690686,2.831342695555795,2.56151625886623,3.4515898482470875,2.6592761526812936,2.125185764932278,2.9742664738344113,2.973728104656473,2.84412317892522,1.829667602503022,2.7325775888494346,2.9313815911070304,2.6964556894142966,3.3366014773073975,2.5395451429622162,2.4096160235228865,2.987552850284537,2.24855745054365,2.878334715250364,2.6548901434403316,2.862754483362171,2.802906186946887,2.5362657127981736,2.754660388590728,2.4196140670024398,2.42626044216414,2.295918346297737,2.832220863844462,2.69035110107766,3.124080186516516,2.807473327403712,2.828411371098203,2.6702220000391197,2.546518456830192,2.2439850040775706,3.051010814610758,2.7791969889859254,2.2698366511192214,2.539876243277038,2.408971322780371,2.9535498761308996,2.393442842898008,2.8142191284479394,2.533363838796008
2.7307594885017776,2.50675189265333,2.496737414658489,2.292137612180559,2.553973160239717,3.048842784917283,2.7429282164222935,2.8217802711820603,2.3009186058435636,2.4728624654800098,2.2713555565936683,3.1333717504300225,2.7563462367878127,2.2076785023905683,2.5695499423377175,2.9629269351813363,2.4897335803345486,2.886008952153111,3.0465999837530866,2.931260510563908,3.043835855988292,2.378783115129919,2.660809024875214,2.6937829646037046,3.460734888643105,2.525059986197882,2.2145268490975423,2.967707107596661,3.094005738007307,2.3948983804334603,2.2094065548793758,2.7423766002199668,2.896823879865723,2.6936316117445727,3.095769166539248,2.4069539373347495,2.3724993480426577,3.124248534264821,2.043593091178614,2.9343037943334895,2.5878716162552418,2.350872421031371,2.9537509849504664,2.85641778755649,2.7839384672742873,2.7762050174456228,2.4672161014971277,2.5783768856267653,2.435470525652384,2.91021969935815,2.6668439136770816,2.5941002188361986,2.7594252678647853,2.5965356995953797,2.6167780435481776,2.513759698828702,2.922551735771208,2.1553987392974023,2.4631859361740873,2.0754914349448517,2.435192268769774,2.920865476719703,2.3340659956161147,2.5316304814185395,2.451778220669677
2.44922375923031,2.8988239270363936,2.543138454394821,2.4865288593399484,2.2684563952395487,3.170574761355083,2.396100855736113,2.7700537339938953,2.1566873489801806,2.7506449867712512,2.1561272642042333,2.901486264286559,2.242263080840334,2.187583330181294,2.354700645157096,3.047350652090849,2.0854082203730395,2.6525021337694605,2.979018039661725,2.8346818850574187,2.9918793679296924,2.2609428980399304,2.9273025873516003,2.699251318255805,3.233361906971301,2.2541295551092357,2.5861367105352397,3.0668078447297455,2.53014354120771,2.3772426155095965,2.3025941817593405,2.9231121533640607,2.7015234576732303,2.666935423192325,2.963798816776807,2.124934089638886,2.1280978903041814,3.132041795162297,1.7648060167103685,3.1223372428462124,2.746675311265248,2.544504357345502,3.1290933654551996,2.987434342230322,2.5677435735879235,2.7208724648088305,2.3061985806145953,2.494108348434758,2.4178592185106855,2.4316143418078027,2.8600804330171354,2.400916714243725,2.498234490635971,2.5664322523416687,2.388686038107723,2.8920665727603017,2.643455788663829,2.843813792102804,2.389110187232867,2.274806322797131,2.3211951518100347,2.587383363214067,2.206598674096514,2.813987317411497,2.7674001881431582
2.2225336830444338,2.701835843433325,2.5663448004836984,2.693679858688217,2.6176938794679634,3.1955699325730844,2.3136393055456517,2.75057923303239,2.3615714116075264,2.934545486116272,2.5643427748221077,3.329179410523168,2.350853737338829,2.755816614636379,2.622892587656693,3.041076234509872,2.3009319475094454,3.14449936936121,2.7412242571964986,2.8941808425500044,2.7528139445421327,2.465571344466376,2.842951266538302,2.6127048765538134,4.0072830029955595,2.2789489566294625,1.9942739216320118,2.849136467979178,2.7458968480840227,2.450099418620593,2.7635042509381225,2.777187970294924,2.8837453820390277,2.6595643859967626,2.9794690666632686,2.494842096717636,2.371568712047154,3.1397990830249403,2.23654369024543,3.034688129497304,2.4245304121360345,2.3436408208325807,2.7241766781120154,2.96162845342669,2.8618082052175677,2.9210014530917423,2.478438131016822,2.223105971981659,2.578469240454762,2.378518534870984,2.9455676559405473,2.3948182638499644,2.8793703209582495,2.9645717903999915,2.279409633099691,2.347134814560821,2.7267505899516173,2.4877254890758147,2.5769923187340793,2.5360399350332057,2.5968971045866933,3.1417612237082397,2.186060807848858,3.1339465799572714,2.4771795525515645
2.9872831108058926,2.7151010678727294,2.557765032246252,2.498524946638571,2.2324337252106825,3.280512034957557,2.7378372521285845,2.6206838089286233,2.1935574263893773,2.677803784108728,2.3667895742581053,3.1044867390152624,2.059177446410837,2.6491751980396154,2.546762524055191,2.965687409900514,2.4697935995578866,2.9035178574943576,2.805742545182459,2.709293319031517,2.762361214533704,2.4633524269932408,2.7932346159904795,2.6798781018119886,3.381380544273851,2.775405314321239,2.4054503614898106,3.008819572399432,2.8074218243247326,2.3514389034327845,2.5850022127534156,2.938452253038153,2.977881685237826,2.737212592222337,3.3231751118782813,2.7037594825612867,2.684842307746362,3.203672777575371,2.172497891786774,2.8447002333062414,2.3493882478747663,2.388338612405986,2.9003598426361816,2.9110187476598055,2.774211449870394,3.1109536002846427,2.5820752564294693,1.9736745252778474,2.6592083910973727,2.594530793949221,3.180143902423762,2.7860779905360538,2.923618861039501,2.8143543827758126,2.7766484242386804,2.4609204176531425,2.8413812551751763,2.511182436975689,2.326299579775467,2.107967321264065,2.3437533215760085,3.299880710169855,2.649538266215489,2.9422300682705465,2.456388984518243
3.007561314242089,2.911842494611451,2.5167611196639834,2.489675347477197,2.6689636552778317,3.3510989275703467,2.6261547520386146,2.74030287741241,2.3293086029472736,2.743344541640434,1.872356341038081,3.0512871479228347,2.1181401153177926,2.495261734923669,2.3359115089388163,2.9414620875528814,2.655182775211183,3.0420299463617813,3.101760037519828,2.8735838087976338,2.8154294828774806,2.351027525533076,2.6809948782894253,2.715933338082012,3.515145260305539,2.7455942696582314,2.4051112188608115,3.4054673428002653,2.8378286970999773,2.533979047617316,2.359758109902387,3.136050211502807,2.9381073980980803,3.123691502572731,3.02612609907318,2.5271111502781287,2.7019672393686043,3.0360203855750734,1.973339410645643,2.8046872243863024,2.584203198834362,2.4594356170693508,2.9907377775939805,2.64525802186417,2.7744803748989693,2.5054407394684968,2.238190715164932,2.343632326418371,2.529712580242622,2.8775160882460487,2.9575203731030917,2.5020502721791793,2.647071610006148,2.687054421865049,2.490311840741777,2.7265108419285577,2.7650419458582105,2.6401624732358284,2.4409010494375387,2.2666191984152215,2.3281250162891722,2.8983756535444924,2.197990829583182,2.8446462266788393,2.5409943980708776
2.7774952407700795,2.7452096430071293,2.554887035936058,2.7842520761862954,2.5989797777645967,2.924839061870669,2.527858447742157,2.6142732653624075,2.5711660047277536,2.7338554116242264,1.8910371943105215,3.170544717239081,2.516785361967033,2.3823072571966204,2.759907631499645,3.0305194787742753,2.558422167931973,3.004142570210885,2.880458447318757,2.9547745958141864,2.707621326101205,2.4382755287586577,2.9111993320030503,2.4033541095114788,3.363356274029143,3.196873049417341,2.3539999206939153,3.1839870643707933,2.955263266770397,2.4734339941075687,2.7049967561240558,3.0689383180196743,2.9046885431902587,2.841677193788483,3.1458197900800915,2.388216893011446,2.2723210142702808,2.9878439202727836,2.1730979999695843,2.915320765362932,2.6645810324833232,2.941000377663606,2.7874966710739226,2.5806448052424393,2.446999339454267,2.93182350838588,2.3910236671557668,2.276428923218693,2.406665963428598,2.749446890866894,2.8011761641150796,2.6539385826496233,2.7390349709032464,2.8919257564769394,2.772151322329297,2.698306125665713,2.981538276745651,2.604935556812273,2.267465512828728,2.0345381833433445,2.5440654951445656,3.029896612532609,2.2464495740032753,2.8894203770407603,2.605203516539037
2.990900917095552,2.6095920372240045,2.662074609374579,2.601422025099401,2.4197355650518744,2.9809972538162093,2.844549925078904,2.5978146416308743,2.498582977194707,2.8512886482382447,1.96039653325384,3.273524396842125,2.4957240771718507,2.639042017012997,2.83649232083097,3.0287948268203166,2.523486593665365,3.1213899975570754,2.5704397748953265,2.963581080867044,2.8742414756306855,2.2676945856376527,2.819078833155543,2.362462677580946,3.5184244715160555,3.0108010923899715,2.473954356131485,3.2929198497005756,2.9093345947292732,2.4343294577905183,2.7348510952160106,2.9115223292253227,3.26864972465751,2.7263463969996087,3.071965421200395,2.582798914686578,2.4648512834386787,2.9450437220679864,2.228578068850313,2.905519481578514,2.6725218162935835,2.8104450959485687,2.6745854056864666,2.4520516505292607,2.8586344651019386,2.5323682056098233,2.8782679098158366,2.0346199968085963,2.3726174872115244,2.6423497279053314,3.100791947652398,2.3992305151681075,2.8543385387241016,2.6259013997504654,2.186410518124384,2.4757408454213525,2.6589104027980968,3.0003701220960672,2.3188800211799196,2.038397110112358,2.0478460480741836,2.9117311023988455,2.195005819216537,2.7783289112082836,2.763835251363682
2.811022360250615,2.6240745980201403,2.308652600422954,2.4190833341687976,2.373147610737875,3.2255153391952742,2.6677762134491028,2.6739739465147565,2.322643511083405,2.8952593695914643,2.1477572226434973,3.126590887643563,2.073923010931384,2.660100045878571,2.4184269079753595,2.9430483165795027,2.781743063840858,2.9115407670037983,3.0168927044632263,2.6558884545717336,3.0126055592553964,2.0584935722958733,2.4276606358792496,2.63803544516726,3.3794281710093808,2.368421915639274,2.5712472447457153,3.398314085046034,2.8766152463812933,2.0213760814015944,2.551185410634718,2.859232282831214,2.6620427103754096,2.6964636418592796,2.9326194122660243,2.468002740531004,2.290623964099556,2.794046228339487,1.8283119201151299,2.7154160178113633,2.064276273044444,2.4130406289814816,2.8395572590208076,2.323893941592467,2.959775050613315,2.9477050200940935,2.6790704130282657,2.4927257380730437,2.2583391643785315,2.8332892107639864,2.746443917387719,2.5023407863302283,2.682983808138977,2.5433477012026233,2.6234229483371205,2.8094878150028038,2.5737175540751895,2.770231537791449,2.1860589654954636,2.1879468263786253,2.2877989626596027,2.469136989283509,2.3789612604591004,2.758454313101477,2.3214072387428515
